<?xml version="1.0" encoding="UTF-8" ?>
<!DOCTYPE words SYSTEM "words.dtd">
<words>
<word id="word_1">So</word>
<word id="word_2">,</word>
<word id="word_3">I</word>
<word id="word_4">'ve</word>
<word id="word_5">known</word>
<word id="word_6">a</word>
<word id="word_7">lot</word>
<word id="word_8">of</word>
<word id="word_9">fish</word>
<word id="word_10">in</word>
<word id="word_11">my</word>
<word id="word_12">life</word>
<word id="word_13">.</word>
<word id="word_14">I</word>
<word id="word_15">'ve</word>
<word id="word_16">loved</word>
<word id="word_17">only</word>
<word id="word_18">two</word>
<word id="word_19">.</word>
<word id="word_20">That</word>
<word id="word_21">first</word>
<word id="word_22">one</word>
<word id="word_23">,</word>
<word id="word_24">it</word>
<word id="word_25">was</word>
<word id="word_26">more</word>
<word id="word_27">like</word>
<word id="word_28">a</word>
<word id="word_29">passionate</word>
<word id="word_30">affair</word>
<word id="word_31">.</word>
<word id="word_32">It</word>
<word id="word_33">was</word>
<word id="word_34">a</word>
<word id="word_35">beautiful</word>
<word id="word_36">fish</word>
<word id="word_37">,</word>
<word id="word_38">flavorful</word>
<word id="word_39">,</word>
<word id="word_40">textured</word>
<word id="word_41">,</word>
<word id="word_42">meaty</word>
<word id="word_43">,</word>
<word id="word_44">a</word>
<word id="word_45">best-seller</word>
<word id="word_46">on</word>
<word id="word_47">the</word>
<word id="word_48">menu</word>
<word id="word_49">.</word>
<word id="word_50">What</word>
<word id="word_51">a</word>
<word id="word_52">fish</word>
<word id="word_53">.</word>
<word id="word_54">Even</word>
<word id="word_55">better</word>
<word id="word_56">,</word>
<word id="word_57">it</word>
<word id="word_58">was</word>
<word id="word_59">farm-raised</word>
<word id="word_60">to</word>
<word id="word_61">the</word>
<word id="word_62">supposed</word>
<word id="word_63">highest</word>
<word id="word_64">standards</word>
<word id="word_65">of</word>
<word id="word_66">sustainability</word>
<word id="word_67">.</word>
<word id="word_68">So</word>
<word id="word_69">you</word>
<word id="word_70">could</word>
<word id="word_71">feel</word>
<word id="word_72">good</word>
<word id="word_73">about</word>
<word id="word_74">selling</word>
<word id="word_75">it</word>
<word id="word_76">.</word>
<word id="word_77">I</word>
<word id="word_78">was</word>
<word id="word_79">in</word>
<word id="word_80">a</word>
<word id="word_81">relationship</word>
<word id="word_82">with</word>
<word id="word_83">this</word>
<word id="word_84">beauty</word>
<word id="word_85">for</word>
<word id="word_86">several</word>
<word id="word_87">months</word>
<word id="word_88">.</word>
<word id="word_89">One</word>
<word id="word_90">day</word>
<word id="word_91">,</word>
<word id="word_92">the</word>
<word id="word_93">head</word>
<word id="word_94">of</word>
<word id="word_95">the</word>
<word id="word_96">company</word>
<word id="word_97">called</word>
<word id="word_98">and</word>
<word id="word_99">asked</word>
<word id="word_100">if</word>
<word id="word_101">I</word>
<word id="word_102">'d</word>
<word id="word_103">speak</word>
<word id="word_104">at</word>
<word id="word_105">an</word>
<word id="word_106">event</word>
<word id="word_107">about</word>
<word id="word_108">the</word>
<word id="word_109">farm</word>
<word id="word_110">'s</word>
<word id="word_111">sustainability</word>
<word id="word_112">.</word>
<word id="word_113">"</word>
<word id="word_114">Absolutely</word>
<word id="word_115">,</word>
<word id="word_116">"</word>
<word id="word_117">I</word>
<word id="word_118">said</word>
<word id="word_119">.</word>
<word id="word_120">Here</word>
<word id="word_121">was</word>
<word id="word_122">a</word>
<word id="word_123">company</word>
<word id="word_124">trying</word>
<word id="word_125">to</word>
<word id="word_126">solve</word>
<word id="word_127">what</word>
<word id="word_128">'s</word>
<word id="word_129">become</word>
<word id="word_130">this</word>
<word id="word_131">unimaginable</word>
<word id="word_132">problem</word>
<word id="word_133">for</word>
<word id="word_134">our</word>
<word id="word_135">chefs</word>
<word id="word_136">.</word>
<word id="word_137">How</word>
<word id="word_138">do</word>
<word id="word_139">we</word>
<word id="word_140">keep</word>
<word id="word_141">fish</word>
<word id="word_142">on</word>
<word id="word_143">our</word>
<word id="word_144">menus</word>
<word id="word_145">?</word>
<word id="word_146">For</word>
<word id="word_147">the</word>
<word id="word_148">past</word>
<word id="word_149">50</word>
<word id="word_150">years</word>
<word id="word_151">,</word>
<word id="word_152">we</word>
<word id="word_153">'ve</word>
<word id="word_154">been</word>
<word id="word_155">fishing</word>
<word id="word_156">the</word>
<word id="word_157">seas</word>
<word id="word_158">like</word>
<word id="word_159">we</word>
<word id="word_160">clear-cut</word>
<word id="word_161">forests</word>
<word id="word_162">.</word>
<word id="word_163">It</word>
<word id="word_164">'s</word>
<word id="word_165">hard</word>
<word id="word_166">to</word>
<word id="word_167">overstate</word>
<word id="word_168">the</word>
<word id="word_169">destruction</word>
<word id="word_170">.</word>
<word id="word_171">90</word>
<word id="word_172">percent</word>
<word id="word_173">of</word>
<word id="word_174">large</word>
<word id="word_175">fish</word>
<word id="word_176">,</word>
<word id="word_177">the</word>
<word id="word_178">ones</word>
<word id="word_179">we</word>
<word id="word_180">love</word>
<word id="word_181">,</word>
<word id="word_182">the</word>
<word id="word_183">tunas</word>
<word id="word_184">,</word>
<word id="word_185">the</word>
<word id="word_186">halibuts</word>
<word id="word_187">,</word>
<word id="word_188">the</word>
<word id="word_189">salmons</word>
<word id="word_190">,</word>
<word id="word_191">swordfish</word>
<word id="word_192">,</word>
<word id="word_193">they</word>
<word id="word_194">'ve</word>
<word id="word_195">collapsed</word>
<word id="word_196">.</word>
<word id="word_197">There</word>
<word id="word_198">'s</word>
<word id="word_199">almost</word>
<word id="word_200">nothing</word>
<word id="word_201">left</word>
<word id="word_202">.</word>
<word id="word_203">So</word>
<word id="word_204">,</word>
<word id="word_205">for</word>
<word id="word_206">better</word>
<word id="word_207">or</word>
<word id="word_208">for</word>
<word id="word_209">worse</word>
<word id="word_210">,</word>
<word id="word_211">aquaculture</word>
<word id="word_212">,</word>
<word id="word_213">fish</word>
<word id="word_214">farming</word>
<word id="word_215">,</word>
<word id="word_216">is</word>
<word id="word_217">going</word>
<word id="word_218">to</word>
<word id="word_219">be</word>
<word id="word_220">a</word>
<word id="word_221">part</word>
<word id="word_222">of</word>
<word id="word_223">our</word>
<word id="word_224">future</word>
<word id="word_225">.</word>
<word id="word_226">A</word>
<word id="word_227">lot</word>
<word id="word_228">of</word>
<word id="word_229">arguments</word>
<word id="word_230">against</word>
<word id="word_231">it</word>
<word id="word_232">.</word>
<word id="word_233">Fish</word>
<word id="word_234">farms</word>
<word id="word_235">pollute</word>
<word id="word_236">,</word>
<word id="word_237">most</word>
<word id="word_238">of</word>
<word id="word_239">them</word>
<word id="word_240">do</word>
<word id="word_241">anyway</word>
<word id="word_242">,</word>
<word id="word_243">and</word>
<word id="word_244">they</word>
<word id="word_245">'re</word>
<word id="word_246">inefficient</word>
<word id="word_247">,</word>
<word id="word_248">take</word>
<word id="word_249">tuna</word>
<word id="word_250">.</word>
<word id="word_251">A</word>
<word id="word_252">major</word>
<word id="word_253">drawback</word>
<word id="word_254">.</word>
<word id="word_255">It</word>
<word id="word_256">'s</word>
<word id="word_257">got</word>
<word id="word_258">a</word>
<word id="word_259">feed</word>
<word id="word_260">conversion</word>
<word id="word_261">ratio</word>
<word id="word_262">of</word>
<word id="word_263">15</word>
<word id="word_264">to</word>
<word id="word_265">one</word>
<word id="word_266">.</word>
<word id="word_267">That</word>
<word id="word_268">means</word>
<word id="word_269">it</word>
<word id="word_270">takes</word>
<word id="word_271">fifteen</word>
<word id="word_272">pounds</word>
<word id="word_273">of</word>
<word id="word_274">wild</word>
<word id="word_275">fish</word>
<word id="word_276">to</word>
<word id="word_277">get</word>
<word id="word_278">you</word>
<word id="word_279">one</word>
<word id="word_280">pound</word>
<word id="word_281">of</word>
<word id="word_282">farm</word>
<word id="word_283">tuna</word>
<word id="word_284">.</word>
<word id="word_285">Not</word>
<word id="word_286">very</word>
<word id="word_287">sustainable</word>
<word id="word_288">.</word>
<word id="word_289">Doesn</word>
<word id="word_290">'t</word>
<word id="word_291">taste</word>
<word id="word_292">very</word>
<word id="word_293">good</word>
<word id="word_294">either</word>
<word id="word_295">.</word>
<word id="word_296">So</word>
<word id="word_297">here</word>
<word id="word_298">,</word>
<word id="word_299">finally</word>
<word id="word_300">,</word>
<word id="word_301">was</word>
<word id="word_302">a</word>
<word id="word_303">company</word>
<word id="word_304">trying</word>
<word id="word_305">to</word>
<word id="word_306">do</word>
<word id="word_307">it</word>
<word id="word_308">right</word>
<word id="word_309">.</word>
<word id="word_310">I</word>
<word id="word_311">wanted</word>
<word id="word_312">to</word>
<word id="word_313">support</word>
<word id="word_314">them</word>
<word id="word_315">.</word>
<word id="word_316">The</word>
<word id="word_317">day</word>
<word id="word_318">before</word>
<word id="word_319">the</word>
<word id="word_320">event</word>
<word id="word_321">I</word>
<word id="word_322">called</word>
<word id="word_323">the</word>
<word id="word_324">head</word>
<word id="word_325">of</word>
<word id="word_326">PR</word>
<word id="word_327">for</word>
<word id="word_328">the</word>
<word id="word_329">company</word>
<word id="word_330">.</word>
<word id="word_331">Let</word>
<word id="word_332">'s</word>
<word id="word_333">call</word>
<word id="word_334">him</word>
<word id="word_335">Don</word>
<word id="word_336">.</word>
<word id="word_337">"</word>
<word id="word_338">Don</word>
<word id="word_339">,</word>
<word id="word_340">"</word>
<word id="word_341">I</word>
<word id="word_342">said</word>
<word id="word_343">,</word>
<word id="word_344">"</word>
<word id="word_345">just</word>
<word id="word_346">to</word>
<word id="word_347">get</word>
<word id="word_348">the</word>
<word id="word_349">facts</word>
<word id="word_350">straight</word>
<word id="word_351">,</word>
<word id="word_352">you</word>
<word id="word_353">guys</word>
<word id="word_354">are</word>
<word id="word_355">famous</word>
<word id="word_356">for</word>
<word id="word_357">farming</word>
<word id="word_358">so</word>
<word id="word_359">far</word>
<word id="word_360">out</word>
<word id="word_361">to</word>
<word id="word_362">sea</word>
<word id="word_363">,</word>
<word id="word_364">you</word>
<word id="word_365">don</word>
<word id="word_366">'t</word>
<word id="word_367">pollute</word>
<word id="word_368">.</word>
<word id="word_369">"</word>
<word id="word_370">"</word>
<word id="word_371">That</word>
<word id="word_372">'s</word>
<word id="word_373">right</word>
<word id="word_374">,</word>
<word id="word_375">"</word>
<word id="word_376">he</word>
<word id="word_377">said</word>
<word id="word_378">.</word>
<word id="word_379">"</word>
<word id="word_380">We</word>
<word id="word_381">'re</word>
<word id="word_382">so</word>
<word id="word_383">far</word>
<word id="word_384">out</word>
<word id="word_385">,</word>
<word id="word_386">the</word>
<word id="word_387">waste</word>
<word id="word_388">from</word>
<word id="word_389">our</word>
<word id="word_390">fish</word>
<word id="word_391">gets</word>
<word id="word_392">distributed</word>
<word id="word_393">,</word>
<word id="word_394">not</word>
<word id="word_395">concentrated</word>
<word id="word_396">.</word>
<word id="word_397">"</word>
<word id="word_398">And</word>
<word id="word_399">then</word>
<word id="word_400">he</word>
<word id="word_401">added</word>
<word id="word_402">,</word>
<word id="word_403">"</word>
<word id="word_404">We</word>
<word id="word_405">'re</word>
<word id="word_406">basically</word>
<word id="word_407">a</word>
<word id="word_408">world</word>
<word id="word_409">unto</word>
<word id="word_410">ourselves</word>
<word id="word_411">.</word>
<word id="word_412">That</word>
<word id="word_413">feed</word>
<word id="word_414">conversion</word>
<word id="word_415">ratio</word>
<word id="word_416">?</word>
<word id="word_417">2.5</word>
<word id="word_418">to</word>
<word id="word_419">one</word>
<word id="word_420">,</word>
<word id="word_421">"</word>
<word id="word_422">he</word>
<word id="word_423">said</word>
<word id="word_424">.</word>
<word id="word_425">"</word>
<word id="word_426">Best</word>
<word id="word_427">in</word>
<word id="word_428">the</word>
<word id="word_429">business</word>
<word id="word_430">.</word>
<word id="word_431">"</word>
<word id="word_432">2.5</word>
<word id="word_433">to</word>
<word id="word_434">one</word>
<word id="word_435">,</word>
<word id="word_436">great</word>
<word id="word_437">.</word>
<word id="word_438">"</word>
<word id="word_439">2.5</word>
<word id="word_440">to</word>
<word id="word_441">one</word>
<word id="word_442">what</word>
<word id="word_443">?</word>
<word id="word_444">What</word>
<word id="word_445">are</word>
<word id="word_446">you</word>
<word id="word_447">feeding</word>
<word id="word_448">?</word>
<word id="word_449">"</word>
<word id="word_450">"</word>
<word id="word_451">Sustainable</word>
<word id="word_452">proteins</word>
<word id="word_453">,</word>
<word id="word_454">"</word>
<word id="word_455">he</word>
<word id="word_456">said</word>
<word id="word_457">.</word>
<word id="word_458">"</word>
<word id="word_459">Great</word>
<word id="word_460">,</word>
<word id="word_461">"</word>
<word id="word_462">I</word>
<word id="word_463">said</word>
<word id="word_464">.</word>
<word id="word_465">Got</word>
<word id="word_466">off</word>
<word id="word_467">the</word>
<word id="word_468">phone</word>
<word id="word_469">.</word>
<word id="word_470">And</word>
<word id="word_471">that</word>
<word id="word_472">night</word>
<word id="word_473">,</word>
<word id="word_474">I</word>
<word id="word_475">was</word>
<word id="word_476">lying</word>
<word id="word_477">in</word>
<word id="word_478">bed</word>
<word id="word_479">,</word>
<word id="word_480">and</word>
<word id="word_481">I</word>
<word id="word_482">thought</word>
<word id="word_483">:</word>
<word id="word_484">What</word>
<word id="word_485">the</word>
<word id="word_486">hell</word>
<word id="word_487">is</word>
<word id="word_488">a</word>
<word id="word_489">sustainable</word>
<word id="word_490">protein</word>
<word id="word_491">?</word>
<word id="word_492">So</word>
<word id="word_493">the</word>
<word id="word_494">next</word>
<word id="word_495">day</word>
<word id="word_496">,</word>
<word id="word_497">just</word>
<word id="word_498">before</word>
<word id="word_499">the</word>
<word id="word_500">event</word>
<word id="word_501">,</word>
<word id="word_502">I</word>
<word id="word_503">called</word>
<word id="word_504">Don</word>
<word id="word_505">.</word>
<word id="word_506">I</word>
<word id="word_507">said</word>
<word id="word_508">,</word>
<word id="word_509">"</word>
<word id="word_510">Don</word>
<word id="word_511">,</word>
<word id="word_512">what</word>
<word id="word_513">are</word>
<word id="word_514">some</word>
<word id="word_515">examples</word>
<word id="word_516">of</word>
<word id="word_517">sustainable</word>
<word id="word_518">proteins</word>
<word id="word_519">?</word>
<word id="word_520">"</word>
<word id="word_521">He</word>
<word id="word_522">said</word>
<word id="word_523">he</word>
<word id="word_524">didn</word>
<word id="word_525">'t</word>
<word id="word_526">know</word>
<word id="word_527">.</word>
<word id="word_528">He</word>
<word id="word_529">would</word>
<word id="word_530">ask</word>
<word id="word_531">around</word>
<word id="word_532">.</word>
<word id="word_533">Well</word>
<word id="word_534">,</word>
<word id="word_535">I</word>
<word id="word_536">got</word>
<word id="word_537">on</word>
<word id="word_538">the</word>
<word id="word_539">phone</word>
<word id="word_540">with</word>
<word id="word_541">a</word>
<word id="word_542">few</word>
<word id="word_543">people</word>
<word id="word_544">in</word>
<word id="word_545">the</word>
<word id="word_546">company</word>
<word id="word_547">.</word>
<word id="word_548">No</word>
<word id="word_549">one</word>
<word id="word_550">could</word>
<word id="word_551">give</word>
<word id="word_552">me</word>
<word id="word_553">a</word>
<word id="word_554">straight</word>
<word id="word_555">answer</word>
<word id="word_556">.</word>
<word id="word_557">Until</word>
<word id="word_558">finally</word>
<word id="word_559">,</word>
<word id="word_560">I</word>
<word id="word_561">got</word>
<word id="word_562">on</word>
<word id="word_563">the</word>
<word id="word_564">phone</word>
<word id="word_565">with</word>
<word id="word_566">the</word>
<word id="word_567">head</word>
<word id="word_568">biologist</word>
<word id="word_569">.</word>
<word id="word_570">Let</word>
<word id="word_571">'s</word>
<word id="word_572">call</word>
<word id="word_573">him</word>
<word id="word_574">Don</word>
<word id="word_575">too</word>
<word id="word_576">.</word>
<word id="word_577">"</word>
<word id="word_578">Don</word>
<word id="word_579">,</word>
<word id="word_580">"</word>
<word id="word_581">I</word>
<word id="word_582">said</word>
<word id="word_583">,</word>
<word id="word_584">"</word>
<word id="word_585">what</word>
<word id="word_586">are</word>
<word id="word_587">some</word>
<word id="word_588">examples</word>
<word id="word_589">of</word>
<word id="word_590">sustainable</word>
<word id="word_591">proteins</word>
<word id="word_592">?</word>
<word id="word_593">"</word>
<word id="word_594">Well</word>
<word id="word_595">,</word>
<word id="word_596">he</word>
<word id="word_597">mentioned</word>
<word id="word_598">some</word>
<word id="word_599">algaes</word>
<word id="word_600">and</word>
<word id="word_601">some</word>
<word id="word_602">fish</word>
<word id="word_603">meals</word>
<word id="word_604">,</word>
<word id="word_605">and</word>
<word id="word_606">then</word>
<word id="word_607">he</word>
<word id="word_608">said</word>
<word id="word_609">chicken</word>
<word id="word_610">pellets</word>
<word id="word_611">.</word>
<word id="word_612">I</word>
<word id="word_613">said</word>
<word id="word_614">,</word>
<word id="word_615">"</word>
<word id="word_616">Chicken</word>
<word id="word_617">pellets</word>
<word id="word_618">?</word>
<word id="word_619">"</word>
<word id="word_620">He</word>
<word id="word_621">said</word>
<word id="word_622">,</word>
<word id="word_623">"</word>
<word id="word_624">Yeah</word>
<word id="word_625">,</word>
<word id="word_626">feathers</word>
<word id="word_627">,</word>
<word id="word_628">skin</word>
<word id="word_629">,</word>
<word id="word_630">bone</word>
<word id="word_631">meal</word>
<word id="word_632">,</word>
<word id="word_633">scraps</word>
<word id="word_634">,</word>
<word id="word_635">dried</word>
<word id="word_636">and</word>
<word id="word_637">processed</word>
<word id="word_638">into</word>
<word id="word_639">feed</word>
<word id="word_640">.</word>
<word id="word_641">"</word>
<word id="word_642">I</word>
<word id="word_643">said</word>
<word id="word_644">,</word>
<word id="word_645">"</word>
<word id="word_646">What</word>
<word id="word_647">percentage</word>
<word id="word_648">of</word>
<word id="word_649">your</word>
<word id="word_650">feed</word>
<word id="word_651">is</word>
<word id="word_652">chicken</word>
<word id="word_653">?</word>
<word id="word_654">"</word>
<word id="word_655">thinking</word>
<word id="word_656">,</word>
<word id="word_657">you</word>
<word id="word_658">know</word>
<word id="word_659">,</word>
<word id="word_660">two</word>
<word id="word_661">percent</word>
<word id="word_662">.</word>
<word id="word_663">"</word>
<word id="word_664">Well</word>
<word id="word_665">,</word>
<word id="word_666">it</word>
<word id="word_667">'s</word>
<word id="word_668">about</word>
<word id="word_669">30</word>
<word id="word_670">percent</word>
<word id="word_671">,</word>
<word id="word_672">"</word>
<word id="word_673">he</word>
<word id="word_674">said</word>
<word id="word_675">.</word>
<word id="word_676">I</word>
<word id="word_677">said</word>
<word id="word_678">,</word>
<word id="word_679">"</word>
<word id="word_680">Don</word>
<word id="word_681">,</word>
<word id="word_682">what</word>
<word id="word_683">'s</word>
<word id="word_684">sustainable</word>
<word id="word_685">about</word>
<word id="word_686">feeding</word>
<word id="word_687">chicken</word>
<word id="word_688">to</word>
<word id="word_689">fish</word>
<word id="word_690">?</word>
<word id="word_691">"</word>
<word id="word_692">There</word>
<word id="word_693">was</word>
<word id="word_694">a</word>
<word id="word_695">long</word>
<word id="word_696">pause</word>
<word id="word_697">on</word>
<word id="word_698">the</word>
<word id="word_699">line</word>
<word id="word_700">,</word>
<word id="word_701">and</word>
<word id="word_702">he</word>
<word id="word_703">said</word>
<word id="word_704">,</word>
<word id="word_705">"</word>
<word id="word_706">there</word>
<word id="word_707">'s</word>
<word id="word_708">just</word>
<word id="word_709">too</word>
<word id="word_710">much</word>
<word id="word_711">chicken</word>
<word id="word_712">in</word>
<word id="word_713">the</word>
<word id="word_714">world</word>
<word id="word_715">.</word>
<word id="word_716">"</word>
<word id="word_717">I</word>
<word id="word_718">fell</word>
<word id="word_719">out</word>
<word id="word_720">of</word>
<word id="word_721">love</word>
<word id="word_722">with</word>
<word id="word_723">this</word>
<word id="word_724">fish</word>
<word id="word_725">.</word>
<word id="word_726">No</word>
<word id="word_727">,</word>
<word id="word_728">not</word>
<word id="word_729">because</word>
<word id="word_730">I</word>
<word id="word_731">'m</word>
<word id="word_732">some</word>
<word id="word_733">self-righteous</word>
<word id="word_734">,</word>
<word id="word_735">goody-two</word>
<word id="word_736">shoes</word>
<word id="word_737">foodie</word>
<word id="word_738">.</word>
<word id="word_739">I</word>
<word id="word_740">actually</word>
<word id="word_741">am</word>
<word id="word_742">.</word>
<word id="word_743">No</word>
<word id="word_744">,</word>
<word id="word_745">I</word>
<word id="word_746">actually</word>
<word id="word_747">fell</word>
<word id="word_748">out</word>
<word id="word_749">of</word>
<word id="word_750">love</word>
<word id="word_751">with</word>
<word id="word_752">this</word>
<word id="word_753">fish</word>
<word id="word_754">because</word>
<word id="word_755">,</word>
<word id="word_756">I</word>
<word id="word_757">swear</word>
<word id="word_758">to</word>
<word id="word_759">God</word>
<word id="word_760">,</word>
<word id="word_761">after</word>
<word id="word_762">that</word>
<word id="word_763">conversation</word>
<word id="word_764">,</word>
<word id="word_765">the</word>
<word id="word_766">fish</word>
<word id="word_767">tasted</word>
<word id="word_768">like</word>
<word id="word_769">chicken</word>
<word id="word_770">.</word>
<word id="word_771">This</word>
<word id="word_772">second</word>
<word id="word_773">fish</word>
<word id="word_774">,</word>
<word id="word_775">it</word>
<word id="word_776">'s</word>
<word id="word_777">a</word>
<word id="word_778">different</word>
<word id="word_779">kind</word>
<word id="word_780">of</word>
<word id="word_781">love</word>
<word id="word_782">story</word>
<word id="word_783">.</word>
<word id="word_784">It</word>
<word id="word_785">'s</word>
<word id="word_786">the</word>
<word id="word_787">romantic</word>
<word id="word_788">kind</word>
<word id="word_789">,</word>
<word id="word_790">the</word>
<word id="word_791">kind</word>
<word id="word_792">where</word>
<word id="word_793">the</word>
<word id="word_794">more</word>
<word id="word_795">you</word>
<word id="word_796">get</word>
<word id="word_797">to</word>
<word id="word_798">know</word>
<word id="word_799">your</word>
<word id="word_800">fish</word>
<word id="word_801">,</word>
<word id="word_802">you</word>
<word id="word_803">love</word>
<word id="word_804">the</word>
<word id="word_805">fish</word>
<word id="word_806">.</word>
<word id="word_807">I</word>
<word id="word_808">first</word>
<word id="word_809">ate</word>
<word id="word_810">it</word>
<word id="word_811">at</word>
<word id="word_812">a</word>
<word id="word_813">restaurant</word>
<word id="word_814">in</word>
<word id="word_815">southern</word>
<word id="word_816">Spain</word>
<word id="word_817">.</word>
<word id="word_818">A</word>
<word id="word_819">journalist</word>
<word id="word_820">friend</word>
<word id="word_821">had</word>
<word id="word_822">been</word>
<word id="word_823">talking</word>
<word id="word_824">about</word>
<word id="word_825">this</word>
<word id="word_826">fish</word>
<word id="word_827">for</word>
<word id="word_828">a</word>
<word id="word_829">long</word>
<word id="word_830">time</word>
<word id="word_831">.</word>
<word id="word_832">She</word>
<word id="word_833">kind</word>
<word id="word_834">of</word>
<word id="word_835">set</word>
<word id="word_836">us</word>
<word id="word_837">up</word>
<word id="word_838">.</word>
<word id="word_839">It</word>
<word id="word_840">came</word>
<word id="word_841">to</word>
<word id="word_842">the</word>
<word id="word_843">table</word>
<word id="word_844">a</word>
<word id="word_845">bright</word>
<word id="word_846">,</word>
<word id="word_847">almost</word>
<word id="word_848">shimmering</word>
<word id="word_849">,</word>
<word id="word_850">white</word>
<word id="word_851">color</word>
<word id="word_852">.</word>
<word id="word_853">The</word>
<word id="word_854">chef</word>
<word id="word_855">had</word>
<word id="word_856">overcooked</word>
<word id="word_857">it</word>
<word id="word_858">.</word>
<word id="word_859">Like</word>
<word id="word_860">twice</word>
<word id="word_861">over</word>
<word id="word_862">.</word>
<word id="word_863">Amazingly</word>
<word id="word_864">,</word>
<word id="word_865">it</word>
<word id="word_866">was</word>
<word id="word_867">still</word>
<word id="word_868">delicious</word>
<word id="word_869">.</word>
<word id="word_870">Who</word>
<word id="word_871">can</word>
<word id="word_872">make</word>
<word id="word_873">a</word>
<word id="word_874">fish</word>
<word id="word_875">taste</word>
<word id="word_876">good</word>
<word id="word_877">after</word>
<word id="word_878">it</word>
<word id="word_879">'s</word>
<word id="word_880">been</word>
<word id="word_881">overcooked</word>
<word id="word_882">?</word>
<word id="word_883">I</word>
<word id="word_884">can</word>
<word id="word_885">'t</word>
<word id="word_886">,</word>
<word id="word_887">but</word>
<word id="word_888">this</word>
<word id="word_889">guy</word>
<word id="word_890">can</word>
<word id="word_891">.</word>
<word id="word_892">Let</word>
<word id="word_893">'s</word>
<word id="word_894">call</word>
<word id="word_895">him</word>
<word id="word_896">Miguel</word>
<word id="word_897">.</word>
<word id="word_898">Actually</word>
<word id="word_899">his</word>
<word id="word_900">name</word>
<word id="word_901">is</word>
<word id="word_902">Miguel</word>
<word id="word_903">.</word>
<word id="word_904">And</word>
<word id="word_905">no</word>
<word id="word_906">,</word>
<word id="word_907">he</word>
<word id="word_908">didn</word>
<word id="word_909">'t</word>
<word id="word_910">cook</word>
<word id="word_911">the</word>
<word id="word_912">fish</word>
<word id="word_913">,</word>
<word id="word_914">and</word>
<word id="word_915">he</word>
<word id="word_916">'s</word>
<word id="word_917">not</word>
<word id="word_918">a</word>
<word id="word_919">chef</word>
<word id="word_920">.</word>
<word id="word_921">At</word>
<word id="word_922">least</word>
<word id="word_923">in</word>
<word id="word_924">the</word>
<word id="word_925">way</word>
<word id="word_926">that</word>
<word id="word_927">you</word>
<word id="word_928">and</word>
<word id="word_929">I</word>
<word id="word_930">understand</word>
<word id="word_931">it</word>
<word id="word_932">.</word>
<word id="word_933">He</word>
<word id="word_934">'s</word>
<word id="word_935">a</word>
<word id="word_936">biologist</word>
<word id="word_937">at</word>
<word id="word_938">Veta</word>
<word id="word_939">La</word>
<word id="word_940">Palma</word>
<word id="word_941">.</word>
<word id="word_942">It</word>
<word id="word_943">'s</word>
<word id="word_944">a</word>
<word id="word_945">fish</word>
<word id="word_946">farm</word>
<word id="word_947">in</word>
<word id="word_948">the</word>
<word id="word_949">southwestern</word>
<word id="word_950">corner</word>
<word id="word_951">of</word>
<word id="word_952">Spain</word>
<word id="word_953">.</word>
<word id="word_954">It</word>
<word id="word_955">'s</word>
<word id="word_956">at</word>
<word id="word_957">the</word>
<word id="word_958">tip</word>
<word id="word_959">of</word>
<word id="word_960">the</word>
<word id="word_961">Guadalquivir</word>
<word id="word_962">river</word>
<word id="word_963">.</word>
<word id="word_964">Until</word>
<word id="word_965">the</word>
<word id="word_966">1980s</word>
<word id="word_967">,</word>
<word id="word_968">the</word>
<word id="word_969">farm</word>
<word id="word_970">was</word>
<word id="word_971">in</word>
<word id="word_972">the</word>
<word id="word_973">hands</word>
<word id="word_974">of</word>
<word id="word_975">the</word>
<word id="word_976">Argentinians</word>
<word id="word_977">.</word>
<word id="word_978">They</word>
<word id="word_979">raised</word>
<word id="word_980">beef</word>
<word id="word_981">cattle</word>
<word id="word_982">on</word>
<word id="word_983">what</word>
<word id="word_984">was</word>
<word id="word_985">essentially</word>
<word id="word_986">wetlands</word>
<word id="word_987">.</word>
<word id="word_988">They</word>
<word id="word_989">did</word>
<word id="word_990">it</word>
<word id="word_991">by</word>
<word id="word_992">draining</word>
<word id="word_993">the</word>
<word id="word_994">land</word>
<word id="word_995">.</word>
<word id="word_996">They</word>
<word id="word_997">built</word>
<word id="word_998">this</word>
<word id="word_999">intricate</word>
<word id="word_1000">series</word>
<word id="word_1001">of</word>
<word id="word_1002">canals</word>
<word id="word_1003">,</word>
<word id="word_1004">and</word>
<word id="word_1005">they</word>
<word id="word_1006">pushed</word>
<word id="word_1007">water</word>
<word id="word_1008">off</word>
<word id="word_1009">the</word>
<word id="word_1010">land</word>
<word id="word_1011">and</word>
<word id="word_1012">out</word>
<word id="word_1013">into</word>
<word id="word_1014">the</word>
<word id="word_1015">river</word>
<word id="word_1016">.</word>
<word id="word_1017">Well</word>
<word id="word_1018">,</word>
<word id="word_1019">they</word>
<word id="word_1020">couldn</word>
<word id="word_1021">'t</word>
<word id="word_1022">make</word>
<word id="word_1023">it</word>
<word id="word_1024">work</word>
<word id="word_1025">,</word>
<word id="word_1026">not</word>
<word id="word_1027">economically</word>
<word id="word_1028">.</word>
<word id="word_1029">And</word>
<word id="word_1030">ecologically</word>
<word id="word_1031">,</word>
<word id="word_1032">it</word>
<word id="word_1033">was</word>
<word id="word_1034">a</word>
<word id="word_1035">disaster</word>
<word id="word_1036">.</word>
<word id="word_1037">It</word>
<word id="word_1038">killed</word>
<word id="word_1039">like</word>
<word id="word_1040">90</word>
<word id="word_1041">percent</word>
<word id="word_1042">of</word>
<word id="word_1043">the</word>
<word id="word_1044">birds</word>
<word id="word_1045">,</word>
<word id="word_1046">which</word>
<word id="word_1047">,</word>
<word id="word_1048">for</word>
<word id="word_1049">this</word>
<word id="word_1050">place</word>
<word id="word_1051">,</word>
<word id="word_1052">is</word>
<word id="word_1053">a</word>
<word id="word_1054">lot</word>
<word id="word_1055">of</word>
<word id="word_1056">birds</word>
<word id="word_1057">.</word>
<word id="word_1058">And</word>
<word id="word_1059">so</word>
<word id="word_1060">in</word>
<word id="word_1061">1982</word>
<word id="word_1062">,</word>
<word id="word_1063">a</word>
<word id="word_1064">Spanish</word>
<word id="word_1065">company</word>
<word id="word_1066">with</word>
<word id="word_1067">an</word>
<word id="word_1068">environmental</word>
<word id="word_1069">conscience</word>
<word id="word_1070">purchased</word>
<word id="word_1071">the</word>
<word id="word_1072">land</word>
<word id="word_1073">.</word>
<word id="word_1074">What</word>
<word id="word_1075">did</word>
<word id="word_1076">they</word>
<word id="word_1077">do</word>
<word id="word_1078">?</word>
<word id="word_1079">They</word>
<word id="word_1080">reversed</word>
<word id="word_1081">the</word>
<word id="word_1082">flow</word>
<word id="word_1083">of</word>
<word id="word_1084">water</word>
<word id="word_1085">.</word>
<word id="word_1086">They</word>
<word id="word_1087">literally</word>
<word id="word_1088">flipped</word>
<word id="word_1089">the</word>
<word id="word_1090">switch</word>
<word id="word_1091">.</word>
<word id="word_1092">Instead</word>
<word id="word_1093">of</word>
<word id="word_1094">pushing</word>
<word id="word_1095">water</word>
<word id="word_1096">out</word>
<word id="word_1097">,</word>
<word id="word_1098">they</word>
<word id="word_1099">used</word>
<word id="word_1100">the</word>
<word id="word_1101">channels</word>
<word id="word_1102">to</word>
<word id="word_1103">pull</word>
<word id="word_1104">water</word>
<word id="word_1105">back</word>
<word id="word_1106">in</word>
<word id="word_1107">.</word>
<word id="word_1108">They</word>
<word id="word_1109">flooded</word>
<word id="word_1110">the</word>
<word id="word_1111">canals</word>
<word id="word_1112">.</word>
<word id="word_1113">They</word>
<word id="word_1114">created</word>
<word id="word_1115">a</word>
<word id="word_1116">27,000</word>
<word id="word_1117">acre</word>
<word id="word_1118">fish</word>
<word id="word_1119">farm</word>
<word id="word_1120">--</word>
<word id="word_1121">bass</word>
<word id="word_1122">,</word>
<word id="word_1123">mullet</word>
<word id="word_1124">,</word>
<word id="word_1125">shrimp</word>
<word id="word_1126">,</word>
<word id="word_1127">eel</word>
<word id="word_1128">--</word>
<word id="word_1129">and</word>
<word id="word_1130">in</word>
<word id="word_1131">the</word>
<word id="word_1132">process</word>
<word id="word_1133">,</word>
<word id="word_1134">Miguel</word>
<word id="word_1135">,</word>
<word id="word_1136">and</word>
<word id="word_1137">this</word>
<word id="word_1138">company</word>
<word id="word_1139">,</word>
<word id="word_1140">completely</word>
<word id="word_1141">reversed</word>
<word id="word_1142">the</word>
<word id="word_1143">ecological</word>
<word id="word_1144">destruction</word>
<word id="word_1145">.</word>
<word id="word_1146">The</word>
<word id="word_1147">farm</word>
<word id="word_1148">'s</word>
<word id="word_1149">incredible</word>
<word id="word_1150">.</word>
<word id="word_1151">I</word>
<word id="word_1152">mean</word>
<word id="word_1153">,</word>
<word id="word_1154">you</word>
<word id="word_1155">'ve</word>
<word id="word_1156">never</word>
<word id="word_1157">seen</word>
<word id="word_1158">anything</word>
<word id="word_1159">like</word>
<word id="word_1160">this</word>
<word id="word_1161">.</word>
<word id="word_1162">You</word>
<word id="word_1163">stare</word>
<word id="word_1164">out</word>
<word id="word_1165">at</word>
<word id="word_1166">a</word>
<word id="word_1167">horizon</word>
<word id="word_1168">that</word>
<word id="word_1169">is</word>
<word id="word_1170">a</word>
<word id="word_1171">million</word>
<word id="word_1172">miles</word>
<word id="word_1173">away</word>
<word id="word_1174">,</word>
<word id="word_1175">and</word>
<word id="word_1176">all</word>
<word id="word_1177">you</word>
<word id="word_1178">see</word>
<word id="word_1179">are</word>
<word id="word_1180">flooded</word>
<word id="word_1181">canals</word>
<word id="word_1182">and</word>
<word id="word_1183">this</word>
<word id="word_1184">thick</word>
<word id="word_1185">,</word>
<word id="word_1186">rich</word>
<word id="word_1187">marshland</word>
<word id="word_1188">.</word>
<word id="word_1189">I</word>
<word id="word_1190">was</word>
<word id="word_1191">there</word>
<word id="word_1192">not</word>
<word id="word_1193">long</word>
<word id="word_1194">ago</word>
<word id="word_1195">with</word>
<word id="word_1196">Miguel</word>
<word id="word_1197">.</word>
<word id="word_1198">He</word>
<word id="word_1199">'s</word>
<word id="word_1200">an</word>
<word id="word_1201">amazing</word>
<word id="word_1202">guy</word>
<word id="word_1203">,</word>
<word id="word_1204">three</word>
<word id="word_1205">parts</word>
<word id="word_1206">Charles</word>
<word id="word_1207">Darwin</word>
<word id="word_1208">and</word>
<word id="word_1209">one</word>
<word id="word_1210">part</word>
<word id="word_1211">Crocodile</word>
<word id="word_1212">Dundee</word>
<word id="word_1213">.</word>
<word id="word_1214">Okay</word>
<word id="word_1215">?</word>
<word id="word_1216">There</word>
<word id="word_1217">we</word>
<word id="word_1218">are</word>
<word id="word_1219">slogging</word>
<word id="word_1220">through</word>
<word id="word_1221">the</word>
<word id="word_1222">wetlands</word>
<word id="word_1223">,</word>
<word id="word_1224">and</word>
<word id="word_1225">I</word>
<word id="word_1226">'m</word>
<word id="word_1227">panting</word>
<word id="word_1228">and</word>
<word id="word_1229">sweating</word>
<word id="word_1230">,</word>
<word id="word_1231">got</word>
<word id="word_1232">mud</word>
<word id="word_1233">up</word>
<word id="word_1234">to</word>
<word id="word_1235">my</word>
<word id="word_1236">knees</word>
<word id="word_1237">,</word>
<word id="word_1238">and</word>
<word id="word_1239">Miguel</word>
<word id="word_1240">'s</word>
<word id="word_1241">calmly</word>
<word id="word_1242">conducting</word>
<word id="word_1243">a</word>
<word id="word_1244">biology</word>
<word id="word_1245">lecture</word>
<word id="word_1246">.</word>
<word id="word_1247">Here</word>
<word id="word_1248">,</word>
<word id="word_1249">he</word>
<word id="word_1250">'s</word>
<word id="word_1251">pointing</word>
<word id="word_1252">out</word>
<word id="word_1253">a</word>
<word id="word_1254">rare</word>
<word id="word_1255">Black-Shouldered</word>
<word id="word_1256">Kite</word>
<word id="word_1257">.</word>
<word id="word_1258">Now</word>
<word id="word_1259">,</word>
<word id="word_1260">he</word>
<word id="word_1261">'s</word>
<word id="word_1262">mentioning</word>
<word id="word_1263">the</word>
<word id="word_1264">mineral</word>
<word id="word_1265">needs</word>
<word id="word_1266">of</word>
<word id="word_1267">phytoplankton</word>
<word id="word_1268">.</word>
<word id="word_1269">And</word>
<word id="word_1270">here</word>
<word id="word_1271">,</word>
<word id="word_1272">here</word>
<word id="word_1273">he</word>
<word id="word_1274">sees</word>
<word id="word_1275">a</word>
<word id="word_1276">grouping</word>
<word id="word_1277">pattern</word>
<word id="word_1278">that</word>
<word id="word_1279">reminds</word>
<word id="word_1280">him</word>
<word id="word_1281">of</word>
<word id="word_1282">the</word>
<word id="word_1283">Tanzanian</word>
<word id="word_1284">Giraffe</word>
<word id="word_1285">.</word>
<word id="word_1286">It</word>
<word id="word_1287">turns</word>
<word id="word_1288">out</word>
<word id="word_1289">,</word>
<word id="word_1290">Miguel</word>
<word id="word_1291">spent</word>
<word id="word_1292">the</word>
<word id="word_1293">better</word>
<word id="word_1294">part</word>
<word id="word_1295">of</word>
<word id="word_1296">his</word>
<word id="word_1297">career</word>
<word id="word_1298">in</word>
<word id="word_1299">the</word>
<word id="word_1300">Mikumi</word>
<word id="word_1301">National</word>
<word id="word_1302">Park</word>
<word id="word_1303">in</word>
<word id="word_1304">Africa</word>
<word id="word_1305">.</word>
<word id="word_1306">I</word>
<word id="word_1307">asked</word>
<word id="word_1308">him</word>
<word id="word_1309">how</word>
<word id="word_1310">he</word>
<word id="word_1311">became</word>
<word id="word_1312">such</word>
<word id="word_1313">an</word>
<word id="word_1314">expert</word>
<word id="word_1315">on</word>
<word id="word_1316">fish</word>
<word id="word_1317">.</word>
<word id="word_1318">He</word>
<word id="word_1319">said</word>
<word id="word_1320">,</word>
<word id="word_1321">"</word>
<word id="word_1322">Fish</word>
<word id="word_1323">?</word>
<word id="word_1324">I</word>
<word id="word_1325">didn</word>
<word id="word_1326">'t</word>
<word id="word_1327">know</word>
<word id="word_1328">anything</word>
<word id="word_1329">about</word>
<word id="word_1330">fish</word>
<word id="word_1331">.</word>
<word id="word_1332">I</word>
<word id="word_1333">'m</word>
<word id="word_1334">an</word>
<word id="word_1335">expert</word>
<word id="word_1336">in</word>
<word id="word_1337">relationships</word>
<word id="word_1338">.</word>
<word id="word_1339">"</word>
<word id="word_1340">And</word>
<word id="word_1341">then</word>
<word id="word_1342">he</word>
<word id="word_1343">'s</word>
<word id="word_1344">off</word>
<word id="word_1345">launching</word>
<word id="word_1346">into</word>
<word id="word_1347">more</word>
<word id="word_1348">talk</word>
<word id="word_1349">about</word>
<word id="word_1350">rare</word>
<word id="word_1351">birds</word>
<word id="word_1352">and</word>
<word id="word_1353">algaes</word>
<word id="word_1354">and</word>
<word id="word_1355">strange</word>
<word id="word_1356">aquatic</word>
<word id="word_1357">plants</word>
<word id="word_1358">.</word>
<word id="word_1359">And</word>
<word id="word_1360">don</word>
<word id="word_1361">'t</word>
<word id="word_1362">get</word>
<word id="word_1363">me</word>
<word id="word_1364">wrong</word>
<word id="word_1365">,</word>
<word id="word_1366">that</word>
<word id="word_1367">was</word>
<word id="word_1368">really</word>
<word id="word_1369">fascinating</word>
<word id="word_1370">,</word>
<word id="word_1371">you</word>
<word id="word_1372">know</word>
<word id="word_1373">,</word>
<word id="word_1374">the</word>
<word id="word_1375">biotic</word>
<word id="word_1376">community</word>
<word id="word_1377">unplugged</word>
<word id="word_1378">,</word>
<word id="word_1379">kind</word>
<word id="word_1380">of</word>
<word id="word_1381">thing</word>
<word id="word_1382">.</word>
<word id="word_1383">It</word>
<word id="word_1384">'s</word>
<word id="word_1385">great</word>
<word id="word_1386">,</word>
<word id="word_1387">but</word>
<word id="word_1388">I</word>
<word id="word_1389">was</word>
<word id="word_1390">in</word>
<word id="word_1391">love</word>
<word id="word_1392">.</word>
<word id="word_1393">And</word>
<word id="word_1394">my</word>
<word id="word_1395">head</word>
<word id="word_1396">was</word>
<word id="word_1397">swooning</word>
<word id="word_1398">over</word>
<word id="word_1399">that</word>
<word id="word_1400">overcooked</word>
<word id="word_1401">piece</word>
<word id="word_1402">of</word>
<word id="word_1403">delicious</word>
<word id="word_1404">fish</word>
<word id="word_1405">I</word>
<word id="word_1406">had</word>
<word id="word_1407">the</word>
<word id="word_1408">night</word>
<word id="word_1409">before</word>
<word id="word_1410">.</word>
<word id="word_1411">So</word>
<word id="word_1412">I</word>
<word id="word_1413">interrupted</word>
<word id="word_1414">him</word>
<word id="word_1415">.</word>
<word id="word_1416">I</word>
<word id="word_1417">said</word>
<word id="word_1418">,</word>
<word id="word_1419">"</word>
<word id="word_1420">Miguel</word>
<word id="word_1421">,</word>
<word id="word_1422">what</word>
<word id="word_1423">makes</word>
<word id="word_1424">your</word>
<word id="word_1425">fish</word>
<word id="word_1426">taste</word>
<word id="word_1427">so</word>
<word id="word_1428">good</word>
<word id="word_1429">?</word>
<word id="word_1430">"</word>
<word id="word_1431">He</word>
<word id="word_1432">pointed</word>
<word id="word_1433">at</word>
<word id="word_1434">the</word>
<word id="word_1435">algae</word>
<word id="word_1436">.</word>
<word id="word_1437">"</word>
<word id="word_1438">I</word>
<word id="word_1439">know</word>
<word id="word_1440">,</word>
<word id="word_1441">dude</word>
<word id="word_1442">,</word>
<word id="word_1443">the</word>
<word id="word_1444">algae</word>
<word id="word_1445">,</word>
<word id="word_1446">the</word>
<word id="word_1447">phytoplankton</word>
<word id="word_1448">,</word>
<word id="word_1449">the</word>
<word id="word_1450">relationships</word>
<word id="word_1451">,</word>
<word id="word_1452">it</word>
<word id="word_1453">'s</word>
<word id="word_1454">amazing</word>
<word id="word_1455">.</word>
<word id="word_1456">But</word>
<word id="word_1457">what</word>
<word id="word_1458">are</word>
<word id="word_1459">your</word>
<word id="word_1460">fish</word>
<word id="word_1461">eating</word>
<word id="word_1462">?</word>
<word id="word_1463">What</word>
<word id="word_1464">'s</word>
<word id="word_1465">the</word>
<word id="word_1466">feed</word>
<word id="word_1467">conversion</word>
<word id="word_1468">ratio</word>
<word id="word_1469">?</word>
<word id="word_1470">"</word>
<word id="word_1471">Well</word>
<word id="word_1472">,</word>
<word id="word_1473">he</word>
<word id="word_1474">goes</word>
<word id="word_1475">on</word>
<word id="word_1476">to</word>
<word id="word_1477">tell</word>
<word id="word_1478">me</word>
<word id="word_1479">it</word>
<word id="word_1480">'s</word>
<word id="word_1481">such</word>
<word id="word_1482">a</word>
<word id="word_1483">rich</word>
<word id="word_1484">system</word>
<word id="word_1485">,</word>
<word id="word_1486">that</word>
<word id="word_1487">the</word>
<word id="word_1488">fish</word>
<word id="word_1489">are</word>
<word id="word_1490">eating</word>
<word id="word_1491">what</word>
<word id="word_1492">they</word>
<word id="word_1493">'d</word>
<word id="word_1494">be</word>
<word id="word_1495">eating</word>
<word id="word_1496">in</word>
<word id="word_1497">the</word>
<word id="word_1498">wild</word>
<word id="word_1499">.</word>
<word id="word_1500">The</word>
<word id="word_1501">plant</word>
<word id="word_1502">biomass</word>
<word id="word_1503">,</word>
<word id="word_1504">the</word>
<word id="word_1505">phytoplankton</word>
<word id="word_1506">,</word>
<word id="word_1507">the</word>
<word id="word_1508">zooplankton</word>
<word id="word_1509">,</word>
<word id="word_1510">it</word>
<word id="word_1511">'s</word>
<word id="word_1512">what</word>
<word id="word_1513">feeds</word>
<word id="word_1514">the</word>
<word id="word_1515">fish</word>
<word id="word_1516">.</word>
<word id="word_1517">The</word>
<word id="word_1518">system</word>
<word id="word_1519">is</word>
<word id="word_1520">so</word>
<word id="word_1521">healthy</word>
<word id="word_1522">,</word>
<word id="word_1523">it</word>
<word id="word_1524">'s</word>
<word id="word_1525">totally</word>
<word id="word_1526">self-renewing</word>
<word id="word_1527">.</word>
<word id="word_1528">There</word>
<word id="word_1529">is</word>
<word id="word_1530">no</word>
<word id="word_1531">feed</word>
<word id="word_1532">.</word>
<word id="word_1533">Ever</word>
<word id="word_1534">heard</word>
<word id="word_1535">of</word>
<word id="word_1536">a</word>
<word id="word_1537">farm</word>
<word id="word_1538">that</word>
<word id="word_1539">doesn</word>
<word id="word_1540">'t</word>
<word id="word_1541">feed</word>
<word id="word_1542">its</word>
<word id="word_1543">animals</word>
<word id="word_1544">?</word>
<word id="word_1545">Later</word>
<word id="word_1546">that</word>
<word id="word_1547">day</word>
<word id="word_1548">,</word>
<word id="word_1549">I</word>
<word id="word_1550">was</word>
<word id="word_1551">driving</word>
<word id="word_1552">around</word>
<word id="word_1553">this</word>
<word id="word_1554">property</word>
<word id="word_1555">with</word>
<word id="word_1556">Miguel</word>
<word id="word_1557">,</word>
<word id="word_1558">and</word>
<word id="word_1559">I</word>
<word id="word_1560">asked</word>
<word id="word_1561">him</word>
<word id="word_1562">,</word>
<word id="word_1563">I</word>
<word id="word_1564">said</word>
<word id="word_1565">,</word>
<word id="word_1566">"</word>
<word id="word_1567">For</word>
<word id="word_1568">a</word>
<word id="word_1569">place</word>
<word id="word_1570">that</word>
<word id="word_1571">seems</word>
<word id="word_1572">so</word>
<word id="word_1573">natural</word>
<word id="word_1574">,</word>
<word id="word_1575">"</word>
<word id="word_1576">unlike</word>
<word id="word_1577">like</word>
<word id="word_1578">any</word>
<word id="word_1579">farm</word>
<word id="word_1580">I</word>
<word id="word_1581">'d</word>
<word id="word_1582">ever</word>
<word id="word_1583">been</word>
<word id="word_1584">at</word>
<word id="word_1585">,</word>
<word id="word_1586">"</word>
<word id="word_1587">how</word>
<word id="word_1588">do</word>
<word id="word_1589">you</word>
<word id="word_1590">measure</word>
<word id="word_1591">success</word>
<word id="word_1592">?</word>
<word id="word_1593">"</word>
<word id="word_1594">At</word>
<word id="word_1595">that</word>
<word id="word_1596">moment</word>
<word id="word_1597">,</word>
<word id="word_1598">it</word>
<word id="word_1599">was</word>
<word id="word_1600">as</word>
<word id="word_1601">if</word>
<word id="word_1602">a</word>
<word id="word_1603">film</word>
<word id="word_1604">director</word>
<word id="word_1605">called</word>
<word id="word_1606">for</word>
<word id="word_1607">a</word>
<word id="word_1608">set</word>
<word id="word_1609">change</word>
<word id="word_1610">.</word>
<word id="word_1611">And</word>
<word id="word_1612">we</word>
<word id="word_1613">rounded</word>
<word id="word_1614">the</word>
<word id="word_1615">corner</word>
<word id="word_1616">and</word>
<word id="word_1617">saw</word>
<word id="word_1618">the</word>
<word id="word_1619">most</word>
<word id="word_1620">amazing</word>
<word id="word_1621">sight</word>
<word id="word_1622">,</word>
<word id="word_1623">thousands</word>
<word id="word_1624">and</word>
<word id="word_1625">thousands</word>
<word id="word_1626">of</word>
<word id="word_1627">pink</word>
<word id="word_1628">flamingos</word>
<word id="word_1629">,</word>
<word id="word_1630">a</word>
<word id="word_1631">literal</word>
<word id="word_1632">pink</word>
<word id="word_1633">carpet</word>
<word id="word_1634">for</word>
<word id="word_1635">as</word>
<word id="word_1636">far</word>
<word id="word_1637">as</word>
<word id="word_1638">you</word>
<word id="word_1639">could</word>
<word id="word_1640">see</word>
<word id="word_1641">.</word>
<word id="word_1642">"</word>
<word id="word_1643">That</word>
<word id="word_1644">'s</word>
<word id="word_1645">success</word>
<word id="word_1646">,</word>
<word id="word_1647">"</word>
<word id="word_1648">he</word>
<word id="word_1649">said</word>
<word id="word_1650">.</word>
<word id="word_1651">"</word>
<word id="word_1652">Look</word>
<word id="word_1653">at</word>
<word id="word_1654">their</word>
<word id="word_1655">bellies</word>
<word id="word_1656">,</word>
<word id="word_1657">pink</word>
<word id="word_1658">.</word>
<word id="word_1659">They</word>
<word id="word_1660">'re</word>
<word id="word_1661">feasting</word>
<word id="word_1662">.</word>
<word id="word_1663">"</word>
<word id="word_1664">Feasting</word>
<word id="word_1665">?</word>
<word id="word_1666">I</word>
<word id="word_1667">was</word>
<word id="word_1668">totally</word>
<word id="word_1669">confused</word>
<word id="word_1670">.</word>
<word id="word_1671">I</word>
<word id="word_1672">said</word>
<word id="word_1673">,</word>
<word id="word_1674">"</word>
<word id="word_1675">Miguel</word>
<word id="word_1676">,</word>
<word id="word_1677">aren</word>
<word id="word_1678">'t</word>
<word id="word_1679">they</word>
<word id="word_1680">feasting</word>
<word id="word_1681">on</word>
<word id="word_1682">your</word>
<word id="word_1683">fish</word>
<word id="word_1684">?</word>
<word id="word_1685">"</word>
<word id="word_1686">"</word>
<word id="word_1687">Yes</word>
<word id="word_1688">,</word>
<word id="word_1689">"</word>
<word id="word_1690">he</word>
<word id="word_1691">said</word>
<word id="word_1692">.</word>
<word id="word_1693">"</word>
<word id="word_1694">We</word>
<word id="word_1695">lose</word>
<word id="word_1696">20</word>
<word id="word_1697">percent</word>
<word id="word_1698">of</word>
<word id="word_1699">our</word>
<word id="word_1700">fish</word>
<word id="word_1701">and</word>
<word id="word_1702">fish</word>
<word id="word_1703">eggs</word>
<word id="word_1704">to</word>
<word id="word_1705">birds</word>
<word id="word_1706">.</word>
<word id="word_1707">Well</word>
<word id="word_1708">,</word>
<word id="word_1709">last</word>
<word id="word_1710">year</word>
<word id="word_1711">,</word>
<word id="word_1712">this</word>
<word id="word_1713">property</word>
<word id="word_1714">had</word>
<word id="word_1715">600,000</word>
<word id="word_1716">birds</word>
<word id="word_1717">on</word>
<word id="word_1718">it</word>
<word id="word_1719">,</word>
<word id="word_1720">more</word>
<word id="word_1721">than</word>
<word id="word_1722">250</word>
<word id="word_1723">different</word>
<word id="word_1724">species</word>
<word id="word_1725">.</word>
<word id="word_1726">It</word>
<word id="word_1727">'s</word>
<word id="word_1728">become</word>
<word id="word_1729">,</word>
<word id="word_1730">today</word>
<word id="word_1731">,</word>
<word id="word_1732">the</word>
<word id="word_1733">largest</word>
<word id="word_1734">and</word>
<word id="word_1735">one</word>
<word id="word_1736">of</word>
<word id="word_1737">the</word>
<word id="word_1738">most</word>
<word id="word_1739">important</word>
<word id="word_1740">private</word>
<word id="word_1741">bird</word>
<word id="word_1742">sanctuaries</word>
<word id="word_1743">in</word>
<word id="word_1744">all</word>
<word id="word_1745">of</word>
<word id="word_1746">Europe</word>
<word id="word_1747">.</word>
<word id="word_1748">"</word>
<word id="word_1749">I</word>
<word id="word_1750">said</word>
<word id="word_1751">,</word>
<word id="word_1752">"</word>
<word id="word_1753">Miguel</word>
<word id="word_1754">,</word>
<word id="word_1755">isn</word>
<word id="word_1756">'t</word>
<word id="word_1757">a</word>
<word id="word_1758">thriving</word>
<word id="word_1759">bird</word>
<word id="word_1760">population</word>
<word id="word_1761">like</word>
<word id="word_1762">the</word>
<word id="word_1763">last</word>
<word id="word_1764">thing</word>
<word id="word_1765">you</word>
<word id="word_1766">want</word>
<word id="word_1767">on</word>
<word id="word_1768">a</word>
<word id="word_1769">fish</word>
<word id="word_1770">farm</word>
<word id="word_1771">?</word>
<word id="word_1772">"</word>
<word id="word_1773">He</word>
<word id="word_1774">shook</word>
<word id="word_1775">his</word>
<word id="word_1776">head</word>
<word id="word_1777">,</word>
<word id="word_1778">no</word>
<word id="word_1779">.</word>
<word id="word_1780">He</word>
<word id="word_1781">said</word>
<word id="word_1782">,</word>
<word id="word_1783">"</word>
<word id="word_1784">We</word>
<word id="word_1785">farm</word>
<word id="word_1786">extensively</word>
<word id="word_1787">,</word>
<word id="word_1788">not</word>
<word id="word_1789">intensively</word>
<word id="word_1790">.</word>
<word id="word_1791">This</word>
<word id="word_1792">is</word>
<word id="word_1793">an</word>
<word id="word_1794">ecological</word>
<word id="word_1795">network</word>
<word id="word_1796">.</word>
<word id="word_1797">The</word>
<word id="word_1798">flamingos</word>
<word id="word_1799">eat</word>
<word id="word_1800">the</word>
<word id="word_1801">shrimp</word>
<word id="word_1802">.</word>
<word id="word_1803">The</word>
<word id="word_1804">shrimp</word>
<word id="word_1805">eat</word>
<word id="word_1806">the</word>
<word id="word_1807">phytoplankton</word>
<word id="word_1808">.</word>
<word id="word_1809">So</word>
<word id="word_1810">the</word>
<word id="word_1811">pinker</word>
<word id="word_1812">the</word>
<word id="word_1813">belly</word>
<word id="word_1814">,</word>
<word id="word_1815">the</word>
<word id="word_1816">better</word>
<word id="word_1817">the</word>
<word id="word_1818">system</word>
<word id="word_1819">.</word>
<word id="word_1820">"</word>
<word id="word_1821">Okay</word>
<word id="word_1822">,</word>
<word id="word_1823">so</word>
<word id="word_1824">let</word>
<word id="word_1825">'s</word>
<word id="word_1826">review</word>
<word id="word_1827">.</word>
<word id="word_1828">A</word>
<word id="word_1829">farm</word>
<word id="word_1830">that</word>
<word id="word_1831">doesn</word>
<word id="word_1832">'t</word>
<word id="word_1833">feed</word>
<word id="word_1834">its</word>
<word id="word_1835">animals</word>
<word id="word_1836">,</word>
<word id="word_1837">and</word>
<word id="word_1838">a</word>
<word id="word_1839">farm</word>
<word id="word_1840">that</word>
<word id="word_1841">measures</word>
<word id="word_1842">its</word>
<word id="word_1843">success</word>
<word id="word_1844">on</word>
<word id="word_1845">the</word>
<word id="word_1846">health</word>
<word id="word_1847">of</word>
<word id="word_1848">its</word>
<word id="word_1849">predators</word>
<word id="word_1850">.</word>
<word id="word_1851">A</word>
<word id="word_1852">fish</word>
<word id="word_1853">farm</word>
<word id="word_1854">,</word>
<word id="word_1855">but</word>
<word id="word_1856">also</word>
<word id="word_1857">a</word>
<word id="word_1858">bird</word>
<word id="word_1859">sanctuary</word>
<word id="word_1860">.</word>
<word id="word_1861">Oh</word>
<word id="word_1862">,</word>
<word id="word_1863">and</word>
<word id="word_1864">by</word>
<word id="word_1865">the</word>
<word id="word_1866">way</word>
<word id="word_1867">,</word>
<word id="word_1868">those</word>
<word id="word_1869">flamingos</word>
<word id="word_1870">,</word>
<word id="word_1871">they</word>
<word id="word_1872">shouldn</word>
<word id="word_1873">'t</word>
<word id="word_1874">even</word>
<word id="word_1875">be</word>
<word id="word_1876">there</word>
<word id="word_1877">in</word>
<word id="word_1878">the</word>
<word id="word_1879">first</word>
<word id="word_1880">place</word>
<word id="word_1881">.</word>
<word id="word_1882">They</word>
<word id="word_1883">brood</word>
<word id="word_1884">in</word>
<word id="word_1885">a</word>
<word id="word_1886">town</word>
<word id="word_1887">150</word>
<word id="word_1888">miles</word>
<word id="word_1889">away</word>
<word id="word_1890">,</word>
<word id="word_1891">where</word>
<word id="word_1892">the</word>
<word id="word_1893">soil</word>
<word id="word_1894">conditions</word>
<word id="word_1895">are</word>
<word id="word_1896">better</word>
<word id="word_1897">for</word>
<word id="word_1898">building</word>
<word id="word_1899">nests</word>
<word id="word_1900">.</word>
<word id="word_1901">Every</word>
<word id="word_1902">morning</word>
<word id="word_1903">,</word>
<word id="word_1904">they</word>
<word id="word_1905">fly</word>
<word id="word_1906">150</word>
<word id="word_1907">miles</word>
<word id="word_1908">into</word>
<word id="word_1909">the</word>
<word id="word_1910">farm</word>
<word id="word_1911">.</word>
<word id="word_1912">And</word>
<word id="word_1913">every</word>
<word id="word_1914">evening</word>
<word id="word_1915">,</word>
<word id="word_1916">they</word>
<word id="word_1917">fly</word>
<word id="word_1918">150</word>
<word id="word_1919">miles</word>
<word id="word_1920">back</word>
<word id="word_1921">.</word>
<word id="word_1922">They</word>
<word id="word_1923">do</word>
<word id="word_1924">that</word>
<word id="word_1925">because</word>
<word id="word_1926">they</word>
<word id="word_1927">'re</word>
<word id="word_1928">able</word>
<word id="word_1929">to</word>
<word id="word_1930">follow</word>
<word id="word_1931">the</word>
<word id="word_1932">broken</word>
<word id="word_1933">white</word>
<word id="word_1934">line</word>
<word id="word_1935">of</word>
<word id="word_1936">highway</word>
<word id="word_1937">A92</word>
<word id="word_1938">.</word>
<word id="word_1939">No</word>
<word id="word_1940">kidding</word>
<word id="word_1941">.</word>
<word id="word_1942">I</word>
<word id="word_1943">was</word>
<word id="word_1944">imagining</word>
<word id="word_1945">a</word>
<word id="word_1946">march</word>
<word id="word_1947">of</word>
<word id="word_1948">the</word>
<word id="word_1949">penguins</word>
<word id="word_1950">thing</word>
<word id="word_1951">,</word>
<word id="word_1952">so</word>
<word id="word_1953">I</word>
<word id="word_1954">looked</word>
<word id="word_1955">at</word>
<word id="word_1956">Miguel</word>
<word id="word_1957">.</word>
<word id="word_1958">I</word>
<word id="word_1959">said</word>
<word id="word_1960">,</word>
<word id="word_1961">"</word>
<word id="word_1962">Miguel</word>
<word id="word_1963">,</word>
<word id="word_1964">do</word>
<word id="word_1965">they</word>
<word id="word_1966">fly</word>
<word id="word_1967">150</word>
<word id="word_1968">miles</word>
<word id="word_1969">to</word>
<word id="word_1970">the</word>
<word id="word_1971">farm</word>
<word id="word_1972">,</word>
<word id="word_1973">and</word>
<word id="word_1974">then</word>
<word id="word_1975">do</word>
<word id="word_1976">they</word>
<word id="word_1977">fly</word>
<word id="word_1978">150</word>
<word id="word_1979">miles</word>
<word id="word_1980">back</word>
<word id="word_1981">at</word>
<word id="word_1982">night</word>
<word id="word_1983">?</word>
<word id="word_1984">Do</word>
<word id="word_1985">they</word>
<word id="word_1986">do</word>
<word id="word_1987">that</word>
<word id="word_1988">for</word>
<word id="word_1989">the</word>
<word id="word_1990">children</word>
<word id="word_1991">?</word>
<word id="word_1992">"</word>
<word id="word_1993">He</word>
<word id="word_1994">looked</word>
<word id="word_1995">at</word>
<word id="word_1996">me</word>
<word id="word_1997">like</word>
<word id="word_1998">I</word>
<word id="word_1999">had</word>
<word id="word_2000">just</word>
<word id="word_2001">quoted</word>
<word id="word_2002">a</word>
<word id="word_2003">Whitney</word>
<word id="word_2004">Houston</word>
<word id="word_2005">song</word>
<word id="word_2006">.</word>
<word id="word_2007">He</word>
<word id="word_2008">said</word>
<word id="word_2009">,</word>
<word id="word_2010">"</word>
<word id="word_2011">No</word>
<word id="word_2012">.</word>
<word id="word_2013">They</word>
<word id="word_2014">do</word>
<word id="word_2015">it</word>
<word id="word_2016">because</word>
<word id="word_2017">the</word>
<word id="word_2018">food</word>
<word id="word_2019">'s</word>
<word id="word_2020">better</word>
<word id="word_2021">.</word>
<word id="word_2022">"</word>
<word id="word_2023">I</word>
<word id="word_2024">didn</word>
<word id="word_2025">'t</word>
<word id="word_2026">mention</word>
<word id="word_2027">the</word>
<word id="word_2028">skin</word>
<word id="word_2029">of</word>
<word id="word_2030">my</word>
<word id="word_2031">beloved</word>
<word id="word_2032">fish</word>
<word id="word_2033">,</word>
<word id="word_2034">which</word>
<word id="word_2035">was</word>
<word id="word_2036">delicious</word>
<word id="word_2037">,</word>
<word id="word_2038">and</word>
<word id="word_2039">I</word>
<word id="word_2040">don</word>
<word id="word_2041">'t</word>
<word id="word_2042">like</word>
<word id="word_2043">fish</word>
<word id="word_2044">skin</word>
<word id="word_2045">.</word>
<word id="word_2046">I</word>
<word id="word_2047">don</word>
<word id="word_2048">'t</word>
<word id="word_2049">like</word>
<word id="word_2050">it</word>
<word id="word_2051">seared</word>
<word id="word_2052">.</word>
<word id="word_2053">I</word>
<word id="word_2054">don</word>
<word id="word_2055">'t</word>
<word id="word_2056">like</word>
<word id="word_2057">it</word>
<word id="word_2058">crispy</word>
<word id="word_2059">.</word>
<word id="word_2060">It</word>
<word id="word_2061">'s</word>
<word id="word_2062">that</word>
<word id="word_2063">acrid</word>
<word id="word_2064">,</word>
<word id="word_2065">tar-like</word>
<word id="word_2066">flavor</word>
<word id="word_2067">.</word>
<word id="word_2068">I</word>
<word id="word_2069">almost</word>
<word id="word_2070">never</word>
<word id="word_2071">cook</word>
<word id="word_2072">with</word>
<word id="word_2073">it</word>
<word id="word_2074">.</word>
<word id="word_2075">Yet</word>
<word id="word_2076">,</word>
<word id="word_2077">when</word>
<word id="word_2078">I</word>
<word id="word_2079">tasted</word>
<word id="word_2080">it</word>
<word id="word_2081">at</word>
<word id="word_2082">that</word>
<word id="word_2083">restaurant</word>
<word id="word_2084">in</word>
<word id="word_2085">southern</word>
<word id="word_2086">Spain</word>
<word id="word_2087">,</word>
<word id="word_2088">it</word>
<word id="word_2089">tasted</word>
<word id="word_2090">not</word>
<word id="word_2091">at</word>
<word id="word_2092">all</word>
<word id="word_2093">like</word>
<word id="word_2094">fish</word>
<word id="word_2095">skin</word>
<word id="word_2096">.</word>
<word id="word_2097">It</word>
<word id="word_2098">tasted</word>
<word id="word_2099">sweet</word>
<word id="word_2100">and</word>
<word id="word_2101">clean</word>
<word id="word_2102">like</word>
<word id="word_2103">you</word>
<word id="word_2104">were</word>
<word id="word_2105">taking</word>
<word id="word_2106">a</word>
<word id="word_2107">bite</word>
<word id="word_2108">of</word>
<word id="word_2109">the</word>
<word id="word_2110">ocean</word>
<word id="word_2111">.</word>
<word id="word_2112">I</word>
<word id="word_2113">mentioned</word>
<word id="word_2114">that</word>
<word id="word_2115">to</word>
<word id="word_2116">Miguel</word>
<word id="word_2117">,</word>
<word id="word_2118">and</word>
<word id="word_2119">he</word>
<word id="word_2120">nodded</word>
<word id="word_2121">.</word>
<word id="word_2122">He</word>
<word id="word_2123">said</word>
<word id="word_2124">,</word>
<word id="word_2125">"</word>
<word id="word_2126">The</word>
<word id="word_2127">skin</word>
<word id="word_2128">acts</word>
<word id="word_2129">like</word>
<word id="word_2130">a</word>
<word id="word_2131">sponge</word>
<word id="word_2132">.</word>
<word id="word_2133">It</word>
<word id="word_2134">'s</word>
<word id="word_2135">the</word>
<word id="word_2136">last</word>
<word id="word_2137">defense</word>
<word id="word_2138">before</word>
<word id="word_2139">anything</word>
<word id="word_2140">enters</word>
<word id="word_2141">the</word>
<word id="word_2142">body</word>
<word id="word_2143">.</word>
<word id="word_2144">It</word>
<word id="word_2145">evolved</word>
<word id="word_2146">to</word>
<word id="word_2147">soak</word>
<word id="word_2148">up</word>
<word id="word_2149">impurities</word>
<word id="word_2150">.</word>
<word id="word_2151">"</word>
<word id="word_2152">And</word>
<word id="word_2153">then</word>
<word id="word_2154">he</word>
<word id="word_2155">added</word>
<word id="word_2156">,</word>
<word id="word_2157">"</word>
<word id="word_2158">But</word>
<word id="word_2159">our</word>
<word id="word_2160">water</word>
<word id="word_2161">has</word>
<word id="word_2162">no</word>
<word id="word_2163">impurities</word>
<word id="word_2164">.</word>
<word id="word_2165">"</word>
<word id="word_2166">Okay</word>
<word id="word_2167">.</word>
<word id="word_2168">A</word>
<word id="word_2169">farm</word>
<word id="word_2170">that</word>
<word id="word_2171">doesn</word>
<word id="word_2172">'t</word>
<word id="word_2173">feed</word>
<word id="word_2174">its</word>
<word id="word_2175">fish</word>
<word id="word_2176">.</word>
<word id="word_2177">A</word>
<word id="word_2178">farm</word>
<word id="word_2179">that</word>
<word id="word_2180">measures</word>
<word id="word_2181">its</word>
<word id="word_2182">success</word>
<word id="word_2183">by</word>
<word id="word_2184">the</word>
<word id="word_2185">success</word>
<word id="word_2186">of</word>
<word id="word_2187">its</word>
<word id="word_2188">predators</word>
<word id="word_2189">.</word>
<word id="word_2190">And</word>
<word id="word_2191">then</word>
<word id="word_2192">I</word>
<word id="word_2193">realized</word>
<word id="word_2194">when</word>
<word id="word_2195">he</word>
<word id="word_2196">says</word>
<word id="word_2197">,</word>
<word id="word_2198">a</word>
<word id="word_2199">farm</word>
<word id="word_2200">that</word>
<word id="word_2201">has</word>
<word id="word_2202">no</word>
<word id="word_2203">impurities</word>
<word id="word_2204">,</word>
<word id="word_2205">he</word>
<word id="word_2206">made</word>
<word id="word_2207">a</word>
<word id="word_2208">big</word>
<word id="word_2209">understatement</word>
<word id="word_2210">,</word>
<word id="word_2211">because</word>
<word id="word_2212">the</word>
<word id="word_2213">water</word>
<word id="word_2214">that</word>
<word id="word_2215">flows</word>
<word id="word_2216">through</word>
<word id="word_2217">that</word>
<word id="word_2218">farm</word>
<word id="word_2219">comes</word>
<word id="word_2220">in</word>
<word id="word_2221">from</word>
<word id="word_2222">the</word>
<word id="word_2223">Guadalquivir</word>
<word id="word_2224">river</word>
<word id="word_2225">.</word>
<word id="word_2226">It</word>
<word id="word_2227">'s</word>
<word id="word_2228">a</word>
<word id="word_2229">river</word>
<word id="word_2230">that</word>
<word id="word_2231">carries</word>
<word id="word_2232">with</word>
<word id="word_2233">it</word>
<word id="word_2234">all</word>
<word id="word_2235">the</word>
<word id="word_2236">things</word>
<word id="word_2237">that</word>
<word id="word_2238">rivers</word>
<word id="word_2239">tend</word>
<word id="word_2240">to</word>
<word id="word_2241">carry</word>
<word id="word_2242">these</word>
<word id="word_2243">days</word>
<word id="word_2244">,</word>
<word id="word_2245">chemical</word>
<word id="word_2246">contaminants</word>
<word id="word_2247">,</word>
<word id="word_2248">pesticide</word>
<word id="word_2249">runoff</word>
<word id="word_2250">.</word>
<word id="word_2251">And</word>
<word id="word_2252">when</word>
<word id="word_2253">it</word>
<word id="word_2254">works</word>
<word id="word_2255">its</word>
<word id="word_2256">way</word>
<word id="word_2257">through</word>
<word id="word_2258">the</word>
<word id="word_2259">system</word>
<word id="word_2260">and</word>
<word id="word_2261">leaves</word>
<word id="word_2262">,</word>
<word id="word_2263">the</word>
<word id="word_2264">water</word>
<word id="word_2265">is</word>
<word id="word_2266">cleaner</word>
<word id="word_2267">than</word>
<word id="word_2268">when</word>
<word id="word_2269">it</word>
<word id="word_2270">entered</word>
<word id="word_2271">.</word>
<word id="word_2272">The</word>
<word id="word_2273">system</word>
<word id="word_2274">is</word>
<word id="word_2275">so</word>
<word id="word_2276">healthy</word>
<word id="word_2277">,</word>
<word id="word_2278">it</word>
<word id="word_2279">purifies</word>
<word id="word_2280">the</word>
<word id="word_2281">water</word>
<word id="word_2282">.</word>
<word id="word_2283">So</word>
<word id="word_2284">,</word>
<word id="word_2285">not</word>
<word id="word_2286">just</word>
<word id="word_2287">a</word>
<word id="word_2288">farm</word>
<word id="word_2289">that</word>
<word id="word_2290">doesn</word>
<word id="word_2291">'t</word>
<word id="word_2292">feed</word>
<word id="word_2293">its</word>
<word id="word_2294">animals</word>
<word id="word_2295">,</word>
<word id="word_2296">not</word>
<word id="word_2297">just</word>
<word id="word_2298">a</word>
<word id="word_2299">farm</word>
<word id="word_2300">that</word>
<word id="word_2301">measures</word>
<word id="word_2302">its</word>
<word id="word_2303">success</word>
<word id="word_2304">by</word>
<word id="word_2305">the</word>
<word id="word_2306">health</word>
<word id="word_2307">of</word>
<word id="word_2308">its</word>
<word id="word_2309">predators</word>
<word id="word_2310">,</word>
<word id="word_2311">but</word>
<word id="word_2312">a</word>
<word id="word_2313">farm</word>
<word id="word_2314">that</word>
<word id="word_2315">'s</word>
<word id="word_2316">literally</word>
<word id="word_2317">a</word>
<word id="word_2318">water</word>
<word id="word_2319">purification</word>
<word id="word_2320">plant</word>
<word id="word_2321">,</word>
<word id="word_2322">and</word>
<word id="word_2323">not</word>
<word id="word_2324">just</word>
<word id="word_2325">for</word>
<word id="word_2326">those</word>
<word id="word_2327">fish</word>
<word id="word_2328">,</word>
<word id="word_2329">but</word>
<word id="word_2330">for</word>
<word id="word_2331">you</word>
<word id="word_2332">and</word>
<word id="word_2333">me</word>
<word id="word_2334">as</word>
<word id="word_2335">well</word>
<word id="word_2336">.</word>
<word id="word_2337">Because</word>
<word id="word_2338">when</word>
<word id="word_2339">that</word>
<word id="word_2340">water</word>
<word id="word_2341">leaves</word>
<word id="word_2342">,</word>
<word id="word_2343">it</word>
<word id="word_2344">dumps</word>
<word id="word_2345">out</word>
<word id="word_2346">into</word>
<word id="word_2347">the</word>
<word id="word_2348">Atlantic</word>
<word id="word_2349">.</word>
<word id="word_2350">A</word>
<word id="word_2351">drop</word>
<word id="word_2352">in</word>
<word id="word_2353">the</word>
<word id="word_2354">ocean</word>
<word id="word_2355">,</word>
<word id="word_2356">I</word>
<word id="word_2357">know</word>
<word id="word_2358">,</word>
<word id="word_2359">but</word>
<word id="word_2360">I</word>
<word id="word_2361">'ll</word>
<word id="word_2362">take</word>
<word id="word_2363">it</word>
<word id="word_2364">,</word>
<word id="word_2365">and</word>
<word id="word_2366">so</word>
<word id="word_2367">should</word>
<word id="word_2368">you</word>
<word id="word_2369">,</word>
<word id="word_2370">because</word>
<word id="word_2371">this</word>
<word id="word_2372">love</word>
<word id="word_2373">story</word>
<word id="word_2374">,</word>
<word id="word_2375">however</word>
<word id="word_2376">romantic</word>
<word id="word_2377">,</word>
<word id="word_2378">is</word>
<word id="word_2379">also</word>
<word id="word_2380">instructive</word>
<word id="word_2381">.</word>
<word id="word_2382">You</word>
<word id="word_2383">might</word>
<word id="word_2384">say</word>
<word id="word_2385">it</word>
<word id="word_2386">'s</word>
<word id="word_2387">a</word>
<word id="word_2388">recipe</word>
<word id="word_2389">for</word>
<word id="word_2390">the</word>
<word id="word_2391">future</word>
<word id="word_2392">of</word>
<word id="word_2393">good</word>
<word id="word_2394">food</word>
<word id="word_2395">,</word>
<word id="word_2396">whether</word>
<word id="word_2397">we</word>
<word id="word_2398">'re</word>
<word id="word_2399">talking</word>
<word id="word_2400">about</word>
<word id="word_2401">bass</word>
<word id="word_2402">or</word>
<word id="word_2403">beef</word>
<word id="word_2404">cattle</word>
<word id="word_2405">.</word>
<word id="word_2406">What</word>
<word id="word_2407">we</word>
<word id="word_2408">need</word>
<word id="word_2409">now</word>
<word id="word_2410">is</word>
<word id="word_2411">a</word>
<word id="word_2412">radically</word>
<word id="word_2413">new</word>
<word id="word_2414">conception</word>
<word id="word_2415">of</word>
<word id="word_2416">agriculture</word>
<word id="word_2417">,</word>
<word id="word_2418">one</word>
<word id="word_2419">in</word>
<word id="word_2420">which</word>
<word id="word_2421">the</word>
<word id="word_2422">food</word>
<word id="word_2423">actually</word>
<word id="word_2424">tastes</word>
<word id="word_2425">good</word>
<word id="word_2426">.</word>
<word id="word_2427">But</word>
<word id="word_2428">for</word>
<word id="word_2429">a</word>
<word id="word_2430">lot</word>
<word id="word_2431">people</word>
<word id="word_2432">,</word>
<word id="word_2433">that</word>
<word id="word_2434">'s</word>
<word id="word_2435">a</word>
<word id="word_2436">bit</word>
<word id="word_2437">too</word>
<word id="word_2438">radical</word>
<word id="word_2439">.</word>
<word id="word_2440">We</word>
<word id="word_2441">'re</word>
<word id="word_2442">not</word>
<word id="word_2443">realists</word>
<word id="word_2444">,</word>
<word id="word_2445">us</word>
<word id="word_2446">foodies</word>
<word id="word_2447">.</word>
<word id="word_2448">We</word>
<word id="word_2449">'re</word>
<word id="word_2450">lovers</word>
<word id="word_2451">.</word>
<word id="word_2452">We</word>
<word id="word_2453">love</word>
<word id="word_2454">farmers</word>
<word id="word_2455">'</word>
<word id="word_2456">markets</word>
<word id="word_2457">.</word>
<word id="word_2458">We</word>
<word id="word_2459">love</word>
<word id="word_2460">small</word>
<word id="word_2461">family</word>
<word id="word_2462">farms</word>
<word id="word_2463">.</word>
<word id="word_2464">We</word>
<word id="word_2465">talk</word>
<word id="word_2466">about</word>
<word id="word_2467">local</word>
<word id="word_2468">food</word>
<word id="word_2469">.</word>
<word id="word_2470">We</word>
<word id="word_2471">eat</word>
<word id="word_2472">organic</word>
<word id="word_2473">.</word>
<word id="word_2474">And</word>
<word id="word_2475">when</word>
<word id="word_2476">you</word>
<word id="word_2477">suggest</word>
<word id="word_2478">these</word>
<word id="word_2479">are</word>
<word id="word_2480">the</word>
<word id="word_2481">things</word>
<word id="word_2482">that</word>
<word id="word_2483">will</word>
<word id="word_2484">insure</word>
<word id="word_2485">the</word>
<word id="word_2486">future</word>
<word id="word_2487">of</word>
<word id="word_2488">good</word>
<word id="word_2489">food</word>
<word id="word_2490">,</word>
<word id="word_2491">someone</word>
<word id="word_2492">somewhere</word>
<word id="word_2493">stands</word>
<word id="word_2494">up</word>
<word id="word_2495">and</word>
<word id="word_2496">says</word>
<word id="word_2497">,</word>
<word id="word_2498">"</word>
<word id="word_2499">Hey</word>
<word id="word_2500">guy</word>
<word id="word_2501">,</word>
<word id="word_2502">I</word>
<word id="word_2503">love</word>
<word id="word_2504">pink</word>
<word id="word_2505">flamingos</word>
<word id="word_2506">,</word>
<word id="word_2507">but</word>
<word id="word_2508">how</word>
<word id="word_2509">are</word>
<word id="word_2510">you</word>
<word id="word_2511">going</word>
<word id="word_2512">to</word>
<word id="word_2513">feed</word>
<word id="word_2514">the</word>
<word id="word_2515">world</word>
<word id="word_2516">?</word>
<word id="word_2517">"</word>
<word id="word_2518">How</word>
<word id="word_2519">are</word>
<word id="word_2520">you</word>
<word id="word_2521">going</word>
<word id="word_2522">to</word>
<word id="word_2523">feed</word>
<word id="word_2524">the</word>
<word id="word_2525">world</word>
<word id="word_2526">?</word>
<word id="word_2527">Can</word>
<word id="word_2528">I</word>
<word id="word_2529">be</word>
<word id="word_2530">honest</word>
<word id="word_2531">?</word>
<word id="word_2532">I</word>
<word id="word_2533">don</word>
<word id="word_2534">'t</word>
<word id="word_2535">love</word>
<word id="word_2536">that</word>
<word id="word_2537">question</word>
<word id="word_2538">.</word>
<word id="word_2539">No</word>
<word id="word_2540">,</word>
<word id="word_2541">not</word>
<word id="word_2542">because</word>
<word id="word_2543">we</word>
<word id="word_2544">already</word>
<word id="word_2545">produce</word>
<word id="word_2546">enough</word>
<word id="word_2547">calories</word>
<word id="word_2548">to</word>
<word id="word_2549">more</word>
<word id="word_2550">than</word>
<word id="word_2551">feed</word>
<word id="word_2552">the</word>
<word id="word_2553">world</word>
<word id="word_2554">.</word>
<word id="word_2555">One</word>
<word id="word_2556">billion</word>
<word id="word_2557">people</word>
<word id="word_2558">will</word>
<word id="word_2559">go</word>
<word id="word_2560">hungry</word>
<word id="word_2561">today</word>
<word id="word_2562">.</word>
<word id="word_2563">One</word>
<word id="word_2564">billion</word>
<word id="word_2565">--</word>
<word id="word_2566">that</word>
<word id="word_2567">'s</word>
<word id="word_2568">more</word>
<word id="word_2569">than</word>
<word id="word_2570">ever</word>
<word id="word_2571">before</word>
<word id="word_2572">--</word>
<word id="word_2573">because</word>
<word id="word_2574">of</word>
<word id="word_2575">gross</word>
<word id="word_2576">inequalities</word>
<word id="word_2577">in</word>
<word id="word_2578">distribution</word>
<word id="word_2579">,</word>
<word id="word_2580">not</word>
<word id="word_2581">tonnage</word>
<word id="word_2582">.</word>
<word id="word_2583">No</word>
<word id="word_2584">,</word>
<word id="word_2585">I</word>
<word id="word_2586">don</word>
<word id="word_2587">'t</word>
<word id="word_2588">love</word>
<word id="word_2589">this</word>
<word id="word_2590">question</word>
<word id="word_2591">because</word>
<word id="word_2592">it</word>
<word id="word_2593">'s</word>
<word id="word_2594">determined</word>
<word id="word_2595">the</word>
<word id="word_2596">logic</word>
<word id="word_2597">of</word>
<word id="word_2598">our</word>
<word id="word_2599">food</word>
<word id="word_2600">system</word>
<word id="word_2601">for</word>
<word id="word_2602">the</word>
<word id="word_2603">last</word>
<word id="word_2604">50</word>
<word id="word_2605">years</word>
<word id="word_2606">.</word>
<word id="word_2607">Feed</word>
<word id="word_2608">grain</word>
<word id="word_2609">to</word>
<word id="word_2610">herbivores</word>
<word id="word_2611">,</word>
<word id="word_2612">pesticides</word>
<word id="word_2613">to</word>
<word id="word_2614">monocultures</word>
<word id="word_2615">,</word>
<word id="word_2616">chemicals</word>
<word id="word_2617">to</word>
<word id="word_2618">soil</word>
<word id="word_2619">,</word>
<word id="word_2620">chicken</word>
<word id="word_2621">to</word>
<word id="word_2622">fish</word>
<word id="word_2623">,</word>
<word id="word_2624">and</word>
<word id="word_2625">all</word>
<word id="word_2626">along</word>
<word id="word_2627">agribusiness</word>
<word id="word_2628">has</word>
<word id="word_2629">simply</word>
<word id="word_2630">asked</word>
<word id="word_2631">,</word>
<word id="word_2632">"</word>
<word id="word_2633">If</word>
<word id="word_2634">we</word>
<word id="word_2635">'re</word>
<word id="word_2636">feeding</word>
<word id="word_2637">more</word>
<word id="word_2638">people</word>
<word id="word_2639">more</word>
<word id="word_2640">cheaply</word>
<word id="word_2641">,</word>
<word id="word_2642">how</word>
<word id="word_2643">terrible</word>
<word id="word_2644">could</word>
<word id="word_2645">that</word>
<word id="word_2646">be</word>
<word id="word_2647">?</word>
<word id="word_2648">"</word>
<word id="word_2649">That</word>
<word id="word_2650">'s</word>
<word id="word_2651">been</word>
<word id="word_2652">the</word>
<word id="word_2653">motivation</word>
<word id="word_2654">,</word>
<word id="word_2655">it</word>
<word id="word_2656">'s</word>
<word id="word_2657">been</word>
<word id="word_2658">the</word>
<word id="word_2659">justification</word>
<word id="word_2660">,</word>
<word id="word_2661">it</word>
<word id="word_2662">'s</word>
<word id="word_2663">been</word>
<word id="word_2664">the</word>
<word id="word_2665">business</word>
<word id="word_2666">plan</word>
<word id="word_2667">of</word>
<word id="word_2668">American</word>
<word id="word_2669">agriculture</word>
<word id="word_2670">.</word>
<word id="word_2671">We</word>
<word id="word_2672">should</word>
<word id="word_2673">call</word>
<word id="word_2674">it</word>
<word id="word_2675">what</word>
<word id="word_2676">it</word>
<word id="word_2677">is</word>
<word id="word_2678">,</word>
<word id="word_2679">a</word>
<word id="word_2680">business</word>
<word id="word_2681">in</word>
<word id="word_2682">liquidation</word>
<word id="word_2683">,</word>
<word id="word_2684">a</word>
<word id="word_2685">business</word>
<word id="word_2686">that</word>
<word id="word_2687">'s</word>
<word id="word_2688">quickly</word>
<word id="word_2689">eroding</word>
<word id="word_2690">ecological</word>
<word id="word_2691">capital</word>
<word id="word_2692">that</word>
<word id="word_2693">makes</word>
<word id="word_2694">that</word>
<word id="word_2695">very</word>
<word id="word_2696">production</word>
<word id="word_2697">possible</word>
<word id="word_2698">.</word>
<word id="word_2699">That</word>
<word id="word_2700">'s</word>
<word id="word_2701">not</word>
<word id="word_2702">a</word>
<word id="word_2703">business</word>
<word id="word_2704">,</word>
<word id="word_2705">and</word>
<word id="word_2706">it</word>
<word id="word_2707">isn</word>
<word id="word_2708">'t</word>
<word id="word_2709">agriculture</word>
<word id="word_2710">.</word>
<word id="word_2711">Our</word>
<word id="word_2712">bread</word>
<word id="word_2713">basket</word>
<word id="word_2714">is</word>
<word id="word_2715">threatened</word>
<word id="word_2716">today</word>
<word id="word_2717">,</word>
<word id="word_2718">not</word>
<word id="word_2719">because</word>
<word id="word_2720">of</word>
<word id="word_2721">diminishing</word>
<word id="word_2722">supply</word>
<word id="word_2723">,</word>
<word id="word_2724">but</word>
<word id="word_2725">because</word>
<word id="word_2726">of</word>
<word id="word_2727">diminishing</word>
<word id="word_2728">resources</word>
<word id="word_2729">.</word>
<word id="word_2730">Not</word>
<word id="word_2731">by</word>
<word id="word_2732">the</word>
<word id="word_2733">latest</word>
<word id="word_2734">combine</word>
<word id="word_2735">and</word>
<word id="word_2736">tractor</word>
<word id="word_2737">invention</word>
<word id="word_2738">,</word>
<word id="word_2739">but</word>
<word id="word_2740">by</word>
<word id="word_2741">fertile</word>
<word id="word_2742">land</word>
<word id="word_2743">;</word>
<word id="word_2744">not</word>
<word id="word_2745">by</word>
<word id="word_2746">pumps</word>
<word id="word_2747">,</word>
<word id="word_2748">but</word>
<word id="word_2749">by</word>
<word id="word_2750">fresh</word>
<word id="word_2751">water</word>
<word id="word_2752">;</word>
<word id="word_2753">not</word>
<word id="word_2754">by</word>
<word id="word_2755">chainsaws</word>
<word id="word_2756">,</word>
<word id="word_2757">but</word>
<word id="word_2758">by</word>
<word id="word_2759">forests</word>
<word id="word_2760">;</word>
<word id="word_2761">and</word>
<word id="word_2762">not</word>
<word id="word_2763">by</word>
<word id="word_2764">fishing</word>
<word id="word_2765">boats</word>
<word id="word_2766">and</word>
<word id="word_2767">nets</word>
<word id="word_2768">,</word>
<word id="word_2769">but</word>
<word id="word_2770">by</word>
<word id="word_2771">fish</word>
<word id="word_2772">in</word>
<word id="word_2773">the</word>
<word id="word_2774">sea</word>
<word id="word_2775">.</word>
<word id="word_2776">Want</word>
<word id="word_2777">to</word>
<word id="word_2778">feed</word>
<word id="word_2779">the</word>
<word id="word_2780">world</word>
<word id="word_2781">?</word>
<word id="word_2782">Let</word>
<word id="word_2783">'s</word>
<word id="word_2784">start</word>
<word id="word_2785">by</word>
<word id="word_2786">asking</word>
<word id="word_2787">:</word>
<word id="word_2788">How</word>
<word id="word_2789">are</word>
<word id="word_2790">we</word>
<word id="word_2791">going</word>
<word id="word_2792">to</word>
<word id="word_2793">feed</word>
<word id="word_2794">ourselves</word>
<word id="word_2795">?</word>
<word id="word_2796">Or</word>
<word id="word_2797">better</word>
<word id="word_2798">,</word>
<word id="word_2799">How</word>
<word id="word_2800">can</word>
<word id="word_2801">we</word>
<word id="word_2802">create</word>
<word id="word_2803">conditions</word>
<word id="word_2804">that</word>
<word id="word_2805">enable</word>
<word id="word_2806">every</word>
<word id="word_2807">community</word>
<word id="word_2808">to</word>
<word id="word_2809">feed</word>
<word id="word_2810">itself</word>
<word id="word_2811">?</word>
<word id="word_2812">To</word>
<word id="word_2813">do</word>
<word id="word_2814">that</word>
<word id="word_2815">,</word>
<word id="word_2816">don</word>
<word id="word_2817">'t</word>
<word id="word_2818">look</word>
<word id="word_2819">at</word>
<word id="word_2820">the</word>
<word id="word_2821">agribusiness</word>
<word id="word_2822">model</word>
<word id="word_2823">for</word>
<word id="word_2824">the</word>
<word id="word_2825">future</word>
<word id="word_2826">.</word>
<word id="word_2827">It</word>
<word id="word_2828">'s</word>
<word id="word_2829">really</word>
<word id="word_2830">old</word>
<word id="word_2831">,</word>
<word id="word_2832">and</word>
<word id="word_2833">it</word>
<word id="word_2834">'s</word>
<word id="word_2835">tired</word>
<word id="word_2836">.</word>
<word id="word_2837">It</word>
<word id="word_2838">'s</word>
<word id="word_2839">high</word>
<word id="word_2840">on</word>
<word id="word_2841">capital</word>
<word id="word_2842">,</word>
<word id="word_2843">chemistry</word>
<word id="word_2844">,</word>
<word id="word_2845">and</word>
<word id="word_2846">machines</word>
<word id="word_2847">,</word>
<word id="word_2848">and</word>
<word id="word_2849">it</word>
<word id="word_2850">'s</word>
<word id="word_2851">never</word>
<word id="word_2852">produced</word>
<word id="word_2853">anything</word>
<word id="word_2854">really</word>
<word id="word_2855">good</word>
<word id="word_2856">to</word>
<word id="word_2857">eat</word>
<word id="word_2858">.</word>
<word id="word_2859">Instead</word>
<word id="word_2860">,</word>
<word id="word_2861">let</word>
<word id="word_2862">'s</word>
<word id="word_2863">look</word>
<word id="word_2864">to</word>
<word id="word_2865">the</word>
<word id="word_2866">ecological</word>
<word id="word_2867">model</word>
<word id="word_2868">.</word>
<word id="word_2869">That</word>
<word id="word_2870">'s</word>
<word id="word_2871">the</word>
<word id="word_2872">one</word>
<word id="word_2873">that</word>
<word id="word_2874">relies</word>
<word id="word_2875">on</word>
<word id="word_2876">two</word>
<word id="word_2877">billion</word>
<word id="word_2878">years</word>
<word id="word_2879">of</word>
<word id="word_2880">on-the-job</word>
<word id="word_2881">experience</word>
<word id="word_2882">.</word>
<word id="word_2883">Look</word>
<word id="word_2884">to</word>
<word id="word_2885">Miguel</word>
<word id="word_2886">--</word>
<word id="word_2887">farmers</word>
<word id="word_2888">like</word>
<word id="word_2889">Miguel</word>
<word id="word_2890">.</word>
<word id="word_2891">Farms</word>
<word id="word_2892">that</word>
<word id="word_2893">aren</word>
<word id="word_2894">'t</word>
<word id="word_2895">worlds</word>
<word id="word_2896">unto</word>
<word id="word_2897">themselves</word>
<word id="word_2898">;</word>
<word id="word_2899">farms</word>
<word id="word_2900">that</word>
<word id="word_2901">restore</word>
<word id="word_2902">instead</word>
<word id="word_2903">of</word>
<word id="word_2904">deplete</word>
<word id="word_2905">;</word>
<word id="word_2906">farms</word>
<word id="word_2907">that</word>
<word id="word_2908">farm</word>
<word id="word_2909">extensively</word>
<word id="word_2910">instead</word>
<word id="word_2911">of</word>
<word id="word_2912">just</word>
<word id="word_2913">intensively</word>
<word id="word_2914">;</word>
<word id="word_2915">farmers</word>
<word id="word_2916">that</word>
<word id="word_2917">are</word>
<word id="word_2918">not</word>
<word id="word_2919">just</word>
<word id="word_2920">producers</word>
<word id="word_2921">,</word>
<word id="word_2922">but</word>
<word id="word_2923">experts</word>
<word id="word_2924">in</word>
<word id="word_2925">relationships</word>
<word id="word_2926">.</word>
<word id="word_2927">Because</word>
<word id="word_2928">they</word>
<word id="word_2929">'re</word>
<word id="word_2930">the</word>
<word id="word_2931">ones</word>
<word id="word_2932">that</word>
<word id="word_2933">are</word>
<word id="word_2934">experts</word>
<word id="word_2935">in</word>
<word id="word_2936">flavor</word>
<word id="word_2937">too</word>
<word id="word_2938">.</word>
<word id="word_2939">And</word>
<word id="word_2940">if</word>
<word id="word_2941">I</word>
<word id="word_2942">'m</word>
<word id="word_2943">going</word>
<word id="word_2944">to</word>
<word id="word_2945">be</word>
<word id="word_2946">really</word>
<word id="word_2947">honest</word>
<word id="word_2948">,</word>
<word id="word_2949">they</word>
<word id="word_2950">'re</word>
<word id="word_2951">a</word>
<word id="word_2952">better</word>
<word id="word_2953">chef</word>
<word id="word_2954">than</word>
<word id="word_2955">I</word>
<word id="word_2956">'ll</word>
<word id="word_2957">ever</word>
<word id="word_2958">be</word>
<word id="word_2959">.</word>
<word id="word_2960">You</word>
<word id="word_2961">know</word>
<word id="word_2962">,</word>
<word id="word_2963">I</word>
<word id="word_2964">'m</word>
<word id="word_2965">okay</word>
<word id="word_2966">with</word>
<word id="word_2967">that</word>
<word id="word_2968">,</word>
<word id="word_2969">because</word>
<word id="word_2970">if</word>
<word id="word_2971">that</word>
<word id="word_2972">'s</word>
<word id="word_2973">the</word>
<word id="word_2974">future</word>
<word id="word_2975">of</word>
<word id="word_2976">good</word>
<word id="word_2977">food</word>
<word id="word_2978">,</word>
<word id="word_2979">it</word>
<word id="word_2980">'s</word>
<word id="word_2981">going</word>
<word id="word_2982">to</word>
<word id="word_2983">be</word>
<word id="word_2984">delicious</word>
<word id="word_2985">.</word>
<word id="word_2986">Thank</word>
<word id="word_2987">you</word>
<word id="word_2988">.</word>
</words>
