<?xml version="1.0" encoding="UTF-8" ?>
<!DOCTYPE words SYSTEM "words.dtd">
<words>
<word id="word_1">One</word>
<word id="word_2">day</word>
<word id="word_3">Los</word>
<word id="word_4">Angeles</word>
<word id="word_5">Times</word>
<word id="word_6">columnist</word>
<word id="word_7">Steve</word>
<word id="word_8">Lopez</word>
<word id="word_9">was</word>
<word id="word_10">walking</word>
<word id="word_11">along</word>
<word id="word_12">the</word>
<word id="word_13">streets</word>
<word id="word_14">of</word>
<word id="word_15">downtown</word>
<word id="word_16">Los</word>
<word id="word_17">Angeles</word>
<word id="word_18">when</word>
<word id="word_19">he</word>
<word id="word_20">heard</word>
<word id="word_21">beautiful</word>
<word id="word_22">music</word>
<word id="word_23">.</word>
<word id="word_24">And</word>
<word id="word_25">the</word>
<word id="word_26">source</word>
<word id="word_27">was</word>
<word id="word_28">a</word>
<word id="word_29">man</word>
<word id="word_30">,</word>
<word id="word_31">an</word>
<word id="word_32">African-American</word>
<word id="word_33">man</word>
<word id="word_34">,</word>
<word id="word_35">charming</word>
<word id="word_36">,</word>
<word id="word_37">rugged</word>
<word id="word_38">,</word>
<word id="word_39">homeless</word>
<word id="word_40">,</word>
<word id="word_41">playing</word>
<word id="word_42">a</word>
<word id="word_43">violin</word>
<word id="word_44">that</word>
<word id="word_45">only</word>
<word id="word_46">had</word>
<word id="word_47">two</word>
<word id="word_48">strings</word>
<word id="word_49">.</word>
<word id="word_50">And</word>
<word id="word_51">I</word>
<word id="word_52">'m</word>
<word id="word_53">telling</word>
<word id="word_54">a</word>
<word id="word_55">story</word>
<word id="word_56">that</word>
<word id="word_57">many</word>
<word id="word_58">of</word>
<word id="word_59">you</word>
<word id="word_60">know</word>
<word id="word_61">,</word>
<word id="word_62">because</word>
<word id="word_63">Steve</word>
<word id="word_64">'s</word>
<word id="word_65">columns</word>
<word id="word_66">became</word>
<word id="word_67">the</word>
<word id="word_68">basis</word>
<word id="word_69">for</word>
<word id="word_70">a</word>
<word id="word_71">book</word>
<word id="word_72">,</word>
<word id="word_73">which</word>
<word id="word_74">was</word>
<word id="word_75">turned</word>
<word id="word_76">into</word>
<word id="word_77">a</word>
<word id="word_78">movie</word>
<word id="word_79">,</word>
<word id="word_80">with</word>
<word id="word_81">Robert</word>
<word id="word_82">Downey</word>
<word id="word_83">Jr</word>
<word id="word_84">acting</word>
<word id="word_85">as</word>
<word id="word_86">Steve</word>
<word id="word_87">Lopez</word>
<word id="word_88">,</word>
<word id="word_89">and</word>
<word id="word_90">Jamie</word>
<word id="word_91">Foxx</word>
<word id="word_92">as</word>
<word id="word_93">Nathaniel</word>
<word id="word_94">Anthony</word>
<word id="word_95">Ayers</word>
<word id="word_96">,</word>
<word id="word_97">the</word>
<word id="word_98">Juilliard-trained</word>
<word id="word_99">double</word>
<word id="word_100">bassist</word>
<word id="word_101">whose</word>
<word id="word_102">promising</word>
<word id="word_103">career</word>
<word id="word_104">was</word>
<word id="word_105">cut</word>
<word id="word_106">short</word>
<word id="word_107">by</word>
<word id="word_108">a</word>
<word id="word_109">tragic</word>
<word id="word_110">affliction</word>
<word id="word_111">with</word>
<word id="word_112">paranoid</word>
<word id="word_113">schizophrenia</word>
<word id="word_114">.</word>
<word id="word_115">Nathaniel</word>
<word id="word_116">dropped</word>
<word id="word_117">out</word>
<word id="word_118">of</word>
<word id="word_119">Juilliard</word>
<word id="word_120">,</word>
<word id="word_121">he</word>
<word id="word_122">suffered</word>
<word id="word_123">a</word>
<word id="word_124">complete</word>
<word id="word_125">breakdown</word>
<word id="word_126">,</word>
<word id="word_127">and</word>
<word id="word_128">30</word>
<word id="word_129">years</word>
<word id="word_130">later</word>
<word id="word_131">he</word>
<word id="word_132">was</word>
<word id="word_133">living</word>
<word id="word_134">homeless</word>
<word id="word_135">on</word>
<word id="word_136">the</word>
<word id="word_137">streets</word>
<word id="word_138">of</word>
<word id="word_139">Skid</word>
<word id="word_140">Row</word>
<word id="word_141">in</word>
<word id="word_142">downtown</word>
<word id="word_143">Los</word>
<word id="word_144">Angeles</word>
<word id="word_145">.</word>
<word id="word_146">I</word>
<word id="word_147">encourage</word>
<word id="word_148">all</word>
<word id="word_149">of</word>
<word id="word_150">you</word>
<word id="word_151">to</word>
<word id="word_152">read</word>
<word id="word_153">Steve</word>
<word id="word_154">'s</word>
<word id="word_155">book</word>
<word id="word_156">,</word>
<word id="word_157">or</word>
<word id="word_158">to</word>
<word id="word_159">watch</word>
<word id="word_160">the</word>
<word id="word_161">movie</word>
<word id="word_162">to</word>
<word id="word_163">understand</word>
<word id="word_164">not</word>
<word id="word_165">only</word>
<word id="word_166">the</word>
<word id="word_167">beautiful</word>
<word id="word_168">bond</word>
<word id="word_169">that</word>
<word id="word_170">formed</word>
<word id="word_171">between</word>
<word id="word_172">these</word>
<word id="word_173">two</word>
<word id="word_174">men</word>
<word id="word_175">,</word>
<word id="word_176">but</word>
<word id="word_177">how</word>
<word id="word_178">music</word>
<word id="word_179">helped</word>
<word id="word_180">shape</word>
<word id="word_181">that</word>
<word id="word_182">bond</word>
<word id="word_183">,</word>
<word id="word_184">and</word>
<word id="word_185">ultimately</word>
<word id="word_186">was</word>
<word id="word_187">instrumental</word>
<word id="word_188">,</word>
<word id="word_189">if</word>
<word id="word_190">you</word>
<word id="word_191">'ll</word>
<word id="word_192">pardon</word>
<word id="word_193">the</word>
<word id="word_194">pun</word>
<word id="word_195">,</word>
<word id="word_196">in</word>
<word id="word_197">helping</word>
<word id="word_198">Nathaniel</word>
<word id="word_199">get</word>
<word id="word_200">off</word>
<word id="word_201">the</word>
<word id="word_202">streets</word>
<word id="word_203">.</word>
<word id="word_204">I</word>
<word id="word_205">met</word>
<word id="word_206">Mr.</word>
<word id="word_207">Ayers</word>
<word id="word_208">in</word>
<word id="word_209">2008</word>
<word id="word_210">,</word>
<word id="word_211">two</word>
<word id="word_212">years</word>
<word id="word_213">ago</word>
<word id="word_214">,</word>
<word id="word_215">at</word>
<word id="word_216">Walt</word>
<word id="word_217">Disney</word>
<word id="word_218">concert</word>
<word id="word_219">hall</word>
<word id="word_220">.</word>
<word id="word_221">He</word>
<word id="word_222">had</word>
<word id="word_223">just</word>
<word id="word_224">heard</word>
<word id="word_225">a</word>
<word id="word_226">performance</word>
<word id="word_227">of</word>
<word id="word_228">Beethoven</word>
<word id="word_229">'s</word>
<word id="word_230">first</word>
<word id="word_231">and</word>
<word id="word_232">fourth</word>
<word id="word_233">symphonies</word>
<word id="word_234">,</word>
<word id="word_235">and</word>
<word id="word_236">came</word>
<word id="word_237">backstage</word>
<word id="word_238">and</word>
<word id="word_239">introduced</word>
<word id="word_240">himself</word>
<word id="word_241">.</word>
<word id="word_242">He</word>
<word id="word_243">was</word>
<word id="word_244">speaking</word>
<word id="word_245">in</word>
<word id="word_246">a</word>
<word id="word_247">very</word>
<word id="word_248">jovial</word>
<word id="word_249">and</word>
<word id="word_250">gregarious</word>
<word id="word_251">way</word>
<word id="word_252">about</word>
<word id="word_253">Yo-Yo</word>
<word id="word_254">Ma</word>
<word id="word_255">and</word>
<word id="word_256">Hillary</word>
<word id="word_257">Clinton</word>
<word id="word_258">,</word>
<word id="word_259">and</word>
<word id="word_260">how</word>
<word id="word_261">the</word>
<word id="word_262">Dodgers</word>
<word id="word_263">were</word>
<word id="word_264">never</word>
<word id="word_265">going</word>
<word id="word_266">to</word>
<word id="word_267">make</word>
<word id="word_268">the</word>
<word id="word_269">World</word>
<word id="word_270">Series</word>
<word id="word_271">,</word>
<word id="word_272">all</word>
<word id="word_273">because</word>
<word id="word_274">of</word>
<word id="word_275">the</word>
<word id="word_276">treacherous</word>
<word id="word_277">first</word>
<word id="word_278">violin</word>
<word id="word_279">passage</word>
<word id="word_280">work</word>
<word id="word_281">in</word>
<word id="word_282">the</word>
<word id="word_283">last</word>
<word id="word_284">movement</word>
<word id="word_285">in</word>
<word id="word_286">Beethoven</word>
<word id="word_287">'s</word>
<word id="word_288">fourth</word>
<word id="word_289">symphony</word>
<word id="word_290">.</word>
<word id="word_291">And</word>
<word id="word_292">we</word>
<word id="word_293">got</word>
<word id="word_294">talking</word>
<word id="word_295">about</word>
<word id="word_296">music</word>
<word id="word_297">.</word>
<word id="word_298">And</word>
<word id="word_299">I</word>
<word id="word_300">got</word>
<word id="word_301">an</word>
<word id="word_302">email</word>
<word id="word_303">from</word>
<word id="word_304">Steve</word>
<word id="word_305">a</word>
<word id="word_306">few</word>
<word id="word_307">days</word>
<word id="word_308">later</word>
<word id="word_309">saying</word>
<word id="word_310">that</word>
<word id="word_311">Nathaniel</word>
<word id="word_312">was</word>
<word id="word_313">interested</word>
<word id="word_314">in</word>
<word id="word_315">a</word>
<word id="word_316">violin</word>
<word id="word_317">lesson</word>
<word id="word_318">with</word>
<word id="word_319">me</word>
<word id="word_320">.</word>
<word id="word_321">Now</word>
<word id="word_322">,</word>
<word id="word_323">I</word>
<word id="word_324">should</word>
<word id="word_325">mention</word>
<word id="word_326">that</word>
<word id="word_327">Nathaniel</word>
<word id="word_328">refuses</word>
<word id="word_329">treatment</word>
<word id="word_330">because</word>
<word id="word_331">when</word>
<word id="word_332">he</word>
<word id="word_333">was</word>
<word id="word_334">treated</word>
<word id="word_335">it</word>
<word id="word_336">was</word>
<word id="word_337">with</word>
<word id="word_338">shock</word>
<word id="word_339">therapy</word>
<word id="word_340">and</word>
<word id="word_341">Thorazine</word>
<word id="word_342">and</word>
<word id="word_343">handcuffs</word>
<word id="word_344">,</word>
<word id="word_345">and</word>
<word id="word_346">that</word>
<word id="word_347">scar</word>
<word id="word_348">has</word>
<word id="word_349">stayed</word>
<word id="word_350">with</word>
<word id="word_351">him</word>
<word id="word_352">for</word>
<word id="word_353">his</word>
<word id="word_354">entire</word>
<word id="word_355">life</word>
<word id="word_356">.</word>
<word id="word_357">But</word>
<word id="word_358">,</word>
<word id="word_359">as</word>
<word id="word_360">a</word>
<word id="word_361">result</word>
<word id="word_362">now</word>
<word id="word_363">,</word>
<word id="word_364">he</word>
<word id="word_365">is</word>
<word id="word_366">prone</word>
<word id="word_367">to</word>
<word id="word_368">these</word>
<word id="word_369">schizophrenic</word>
<word id="word_370">episodes</word>
<word id="word_371">.</word>
<word id="word_372">The</word>
<word id="word_373">worst</word>
<word id="word_374">of</word>
<word id="word_375">which</word>
<word id="word_376">can</word>
<word id="word_377">manifest</word>
<word id="word_378">themselves</word>
<word id="word_379">as</word>
<word id="word_380">him</word>
<word id="word_381">exploding</word>
<word id="word_382">,</word>
<word id="word_383">and</word>
<word id="word_384">then</word>
<word id="word_385">disappearing</word>
<word id="word_386">for</word>
<word id="word_387">days</word>
<word id="word_388">,</word>
<word id="word_389">wandering</word>
<word id="word_390">the</word>
<word id="word_391">streets</word>
<word id="word_392">of</word>
<word id="word_393">Skid</word>
<word id="word_394">Row</word>
<word id="word_395">,</word>
<word id="word_396">exposed</word>
<word id="word_397">to</word>
<word id="word_398">its</word>
<word id="word_399">horrors</word>
<word id="word_400">,</word>
<word id="word_401">with</word>
<word id="word_402">the</word>
<word id="word_403">torment</word>
<word id="word_404">of</word>
<word id="word_405">his</word>
<word id="word_406">own</word>
<word id="word_407">mind</word>
<word id="word_408">unleashed</word>
<word id="word_409">upon</word>
<word id="word_410">him</word>
<word id="word_411">.</word>
<word id="word_412">And</word>
<word id="word_413">Nathaniel</word>
<word id="word_414">was</word>
<word id="word_415">in</word>
<word id="word_416">such</word>
<word id="word_417">a</word>
<word id="word_418">state</word>
<word id="word_419">of</word>
<word id="word_420">agitation</word>
<word id="word_421">when</word>
<word id="word_422">we</word>
<word id="word_423">started</word>
<word id="word_424">our</word>
<word id="word_425">first</word>
<word id="word_426">lesson</word>
<word id="word_427">at</word>
<word id="word_428">Walt</word>
<word id="word_429">Disney</word>
<word id="word_430">Concert</word>
<word id="word_431">Hall</word>
<word id="word_432">he</word>
<word id="word_433">had</word>
<word id="word_434">a</word>
<word id="word_435">kind</word>
<word id="word_436">of</word>
<word id="word_437">manic</word>
<word id="word_438">glint</word>
<word id="word_439">in</word>
<word id="word_440">his</word>
<word id="word_441">eyes</word>
<word id="word_442">,</word>
<word id="word_443">he</word>
<word id="word_444">was</word>
<word id="word_445">lost</word>
<word id="word_446">.</word>
<word id="word_447">And</word>
<word id="word_448">he</word>
<word id="word_449">was</word>
<word id="word_450">talking</word>
<word id="word_451">about</word>
<word id="word_452">invisible</word>
<word id="word_453">demons</word>
<word id="word_454">and</word>
<word id="word_455">smoke</word>
<word id="word_456">,</word>
<word id="word_457">and</word>
<word id="word_458">how</word>
<word id="word_459">someone</word>
<word id="word_460">was</word>
<word id="word_461">poisoning</word>
<word id="word_462">him</word>
<word id="word_463">in</word>
<word id="word_464">his</word>
<word id="word_465">sleep</word>
<word id="word_466">.</word>
<word id="word_467">And</word>
<word id="word_468">I</word>
<word id="word_469">was</word>
<word id="word_470">afraid</word>
<word id="word_471">,</word>
<word id="word_472">not</word>
<word id="word_473">for</word>
<word id="word_474">myself</word>
<word id="word_475">,</word>
<word id="word_476">but</word>
<word id="word_477">I</word>
<word id="word_478">was</word>
<word id="word_479">afraid</word>
<word id="word_480">that</word>
<word id="word_481">I</word>
<word id="word_482">was</word>
<word id="word_483">going</word>
<word id="word_484">to</word>
<word id="word_485">lose</word>
<word id="word_486">him</word>
<word id="word_487">,</word>
<word id="word_488">that</word>
<word id="word_489">he</word>
<word id="word_490">was</word>
<word id="word_491">going</word>
<word id="word_492">to</word>
<word id="word_493">sink</word>
<word id="word_494">into</word>
<word id="word_495">one</word>
<word id="word_496">of</word>
<word id="word_497">his</word>
<word id="word_498">states</word>
<word id="word_499">,</word>
<word id="word_500">and</word>
<word id="word_501">that</word>
<word id="word_502">I</word>
<word id="word_503">would</word>
<word id="word_504">ruin</word>
<word id="word_505">his</word>
<word id="word_506">relationship</word>
<word id="word_507">with</word>
<word id="word_508">the</word>
<word id="word_509">violin</word>
<word id="word_510">if</word>
<word id="word_511">I</word>
<word id="word_512">started</word>
<word id="word_513">talking</word>
<word id="word_514">about</word>
<word id="word_515">scales</word>
<word id="word_516">and</word>
<word id="word_517">arpeggios</word>
<word id="word_518">and</word>
<word id="word_519">other</word>
<word id="word_520">exciting</word>
<word id="word_521">forms</word>
<word id="word_522">of</word>
<word id="word_523">didactic</word>
<word id="word_524">violin</word>
<word id="word_525">pedagogy</word>
<word id="word_526">.</word>
<word id="word_527">So</word>
<word id="word_528">,</word>
<word id="word_529">I</word>
<word id="word_530">just</word>
<word id="word_531">started</word>
<word id="word_532">playing</word>
<word id="word_533">.</word>
<word id="word_534">And</word>
<word id="word_535">I</word>
<word id="word_536">played</word>
<word id="word_537">the</word>
<word id="word_538">first</word>
<word id="word_539">movement</word>
<word id="word_540">of</word>
<word id="word_541">the</word>
<word id="word_542">Beethoven</word>
<word id="word_543">violin</word>
<word id="word_544">concerto</word>
<word id="word_545">.</word>
<word id="word_546">And</word>
<word id="word_547">as</word>
<word id="word_548">I</word>
<word id="word_549">played</word>
<word id="word_550">I</word>
<word id="word_551">understood</word>
<word id="word_552">that</word>
<word id="word_553">there</word>
<word id="word_554">was</word>
<word id="word_555">a</word>
<word id="word_556">profound</word>
<word id="word_557">change</word>
<word id="word_558">occurring</word>
<word id="word_559">in</word>
<word id="word_560">Nathaniel</word>
<word id="word_561">'s</word>
<word id="word_562">eyes</word>
<word id="word_563">.</word>
<word id="word_564">It</word>
<word id="word_565">was</word>
<word id="word_566">as</word>
<word id="word_567">if</word>
<word id="word_568">he</word>
<word id="word_569">was</word>
<word id="word_570">in</word>
<word id="word_571">the</word>
<word id="word_572">grip</word>
<word id="word_573">of</word>
<word id="word_574">some</word>
<word id="word_575">invisible</word>
<word id="word_576">pharmaceutical</word>
<word id="word_577">,</word>
<word id="word_578">a</word>
<word id="word_579">chemical</word>
<word id="word_580">reaction</word>
<word id="word_581">,</word>
<word id="word_582">for</word>
<word id="word_583">which</word>
<word id="word_584">my</word>
<word id="word_585">playing</word>
<word id="word_586">the</word>
<word id="word_587">music</word>
<word id="word_588">was</word>
<word id="word_589">its</word>
<word id="word_590">catalyst</word>
<word id="word_591">.</word>
<word id="word_592">And</word>
<word id="word_593">Nathaniel</word>
<word id="word_594">'s</word>
<word id="word_595">manic</word>
<word id="word_596">rage</word>
<word id="word_597">was</word>
<word id="word_598">transformed</word>
<word id="word_599">into</word>
<word id="word_600">understanding</word>
<word id="word_601">,</word>
<word id="word_602">a</word>
<word id="word_603">quiet</word>
<word id="word_604">curiosity</word>
<word id="word_605">,</word>
<word id="word_606">and</word>
<word id="word_607">grace</word>
<word id="word_608">.</word>
<word id="word_609">And</word>
<word id="word_610">in</word>
<word id="word_611">a</word>
<word id="word_612">miracle</word>
<word id="word_613">,</word>
<word id="word_614">he</word>
<word id="word_615">lifted</word>
<word id="word_616">his</word>
<word id="word_617">own</word>
<word id="word_618">violin</word>
<word id="word_619">,</word>
<word id="word_620">and</word>
<word id="word_621">he</word>
<word id="word_622">started</word>
<word id="word_623">playing</word>
<word id="word_624">,</word>
<word id="word_625">by</word>
<word id="word_626">ear</word>
<word id="word_627">,</word>
<word id="word_628">certain</word>
<word id="word_629">snippets</word>
<word id="word_630">of</word>
<word id="word_631">violin</word>
<word id="word_632">concertos</word>
<word id="word_633">which</word>
<word id="word_634">he</word>
<word id="word_635">then</word>
<word id="word_636">asked</word>
<word id="word_637">me</word>
<word id="word_638">to</word>
<word id="word_639">complete</word>
<word id="word_640">,</word>
<word id="word_641">Mendelssohn</word>
<word id="word_642">,</word>
<word id="word_643">Tchaikovsky</word>
<word id="word_644">,</word>
<word id="word_645">Sibelius</word>
<word id="word_646">.</word>
<word id="word_647">And</word>
<word id="word_648">we</word>
<word id="word_649">started</word>
<word id="word_650">talking</word>
<word id="word_651">about</word>
<word id="word_652">music</word>
<word id="word_653">,</word>
<word id="word_654">from</word>
<word id="word_655">Bach</word>
<word id="word_656">to</word>
<word id="word_657">Beethoven</word>
<word id="word_658">,</word>
<word id="word_659">and</word>
<word id="word_660">Brahms</word>
<word id="word_661">,</word>
<word id="word_662">Bruckner</word>
<word id="word_663">,</word>
<word id="word_664">all</word>
<word id="word_665">the</word>
<word id="word_666">B</word>
<word id="word_667">'s</word>
<word id="word_668">,</word>
<word id="word_669">from</word>
<word id="word_670">Bartók</word>
<word id="word_671">,</word>
<word id="word_672">all</word>
<word id="word_673">the</word>
<word id="word_674">way</word>
<word id="word_675">up</word>
<word id="word_676">to</word>
<word id="word_677">Esa-Pekka</word>
<word id="word_678">Salonen</word>
<word id="word_679">.</word>
<word id="word_680">And</word>
<word id="word_681">I</word>
<word id="word_682">understood</word>
<word id="word_683">that</word>
<word id="word_684">he</word>
<word id="word_685">not</word>
<word id="word_686">only</word>
<word id="word_687">had</word>
<word id="word_688">an</word>
<word id="word_689">encyclopedic</word>
<word id="word_690">knowledge</word>
<word id="word_691">of</word>
<word id="word_692">music</word>
<word id="word_693">,</word>
<word id="word_694">but</word>
<word id="word_695">he</word>
<word id="word_696">related</word>
<word id="word_697">to</word>
<word id="word_698">this</word>
<word id="word_699">music</word>
<word id="word_700">at</word>
<word id="word_701">a</word>
<word id="word_702">personal</word>
<word id="word_703">level</word>
<word id="word_704">.</word>
<word id="word_705">He</word>
<word id="word_706">spoke</word>
<word id="word_707">about</word>
<word id="word_708">it</word>
<word id="word_709">with</word>
<word id="word_710">the</word>
<word id="word_711">kind</word>
<word id="word_712">of</word>
<word id="word_713">passion</word>
<word id="word_714">and</word>
<word id="word_715">understanding</word>
<word id="word_716">that</word>
<word id="word_717">I</word>
<word id="word_718">share</word>
<word id="word_719">with</word>
<word id="word_720">my</word>
<word id="word_721">colleagues</word>
<word id="word_722">in</word>
<word id="word_723">the</word>
<word id="word_724">Los</word>
<word id="word_725">Angeles</word>
<word id="word_726">Philharmonic</word>
<word id="word_727">.</word>
<word id="word_728">And</word>
<word id="word_729">through</word>
<word id="word_730">playing</word>
<word id="word_731">music</word>
<word id="word_732">and</word>
<word id="word_733">talking</word>
<word id="word_734">about</word>
<word id="word_735">music</word>
<word id="word_736">this</word>
<word id="word_737">man</word>
<word id="word_738">had</word>
<word id="word_739">transformed</word>
<word id="word_740">from</word>
<word id="word_741">the</word>
<word id="word_742">paranoid</word>
<word id="word_743">,</word>
<word id="word_744">disturbed</word>
<word id="word_745">man</word>
<word id="word_746">that</word>
<word id="word_747">had</word>
<word id="word_748">just</word>
<word id="word_749">come</word>
<word id="word_750">from</word>
<word id="word_751">walking</word>
<word id="word_752">the</word>
<word id="word_753">streets</word>
<word id="word_754">of</word>
<word id="word_755">downtown</word>
<word id="word_756">Los</word>
<word id="word_757">Angeles</word>
<word id="word_758">,</word>
<word id="word_759">to</word>
<word id="word_760">the</word>
<word id="word_761">charming</word>
<word id="word_762">,</word>
<word id="word_763">erudite</word>
<word id="word_764">,</word>
<word id="word_765">brilliant</word>
<word id="word_766">,</word>
<word id="word_767">Juilliard-trained</word>
<word id="word_768">musician</word>
<word id="word_769">.</word>
<word id="word_770">Music</word>
<word id="word_771">is</word>
<word id="word_772">medicine</word>
<word id="word_773">.</word>
<word id="word_774">Music</word>
<word id="word_775">changes</word>
<word id="word_776">us</word>
<word id="word_777">.</word>
<word id="word_778">And</word>
<word id="word_779">for</word>
<word id="word_780">Nathaniel</word>
<word id="word_781">,</word>
<word id="word_782">music</word>
<word id="word_783">is</word>
<word id="word_784">sanity</word>
<word id="word_785">.</word>
<word id="word_786">Because</word>
<word id="word_787">music</word>
<word id="word_788">allows</word>
<word id="word_789">him</word>
<word id="word_790">to</word>
<word id="word_791">take</word>
<word id="word_792">his</word>
<word id="word_793">thoughts</word>
<word id="word_794">and</word>
<word id="word_795">delusions</word>
<word id="word_796">,</word>
<word id="word_797">and</word>
<word id="word_798">shape</word>
<word id="word_799">them</word>
<word id="word_800">through</word>
<word id="word_801">his</word>
<word id="word_802">imagination</word>
<word id="word_803">and</word>
<word id="word_804">his</word>
<word id="word_805">creativity</word>
<word id="word_806">,</word>
<word id="word_807">into</word>
<word id="word_808">reality</word>
<word id="word_809">.</word>
<word id="word_810">And</word>
<word id="word_811">that</word>
<word id="word_812">is</word>
<word id="word_813">an</word>
<word id="word_814">escape</word>
<word id="word_815">from</word>
<word id="word_816">his</word>
<word id="word_817">tormented</word>
<word id="word_818">state</word>
<word id="word_819">.</word>
<word id="word_820">And</word>
<word id="word_821">I</word>
<word id="word_822">understood</word>
<word id="word_823">that</word>
<word id="word_824">this</word>
<word id="word_825">was</word>
<word id="word_826">the</word>
<word id="word_827">very</word>
<word id="word_828">essence</word>
<word id="word_829">of</word>
<word id="word_830">art</word>
<word id="word_831">.</word>
<word id="word_832">This</word>
<word id="word_833">was</word>
<word id="word_834">the</word>
<word id="word_835">very</word>
<word id="word_836">reason</word>
<word id="word_837">why</word>
<word id="word_838">we</word>
<word id="word_839">made</word>
<word id="word_840">music</word>
<word id="word_841">,</word>
<word id="word_842">that</word>
<word id="word_843">we</word>
<word id="word_844">take</word>
<word id="word_845">something</word>
<word id="word_846">that</word>
<word id="word_847">exists</word>
<word id="word_848">within</word>
<word id="word_849">all</word>
<word id="word_850">of</word>
<word id="word_851">us</word>
<word id="word_852">,</word>
<word id="word_853">at</word>
<word id="word_854">our</word>
<word id="word_855">very</word>
<word id="word_856">fundamental</word>
<word id="word_857">core</word>
<word id="word_858">,</word>
<word id="word_859">our</word>
<word id="word_860">emotions</word>
<word id="word_861">,</word>
<word id="word_862">and</word>
<word id="word_863">through</word>
<word id="word_864">our</word>
<word id="word_865">artistic</word>
<word id="word_866">lens</word>
<word id="word_867">,</word>
<word id="word_868">through</word>
<word id="word_869">our</word>
<word id="word_870">creativity</word>
<word id="word_871">,</word>
<word id="word_872">we</word>
<word id="word_873">'re</word>
<word id="word_874">able</word>
<word id="word_875">to</word>
<word id="word_876">shape</word>
<word id="word_877">those</word>
<word id="word_878">emotions</word>
<word id="word_879">into</word>
<word id="word_880">reality</word>
<word id="word_881">.</word>
<word id="word_882">And</word>
<word id="word_883">the</word>
<word id="word_884">reality</word>
<word id="word_885">of</word>
<word id="word_886">that</word>
<word id="word_887">expression</word>
<word id="word_888">reaches</word>
<word id="word_889">all</word>
<word id="word_890">of</word>
<word id="word_891">us</word>
<word id="word_892">,</word>
<word id="word_893">and</word>
<word id="word_894">moves</word>
<word id="word_895">us</word>
<word id="word_896">,</word>
<word id="word_897">inspires</word>
<word id="word_898">and</word>
<word id="word_899">unites</word>
<word id="word_900">us</word>
<word id="word_901">.</word>
<word id="word_902">And</word>
<word id="word_903">for</word>
<word id="word_904">Nathaniel</word>
<word id="word_905">,</word>
<word id="word_906">music</word>
<word id="word_907">brought</word>
<word id="word_908">him</word>
<word id="word_909">back</word>
<word id="word_910">into</word>
<word id="word_911">a</word>
<word id="word_912">fold</word>
<word id="word_913">of</word>
<word id="word_914">friends</word>
<word id="word_915">.</word>
<word id="word_916">The</word>
<word id="word_917">redemptive</word>
<word id="word_918">power</word>
<word id="word_919">of</word>
<word id="word_920">music</word>
<word id="word_921">brought</word>
<word id="word_922">him</word>
<word id="word_923">back</word>
<word id="word_924">into</word>
<word id="word_925">a</word>
<word id="word_926">family</word>
<word id="word_927">of</word>
<word id="word_928">musicians</word>
<word id="word_929">that</word>
<word id="word_930">understood</word>
<word id="word_931">him</word>
<word id="word_932">,</word>
<word id="word_933">that</word>
<word id="word_934">recognized</word>
<word id="word_935">his</word>
<word id="word_936">talents</word>
<word id="word_937">and</word>
<word id="word_938">respected</word>
<word id="word_939">him</word>
<word id="word_940">.</word>
<word id="word_941">And</word>
<word id="word_942">I</word>
<word id="word_943">will</word>
<word id="word_944">always</word>
<word id="word_945">make</word>
<word id="word_946">music</word>
<word id="word_947">with</word>
<word id="word_948">Nathaniel</word>
<word id="word_949">,</word>
<word id="word_950">whether</word>
<word id="word_951">we</word>
<word id="word_952">'re</word>
<word id="word_953">at</word>
<word id="word_954">Walt</word>
<word id="word_955">Disney</word>
<word id="word_956">Concert</word>
<word id="word_957">Hall</word>
<word id="word_958">,</word>
<word id="word_959">or</word>
<word id="word_960">on</word>
<word id="word_961">Skid</word>
<word id="word_962">Row</word>
<word id="word_963">,</word>
<word id="word_964">because</word>
<word id="word_965">he</word>
<word id="word_966">reminds</word>
<word id="word_967">me</word>
<word id="word_968">why</word>
<word id="word_969">I</word>
<word id="word_970">became</word>
<word id="word_971">a</word>
<word id="word_972">musician</word>
<word id="word_973">.</word>
<word id="word_974">Thank</word>
<word id="word_975">you</word>
<word id="word_976">.</word>
<word id="word_977">Thank</word>
<word id="word_978">you</word>
<word id="word_979">.</word>
<word id="word_980">Thanks</word>
<word id="word_981">.</word>
<word id="word_982">Robert</word>
<word id="word_983">Gupta</word>
<word id="word_984">.</word>
<word id="word_985">I</word>
<word id="word_986">want</word>
<word id="word_987">to</word>
<word id="word_988">play</word>
<word id="word_989">something</word>
<word id="word_990">that</word>
<word id="word_991">I</word>
<word id="word_992">shamelessly</word>
<word id="word_993">stole</word>
<word id="word_994">from</word>
<word id="word_995">cellists</word>
<word id="word_996">.</word>
<word id="word_997">So</word>
<word id="word_998">,</word>
<word id="word_999">please</word>
<word id="word_1000">forgive</word>
<word id="word_1001">me</word>
<word id="word_1002">.</word>
</words>
