<?xml version="1.0" encoding="UTF-8" ?>
<!DOCTYPE words SYSTEM "words.dtd">
<words>
<word id="word_1">Several</word>
<word id="word_2">years</word>
<word id="word_3">ago</word>
<word id="word_4">,</word>
<word id="word_5">here</word>
<word id="word_6">at</word>
<word id="word_7">TED</word>
<word id="word_8">,</word>
<word id="word_9">Peter</word>
<word id="word_10">Skillman</word>
<word id="word_11">introduced</word>
<word id="word_12">a</word>
<word id="word_13">design</word>
<word id="word_14">challenge</word>
<word id="word_15">called</word>
<word id="word_16">the</word>
<word id="word_17">marshmallow</word>
<word id="word_18">challenge</word>
<word id="word_19">.</word>
<word id="word_20">And</word>
<word id="word_21">the</word>
<word id="word_22">idea</word>
<word id="word_23">'s</word>
<word id="word_24">pretty</word>
<word id="word_25">simple</word>
<word id="word_26">.</word>
<word id="word_27">Teams</word>
<word id="word_28">of</word>
<word id="word_29">four</word>
<word id="word_30">have</word>
<word id="word_31">to</word>
<word id="word_32">build</word>
<word id="word_33">the</word>
<word id="word_34">tallest</word>
<word id="word_35">free-standing</word>
<word id="word_36">structure</word>
<word id="word_37">out</word>
<word id="word_38">of</word>
<word id="word_39">20</word>
<word id="word_40">sticks</word>
<word id="word_41">of</word>
<word id="word_42">spaghetti</word>
<word id="word_43">,</word>
<word id="word_44">one</word>
<word id="word_45">yard</word>
<word id="word_46">of</word>
<word id="word_47">tape</word>
<word id="word_48">,</word>
<word id="word_49">one</word>
<word id="word_50">yard</word>
<word id="word_51">of</word>
<word id="word_52">string</word>
<word id="word_53">and</word>
<word id="word_54">a</word>
<word id="word_55">marshmallow</word>
<word id="word_56">.</word>
<word id="word_57">The</word>
<word id="word_58">marshmallow</word>
<word id="word_59">has</word>
<word id="word_60">to</word>
<word id="word_61">be</word>
<word id="word_62">on</word>
<word id="word_63">top</word>
<word id="word_64">.</word>
<word id="word_65">And</word>
<word id="word_66">,</word>
<word id="word_67">though</word>
<word id="word_68">it</word>
<word id="word_69">seems</word>
<word id="word_70">really</word>
<word id="word_71">simple</word>
<word id="word_72">,</word>
<word id="word_73">it</word>
<word id="word_74">'s</word>
<word id="word_75">actually</word>
<word id="word_76">pretty</word>
<word id="word_77">hard</word>
<word id="word_78">,</word>
<word id="word_79">because</word>
<word id="word_80">it</word>
<word id="word_81">forces</word>
<word id="word_82">people</word>
<word id="word_83">to</word>
<word id="word_84">collaborate</word>
<word id="word_85">very</word>
<word id="word_86">quickly</word>
<word id="word_87">.</word>
<word id="word_88">And</word>
<word id="word_89">so</word>
<word id="word_90">I</word>
<word id="word_91">thought</word>
<word id="word_92">that</word>
<word id="word_93">this</word>
<word id="word_94">was</word>
<word id="word_95">an</word>
<word id="word_96">interesting</word>
<word id="word_97">idea</word>
<word id="word_98">,</word>
<word id="word_99">and</word>
<word id="word_100">I</word>
<word id="word_101">incorporated</word>
<word id="word_102">it</word>
<word id="word_103">into</word>
<word id="word_104">a</word>
<word id="word_105">design</word>
<word id="word_106">workshop</word>
<word id="word_107">.</word>
<word id="word_108">And</word>
<word id="word_109">it</word>
<word id="word_110">was</word>
<word id="word_111">a</word>
<word id="word_112">huge</word>
<word id="word_113">success</word>
<word id="word_114">.</word>
<word id="word_115">And</word>
<word id="word_116">since</word>
<word id="word_117">then</word>
<word id="word_118">,</word>
<word id="word_119">I</word>
<word id="word_120">'ve</word>
<word id="word_121">conducted</word>
<word id="word_122">about</word>
<word id="word_123">70</word>
<word id="word_124">design</word>
<word id="word_125">workshops</word>
<word id="word_126">across</word>
<word id="word_127">the</word>
<word id="word_128">world</word>
<word id="word_129">with</word>
<word id="word_130">students</word>
<word id="word_131">and</word>
<word id="word_132">designers</word>
<word id="word_133">and</word>
<word id="word_134">architects</word>
<word id="word_135">,</word>
<word id="word_136">even</word>
<word id="word_137">the</word>
<word id="word_138">CTOs</word>
<word id="word_139">of</word>
<word id="word_140">the</word>
<word id="word_141">Fortune</word>
<word id="word_142">50</word>
<word id="word_143">,</word>
<word id="word_144">and</word>
<word id="word_145">there</word>
<word id="word_146">'s</word>
<word id="word_147">something</word>
<word id="word_148">about</word>
<word id="word_149">this</word>
<word id="word_150">exercise</word>
<word id="word_151">that</word>
<word id="word_152">reveals</word>
<word id="word_153">very</word>
<word id="word_154">deep</word>
<word id="word_155">lessons</word>
<word id="word_156">about</word>
<word id="word_157">the</word>
<word id="word_158">nature</word>
<word id="word_159">of</word>
<word id="word_160">collaboration</word>
<word id="word_161">,</word>
<word id="word_162">and</word>
<word id="word_163">I</word>
<word id="word_164">'d</word>
<word id="word_165">like</word>
<word id="word_166">to</word>
<word id="word_167">share</word>
<word id="word_168">some</word>
<word id="word_169">of</word>
<word id="word_170">them</word>
<word id="word_171">with</word>
<word id="word_172">you</word>
<word id="word_173">.</word>
<word id="word_174">So</word>
<word id="word_175">,</word>
<word id="word_176">normally</word>
<word id="word_177">,</word>
<word id="word_178">most</word>
<word id="word_179">people</word>
<word id="word_180">begin</word>
<word id="word_181">by</word>
<word id="word_182">orienting</word>
<word id="word_183">themselves</word>
<word id="word_184">to</word>
<word id="word_185">the</word>
<word id="word_186">task</word>
<word id="word_187">.</word>
<word id="word_188">They</word>
<word id="word_189">talk</word>
<word id="word_190">about</word>
<word id="word_191">it</word>
<word id="word_192">,</word>
<word id="word_193">they</word>
<word id="word_194">figure</word>
<word id="word_195">out</word>
<word id="word_196">what</word>
<word id="word_197">it</word>
<word id="word_198">'s</word>
<word id="word_199">going</word>
<word id="word_200">to</word>
<word id="word_201">look</word>
<word id="word_202">like</word>
<word id="word_203">,</word>
<word id="word_204">they</word>
<word id="word_205">jockey</word>
<word id="word_206">for</word>
<word id="word_207">power</word>
<word id="word_208">,</word>
<word id="word_209">then</word>
<word id="word_210">they</word>
<word id="word_211">spend</word>
<word id="word_212">some</word>
<word id="word_213">time</word>
<word id="word_214">planning</word>
<word id="word_215">,</word>
<word id="word_216">organizing</word>
<word id="word_217">.</word>
<word id="word_218">They</word>
<word id="word_219">sketch</word>
<word id="word_220">and</word>
<word id="word_221">they</word>
<word id="word_222">lay</word>
<word id="word_223">out</word>
<word id="word_224">spaghetti</word>
<word id="word_225">They</word>
<word id="word_226">spend</word>
<word id="word_227">the</word>
<word id="word_228">majority</word>
<word id="word_229">of</word>
<word id="word_230">their</word>
<word id="word_231">time</word>
<word id="word_232">assembling</word>
<word id="word_233">the</word>
<word id="word_234">sticks</word>
<word id="word_235">into</word>
<word id="word_236">ever-growing</word>
<word id="word_237">structures</word>
<word id="word_238">and</word>
<word id="word_239">then</word>
<word id="word_240">,</word>
<word id="word_241">finally</word>
<word id="word_242">,</word>
<word id="word_243">just</word>
<word id="word_244">as</word>
<word id="word_245">they</word>
<word id="word_246">'re</word>
<word id="word_247">running</word>
<word id="word_248">out</word>
<word id="word_249">of</word>
<word id="word_250">time</word>
<word id="word_251">,</word>
<word id="word_252">someone</word>
<word id="word_253">takes</word>
<word id="word_254">out</word>
<word id="word_255">the</word>
<word id="word_256">marshmallow</word>
<word id="word_257">,</word>
<word id="word_258">and</word>
<word id="word_259">then</word>
<word id="word_260">they</word>
<word id="word_261">gingerly</word>
<word id="word_262">put</word>
<word id="word_263">it</word>
<word id="word_264">on</word>
<word id="word_265">top</word>
<word id="word_266">,</word>
<word id="word_267">and</word>
<word id="word_268">then</word>
<word id="word_269">they</word>
<word id="word_270">stand</word>
<word id="word_271">back</word>
<word id="word_272">,</word>
<word id="word_273">and</word>
<word id="word_274">Ta-da</word>
<word id="word_275">!</word>
<word id="word_276">they</word>
<word id="word_277">admire</word>
<word id="word_278">their</word>
<word id="word_279">work</word>
<word id="word_280">.</word>
<word id="word_281">But</word>
<word id="word_282">what</word>
<word id="word_283">really</word>
<word id="word_284">happens</word>
<word id="word_285">,</word>
<word id="word_286">most</word>
<word id="word_287">of</word>
<word id="word_288">the</word>
<word id="word_289">time</word>
<word id="word_290">,</word>
<word id="word_291">is</word>
<word id="word_292">that</word>
<word id="word_293">the</word>
<word id="word_294">"</word>
<word id="word_295">ta-da</word>
<word id="word_296">"</word>
<word id="word_297">turns</word>
<word id="word_298">into</word>
<word id="word_299">an</word>
<word id="word_300">"</word>
<word id="word_301">uh-oh</word>
<word id="word_302">,</word>
<word id="word_303">"</word>
<word id="word_304">because</word>
<word id="word_305">the</word>
<word id="word_306">weight</word>
<word id="word_307">of</word>
<word id="word_308">the</word>
<word id="word_309">marshmallow</word>
<word id="word_310">causes</word>
<word id="word_311">the</word>
<word id="word_312">entire</word>
<word id="word_313">structure</word>
<word id="word_314">to</word>
<word id="word_315">buckle</word>
<word id="word_316">and</word>
<word id="word_317">to</word>
<word id="word_318">collapse</word>
<word id="word_319">.</word>
<word id="word_320">So</word>
<word id="word_321">there</word>
<word id="word_322">are</word>
<word id="word_323">a</word>
<word id="word_324">number</word>
<word id="word_325">of</word>
<word id="word_326">people</word>
<word id="word_327">who</word>
<word id="word_328">have</word>
<word id="word_329">a</word>
<word id="word_330">lot</word>
<word id="word_331">more</word>
<word id="word_332">"</word>
<word id="word_333">uh-oh</word>
<word id="word_334">"</word>
<word id="word_335">moments</word>
<word id="word_336">than</word>
<word id="word_337">others</word>
<word id="word_338">,</word>
<word id="word_339">and</word>
<word id="word_340">among</word>
<word id="word_341">the</word>
<word id="word_342">worst</word>
<word id="word_343">are</word>
<word id="word_344">recent</word>
<word id="word_345">graduates</word>
<word id="word_346">of</word>
<word id="word_347">business</word>
<word id="word_348">school</word>
<word id="word_349">.</word>
<word id="word_350">They</word>
<word id="word_351">lie</word>
<word id="word_352">,</word>
<word id="word_353">they</word>
<word id="word_354">cheat</word>
<word id="word_355">,</word>
<word id="word_356">they</word>
<word id="word_357">get</word>
<word id="word_358">distracted</word>
<word id="word_359">,</word>
<word id="word_360">and</word>
<word id="word_361">they</word>
<word id="word_362">produce</word>
<word id="word_363">really</word>
<word id="word_364">lame</word>
<word id="word_365">structures</word>
<word id="word_366">.</word>
<word id="word_367">And</word>
<word id="word_368">of</word>
<word id="word_369">course</word>
<word id="word_370">there</word>
<word id="word_371">are</word>
<word id="word_372">teams</word>
<word id="word_373">that</word>
<word id="word_374">have</word>
<word id="word_375">a</word>
<word id="word_376">lot</word>
<word id="word_377">more</word>
<word id="word_378">"</word>
<word id="word_379">ta-da</word>
<word id="word_380">"</word>
<word id="word_381">structures</word>
<word id="word_382">,</word>
<word id="word_383">and</word>
<word id="word_384">,</word>
<word id="word_385">among</word>
<word id="word_386">the</word>
<word id="word_387">best</word>
<word id="word_388">,</word>
<word id="word_389">are</word>
<word id="word_390">recent</word>
<word id="word_391">graduates</word>
<word id="word_392">of</word>
<word id="word_393">kindergarten</word>
<word id="word_394">.</word>
<word id="word_395">And</word>
<word id="word_396">it</word>
<word id="word_397">'s</word>
<word id="word_398">pretty</word>
<word id="word_399">amazing</word>
<word id="word_400">.</word>
<word id="word_401">As</word>
<word id="word_402">Peter</word>
<word id="word_403">tells</word>
<word id="word_404">us</word>
<word id="word_405">,</word>
<word id="word_406">not</word>
<word id="word_407">only</word>
<word id="word_408">do</word>
<word id="word_409">they</word>
<word id="word_410">produce</word>
<word id="word_411">the</word>
<word id="word_412">tallest</word>
<word id="word_413">structures</word>
<word id="word_414">,</word>
<word id="word_415">but</word>
<word id="word_416">they</word>
<word id="word_417">'re</word>
<word id="word_418">the</word>
<word id="word_419">most</word>
<word id="word_420">interesting</word>
<word id="word_421">structures</word>
<word id="word_422">of</word>
<word id="word_423">them</word>
<word id="word_424">all</word>
<word id="word_425">.</word>
<word id="word_426">So</word>
<word id="word_427">the</word>
<word id="word_428">question</word>
<word id="word_429">you</word>
<word id="word_430">want</word>
<word id="word_431">to</word>
<word id="word_432">ask</word>
<word id="word_433">is</word>
<word id="word_434">:</word>
<word id="word_435">How</word>
<word id="word_436">come</word>
<word id="word_437">?</word>
<word id="word_438">Why</word>
<word id="word_439">?</word>
<word id="word_440">What</word>
<word id="word_441">is</word>
<word id="word_442">it</word>
<word id="word_443">about</word>
<word id="word_444">them</word>
<word id="word_445">?</word>
<word id="word_446">And</word>
<word id="word_447">Peter</word>
<word id="word_448">likes</word>
<word id="word_449">to</word>
<word id="word_450">say</word>
<word id="word_451">that</word>
<word id="word_452">,</word>
<word id="word_453">"</word>
<word id="word_454">None</word>
<word id="word_455">of</word>
<word id="word_456">the</word>
<word id="word_457">kids</word>
<word id="word_458">spend</word>
<word id="word_459">any</word>
<word id="word_460">time</word>
<word id="word_461">trying</word>
<word id="word_462">to</word>
<word id="word_463">be</word>
<word id="word_464">CEO</word>
<word id="word_465">of</word>
<word id="word_466">Spaghetti</word>
<word id="word_467">Inc</word>
<word id="word_468">.</word>
<word id="word_469">"</word>
<word id="word_470">Right</word>
<word id="word_471">.</word>
<word id="word_472">They</word>
<word id="word_473">don</word>
<word id="word_474">'t</word>
<word id="word_475">spend</word>
<word id="word_476">time</word>
<word id="word_477">jockeying</word>
<word id="word_478">for</word>
<word id="word_479">power</word>
<word id="word_480">.</word>
<word id="word_481">But</word>
<word id="word_482">there</word>
<word id="word_483">'s</word>
<word id="word_484">another</word>
<word id="word_485">reason</word>
<word id="word_486">as</word>
<word id="word_487">well</word>
<word id="word_488">.</word>
<word id="word_489">And</word>
<word id="word_490">the</word>
<word id="word_491">reason</word>
<word id="word_492">is</word>
<word id="word_493">that</word>
<word id="word_494">business</word>
<word id="word_495">students</word>
<word id="word_496">are</word>
<word id="word_497">trained</word>
<word id="word_498">to</word>
<word id="word_499">find</word>
<word id="word_500">the</word>
<word id="word_501">single</word>
<word id="word_502">right</word>
<word id="word_503">plan</word>
<word id="word_504">,</word>
<word id="word_505">right</word>
<word id="word_506">.</word>
<word id="word_507">And</word>
<word id="word_508">then</word>
<word id="word_509">they</word>
<word id="word_510">execute</word>
<word id="word_511">on</word>
<word id="word_512">it</word>
<word id="word_513">.</word>
<word id="word_514">And</word>
<word id="word_515">then</word>
<word id="word_516">what</word>
<word id="word_517">happens</word>
<word id="word_518">is</word>
<word id="word_519">,</word>
<word id="word_520">when</word>
<word id="word_521">they</word>
<word id="word_522">put</word>
<word id="word_523">the</word>
<word id="word_524">marshmallow</word>
<word id="word_525">on</word>
<word id="word_526">the</word>
<word id="word_527">top</word>
<word id="word_528">,</word>
<word id="word_529">they</word>
<word id="word_530">run</word>
<word id="word_531">out</word>
<word id="word_532">of</word>
<word id="word_533">time</word>
<word id="word_534">,</word>
<word id="word_535">and</word>
<word id="word_536">what</word>
<word id="word_537">happens</word>
<word id="word_538">?</word>
<word id="word_539">It</word>
<word id="word_540">'s</word>
<word id="word_541">a</word>
<word id="word_542">crisis</word>
<word id="word_543">.</word>
<word id="word_544">Sound</word>
<word id="word_545">familiar</word>
<word id="word_546">?</word>
<word id="word_547">Right</word>
<word id="word_548">.</word>
<word id="word_549">What</word>
<word id="word_550">kindergarteners</word>
<word id="word_551">do</word>
<word id="word_552">differently</word>
<word id="word_553">,</word>
<word id="word_554">is</word>
<word id="word_555">that</word>
<word id="word_556">they</word>
<word id="word_557">start</word>
<word id="word_558">with</word>
<word id="word_559">the</word>
<word id="word_560">marshmallow</word>
<word id="word_561">,</word>
<word id="word_562">and</word>
<word id="word_563">they</word>
<word id="word_564">build</word>
<word id="word_565">prototypes</word>
<word id="word_566">,</word>
<word id="word_567">successive</word>
<word id="word_568">prototypes</word>
<word id="word_569">,</word>
<word id="word_570">always</word>
<word id="word_571">keeping</word>
<word id="word_572">the</word>
<word id="word_573">marshmallow</word>
<word id="word_574">on</word>
<word id="word_575">top</word>
<word id="word_576">,</word>
<word id="word_577">so</word>
<word id="word_578">they</word>
<word id="word_579">have</word>
<word id="word_580">multiple</word>
<word id="word_581">times</word>
<word id="word_582">to</word>
<word id="word_583">fix</word>
<word id="word_584">ill</word>
<word id="word_585">built</word>
<word id="word_586">prototypes</word>
<word id="word_587">along</word>
<word id="word_588">the</word>
<word id="word_589">way</word>
<word id="word_590">.</word>
<word id="word_591">So</word>
<word id="word_592">designers</word>
<word id="word_593">recognize</word>
<word id="word_594">this</word>
<word id="word_595">type</word>
<word id="word_596">of</word>
<word id="word_597">collaboration</word>
<word id="word_598">as</word>
<word id="word_599">the</word>
<word id="word_600">essence</word>
<word id="word_601">of</word>
<word id="word_602">the</word>
<word id="word_603">iterative</word>
<word id="word_604">process</word>
<word id="word_605">.</word>
<word id="word_606">And</word>
<word id="word_607">with</word>
<word id="word_608">each</word>
<word id="word_609">version</word>
<word id="word_610">,</word>
<word id="word_611">kids</word>
<word id="word_612">get</word>
<word id="word_613">instant</word>
<word id="word_614">feedback</word>
<word id="word_615">about</word>
<word id="word_616">what</word>
<word id="word_617">works</word>
<word id="word_618">and</word>
<word id="word_619">what</word>
<word id="word_620">doesn</word>
<word id="word_621">'t</word>
<word id="word_622">work</word>
<word id="word_623">.</word>
<word id="word_624">So</word>
<word id="word_625">the</word>
<word id="word_626">capacity</word>
<word id="word_627">to</word>
<word id="word_628">play</word>
<word id="word_629">in</word>
<word id="word_630">prototype</word>
<word id="word_631">is</word>
<word id="word_632">really</word>
<word id="word_633">essential</word>
<word id="word_634">,</word>
<word id="word_635">but</word>
<word id="word_636">let</word>
<word id="word_637">'s</word>
<word id="word_638">look</word>
<word id="word_639">at</word>
<word id="word_640">how</word>
<word id="word_641">different</word>
<word id="word_642">teams</word>
<word id="word_643">perform</word>
<word id="word_644">.</word>
<word id="word_645">So</word>
<word id="word_646">the</word>
<word id="word_647">average</word>
<word id="word_648">for</word>
<word id="word_649">most</word>
<word id="word_650">people</word>
<word id="word_651">is</word>
<word id="word_652">around</word>
<word id="word_653">20</word>
<word id="word_654">inches</word>
<word id="word_655">,</word>
<word id="word_656">business</word>
<word id="word_657">schools</word>
<word id="word_658">students</word>
<word id="word_659">,</word>
<word id="word_660">about</word>
<word id="word_661">half</word>
<word id="word_662">of</word>
<word id="word_663">that</word>
<word id="word_664">,</word>
<word id="word_665">lawyers</word>
<word id="word_666">,</word>
<word id="word_667">a</word>
<word id="word_668">little</word>
<word id="word_669">better</word>
<word id="word_670">,</word>
<word id="word_671">but</word>
<word id="word_672">not</word>
<word id="word_673">much</word>
<word id="word_674">better</word>
<word id="word_675">than</word>
<word id="word_676">that</word>
<word id="word_677">,</word>
<word id="word_678">kindergarteners</word>
<word id="word_679">,</word>
<word id="word_680">better</word>
<word id="word_681">than</word>
<word id="word_682">most</word>
<word id="word_683">adults</word>
<word id="word_684">.</word>
<word id="word_685">Who</word>
<word id="word_686">does</word>
<word id="word_687">the</word>
<word id="word_688">very</word>
<word id="word_689">best</word>
<word id="word_690">?</word>
<word id="word_691">Architects</word>
<word id="word_692">and</word>
<word id="word_693">engineers</word>
<word id="word_694">,</word>
<word id="word_695">thankfully</word>
<word id="word_696">.</word>
<word id="word_697">39</word>
<word id="word_698">inches</word>
<word id="word_699">is</word>
<word id="word_700">the</word>
<word id="word_701">tallest</word>
<word id="word_702">structure</word>
<word id="word_703">I</word>
<word id="word_704">'ve</word>
<word id="word_705">seen</word>
<word id="word_706">.</word>
<word id="word_707">And</word>
<word id="word_708">why</word>
<word id="word_709">is</word>
<word id="word_710">it</word>
<word id="word_711">?</word>
<word id="word_712">Because</word>
<word id="word_713">they</word>
<word id="word_714">understand</word>
<word id="word_715">triangles</word>
<word id="word_716">and</word>
<word id="word_717">self-re-enforcing</word>
<word id="word_718">geometrical</word>
<word id="word_719">patterns</word>
<word id="word_720">are</word>
<word id="word_721">the</word>
<word id="word_722">key</word>
<word id="word_723">to</word>
<word id="word_724">building</word>
<word id="word_725">stable</word>
<word id="word_726">structures</word>
<word id="word_727">.</word>
<word id="word_728">So</word>
<word id="word_729">CEOs</word>
<word id="word_730">,</word>
<word id="word_731">a</word>
<word id="word_732">little</word>
<word id="word_733">bit</word>
<word id="word_734">better</word>
<word id="word_735">than</word>
<word id="word_736">average</word>
<word id="word_737">.</word>
<word id="word_738">But</word>
<word id="word_739">here</word>
<word id="word_740">'s</word>
<word id="word_741">where</word>
<word id="word_742">it</word>
<word id="word_743">gets</word>
<word id="word_744">interesting</word>
<word id="word_745">.</word>
<word id="word_746">If</word>
<word id="word_747">you</word>
<word id="word_748">put</word>
<word id="word_749">you</word>
<word id="word_750">put</word>
<word id="word_751">an</word>
<word id="word_752">executive</word>
<word id="word_753">admin.</word>
<word id="word_754">on</word>
<word id="word_755">the</word>
<word id="word_756">team</word>
<word id="word_757">,</word>
<word id="word_758">they</word>
<word id="word_759">get</word>
<word id="word_760">significantly</word>
<word id="word_761">better</word>
<word id="word_762">.</word>
<word id="word_763">It</word>
<word id="word_764">'s</word>
<word id="word_765">incredible</word>
<word id="word_766">.</word>
<word id="word_767">You</word>
<word id="word_768">know</word>
<word id="word_769">,</word>
<word id="word_770">you</word>
<word id="word_771">look</word>
<word id="word_772">around</word>
<word id="word_773">,</word>
<word id="word_774">you</word>
<word id="word_775">go</word>
<word id="word_776">,</word>
<word id="word_777">"</word>
<word id="word_778">Oh</word>
<word id="word_779">,</word>
<word id="word_780">that</word>
<word id="word_781">team</word>
<word id="word_782">'s</word>
<word id="word_783">going</word>
<word id="word_784">to</word>
<word id="word_785">win</word>
<word id="word_786">.</word>
<word id="word_787">"</word>
<word id="word_788">You</word>
<word id="word_789">can</word>
<word id="word_790">just</word>
<word id="word_791">tell</word>
<word id="word_792">beforehand</word>
<word id="word_793">.</word>
<word id="word_794">And</word>
<word id="word_795">why</word>
<word id="word_796">is</word>
<word id="word_797">that</word>
<word id="word_798">?</word>
<word id="word_799">Because</word>
<word id="word_800">they</word>
<word id="word_801">have</word>
<word id="word_802">special</word>
<word id="word_803">skills</word>
<word id="word_804">of</word>
<word id="word_805">facilitation</word>
<word id="word_806">.</word>
<word id="word_807">They</word>
<word id="word_808">manage</word>
<word id="word_809">the</word>
<word id="word_810">process</word>
<word id="word_811">,</word>
<word id="word_812">they</word>
<word id="word_813">understand</word>
<word id="word_814">the</word>
<word id="word_815">process</word>
<word id="word_816">.</word>
<word id="word_817">And</word>
<word id="word_818">any</word>
<word id="word_819">team</word>
<word id="word_820">who</word>
<word id="word_821">manages</word>
<word id="word_822">and</word>
<word id="word_823">pays</word>
<word id="word_824">a</word>
<word id="word_825">close</word>
<word id="word_826">attention</word>
<word id="word_827">to</word>
<word id="word_828">work</word>
<word id="word_829">will</word>
<word id="word_830">significantly</word>
<word id="word_831">improve</word>
<word id="word_832">the</word>
<word id="word_833">team</word>
<word id="word_834">'s</word>
<word id="word_835">performance</word>
<word id="word_836">.</word>
<word id="word_837">Specialized</word>
<word id="word_838">skills</word>
<word id="word_839">and</word>
<word id="word_840">facilitation</word>
<word id="word_841">skills</word>
<word id="word_842">are</word>
<word id="word_843">the</word>
<word id="word_844">combination</word>
<word id="word_845">leads</word>
<word id="word_846">to</word>
<word id="word_847">strong</word>
<word id="word_848">success</word>
<word id="word_849">.</word>
<word id="word_850">If</word>
<word id="word_851">you</word>
<word id="word_852">have</word>
<word id="word_853">10</word>
<word id="word_854">teams</word>
<word id="word_855">that</word>
<word id="word_856">typically</word>
<word id="word_857">perform</word>
<word id="word_858">,</word>
<word id="word_859">you</word>
<word id="word_860">'ll</word>
<word id="word_861">get</word>
<word id="word_862">maybe</word>
<word id="word_863">six</word>
<word id="word_864">or</word>
<word id="word_865">so</word>
<word id="word_866">that</word>
<word id="word_867">have</word>
<word id="word_868">standing</word>
<word id="word_869">structures</word>
<word id="word_870">.</word>
<word id="word_871">And</word>
<word id="word_872">I</word>
<word id="word_873">tried</word>
<word id="word_874">something</word>
<word id="word_875">interesting</word>
<word id="word_876">.</word>
<word id="word_877">I</word>
<word id="word_878">thought</word>
<word id="word_879">,</word>
<word id="word_880">let</word>
<word id="word_881">'s</word>
<word id="word_882">up</word>
<word id="word_883">the</word>
<word id="word_884">ante</word>
<word id="word_885">once</word>
<word id="word_886">.</word>
<word id="word_887">So</word>
<word id="word_888">I</word>
<word id="word_889">offered</word>
<word id="word_890">a</word>
<word id="word_891">10,000</word>
<word id="word_892">dollar</word>
<word id="word_893">prize</word>
<word id="word_894">of</word>
<word id="word_895">software</word>
<word id="word_896">to</word>
<word id="word_897">the</word>
<word id="word_898">winning</word>
<word id="word_899">team</word>
<word id="word_900">.</word>
<word id="word_901">So</word>
<word id="word_902">what</word>
<word id="word_903">do</word>
<word id="word_904">you</word>
<word id="word_905">think</word>
<word id="word_906">happened</word>
<word id="word_907">to</word>
<word id="word_908">these</word>
<word id="word_909">design</word>
<word id="word_910">students</word>
<word id="word_911">?</word>
<word id="word_912">What</word>
<word id="word_913">was</word>
<word id="word_914">the</word>
<word id="word_915">result</word>
<word id="word_916">?</word>
<word id="word_917">Here</word>
<word id="word_918">'s</word>
<word id="word_919">what</word>
<word id="word_920">happened</word>
<word id="word_921">.</word>
<word id="word_922">Not</word>
<word id="word_923">one</word>
<word id="word_924">team</word>
<word id="word_925">had</word>
<word id="word_926">a</word>
<word id="word_927">standing</word>
<word id="word_928">structure</word>
<word id="word_929">.</word>
<word id="word_930">If</word>
<word id="word_931">anyone</word>
<word id="word_932">had</word>
<word id="word_933">built</word>
<word id="word_934">,</word>
<word id="word_935">say</word>
<word id="word_936">,</word>
<word id="word_937">a</word>
<word id="word_938">one</word>
<word id="word_939">inch</word>
<word id="word_940">structure</word>
<word id="word_941">,</word>
<word id="word_942">they</word>
<word id="word_943">could</word>
<word id="word_944">have</word>
<word id="word_945">taken</word>
<word id="word_946">home</word>
<word id="word_947">the</word>
<word id="word_948">prize</word>
<word id="word_949">.</word>
<word id="word_950">So</word>
<word id="word_951">,</word>
<word id="word_952">isn</word>
<word id="word_953">'t</word>
<word id="word_954">it</word>
<word id="word_955">interesting</word>
<word id="word_956">that</word>
<word id="word_957">high</word>
<word id="word_958">stakes</word>
<word id="word_959">have</word>
<word id="word_960">a</word>
<word id="word_961">strong</word>
<word id="word_962">impact</word>
<word id="word_963">.</word>
<word id="word_964">We</word>
<word id="word_965">did</word>
<word id="word_966">the</word>
<word id="word_967">exercise</word>
<word id="word_968">again</word>
<word id="word_969">with</word>
<word id="word_970">the</word>
<word id="word_971">same</word>
<word id="word_972">students</word>
<word id="word_973">.</word>
<word id="word_974">What</word>
<word id="word_975">do</word>
<word id="word_976">you</word>
<word id="word_977">think</word>
<word id="word_978">happened</word>
<word id="word_979">then</word>
<word id="word_980">?</word>
<word id="word_981">So</word>
<word id="word_982">now</word>
<word id="word_983">they</word>
<word id="word_984">understand</word>
<word id="word_985">the</word>
<word id="word_986">value</word>
<word id="word_987">of</word>
<word id="word_988">prototyping</word>
<word id="word_989">.</word>
<word id="word_990">So</word>
<word id="word_991">the</word>
<word id="word_992">same</word>
<word id="word_993">team</word>
<word id="word_994">went</word>
<word id="word_995">from</word>
<word id="word_996">being</word>
<word id="word_997">the</word>
<word id="word_998">very</word>
<word id="word_999">worst</word>
<word id="word_1000">to</word>
<word id="word_1001">being</word>
<word id="word_1002">among</word>
<word id="word_1003">the</word>
<word id="word_1004">very</word>
<word id="word_1005">best</word>
<word id="word_1006">.</word>
<word id="word_1007">They</word>
<word id="word_1008">produced</word>
<word id="word_1009">the</word>
<word id="word_1010">tallest</word>
<word id="word_1011">structures</word>
<word id="word_1012">in</word>
<word id="word_1013">the</word>
<word id="word_1014">least</word>
<word id="word_1015">amount</word>
<word id="word_1016">of</word>
<word id="word_1017">time</word>
<word id="word_1018">.</word>
<word id="word_1019">So</word>
<word id="word_1020">there</word>
<word id="word_1021">'s</word>
<word id="word_1022">deep</word>
<word id="word_1023">lessons</word>
<word id="word_1024">for</word>
<word id="word_1025">us</word>
<word id="word_1026">about</word>
<word id="word_1027">the</word>
<word id="word_1028">nature</word>
<word id="word_1029">of</word>
<word id="word_1030">incentives</word>
<word id="word_1031">and</word>
<word id="word_1032">success</word>
<word id="word_1033">.</word>
<word id="word_1034">So</word>
<word id="word_1035">,</word>
<word id="word_1036">you</word>
<word id="word_1037">might</word>
<word id="word_1038">ask</word>
<word id="word_1039">:</word>
<word id="word_1040">Why</word>
<word id="word_1041">would</word>
<word id="word_1042">anyone</word>
<word id="word_1043">actually</word>
<word id="word_1044">spend</word>
<word id="word_1045">time</word>
<word id="word_1046">writing</word>
<word id="word_1047">a</word>
<word id="word_1048">marshmallow</word>
<word id="word_1049">challenge</word>
<word id="word_1050">?</word>
<word id="word_1051">And</word>
<word id="word_1052">the</word>
<word id="word_1053">reason</word>
<word id="word_1054">is</word>
<word id="word_1055">,</word>
<word id="word_1056">I</word>
<word id="word_1057">help</word>
<word id="word_1058">create</word>
<word id="word_1059">digital</word>
<word id="word_1060">tools</word>
<word id="word_1061">and</word>
<word id="word_1062">processes</word>
<word id="word_1063">to</word>
<word id="word_1064">help</word>
<word id="word_1065">teams</word>
<word id="word_1066">build</word>
<word id="word_1067">cars</word>
<word id="word_1068">and</word>
<word id="word_1069">video</word>
<word id="word_1070">games</word>
<word id="word_1071">and</word>
<word id="word_1072">visual</word>
<word id="word_1073">effects</word>
<word id="word_1074">.</word>
<word id="word_1075">And</word>
<word id="word_1076">what</word>
<word id="word_1077">the</word>
<word id="word_1078">marshmallow</word>
<word id="word_1079">challenge</word>
<word id="word_1080">does</word>
<word id="word_1081">is</word>
<word id="word_1082">it</word>
<word id="word_1083">helps</word>
<word id="word_1084">them</word>
<word id="word_1085">identify</word>
<word id="word_1086">the</word>
<word id="word_1087">hidden</word>
<word id="word_1088">assumptions</word>
<word id="word_1089">.</word>
<word id="word_1090">Because</word>
<word id="word_1091">,</word>
<word id="word_1092">frankly</word>
<word id="word_1093">,</word>
<word id="word_1094">every</word>
<word id="word_1095">project</word>
<word id="word_1096">has</word>
<word id="word_1097">its</word>
<word id="word_1098">own</word>
<word id="word_1099">marshmallow</word>
<word id="word_1100">,</word>
<word id="word_1101">doesn</word>
<word id="word_1102">'t</word>
<word id="word_1103">it</word>
<word id="word_1104">.</word>
<word id="word_1105">The</word>
<word id="word_1106">challenge</word>
<word id="word_1107">provides</word>
<word id="word_1108">a</word>
<word id="word_1109">shared</word>
<word id="word_1110">experience</word>
<word id="word_1111">,</word>
<word id="word_1112">a</word>
<word id="word_1113">common</word>
<word id="word_1114">language</word>
<word id="word_1115">,</word>
<word id="word_1116">common</word>
<word id="word_1117">stance</word>
<word id="word_1118">to</word>
<word id="word_1119">build</word>
<word id="word_1120">the</word>
<word id="word_1121">right</word>
<word id="word_1122">prototype</word>
<word id="word_1123">.</word>
<word id="word_1124">And</word>
<word id="word_1125">so</word>
<word id="word_1126">,</word>
<word id="word_1127">this</word>
<word id="word_1128">is</word>
<word id="word_1129">the</word>
<word id="word_1130">value</word>
<word id="word_1131">of</word>
<word id="word_1132">the</word>
<word id="word_1133">experience</word>
<word id="word_1134">,</word>
<word id="word_1135">of</word>
<word id="word_1136">this</word>
<word id="word_1137">so</word>
<word id="word_1138">simple</word>
<word id="word_1139">exercise</word>
<word id="word_1140">.</word>
<word id="word_1141">And</word>
<word id="word_1142">those</word>
<word id="word_1143">of</word>
<word id="word_1144">you</word>
<word id="word_1145">who</word>
<word id="word_1146">are</word>
<word id="word_1147">interested</word>
<word id="word_1148">,</word>
<word id="word_1149">may</word>
<word id="word_1150">want</word>
<word id="word_1151">to</word>
<word id="word_1152">go</word>
<word id="word_1153">to</word>
<word id="word_1154">marshmallowchallenge.com.</word>
<word id="word_1155">It</word>
<word id="word_1156">'s</word>
<word id="word_1157">a</word>
<word id="word_1158">blog</word>
<word id="word_1159">that</word>
<word id="word_1160">you</word>
<word id="word_1161">can</word>
<word id="word_1162">look</word>
<word id="word_1163">at</word>
<word id="word_1164">how</word>
<word id="word_1165">to</word>
<word id="word_1166">build</word>
<word id="word_1167">the</word>
<word id="word_1168">marshmallows</word>
<word id="word_1169">.</word>
<word id="word_1170">There</word>
<word id="word_1171">'s</word>
<word id="word_1172">step-by-step</word>
<word id="word_1173">instructions</word>
<word id="word_1174">on</word>
<word id="word_1175">this</word>
<word id="word_1176">.</word>
<word id="word_1177">There</word>
<word id="word_1178">are</word>
<word id="word_1179">crazy</word>
<word id="word_1180">examples</word>
<word id="word_1181">from</word>
<word id="word_1182">around</word>
<word id="word_1183">the</word>
<word id="word_1184">world</word>
<word id="word_1185">of</word>
<word id="word_1186">how</word>
<word id="word_1187">people</word>
<word id="word_1188">tweak</word>
<word id="word_1189">and</word>
<word id="word_1190">adjust</word>
<word id="word_1191">the</word>
<word id="word_1192">system</word>
<word id="word_1193">.</word>
<word id="word_1194">There</word>
<word id="word_1195">'s</word>
<word id="word_1196">world</word>
<word id="word_1197">records</word>
<word id="word_1198">on</word>
<word id="word_1199">this</word>
<word id="word_1200">as</word>
<word id="word_1201">well</word>
<word id="word_1202">.</word>
<word id="word_1203">And</word>
<word id="word_1204">the</word>
<word id="word_1205">fundamental</word>
<word id="word_1206">lesson</word>
<word id="word_1207">,</word>
<word id="word_1208">I</word>
<word id="word_1209">believe</word>
<word id="word_1210">,</word>
<word id="word_1211">is</word>
<word id="word_1212">that</word>
<word id="word_1213">design</word>
<word id="word_1214">truly</word>
<word id="word_1215">is</word>
<word id="word_1216">a</word>
<word id="word_1217">contact</word>
<word id="word_1218">sport</word>
<word id="word_1219">.</word>
<word id="word_1220">It</word>
<word id="word_1221">demands</word>
<word id="word_1222">that</word>
<word id="word_1223">we</word>
<word id="word_1224">bring</word>
<word id="word_1225">all</word>
<word id="word_1226">of</word>
<word id="word_1227">our</word>
<word id="word_1228">senses</word>
<word id="word_1229">to</word>
<word id="word_1230">the</word>
<word id="word_1231">task</word>
<word id="word_1232">,</word>
<word id="word_1233">and</word>
<word id="word_1234">that</word>
<word id="word_1235">we</word>
<word id="word_1236">apply</word>
<word id="word_1237">the</word>
<word id="word_1238">very</word>
<word id="word_1239">best</word>
<word id="word_1240">of</word>
<word id="word_1241">our</word>
<word id="word_1242">thinking</word>
<word id="word_1243">,</word>
<word id="word_1244">our</word>
<word id="word_1245">feeling</word>
<word id="word_1246">and</word>
<word id="word_1247">our</word>
<word id="word_1248">doing</word>
<word id="word_1249">to</word>
<word id="word_1250">the</word>
<word id="word_1251">challenge</word>
<word id="word_1252">that</word>
<word id="word_1253">we</word>
<word id="word_1254">have</word>
<word id="word_1255">at</word>
<word id="word_1256">hand</word>
<word id="word_1257">.</word>
<word id="word_1258">And</word>
<word id="word_1259">,</word>
<word id="word_1260">sometimes</word>
<word id="word_1261">,</word>
<word id="word_1262">a</word>
<word id="word_1263">little</word>
<word id="word_1264">prototype</word>
<word id="word_1265">of</word>
<word id="word_1266">this</word>
<word id="word_1267">experience</word>
<word id="word_1268">is</word>
<word id="word_1269">all</word>
<word id="word_1270">that</word>
<word id="word_1271">it</word>
<word id="word_1272">takes</word>
<word id="word_1273">to</word>
<word id="word_1274">turn</word>
<word id="word_1275">us</word>
<word id="word_1276">from</word>
<word id="word_1277">an</word>
<word id="word_1278">"</word>
<word id="word_1279">uh-oh</word>
<word id="word_1280">"</word>
<word id="word_1281">moment</word>
<word id="word_1282">to</word>
<word id="word_1283">a</word>
<word id="word_1284">"</word>
<word id="word_1285">ta-da</word>
<word id="word_1286">"</word>
<word id="word_1287">moment</word>
<word id="word_1288">.</word>
<word id="word_1289">And</word>
<word id="word_1290">that</word>
<word id="word_1291">can</word>
<word id="word_1292">make</word>
<word id="word_1293">a</word>
<word id="word_1294">big</word>
<word id="word_1295">difference</word>
<word id="word_1296">.</word>
<word id="word_1297">Thank</word>
<word id="word_1298">you</word>
<word id="word_1299">very</word>
<word id="word_1300">much</word>
<word id="word_1301">.</word>
</words>
