<?xml version="1.0" encoding="UTF-8"?>
<!DOCTYPE markables SYSTEM "markables.dtd">
<markables xmlns="www.eml.org/NameSpaces/coref">
<markable id="markable_9" span="word_331" type_of_pronoun="demonstrative"  split="simple antecedent"  agreement="none"  coref_class="set_3"  mmax_level="coref"  position="it (subject)"  type="anaphoric"  mention="pronoun"  antetype="event" />
<markable id="markable_8" span="word_317..word_329" coref_class="set_3"  vptype="antecedent"  mmax_level="coref"  mention="vp" />
<markable id="markable_10" span="word_335..word_342" coref_class="set_4"  vptype="antecedent"  mmax_level="coref"  mention="vp" />
<markable id="markable_1" span="word_68..word_72" coref_class="set_0"  mmax_level="coref"  nptype="antecedent"  mention="np" />
<markable id="markable_3" span="word_111..word_114" coref_class="set_1"  mmax_level="coref"  nptype="antecedent"  mention="np" />
<markable id="markable_2" span="word_83" type_of_pronoun="personal"  split="simple antecedent"  agreement="they (sg.)"  coref_class="set_0"  mmax_level="coref"  position="it (subject)"  type="anaphoric"  mention="pronoun"  antetype="entity" />
<markable id="markable_11" span="word_344" type_of_pronoun="demonstrative"  split="simple antecedent"  agreement="none"  coref_class="set_4"  mmax_level="coref"  position="it (subject)"  type="anaphoric"  mention="pronoun"  antetype="event" />
<markable id="markable_5" span="word_138" coref_class="empty"  mmax_level="coref"  type="extratextual reference"  mention="pronoun" />
<markable id="markable_4" span="word_134" type_of_pronoun="personal"  split="simple antecedent"  agreement="they (sg.)"  coref_class="set_1"  mmax_level="coref"  position="it (subject)"  type="anaphoric"  mention="pronoun"  antetype="entity" />
<markable id="markable_7" span="word_194..word_201" coref_class="set_2"  mmax_level="coref"  nptype="antecedent"  mention="np" />
<markable id="markable_6" span="word_288..word_289" npmod="demonstrative"  split="simple antecedent"  coref_class="set_2"  mmax_level="coref"  nptype="np"  anacata="anaphoric"  mention="np"  antetype="entity" />
</markables>