<?xml version="1.0" encoding="UTF-8"?>
<!DOCTYPE markables SYSTEM "markables.dtd">
<markables xmlns="www.eml.org/NameSpaces/coref">
<markable id="markable_32" span="word_535" type_of_pronoun="personal"  agreement="they (sg.)"  split="simple antecedent"  coref_class="set_37"  mmax_level="coref"  position="it (subject)"  type="anaphoric"  antetype="entity"  mention="pronoun" />
<markable id="markable_31" span="word_499" type_of_pronoun="personal"  agreement="they (sg.)"  split="simple antecedent"  coref_class="set_18"  mmax_level="coref"  position="it (subject)"  type="anaphoric"  antetype="entity"  mention="pronoun" />
<markable id="markable_30" span="word_487..word_489" coref_class="set_18"  mmax_level="coref"  nptype="antecedent"  mention="np" />
<markable id="markable_36" span="word_585" type_of_pronoun="personal"  agreement="they (sg.)"  split="simple antecedent"  coref_class="set_37"  mmax_level="coref"  position="it (subject)"  type="anaphoric"  antetype="entity"  mention="pronoun" />
<markable id="markable_35" span="word_574" coref_class="set_37"  mmax_level="coref"  nptype="not sure. help!"  mention="np" />
<markable id="markable_34" span="word_557" type_of_pronoun="personal"  agreement="they (sg.)"  split="simple antecedent"  coref_class="set_37"  mmax_level="coref"  position="it (non-subject)"  type="anaphoric"  antetype="entity"  mention="pronoun" />
<markable id="markable_33" span="word_524" coref_class="set_37"  mmax_level="coref"  nptype="not sure. help!"  mention="np" />
<markable id="markable_39" span="word_639" type_of_pronoun="personal"  agreement="they (sg.)"  split="simple antecedent"  coref_class="set_24"  mmax_level="coref"  position="it (subject)"  type="anaphoric"  antetype="entity"  mention="pronoun" />
<markable id="markable_38" span="word_608" type_of_pronoun="personal"  agreement="they (sg.)"  split="simple antecedent"  coref_class="set_22"  mmax_level="coref"  position="it (subject)"  type="anaphoric"  antetype="entity"  mention="pronoun" />
<markable id="markable_37" span="word_595" coref_class="set_22"  mmax_level="coref"  nptype="antecedent"  mention="np" />
<markable id="markable_19" span="word_381" coref_class="set_37"  mmax_level="coref"  nptype="not sure. help!"  mention="np" />
<markable id="markable_61" span="word_665..word_666" npmod="def-article"  split="simple antecedent"  coref_class="set_37"  mmax_level="coref"  nptype="np"  anacata="anaphoric"  mention="np"  antetype="entity" />
<markable id="markable_60" span="word_663" coref_class="set_37"  mmax_level="coref"  nptype="not sure. help!"  mention="np" />
<markable id="markable_21" span="word_388" type_of_pronoun="possessive"  agreement="they (sg.)"  split="simple antecedent"  coref_class="set_37"  mmax_level="coref"  position="it (non-subject)"  type="anaphoric"  antetype="entity"  mention="pronoun" />
<markable id="markable_20" span="word_383" type_of_pronoun="personal"  agreement="they (sg.)"  split="simple antecedent"  coref_class="set_37"  mmax_level="coref"  position="it (subject)"  type="anaphoric"  antetype="entity"  mention="pronoun" />
<markable id="markable_24" span="word_412" type_of_pronoun="possessive"  split="simple antecedent"  agreement="they (sg.)"  coref_class="set_37"  mmax_level="coref"  position="it (non-subject)"  type="anaphoric"  mention="pronoun"  antetype="entity" />
<markable id="markable_22" span="word_403" type_of_pronoun="possessive"  agreement="they (sg.)"  split="simple antecedent"  coref_class="set_37"  mmax_level="coref"  position="it (non-subject)"  type="anaphoric"  antetype="entity"  mention="pronoun" />
<markable id="markable_28" span="word_475" type_of_pronoun="personal"  split="simple antecedent"  agreement="they (sg.)"  coref_class="set_37"  mmax_level="coref"  position="it (subject)"  type="anaphoric"  mention="pronoun"  antetype="entity" />
<markable id="markable_27" span="word_438" type_of_pronoun="personal"  agreement="none"  split="simple antecedent"  coref_class="set_16"  mmax_level="coref"  position="it (subject)"  type="anaphoric"  antetype="event"  mention="pronoun" />
<markable id="markable_26" span="word_400..word_436" coref_class="set_16"  mmax_level="coref"  nptype="antecedent"  mention="np" />
<markable id="markable_1" span="word_10..word_11,word_14..word_15" coref_class="set_0"  mmax_level="coref"  nptype="antecedent"  mention="np" />
<markable id="markable_3" span="word_67" type_of_pronoun="reflexive"  agreement="they (sg.)"  split="simple antecedent"  coref_class="set_37"  mmax_level="coref"  position="it (non-subject)"  type="anaphoric"  antetype="entity"  mention="pronoun" />
<markable id="markable_2" span="word_24" type_of_pronoun="personal"  agreement="none"  split="split reference"  coref_class="set_0"  mmax_level="coref"  position="it (non-subject)"  type="anaphoric"  mention="pronoun" />
<markable id="markable_5" span="word_82" type_of_pronoun="possessive"  agreement="they (sg.)"  split="simple antecedent"  coref_class="set_37"  mmax_level="coref"  position="it (subject)"  type="anaphoric"  antetype="entity"  mention="pronoun" />
<markable id="markable_4" span="word_51..word_53" npmod="def-article"  split="simple antecedent"  coref_class="set_37"  mmax_level="coref"  nptype="np"  anacata="anaphoric"  mention="np"  antetype="entity" />
<markable id="markable_7" span="word_138" coref_class="set_37"  mmax_level="coref"  nptype="not sure. help!"  mention="np" />
<markable id="markable_6" span="word_155" type_of_pronoun="possessive"  split="simple antecedent"  agreement="they (sg.)"  coref_class="set_37"  mmax_level="coref"  position="it (non-subject)"  type="anaphoric"  mention="pronoun"  antetype="entity" />
<markable id="markable_50" span="word_109..word_110" coref_class="set_37"  mmax_level="coref"  nptype="not sure. help!"  mention="np" />
<markable id="markable_10" span="word_172" type_of_pronoun="possessive"  agreement="they (sg.)"  split="simple antecedent"  coref_class="set_37"  mmax_level="coref"  position="it (subject)"  type="anaphoric"  antetype="entity"  mention="pronoun" />
<markable id="markable_54" span="word_317..word_318" coref_class="set_37"  mmax_level="coref"  nptype="not sure. help!"  mention="np" />
<markable id="markable_53" span="word_356" coref_class="set_37"  mmax_level="coref"  nptype="not sure. help!"  mention="np" />
<markable id="markable_52" span="word_203" type_of_pronoun="possessive"  split="simple antecedent"  agreement="they (pl.)"  coref_class="set_29"  mmax_level="coref"  position="it (non-subject)"  type="anaphoric"  mention="pronoun"  antetype="entity" />
<markable id="markable_51" span="word_195..word_196" coref_class="set_29"  mmax_level="coref"  nptype="antecedent"  mention="np" />
<markable id="markable_14" span="word_217" type_of_pronoun="possessive"  agreement="they (sg.)"  split="simple antecedent"  coref_class="set_37"  mmax_level="coref"  position="it (non-subject)"  type="anaphoric"  antetype="entity"  mention="pronoun" />
<markable id="markable_58" span="word_138..word_165" coref_class="set_35"  mmax_level="coref"  clausetype="antecedent"  mention="clause" />
<markable id="markable_13" span="word_209" coref_class="set_37"  mmax_level="coref"  nptype="not sure. help!"  mention="np" />
<markable id="markable_57" span="word_497" coref_class="set_37"  mmax_level="coref"  nptype="not sure. help!"  mention="np" />
<markable id="markable_12" span="word_189" type_of_pronoun="possessive"  split="simple antecedent"  agreement="they (sg.)"  coref_class="set_37"  mmax_level="coref"  position="it (non-subject)"  type="anaphoric"  mention="pronoun"  antetype="entity" />
<markable id="markable_56" span="word_447" type_of_pronoun="possessive"  split="simple antecedent"  agreement="they (sg.)"  coref_class="set_37"  mmax_level="coref"  position="it (non-subject)"  type="anaphoric"  mention="pronoun"  antetype="entity" />
<markable id="markable_11" span="word_178" type_of_pronoun="possessive"  agreement="they (sg.)"  split="simple antecedent"  coref_class="set_37"  mmax_level="coref"  position="it (subject)"  type="anaphoric"  antetype="entity"  mention="pronoun" />
<markable id="markable_55" span="word_443..word_444" npmod="def-article"  split="simple antecedent"  coref_class="set_37"  mmax_level="coref"  nptype="np"  anacata="anaphoric"  mention="np"  antetype="entity" />
<markable id="markable_18" span="word_295" type_of_pronoun="possessive"  agreement="they (sg.)"  split="simple antecedent"  coref_class="set_37"  mmax_level="coref"  position="it (non-subject)"  type="anaphoric"  antetype="entity"  mention="pronoun" />
<markable id="markable_17" span="word_281" type_of_pronoun="reflexive"  agreement="they (sg.)"  split="simple antecedent"  coref_class="set_37"  mmax_level="coref"  position="it (non-subject)"  type="anaphoric"  antetype="entity"  mention="pronoun" />
<markable id="markable_16" span="word_272" coref_class="set_37"  mmax_level="coref"  nptype="not sure. help!"  mention="np" />
<markable id="markable_15" span="word_249" type_of_pronoun="personal"  agreement="they (sg.)"  split="simple antecedent"  coref_class="set_37"  mmax_level="coref"  position="it (non-subject)"  type="anaphoric"  antetype="entity"  mention="pronoun" />
<markable id="markable_59" span="word_186..word_187" npmod="def-article"  split="simple antecedent"  coref_class="set_35"  mmax_level="coref"  nptype="np"  anacata="anaphoric"  mention="np"  antetype="event" />
<markable id="markable_9" span="word_167" type_of_pronoun="personal"  agreement="they (sg.)"  split="simple antecedent"  coref_class="set_37"  mmax_level="coref"  position="it (subject)"  type="anaphoric"  antetype="entity"  mention="pronoun" />
<markable id="markable_8" span="word_161" type_of_pronoun="possessive"  agreement="they (sg.)"  split="simple antecedent"  coref_class="set_37"  mmax_level="coref"  position="it (non-subject)"  type="anaphoric"  antetype="entity"  mention="pronoun" />
<markable id="markable_43" span="word_654" type_of_pronoun="relative"  agreement="they (sg.)"  split="simple antecedent"  coref_class="set_25"  mmax_level="coref"  position="it (subject)"  type="anaphoric"  antetype="entity"  mention="pronoun" />
<markable id="markable_42" span="word_652..word_653" coref_class="set_25"  mmax_level="coref"  nptype="antecedent"  mention="np" />
<markable id="markable_41" span="word_646" type_of_pronoun="possessive"  split="simple antecedent"  agreement="they (sg.)"  coref_class="set_24"  mmax_level="coref"  position="it (non-subject)"  type="anaphoric"  mention="pronoun"  antetype="entity" />
<markable id="markable_40" span="word_625..word_634" coref_class="set_24"  mmax_level="coref"  nptype="antecedent"  mention="np" />
<markable id="markable_47" span="word_408..word_409" split="simple antecedent"  coref_class="set_27"  mmax_level="coref"  type="nom substitution"  mention="pronoun"  antetype="entity" />
<markable id="markable_46" span="word_17..word_18" coref_class="set_37"  mmax_level="coref"  nptype="not sure. help!"  mention="np" />
<markable id="markable_45" span="word_1..word_2" coref_class="set_37"  mmax_level="coref"  nptype="antecedent"  mention="np" />
<markable id="markable_49" span="word_410" type_of_pronoun="relative"  split="simple antecedent"  agreement="they (sg.)"  coref_class="set_27"  mmax_level="coref"  position="it (subject)"  type="anaphoric"  mention="pronoun"  antetype="entity" />
<markable id="markable_48" span="word_403..word_406" coref_class="set_27"  mmax_level="coref"  nptype="antecedent"  mention="np" />
</markables>