<?xml version="1.0" encoding="UTF-8"?>
<!DOCTYPE markables SYSTEM "markables.dtd">
<markables xmlns="www.eml.org/NameSpaces/coref">
<markable id="markable_1" span="word_16..word_21" coref_class="set_1"  mmax_level="coref"  nptype="antecedent"  mention="np" />
<markable id="markable_3" span="word_48" type_of_pronoun="personal"  agreement="they (pl.)"  split="simple antecedent"  coref_class="set_1"  mmax_level="coref"  position="it (subject)"  type="anaphoric"  antetype="entity"  mention="pronoun" />
<markable id="markable_2" span="word_22" type_of_pronoun="relative"  agreement="they (pl.)"  split="simple antecedent"  coref_class="set_1"  mmax_level="coref"  position="it (subject)"  type="anaphoric"  antetype="entity"  mention="pronoun" />
<markable id="markable_5" span="word_167" type_of_pronoun="personal"  agreement="they (sg.)"  split="simple antecedent"  coref_class="set_2"  mmax_level="coref"  position="it (subject)"  type="anaphoric"  antetype="entity"  mention="pronoun" />
<markable id="markable_4" span="word_159..word_160" coref_class="set_2"  mmax_level="coref"  nptype="antecedent"  mention="np" />
<markable id="markable_7" span="word_259" type_of_pronoun="relative"  agreement="none"  split="simple antecedent"  coref_class="set_3"  mmax_level="coref"  position="it (subject)"  type="anaphoric"  antetype="entity"  mention="pronoun" />
<markable id="markable_6" span="word_257..word_258" coref_class="set_3"  mmax_level="coref"  nptype="antecedent"  mention="np" />
<markable id="markable_9" span="word_261" type_of_pronoun="personal"  agreement="they (pl.)"  split="simple antecedent"  coref_class="set_4"  mmax_level="coref"  position="it (non-subject)"  type="anaphoric"  antetype="entity"  mention="pronoun" />
<markable id="markable_8" span="word_252" coref_class="set_4"  mmax_level="coref"  nptype="antecedent"  mention="np" />
<markable id="markable_10" span="word_282" type_of_pronoun="possessive"  agreement="they (sg.)"  split="simple antecedent"  coref_class="set_5"  mmax_level="coref"  position="it (subject)"  type="anaphoric"  antetype="entity"  mention="pronoun" />
<markable id="markable_14" span="word_328..word_329" coref_class="set_7"  mmax_level="coref"  nptype="antecedent"  mention="np" />
<markable id="markable_13" span="word_310" type_of_pronoun="personal"  agreement="they (pl.)"  split="no explicit antecedent"  coref_class="set_6"  mmax_level="coref"  position="it (non-subject)"  type="anaphoric"  mention="pronoun" />
<markable id="markable_12" span="word_275,word_288..word_295" coref_class="set_6"  mmax_level="coref"  nptype="antecedent"  mention="np" />
<markable id="markable_11" span="word_275" coref_class="set_5"  mmax_level="coref"  nptype="antecedent"  mention="np" />
<markable id="markable_18" span="word_106..word_107" npmod="def-article"  split="simple antecedent"  coref_class="set_8"  mmax_level="coref"  nptype="np"  anacata="anaphoric"  mention="np"  antetype="entity" />
<markable id="markable_17" span="word_77..word_78" npmod="def-article"  split="simple antecedent"  coref_class="set_8"  mmax_level="coref"  nptype="np"  anacata="anaphoric"  mention="np"  antetype="entity" />
<markable id="markable_16" span="word_40..word_41" coref_class="set_8"  mmax_level="coref"  nptype="antecedent"  mention="np" />
<markable id="markable_15" span="word_330" type_of_pronoun="relative"  agreement="they (sg.)"  split="simple antecedent"  coref_class="set_7"  mmax_level="coref"  position="it (subject)"  type="anaphoric"  antetype="entity"  mention="pronoun" />
</markables>