<?xml version="1.0" encoding="UTF-8"?>
<!DOCTYPE markables SYSTEM "markables.dtd">
<markables xmlns="www.eml.org/NameSpaces/coref">
<markable id="markable_1" span="word_9..word_11" coref_class="set_2"  mmax_level="coref"  nptype="antecedent"  mention="np" />
<markable id="markable_3" span="word_33..word_35" coref_class="set_1"  mmax_level="coref"  nptype="antecedent"  mention="np" />
<markable id="markable_2" span="word_12" type_of_pronoun="relative"  split="simple antecedent"  agreement="they (sg.)"  coref_class="set_2"  mmax_level="coref"  position="it (subject)"  type="anaphoric"  mention="pronoun"  antetype="entity" />
<markable id="markable_5" span="word_47" type_of_pronoun="personal"  split="simple antecedent"  agreement="they (sg.)"  coref_class="set_2"  mmax_level="coref"  position="it (non-subject)"  type="anaphoric"  mention="pronoun"  antetype="entity" />
<markable id="markable_4" span="word_37" type_of_pronoun="personal"  split="simple antecedent"  agreement="they (sg.)"  coref_class="set_1"  mmax_level="coref"  position="it (subject)"  type="anaphoric"  mention="pronoun"  antetype="entity" />
<markable id="markable_7" span="word_121" coref_class="set_7"  mmax_level="coref"  nptype="antecedent"  mention="np" />
<markable id="markable_6" span="word_58" type_of_pronoun="personal"  split="simple antecedent"  agreement="they (sg.)"  coref_class="set_2"  mmax_level="coref"  position="it (non-subject)"  type="anaphoric"  mention="pronoun"  antetype="entity" />
<markable id="markable_10" span="word_156" type_of_pronoun="personal"  split="simple antecedent"  agreement="they (pl.)"  coref_class="set_4"  mmax_level="coref"  position="it (subject)"  type="anaphoric"  mention="pronoun"  antetype="entity" />
<markable id="markable_30" span="word_294..word_295" coref_class="set_17"  mmax_level="coref"  nptype="antecedent"  mention="np" />
<markable id="markable_14" span="word_181" type_of_pronoun="personal"  split="simple antecedent"  agreement="they (sg.)"  coref_class="set_7"  mmax_level="coref"  position="it (subject)"  type="anaphoric"  mention="pronoun"  antetype="entity" />
<markable id="markable_13" span="word_173" type_of_pronoun="relative"  split="simple antecedent"  agreement="they (sg.)"  coref_class="set_6"  mmax_level="coref"  position="it (subject)"  type="anaphoric"  mention="pronoun"  antetype="entity" />
<markable id="markable_12" span="word_170..word_172" coref_class="set_6"  mmax_level="coref"  nptype="antecedent"  mention="np" />
<markable id="markable_11" span="word_164" type_of_pronoun="possessive"  split="simple antecedent"  agreement="they (sg.)"  coref_class="set_7"  mmax_level="coref"  position="it (non-subject)"  type="anaphoric"  mention="pronoun"  antetype="entity" />
<markable id="markable_18" span="word_230" type_of_pronoun="personal"  split="simple antecedent"  agreement="they (sg.)"  coref_class="set_15"  mmax_level="coref"  position="it (subject)"  type="anaphoric"  mention="pronoun"  antetype="entity" />
<markable id="markable_17" span="word_235" type_of_pronoun="personal"  split="simple antecedent"  agreement="they (sg.)"  coref_class="set_15"  mmax_level="coref"  position="it (subject)"  type="anaphoric"  mention="pronoun"  antetype="entity" />
<markable id="markable_16" span="word_210" coref_class="set_15"  mmax_level="coref"  nptype="antecedent"  mention="np" />
<markable id="markable_15" span="word_226" type_of_pronoun="personal"  split="simple antecedent"  agreement="they (sg.)"  coref_class="set_15"  mmax_level="coref"  position="it (non-subject)"  type="anaphoric"  mention="pronoun"  antetype="entity" />
<markable id="markable_19" span="word_247..word_248" coref_class="set_12"  mmax_level="coref"  nptype="antecedent"  mention="np" />
<markable id="markable_9" span="word_152..word_154" coref_class="set_4"  mmax_level="coref"  nptype="antecedent"  mention="np" />
<markable id="markable_8" span="word_132" type_of_pronoun="possessive"  split="simple antecedent"  agreement="they (sg.)"  coref_class="set_7"  mmax_level="coref"  position="it (non-subject)"  type="anaphoric"  mention="pronoun"  antetype="entity" />
<markable id="markable_21" span="word_261" type_of_pronoun="possessive"  split="simple antecedent"  agreement="they (sg.)"  coref_class="set_12"  mmax_level="coref"  position="it (non-subject)"  type="anaphoric"  mention="pronoun"  antetype="entity" />
<markable id="markable_20" span="word_250" type_of_pronoun="personal"  split="simple antecedent"  agreement="they (sg.)"  coref_class="set_12"  mmax_level="coref"  position="it (subject)"  type="anaphoric"  mention="pronoun"  antetype="entity" />
<markable id="markable_25" span="word_309" type_of_pronoun="personal"  split="simple antecedent"  agreement="they (sg.)"  coref_class="set_15"  mmax_level="coref"  position="it (subject)"  type="anaphoric"  mention="pronoun"  antetype="entity" />
<markable id="markable_24" span="word_298" type_of_pronoun="personal"  split="simple antecedent"  agreement="they (sg.)"  coref_class="set_15"  mmax_level="coref"  position="it (subject)"  type="anaphoric"  mention="pronoun"  antetype="entity" />
<markable id="markable_23" span="word_275" type_of_pronoun="possessive"  split="simple antecedent"  agreement="they (sg.)"  coref_class="set_15"  mmax_level="coref"  position="it (subject)"  type="anaphoric"  mention="pronoun"  antetype="entity" />
<markable id="markable_22" span="word_265" type_of_pronoun="personal"  split="simple antecedent"  agreement="they (sg.)"  coref_class="set_15"  mmax_level="coref"  position="it (subject)"  type="anaphoric"  mention="pronoun"  antetype="entity" />
<markable id="markable_29" span="word_345" type_of_pronoun="personal"  split="simple antecedent"  agreement="they (sg.)"  coref_class="set_17"  mmax_level="coref"  position="it (subject)"  type="anaphoric"  mention="pronoun"  antetype="entity" />
<markable id="markable_28" span="word_337" type_of_pronoun="relative"  split="simple antecedent"  agreement="they (sg.)"  coref_class="set_16"  mmax_level="coref"  position="it (subject)"  type="anaphoric"  mention="pronoun"  antetype="entity" />
<markable id="markable_27" span="word_332..word_336" coref_class="set_16"  mmax_level="coref"  nptype="antecedent"  mention="np" />
<markable id="markable_26" span="word_330" type_of_pronoun="personal"  split="simple antecedent"  agreement="they (sg.)"  coref_class="set_15"  mmax_level="coref"  position="it (subject)"  type="anaphoric"  mention="pronoun"  antetype="entity" />
</markables>