<?xml version="1.0" encoding="UTF-8"?>
<!DOCTYPE markables SYSTEM "markables.dtd">
<markables xmlns="www.eml.org/NameSpaces/coref">
<markable id="markable_1" span="word_40" coref_class="set_0"  mmax_level="coref"  nptype="antecedent"  mention="np" />
<markable id="markable_3" span="word_17" coref_class="set_1"  mmax_level="coref"  nptype="antecedent"  mention="np" />
<markable id="markable_2" span="word_50" type_of_pronoun="possessive"  agreement="they (pl.)"  split="simple antecedent"  coref_class="set_0"  mmax_level="coref"  position="it (non-subject)"  type="anaphoric"  antetype="entity"  mention="pronoun" />
<markable id="markable_5" span="word_146..word_147" coref_class="set_2"  mmax_level="coref"  nptype="antecedent"  mention="np" />
<markable id="markable_4" span="word_35..word_36" npmod="def-article"  split="simple antecedent"  coref_class="set_1"  mmax_level="coref"  anacata="anaphoric"  nptype="np"  antetype="entity"  mention="np" />
<markable id="markable_7" span="word_188..word_190,word_195..word_196" coref_class="set_4"  mmax_level="coref"  nptype="antecedent"  mention="np" />
<markable id="markable_6" span="word_166..word_167" npmod="def-article"  split="simple antecedent"  coref_class="set_2"  mmax_level="coref"  nptype="np"  anacata="anaphoric"  mention="np"  antetype="entity" />
<markable id="markable_10" span="word_325..word_328" coref_class="set_16"  mmax_level="coref"  nptype="antecedent"  mention="np" />
<markable id="markable_32" span="word_410" type_of_pronoun="personal"  agreement="they (sg.)"  split="simple antecedent"  coref_class="set_17"  mmax_level="coref"  position="it (subject)"  type="anaphoric"  antetype="entity"  mention="pronoun" />
<markable id="markable_31" span="word_402" type_of_pronoun="possessive"  agreement="they (sg.)"  split="simple antecedent"  coref_class="set_17"  mmax_level="coref"  position="it (subject)"  type="anaphoric"  antetype="entity"  mention="pronoun" />
<markable id="markable_30" span="word_400" type_of_pronoun="personal"  agreement="they (sg.)"  split="simple antecedent"  coref_class="set_17"  mmax_level="coref"  position="it (subject)"  type="anaphoric"  antetype="entity"  mention="pronoun" />
<markable id="markable_14" span="word_346" type_of_pronoun="personal"  agreement="they (sg.)"  split="simple antecedent"  coref_class="set_9"  mmax_level="coref"  position="it (subject)"  type="anaphoric"  antetype="entity"  mention="pronoun" />
<markable id="markable_36" span="word_441" type_of_pronoun="personal"  agreement="they (pl.)"  split="simple antecedent"  coref_class="set_19"  mmax_level="coref"  position="it (subject)"  type="anaphoric"  antetype="entity"  mention="pronoun" />
<markable id="markable_13" span="word_339" type_of_pronoun="possessive"  agreement="they (sg.)"  split="simple antecedent"  coref_class="set_9"  mmax_level="coref"  position="it (non-subject)"  type="anaphoric"  antetype="entity"  mention="pronoun" />
<markable id="markable_35" span="word_432" type_of_pronoun="personal"  agreement="they (pl.)"  split="simple antecedent"  coref_class="set_19"  mmax_level="coref"  position="it (non-subject)"  type="anaphoric"  antetype="entity"  mention="pronoun" />
<markable id="markable_12" span="word_304..word_305" coref_class="set_9"  mmax_level="coref"  nptype="antecedent"  mention="np" />
<markable id="markable_34" span="word_423..word_424" coref_class="set_19"  mmax_level="coref"  nptype="antecedent"  mention="np" />
<markable id="markable_11" span="word_330" type_of_pronoun="relative"  agreement="they (sg.)"  split="simple antecedent"  coref_class="set_16"  mmax_level="coref"  position="it (subject)"  type="anaphoric"  antetype="entity"  mention="pronoun" />
<markable id="markable_18" span="word_361..word_362" coref_class="set_12"  mmax_level="coref"  nptype="antecedent"  mention="np" />
<markable id="markable_17" span="word_350" type_of_pronoun="relative"  agreement="they (sg.)"  split="simple antecedent"  coref_class="set_8"  mmax_level="coref"  position="it (subject)"  type="anaphoric"  antetype="entity"  mention="pronoun" />
<markable id="markable_39" span="word_544..word_545" coref_class="set_21"  mmax_level="coref"  nptype="antecedent"  mention="np" />
<markable id="markable_16" span="word_348..word_349" coref_class="set_8"  mmax_level="coref"  nptype="antecedent"  mention="np" />
<markable id="markable_38" span="word_507" type_of_pronoun="possessive"  agreement="they (pl.)"  split="simple antecedent"  coref_class="set_20"  mmax_level="coref"  position="it (non-subject)"  type="anaphoric"  antetype="entity"  mention="pronoun" />
<markable id="markable_15" span="word_354" type_of_pronoun="personal"  agreement="they (sg.)"  split="simple antecedent"  coref_class="set_9"  mmax_level="coref"  position="it (non-subject)"  type="anaphoric"  antetype="entity"  mention="pronoun" />
<markable id="markable_37" span="word_505" coref_class="set_20"  mmax_level="coref"  nptype="antecedent"  mention="np" />
<markable id="markable_19" span="word_371" type_of_pronoun="personal"  agreement="they (sg.)"  split="simple antecedent"  coref_class="set_12"  mmax_level="coref"  position="it (subject)"  type="anaphoric"  antetype="entity"  mention="pronoun" />
<markable id="markable_9" span="word_246..word_248" npmod="demonstrative"  split="simple antecedent"  coref_class="set_4"  mmax_level="coref"  anacata="anaphoric"  nptype="np"  antetype="entity"  mention="np" />
<markable id="markable_8" span="word_219..word_220" npmod="demonstrative"  split="simple antecedent"  coref_class="set_4"  mmax_level="coref"  nptype="np"  anacata="anaphoric"  mention="np"  antetype="entity" />
<markable id="markable_21" span="word_378" type_of_pronoun="possessive"  agreement="they (sg.)"  split="simple antecedent"  coref_class="set_11"  mmax_level="coref"  position="it (subject)"  type="anaphoric"  antetype="entity"  mention="pronoun" />
<markable id="markable_43" span="word_552..word_555" coref_class="set_23"  mmax_level="coref"  nptype="antecedent"  mention="np" />
<markable id="markable_20" span="word_368" coref_class="set_11"  mmax_level="coref"  nptype="antecedent"  mention="np" />
<markable id="markable_42" span="word_591" type_of_pronoun="personal"  agreement="they (pl.)"  split="simple antecedent"  coref_class="set_22"  mmax_level="coref"  position="it (subject)"  type="anaphoric"  antetype="entity"  mention="pronoun" />
<markable id="markable_41" span="word_585..word_588" coref_class="set_22"  mmax_level="coref"  nptype="antecedent"  mention="np" />
<markable id="markable_40" span="word_547" split="simple antecedent"  coref_class="set_21"  mmax_level="coref"  type="nom substitution"  antetype="entity"  mention="pronoun" />
<markable id="markable_25" span="word_378..word_379" coref_class="set_15"  mmax_level="coref"  nptype="antecedent"  mention="np" />
<markable id="markable_47" span="word_739" coref_class="set_25"  mmax_level="coref"  nptype="antecedent"  mention="np" />
<markable id="markable_24" span="word_386" type_of_pronoun="personal"  agreement="they (sg.)"  split="simple antecedent"  coref_class="set_15"  mmax_level="coref"  position="it (subject)"  type="anaphoric"  antetype="entity"  mention="pronoun" />
<markable id="markable_46" span="word_695" type_of_pronoun="personal"  agreement="they (sg.)"  split="simple antecedent"  coref_class="set_24"  mmax_level="coref"  position="it (subject)"  type="anaphoric"  antetype="entity"  mention="pronoun" />
<markable id="markable_23" span="word_384..word_385" split="simple antecedent"  coref_class="set_12"  mmax_level="coref"  nptype="nom-ellipsis"  antetype="entity"  mention="np" />
<markable id="markable_45" span="word_680..word_685" coref_class="set_24"  mmax_level="coref"  nptype="antecedent"  mention="np" />
<markable id="markable_22" span="word_383" type_of_pronoun="personal"  agreement="they (sg.)"  split="simple antecedent"  coref_class="set_12"  mmax_level="coref"  position="it (subject)"  type="anaphoric"  antetype="entity"  mention="pronoun" />
<markable id="markable_44" span="word_606" type_of_pronoun="personal"  agreement="they (sg.)"  split="simple antecedent"  coref_class="set_23"  mmax_level="coref"  position="it (subject)"  type="anaphoric"  antetype="entity"  mention="pronoun" />
<markable id="markable_29" span="word_398" coref_class="set_17"  mmax_level="coref"  nptype="antecedent"  mention="np" />
<markable id="markable_28" span="word_396" type_of_pronoun="demonstrative"  agreement="none"  split="simple antecedent"  coref_class="set_16"  mmax_level="coref"  position="none"  type="anaphoric"  antetype="entity"  mention="pronoun" />
<markable id="markable_27" span="word_394" type_of_pronoun="personal"  agreement="they (sg.)"  split="simple antecedent"  coref_class="set_15"  mmax_level="coref"  position="it (subject)"  type="anaphoric"  antetype="entity"  mention="pronoun" />
<markable id="markable_26" span="word_388..word_389" npmod="def-article"  split="simple antecedent"  coref_class="set_16"  mmax_level="coref"  anacata="anaphoric"  nptype="np"  antetype="entity"  mention="np" />
<markable id="markable_48" span="word_755" type_of_pronoun="personal"  agreement="they (sg.)"  split="simple antecedent"  coref_class="set_25"  mmax_level="coref"  position="it (subject)"  type="anaphoric"  antetype="entity"  mention="pronoun" />
</markables>