<?xml version="1.0" encoding="UTF-8"?>
<!DOCTYPE markables SYSTEM "markables.dtd">
<markables xmlns="www.eml.org/NameSpaces/coref">
<markable id="markable_1" span="word_17..word_19" coref_class="set_1"  mmax_level="coref"  nptype="antecedent"  mention="np" />
<markable id="markable_3" span="word_43" type_of_pronoun="personal"  agreement="they (sg.)"  split="simple antecedent"  coref_class="set_1"  mmax_level="coref"  position="it (non-subject)"  type="anaphoric"  antetype="entity"  mention="pronoun" />
<markable id="markable_2" span="word_39..word_40" npmod="def-article"  split="simple antecedent"  coref_class="set_1"  mmax_level="coref"  anacata="anaphoric"  nptype="np"  antetype="entity"  mention="np" />
<markable id="markable_5" span="word_62" type_of_pronoun="possessive"  agreement="they (sg.)"  split="simple antecedent"  coref_class="set_8"  mmax_level="coref"  position="it (non-subject)"  type="anaphoric"  antetype="entity"  mention="pronoun" />
<markable id="markable_4" span="word_54" coref_class="set_8"  mmax_level="coref"  nptype="antecedent"  mention="np" />
<markable id="markable_7" span="word_83" type_of_pronoun="personal"  agreement="they (sg.)"  split="simple antecedent"  coref_class="set_8"  mmax_level="coref"  position="it (subject)"  type="anaphoric"  antetype="entity"  mention="pronoun" />
<markable id="markable_6" span="word_75" type_of_pronoun="personal"  agreement="they (sg.)"  split="simple antecedent"  coref_class="set_8"  mmax_level="coref"  position="it (subject)"  type="anaphoric"  antetype="entity"  mention="pronoun" />
<markable id="markable_10" span="word_45..word_46" coref_class="set_6"  mmax_level="coref"  nptype="antecedent"  mention="np" />
<markable id="markable_32" span="word_251..word_252" coref_class="set_6"  mmax_level="coref"  nptype="not sure. help!"  mention="np" />
<markable id="markable_31" span="word_315" type_of_pronoun="personal"  agreement="they (pl.)"  split="simple antecedent"  coref_class="set_16"  mmax_level="coref"  position="it (subject)"  type="anaphoric"  antetype="entity"  mention="pronoun" />
<markable id="markable_30" span="word_308..word_310" coref_class="set_16"  mmax_level="coref"  nptype="antecedent"  mention="np" />
<markable id="markable_14" span="word_130..word_131" npmod="def-article"  split="simple antecedent"  coref_class="set_6"  mmax_level="coref"  anacata="anaphoric"  nptype="np"  antetype="entity"  mention="np" />
<markable id="markable_36" span="word_357..word_358" coref_class="set_21"  mmax_level="coref"  nptype="antecedent"  mention="np" />
<markable id="markable_13" span="word_132" type_of_pronoun="personal"  agreement="they (sg.)"  split="simple antecedent"  coref_class="set_8"  mmax_level="coref"  position="it (subject)"  type="anaphoric"  antetype="entity"  mention="pronoun" />
<markable id="markable_35" span="word_354..word_355" split="simple antecedent"  coref_class="set_18"  comparative="gen"  mmax_level="coref"  nptype="comparative"  antetype="entity"  mention="np" />
<markable id="markable_12" span="word_112..word_113" npmod="def-article"  split="simple antecedent"  coref_class="set_8"  mmax_level="coref"  anacata="anaphoric"  nptype="np"  antetype="entity"  mention="np" />
<markable id="markable_34" span="word_18..word_19" coref_class="set_18"  mmax_level="coref"  nptype="antecedent"  mention="np" />
<markable id="markable_11" span="word_103..word_104" npmod="def-article"  split="simple antecedent"  coref_class="set_6"  mmax_level="coref"  anacata="anaphoric"  nptype="np"  antetype="entity"  mention="np" />
<markable id="markable_33" span="word_327..word_328" npmod="def-article"  split="simple antecedent"  coref_class="set_6"  mmax_level="coref"  anacata="anaphoric"  nptype="np"  antetype="entity"  mention="np" />
<markable id="markable_39" span="word_384" type_of_pronoun="personal"  agreement="they (sg.)"  split="simple antecedent"  coref_class="set_21"  mmax_level="coref"  position="it (subject)"  type="anaphoric"  antetype="entity"  mention="pronoun" />
<markable id="markable_16" span="word_151" type_of_pronoun="personal"  agreement="none"  coref_class="set_10"  mmax_level="coref"  position="none"  type="antecedent"  mention="pronoun" />
<markable id="markable_38" span="word_375" type_of_pronoun="possessive"  agreement="they (sg.)"  split="simple antecedent"  coref_class="set_21"  mmax_level="coref"  position="it (non-subject)"  type="anaphoric"  antetype="entity"  mention="pronoun" />
<markable id="markable_15" span="word_138" type_of_pronoun="personal"  agreement="they (sg.)"  split="simple antecedent"  coref_class="set_8"  mmax_level="coref"  position="it (subject)"  type="anaphoric"  antetype="entity"  mention="pronoun" />
<markable id="markable_37" span="word_363" type_of_pronoun="possessive"  agreement="they (sg.)"  split="simple antecedent"  coref_class="set_21"  mmax_level="coref"  position="it (non-subject)"  type="anaphoric"  antetype="entity"  mention="pronoun" />
<markable id="markable_9" span="word_98" type_of_pronoun="possessive"  agreement="they (sg.)"  split="simple antecedent"  coref_class="set_8"  mmax_level="coref"  position="it (subject)"  type="anaphoric"  antetype="entity"  mention="pronoun" />
<markable id="markable_8" span="word_89" type_of_pronoun="possessive"  agreement="they (sg.)"  split="simple antecedent"  coref_class="set_8"  mmax_level="coref"  position="it (subject)"  type="anaphoric"  antetype="entity"  mention="pronoun" />
<markable id="markable_21" span="word_201..word_202" npmod="def-article"  split="simple antecedent"  coref_class="set_10"  mmax_level="coref"  nptype="np"  anacata="anaphoric"  mention="np"  antetype="entity" />
<markable id="markable_43" span="word_165..word_166" coref_class="set_25"  mmax_level="coref"  nptype="antecedent"  mention="np" />
<markable id="markable_20" span="word_186..word_189" split="simple antecedent"  coref_class="set_11"  comparative="gen"  mmax_level="coref"  nptype="comparative"  mention="np"  antetype="entity" />
<markable id="markable_42" span="word_168..word_169" coref_class="set_23"  mmax_level="coref"  nptype="antecedent"  mention="np" />
<markable id="markable_41" span="word_177..word_179" npmod="def-article"  split="simple antecedent"  coref_class="set_23"  mmax_level="coref"  nptype="np"  anacata="anaphoric"  mention="np"  antetype="entity" />
<markable id="markable_25" span="word_198..word_199" coref_class="set_12"  mmax_level="coref"  nptype="antecedent"  mention="np" />
<markable id="markable_24" span="word_221..word_222" npmod="def-article"  split="simple antecedent"  coref_class="set_12"  mmax_level="coref"  anacata="anaphoric"  nptype="np"  antetype="entity"  mention="np" />
<markable id="markable_23" span="word_215..word_216" npmod="def-article"  split="simple antecedent"  coref_class="set_11"  mmax_level="coref"  nptype="np"  anacata="anaphoric"  mention="np"  antetype="entity" />
<markable id="markable_22" span="word_175..word_179" coref_class="set_11"  mmax_level="coref"  nptype="antecedent"  mention="np" />
<markable id="markable_29" span="word_241..word_243" npmod="def-article"  split="simple antecedent"  coref_class="set_25"  mmax_level="coref"  nptype="np"  anacata="anaphoric"  mention="np"  antetype="entity" />
<markable id="markable_28" span="word_232..word_233" npmod="def-article"  split="simple antecedent"  coref_class="set_14"  mmax_level="coref"  anacata="anaphoric"  nptype="np"  antetype="entity"  mention="np" />
<markable id="markable_27" span="word_211..word_212" coref_class="set_14"  mmax_level="coref"  nptype="antecedent"  mention="np" />
<markable id="markable_26" span="word_225..word_228" split="simple antecedent"  coref_class="set_11"  comparative="gen"  mmax_level="coref"  nptype="comparative"  mention="np"  antetype="entity" />
</markables>