<?xml version="1.0" encoding="UTF-8"?>
<!DOCTYPE markables SYSTEM "markables.dtd">
<markables xmlns="www.eml.org/NameSpaces/coref">
<markable id="markable_1" span="word_14..word_16" coref_class="set_0"  mmax_level="coref"  nptype="antecedent"  mention="np" />
<markable id="markable_3" span="word_54..word_68" coref_class="set_1"  mmax_level="coref"  nptype="antecedent"  mention="np" />
<markable id="markable_2" span="word_30..word_32" npmod="def-article"  split="simple antecedent"  coref_class="set_0"  mmax_level="coref"  nptype="np"  anacata="anaphoric"  mention="np"  antetype="entity" />
<markable id="markable_5" span="word_110..word_111" coref_class="set_3"  mmax_level="coref"  nptype="antecedent"  mention="np" />
<markable id="markable_4" span="word_70" type_of_pronoun="demonstrative"  split="simple antecedent"  agreement="they (sg.)"  coref_class="set_1"  mmax_level="coref"  position="it (subject)"  type="anaphoric"  mention="pronoun"  antetype="entity" />
<markable id="markable_7" span="word_117" type_of_pronoun="personal"  split="simple antecedent"  agreement="they (sg.)"  coref_class="set_3"  mmax_level="coref"  position="it (non-subject)"  type="anaphoric"  mention="pronoun"  antetype="entity" />
<markable id="markable_6" span="word_113" type_of_pronoun="possessive"  split="simple antecedent"  agreement="they (sg.)"  coref_class="set_3"  mmax_level="coref"  position="it (non-subject)"  type="anaphoric"  mention="pronoun"  antetype="entity" />
<markable id="markable_10" span="word_82" coref_class="set_5"  mmax_level="coref"  nptype="antecedent"  mention="np" />
<markable id="markable_32" span="word_471" type_of_pronoun="personal"  split="simple antecedent"  agreement="they (sg.)"  coref_class="set_18"  mmax_level="coref"  position="it (subject)"  type="anaphoric"  mention="pronoun"  antetype="entity" />
<markable id="markable_31" span="word_448" type_of_pronoun="personal"  split="simple antecedent"  agreement="they (pl.)"  coref_class="set_16"  mmax_level="coref"  position="it (subject)"  type="anaphoric"  mention="pronoun"  antetype="entity" />
<markable id="markable_30" span="word_444..word_445" coref_class="set_16"  mmax_level="coref"  nptype="antecedent"  mention="np" />
<markable id="markable_14" span="word_174" type_of_pronoun="personal"  split="simple antecedent"  agreement="they (sg.)"  coref_class="set_7"  mmax_level="coref"  position="it (subject)"  type="anaphoric"  mention="pronoun"  antetype="entity" />
<markable id="markable_36" span="word_459..word_466" coref_class="set_20"  mmax_level="coref"  nptype="antecedent"  mention="np" />
<markable id="markable_13" span="word_135" type_of_pronoun="personal"  split="simple antecedent"  agreement="they (sg.)"  coref_class="set_6"  mmax_level="coref"  position="it (subject)"  type="anaphoric"  mention="pronoun"  antetype="entity" />
<markable id="markable_35" span="word_478" type_of_pronoun="personal"  split="simple antecedent"  agreement="they (sg.)"  coref_class="set_20"  mmax_level="coref"  position="it (subject)"  type="anaphoric"  mention="pronoun"  antetype="entity" />
<markable id="markable_12" span="word_132" coref_class="set_6"  mmax_level="coref"  nptype="antecedent"  mention="np" />
<markable id="markable_34" span="word_474" type_of_pronoun="personal"  split="simple antecedent"  agreement="they (sg.)"  coref_class="set_18"  mmax_level="coref"  position="it (subject)"  type="anaphoric"  mention="pronoun"  antetype="entity" />
<markable id="markable_11" span="word_125" type_of_pronoun="personal"  split="simple antecedent"  agreement="they (sg.)"  coref_class="set_5"  mmax_level="coref"  position="it (subject)"  type="anaphoric"  mention="pronoun"  antetype="entity" />
<markable id="markable_33" span="word_456" coref_class="set_18"  mmax_level="coref"  nptype="antecedent"  mention="np" />
<markable id="markable_18" span="word_194" type_of_pronoun="personal"  split="simple antecedent"  agreement="they (pl.)"  coref_class="set_0"  mmax_level="coref"  position="it (subject)"  type="anaphoric"  mention="pronoun"  antetype="entity" />
<markable id="markable_17" span="word_157" coref_class="set_8"  mmax_level="coref"  nptype="antecedent"  mention="np" />
<markable id="markable_39" span="word_500" type_of_pronoun="personal"  split="simple antecedent"  agreement="they (sg.)"  coref_class="set_22"  mmax_level="coref"  position="it (subject)"  type="anaphoric"  mention="pronoun"  antetype="entity" />
<markable id="markable_16" span="word_189" type_of_pronoun="personal"  split="simple antecedent"  agreement="they (sg.)"  coref_class="set_8"  mmax_level="coref"  position="it (subject)"  type="anaphoric"  mention="pronoun"  antetype="entity" />
<markable id="markable_38" span="word_491" coref_class="set_22"  mmax_level="coref"  nptype="antecedent"  mention="np" />
<markable id="markable_15" span="word_160..word_161" coref_class="set_7"  mmax_level="coref"  nptype="antecedent"  mention="np" />
<markable id="markable_19" span="word_247..word_254" coref_class="set_9"  mmax_level="coref"  nptype="antecedent"  mention="np" />
<markable id="markable_9" span="word_122" type_of_pronoun="personal"  split="simple antecedent"  agreement="they (sg.)"  coref_class="set_5"  mmax_level="coref"  position="it (subject)"  type="anaphoric"  mention="pronoun"  antetype="entity" />
<markable id="markable_8" span="word_119" type_of_pronoun="possessive"  split="simple antecedent"  agreement="they (sg.)"  coref_class="set_3"  mmax_level="coref"  position="it (non-subject)"  type="anaphoric"  mention="pronoun"  antetype="entity" />
<markable id="markable_21" span="word_317" type_of_pronoun="personal"  split="simple antecedent"  agreement="they (sg.)"  coref_class="set_10"  mmax_level="coref"  position="it (subject)"  type="anaphoric"  mention="pronoun"  antetype="entity" />
<markable id="markable_43" span="word_538" coref_class="set_24"  mmax_level="coref"  nptype="antecedent"  mention="np" />
<markable id="markable_20" span="word_256" type_of_pronoun="relative"  split="simple antecedent"  agreement="they (sg.)"  coref_class="set_9"  mmax_level="coref"  position="it (subject)"  type="anaphoric"  mention="pronoun"  antetype="entity" />
<markable id="markable_42" span="word_503..word_505" coref_class="set_23"  mmax_level="coref"  nptype="antecedent"  mention="np" />
<markable id="markable_41" span="word_514" type_of_pronoun="personal"  split="simple antecedent"  agreement="they (sg.)"  coref_class="set_23"  mmax_level="coref"  position="it (subject)"  type="anaphoric"  mention="pronoun"  antetype="entity" />
<markable id="markable_40" span="word_512" type_of_pronoun="personal"  split="simple antecedent"  agreement="they (sg.)"  coref_class="set_22"  mmax_level="coref"  position="it (subject)"  type="anaphoric"  mention="pronoun"  antetype="entity" />
<markable id="markable_25" span="word_392..word_394" coref_class="set_15"  mmax_level="coref"  nptype="antecedent"  mention="np" />
<markable id="markable_47" span="word_570" coref_class="set_27"  mmax_level="coref"  nptype="antecedent"  mention="np" />
<markable id="markable_24" span="word_337" type_of_pronoun="possessive"  split="simple antecedent"  agreement="they (sg.)"  coref_class="set_11"  mmax_level="coref"  position="it (non-subject)"  type="anaphoric"  mention="pronoun"  antetype="entity" />
<markable id="markable_46" span="word_545..word_556" coref_class="set_25"  vptype="antecedent"  mmax_level="coref"  mention="vp" />
<markable id="markable_23" span="word_333" coref_class="set_11"  mmax_level="coref"  nptype="antecedent"  mention="np" />
<markable id="markable_45" span="word_562" type_of_pronoun="demonstrative"  split="simple antecedent"  agreement="none"  coref_class="set_25"  mmax_level="coref"  position="it (subject)"  type="anaphoric"  mention="pronoun"  antetype="event" />
<markable id="markable_22" span="word_289" coref_class="set_10"  mmax_level="coref"  nptype="antecedent"  mention="np" />
<markable id="markable_44" span="word_558" type_of_pronoun="possessive"  split="simple antecedent"  agreement="they (sg.)"  coref_class="set_24"  mmax_level="coref"  position="it (subject)"  type="anaphoric"  mention="pronoun"  antetype="entity" />
<markable id="markable_29" span="word_439" type_of_pronoun="personal"  split="simple antecedent"  agreement="they (pl.)"  coref_class="set_15"  mmax_level="coref"  position="it (subject)"  type="anaphoric"  mention="pronoun"  antetype="entity" />
<markable id="markable_28" span="word_428" type_of_pronoun="personal"  split="simple antecedent"  agreement="they (pl.)"  coref_class="set_15"  mmax_level="coref"  position="it (subject)"  type="anaphoric"  mention="pronoun"  antetype="entity" />
<markable id="markable_27" span="word_412" type_of_pronoun="personal"  split="simple antecedent"  agreement="they (pl.)"  coref_class="set_15"  mmax_level="coref"  position="it (subject)"  type="anaphoric"  mention="pronoun"  antetype="entity" />
<markable id="markable_49" span="word_591" type_of_pronoun="personal"  split="simple antecedent"  agreement="they (sg.)"  coref_class="set_27"  mmax_level="coref"  position="it (subject)"  type="anaphoric"  mention="pronoun"  antetype="entity" />
<markable id="markable_26" span="word_401" type_of_pronoun="personal"  split="simple antecedent"  agreement="they (pl.)"  coref_class="set_15"  mmax_level="coref"  position="it (subject)"  type="anaphoric"  mention="pronoun"  antetype="entity" />
<markable id="markable_48" span="word_581" type_of_pronoun="personal"  split="simple antecedent"  agreement="they (sg.)"  coref_class="set_27"  mmax_level="coref"  position="it (subject)"  type="anaphoric"  mention="pronoun"  antetype="entity" />
</markables>