<?xml version="1.0" encoding="UTF-8"?>
<!DOCTYPE markables SYSTEM "markables.dtd">
<markables xmlns="www.eml.org/NameSpaces/coref">
<markable id="markable_72" span="word_576..word_579" coref_class="set_40"  mmax_level="coref"  nptype="antecedent"  mention="np" />
<markable id="markable_71" span="word_591" type_of_pronoun="personal"  split="simple antecedent"  agreement="they (pl.)"  coref_class="set_40"  mmax_level="coref"  position="it (subject)"  type="anaphoric"  mention="pronoun"  antetype="entity" />
<markable id="markable_70" span="word_568" type_of_pronoun="personal"  split="simple antecedent"  agreement="they (pl.)"  coref_class="set_38"  mmax_level="coref"  position="it (non-subject)"  type="anaphoric"  mention="pronoun"  antetype="entity" />
<markable id="markable_32" span="word_266" type_of_pronoun="relative"  split="simple antecedent"  agreement="they (sg.)"  coref_class="set_21"  mmax_level="coref"  position="it (subject)"  type="anaphoric"  mention="pronoun"  antetype="entity" />
<markable id="markable_76" span="word_685..word_686" coref_class="set_42"  mmax_level="coref"  nptype="antecedent"  mention="np" />
<markable id="markable_31" span="word_264..word_265" coref_class="set_21"  mmax_level="coref"  nptype="antecedent"  mention="np" />
<markable id="markable_75" span="word_640" type_of_pronoun="relative"  split="simple antecedent"  agreement="they (pl.)"  coref_class="set_41"  mmax_level="coref"  position="it (subject)"  type="anaphoric"  mention="pronoun"  antetype="entity" />
<markable id="markable_30" span="word_228" type_of_pronoun="demonstrative"  split="simple antecedent"  agreement="none"  coref_class="set_19"  mmax_level="coref"  position="none"  type="anaphoric"  mention="pronoun"  antetype="entity" />
<markable id="markable_74" span="word_639" coref_class="set_41"  mmax_level="coref"  nptype="antecedent"  mention="np" />
<markable id="markable_73" span="word_604" type_of_pronoun="personal"  split="simple antecedent"  agreement="they (pl.)"  coref_class="set_40"  mmax_level="coref"  position="it (subject)"  type="anaphoric"  mention="pronoun"  antetype="entity" />
<markable id="markable_36" span="word_299" type_of_pronoun="personal"  split="simple antecedent"  agreement="they (pl.)"  coref_class="set_23"  mmax_level="coref"  position="it (subject)"  type="anaphoric"  mention="pronoun"  antetype="entity" />
<markable id="markable_35" span="word_293" type_of_pronoun="personal"  split="simple antecedent"  agreement="they (pl.)"  coref_class="set_23"  mmax_level="coref"  position="it (subject)"  type="anaphoric"  mention="pronoun"  antetype="entity" />
<markable id="markable_79" span="word_694..word_695" coref_class="set_43"  mmax_level="coref"  nptype="antecedent"  mention="np" />
<markable id="markable_34" span="word_286" coref_class="set_23"  mmax_level="coref"  nptype="antecedent"  mention="np" />
<markable id="markable_78" span="word_697" type_of_pronoun="demonstrative"  split="simple antecedent"  agreement="none"  coref_class="set_43"  mmax_level="coref"  position="none"  type="anaphoric"  mention="pronoun"  antetype="entity" />
<markable id="markable_33" span="word_275" type_of_pronoun="possessive"  split="simple antecedent"  agreement="they (sg.)"  coref_class="set_21"  mmax_level="coref"  position="it (non-subject)"  type="anaphoric"  mention="pronoun"  antetype="entity" />
<markable id="markable_77" span="word_688" type_of_pronoun="possessive"  split="simple antecedent"  agreement="they (pl.)"  coref_class="set_42"  mmax_level="coref"  position="it (non-subject)"  type="anaphoric"  mention="pronoun"  antetype="entity" />
<markable id="markable_39" span="word_315" type_of_pronoun="personal"  split="simple antecedent"  agreement="they (pl.)"  coref_class="set_23"  mmax_level="coref"  position="it (non-subject)"  type="anaphoric"  mention="pronoun"  antetype="entity" />
<markable id="markable_38" span="word_312" type_of_pronoun="possessive"  split="simple antecedent"  agreement="they (pl.)"  coref_class="set_23"  mmax_level="coref"  position="it (non-subject)"  type="anaphoric"  mention="pronoun"  antetype="entity" />
<markable id="markable_37" span="word_309" type_of_pronoun="possessive"  split="simple antecedent"  agreement="they (pl.)"  coref_class="set_23"  mmax_level="coref"  position="it (subject)"  type="anaphoric"  mention="pronoun"  antetype="entity" />
<markable id="markable_19" span="word_129..word_130" coref_class="set_13"  mmax_level="coref"  nptype="antecedent"  mention="np" />
<markable id="markable_60" span="word_520" type_of_pronoun="personal"  split="simple antecedent"  agreement="none"  coref_class="set_34"  mmax_level="coref"  position="it (non-subject)"  type="anaphoric"  mention="pronoun"  antetype="event" />
<markable id="markable_21" span="word_152" type_of_pronoun="personal"  split="simple antecedent"  agreement="they (sg.)"  coref_class="set_13"  mmax_level="coref"  position="it (subject)"  type="anaphoric"  mention="pronoun"  antetype="entity" />
<markable id="markable_65" span="word_528" type_of_pronoun="personal"  split="simple antecedent"  agreement="they (sg.)"  coref_class="set_36"  mmax_level="coref"  position="it (subject)"  type="anaphoric"  mention="pronoun"  antetype="entity" />
<markable id="markable_20" span="word_132" type_of_pronoun="personal"  split="simple antecedent"  agreement="they (sg.)"  coref_class="set_13"  mmax_level="coref"  position="it (subject)"  type="anaphoric"  mention="pronoun"  antetype="entity" />
<markable id="markable_64" span="word_514..word_515" coref_class="set_38"  mmax_level="coref"  nptype="antecedent"  mention="np" />
<markable id="markable_63" span="word_522" type_of_pronoun="personal"  split="simple antecedent"  agreement="they (pl.)"  coref_class="set_38"  mmax_level="coref"  position="it (subject)"  type="anaphoric"  mention="pronoun"  antetype="entity" />
<markable id="markable_62" span="word_500..word_511" coref_class="set_34"  mmax_level="coref"  clausetype="antecedent"  mention="clause" />
<markable id="markable_25" span="word_190" type_of_pronoun="possessive"  split="simple antecedent"  agreement="they (pl.)"  coref_class="set_16"  mmax_level="coref"  position="it (non-subject)"  type="anaphoric"  mention="pronoun"  antetype="entity" />
<markable id="markable_69" span="word_551" type_of_pronoun="personal"  split="simple antecedent"  agreement="they (pl.)"  coref_class="set_38"  mmax_level="coref"  position="it (subject)"  type="anaphoric"  mention="pronoun"  antetype="entity" />
<markable id="markable_24" span="word_187..word_188" coref_class="set_16"  mmax_level="coref"  nptype="antecedent"  mention="np" />
<markable id="markable_68" span="word_544" type_of_pronoun="personal"  split="simple antecedent"  agreement="they (pl.)"  coref_class="set_38"  mmax_level="coref"  position="it (subject)"  type="anaphoric"  mention="pronoun"  antetype="entity" />
<markable id="markable_23" span="word_168" type_of_pronoun="personal"  split="simple antecedent"  agreement="they (pl.)"  coref_class="set_14"  mmax_level="coref"  position="it (subject)"  type="anaphoric"  mention="pronoun"  antetype="entity" />
<markable id="markable_67" span="word_541" type_of_pronoun="personal"  split="simple antecedent"  agreement="they (pl.)"  coref_class="set_38"  mmax_level="coref"  position="it (subject)"  type="anaphoric"  mention="pronoun"  antetype="entity" />
<markable id="markable_22" span="word_159..word_161" coref_class="set_14"  mmax_level="coref"  nptype="antecedent"  mention="np" />
<markable id="markable_66" span="word_533" type_of_pronoun="personal"  split="simple antecedent"  agreement="they (pl.)"  coref_class="set_38"  mmax_level="coref"  position="it (subject)"  type="anaphoric"  mention="pronoun"  antetype="entity" />
<markable id="markable_29" span="word_221" type_of_pronoun="possessive"  split="simple antecedent"  agreement="they (sg.)"  coref_class="set_19"  mmax_level="coref"  position="it (non-subject)"  type="anaphoric"  mention="pronoun"  antetype="entity" />
<markable id="markable_28" span="word_201..word_202" coref_class="set_19"  mmax_level="coref"  nptype="antecedent"  mention="np" />
<markable id="markable_27" span="word_218" type_of_pronoun="personal"  split="simple antecedent"  agreement="they (sg.)"  coref_class="set_19"  mmax_level="coref"  position="it (subject)"  type="anaphoric"  mention="pronoun"  antetype="entity" />
<markable id="markable_26" span="word_192" type_of_pronoun="relative"  split="simple antecedent"  agreement="they (pl.)"  coref_class="set_16"  mmax_level="coref"  position="it (subject)"  type="anaphoric"  mention="pronoun"  antetype="entity" />
<markable id="markable_1" span="word_15" coref_class="set_2"  mmax_level="coref"  nptype="antecedent"  mention="np" />
<markable id="markable_3" span="word_33" type_of_pronoun="personal"  split="simple antecedent"  agreement="they (pl.)"  coref_class="set_2"  mmax_level="coref"  position="it (subject)"  type="anaphoric"  mention="pronoun"  antetype="entity" />
<markable id="markable_2" span="word_20" type_of_pronoun="possessive"  split="simple antecedent"  agreement="they (pl.)"  coref_class="set_2"  mmax_level="coref"  position="it (non-subject)"  type="anaphoric"  mention="pronoun"  antetype="entity" />
<markable id="markable_5" span="word_48..word_49" coref_class="set_4"  mmax_level="coref"  nptype="antecedent"  mention="np" />
<markable id="markable_4" span="word_38" type_of_pronoun="personal"  split="simple antecedent"  agreement="they (pl.)"  coref_class="set_2"  mmax_level="coref"  position="it (subject)"  type="anaphoric"  mention="pronoun"  antetype="entity" />
<markable id="markable_7" span="word_65" type_of_pronoun="personal"  split="simple antecedent"  agreement="they (pl.)"  coref_class="set_4"  mmax_level="coref"  position="it (non-subject)"  type="anaphoric"  mention="pronoun"  antetype="entity" />
<markable id="markable_6" span="word_60" type_of_pronoun="personal"  split="simple antecedent"  agreement="they (pl.)"  coref_class="set_4"  mmax_level="coref"  position="it (non-subject)"  type="anaphoric"  mention="pronoun"  antetype="entity" />
<markable id="markable_50" span="word_376" type_of_pronoun="personal"  split="simple antecedent"  agreement="they (pl.)"  coref_class="set_29"  mmax_level="coref"  position="it (non-subject)"  type="anaphoric"  mention="pronoun"  antetype="entity" />
<markable id="markable_10" span="word_83" type_of_pronoun="possessive"  split="simple antecedent"  agreement="they (sg.)"  coref_class="set_6"  mmax_level="coref"  position="it (non-subject)"  type="anaphoric"  mention="pronoun"  antetype="entity" />
<markable id="markable_54" span="word_432" type_of_pronoun="demonstrative"  split="simple antecedent"  agreement="they (sg.)"  coref_class="set_28"  mmax_level="coref"  position="it (subject)"  type="anaphoric"  mention="pronoun"  antetype="entity" />
<markable id="markable_53" span="word_425" type_of_pronoun="possessive"  split="simple antecedent"  agreement="they (pl.)"  coref_class="set_31"  mmax_level="coref"  position="it (non-subject)"  type="anaphoric"  mention="pronoun"  antetype="entity" />
<markable id="markable_52" span="word_418..word_419" coref_class="set_31"  mmax_level="coref"  nptype="antecedent"  mention="np" />
<markable id="markable_51" span="word_384" type_of_pronoun="personal"  split="simple antecedent"  agreement="they (pl.)"  coref_class="set_29"  mmax_level="coref"  position="it (subject)"  type="anaphoric"  mention="pronoun"  antetype="entity" />
<markable id="markable_14" span="word_97" type_of_pronoun="possessive"  split="simple antecedent"  agreement="they (sg.)"  coref_class="set_8"  mmax_level="coref"  position="it (subject)"  type="anaphoric"  mention="pronoun"  antetype="entity" />
<markable id="markable_58" span="word_496" type_of_pronoun="personal"  split="simple antecedent"  agreement="they (sg.)"  coref_class="set_36"  mmax_level="coref"  position="it (subject)"  type="anaphoric"  mention="pronoun"  antetype="entity" />
<markable id="markable_13" span="word_93" type_of_pronoun="possessive"  split="simple antecedent"  agreement="they (sg.)"  coref_class="set_8"  mmax_level="coref"  position="it (subject)"  type="anaphoric"  mention="pronoun"  antetype="entity" />
<markable id="markable_57" span="word_453..word_454" coref_class="set_32"  mmax_level="coref"  nptype="antecedent"  mention="np" />
<markable id="markable_12" span="word_79..word_81" coref_class="set_8"  mmax_level="coref"  nptype="antecedent"  mention="np" />
<markable id="markable_56" span="word_471" type_of_pronoun="personal"  split="simple antecedent"  agreement="they (pl.)"  coref_class="set_32"  mmax_level="coref"  position="it (subject)"  type="anaphoric"  mention="pronoun"  antetype="entity" />
<markable id="markable_11" span="word_86" type_of_pronoun="personal"  split="simple antecedent"  agreement="they (sg.)"  coref_class="set_8"  mmax_level="coref"  position="it (subject)"  type="anaphoric"  mention="pronoun"  antetype="entity" />
<markable id="markable_55" span="word_437" type_of_pronoun="personal"  split="simple antecedent"  agreement="they (pl.)"  coref_class="set_31"  mmax_level="coref"  position="it (subject)"  type="anaphoric"  mention="pronoun"  antetype="entity" />
<markable id="markable_18" span="word_111" type_of_pronoun="personal"  split="simple antecedent"  agreement="they (sg.)"  coref_class="set_11"  mmax_level="coref"  position="it (subject)"  type="anaphoric"  mention="pronoun"  antetype="entity" />
<markable id="markable_17" span="word_107" type_of_pronoun="personal"  split="simple antecedent"  agreement="they (sg.)"  coref_class="set_11"  mmax_level="coref"  position="it (subject)"  type="anaphoric"  mention="pronoun"  antetype="entity" />
<markable id="markable_16" span="word_105" type_of_pronoun="personal"  split="simple antecedent"  agreement="they (sg.)"  coref_class="set_11"  mmax_level="coref"  position="it (subject)"  type="anaphoric"  mention="pronoun"  antetype="entity" />
<markable id="markable_15" span="word_97..word_98" coref_class="set_11"  mmax_level="coref"  nptype="antecedent"  mention="np" />
<markable id="markable_59" span="word_447" coref_class="set_36"  mmax_level="coref"  nptype="antecedent"  mention="np" />
<markable id="markable_9" span="word_79" type_of_pronoun="possessive"  split="simple antecedent"  agreement="they (sg.)"  coref_class="set_6"  mmax_level="coref"  position="it (non-subject)"  type="anaphoric"  mention="pronoun"  antetype="entity" />
<markable id="markable_8" span="word_76..word_77" coref_class="set_6"  mmax_level="coref"  nptype="antecedent"  mention="np" />
<markable id="markable_81" span="word_787" type_of_pronoun="demonstrative"  split="simple antecedent"  agreement="none"  coref_class="set_44"  mmax_level="coref"  position="it (subject)"  type="anaphoric"  mention="pronoun"  antetype="event" />
<markable id="markable_80" span="word_777..word_785" coref_class="set_44"  mmax_level="coref"  clausetype="antecedent"  mention="clause" />
<markable id="markable_43" span="word_338..word_339" coref_class="set_29"  mmax_level="coref"  nptype="antecedent"  mention="np" />
<markable id="markable_42" span="word_283" coref_class="set_24"  mmax_level="coref"  nptype="antecedent"  mention="np" />
<markable id="markable_41" span="word_323" type_of_pronoun="personal"  split="simple antecedent"  agreement="they (sg.)"  coref_class="set_24"  mmax_level="coref"  position="it (subject)"  type="anaphoric"  mention="pronoun"  antetype="entity" />
<markable id="markable_40" span="word_318" type_of_pronoun="personal"  split="simple antecedent"  agreement="they (pl.)"  coref_class="set_23"  mmax_level="coref"  position="it (non-subject)"  type="anaphoric"  mention="pronoun"  antetype="entity" />
<markable id="markable_47" span="word_374" type_of_pronoun="demonstrative"  split="split reference"  agreement="they (sg.)"  coref_class="set_28"  mmax_level="coref"  position="it (subject)"  type="anaphoric"  mention="pronoun" />
<markable id="markable_46" span="word_358" type_of_pronoun="personal"  split="simple antecedent"  agreement="they (pl.)"  coref_class="set_29"  mmax_level="coref"  position="it (subject)"  type="anaphoric"  mention="pronoun"  antetype="entity" />
<markable id="markable_45" span="word_354" type_of_pronoun="possessive"  split="simple antecedent"  agreement="they (pl.)"  coref_class="set_29"  mmax_level="coref"  position="it (non-subject)"  type="anaphoric"  mention="pronoun"  antetype="entity" />
<markable id="markable_44" span="word_345" type_of_pronoun="personal"  split="simple antecedent"  agreement="they (pl.)"  coref_class="set_29"  mmax_level="coref"  position="it (subject)"  type="anaphoric"  mention="pronoun"  antetype="entity" />
<markable id="markable_49" span="word_360..word_372" coref_class="set_28"  mmax_level="coref"  nptype="antecedent"  mention="np" />
<markable id="markable_48" span="word_380" type_of_pronoun="personal"  split="simple antecedent"  agreement="they (sg.)"  coref_class="set_28"  mmax_level="coref"  position="it (subject)"  type="anaphoric"  mention="pronoun"  antetype="entity" />
</markables>