<?xml version="1.0" encoding="UTF-8" ?>
<!DOCTYPE markables SYSTEM "markables.dtd">
<markables xmlns="www.eml.org/NameSpaces/sentence">
<markable mmax_level="sentence" orderid="0" id="markable_0" span="word_1..word_23" />
<markable mmax_level="sentence" orderid="1" id="markable_1" span="word_24..word_41" />
<markable mmax_level="sentence" orderid="2" id="markable_2" span="word_42..word_53" />
<markable mmax_level="sentence" orderid="3" id="markable_3" span="word_54..word_67" />
<markable mmax_level="sentence" orderid="4" id="markable_4" span="word_68..word_82" />
<markable mmax_level="sentence" orderid="5" id="markable_5" span="word_83..word_89" />
<markable mmax_level="sentence" orderid="6" id="markable_6" span="word_90..word_100" />
<markable mmax_level="sentence" orderid="7" id="markable_7" span="word_101..word_132" />
<markable mmax_level="sentence" orderid="8" id="markable_8" span="word_133..word_143" />
<markable mmax_level="sentence" orderid="9" id="markable_9" span="word_144..word_153" />
<markable mmax_level="sentence" orderid="10" id="markable_10" span="word_154..word_182" />
<markable mmax_level="sentence" orderid="11" id="markable_11" span="word_183..word_215" />
<markable mmax_level="sentence" orderid="12" id="markable_12" span="word_216..word_233" />
<markable mmax_level="sentence" orderid="13" id="markable_13" span="word_234..word_300" />
<markable mmax_level="sentence" orderid="14" id="markable_14" span="word_301..word_309" />
<markable mmax_level="sentence" orderid="15" id="markable_15" span="word_310..word_336" />
<markable mmax_level="sentence" orderid="16" id="markable_16" span="word_337..word_345" />
<markable mmax_level="sentence" orderid="17" id="markable_17" span="word_346..word_371" />
<markable mmax_level="sentence" orderid="18" id="markable_18" span="word_372..word_380" />
<markable mmax_level="sentence" orderid="19" id="markable_19" span="word_381..word_432" />
<markable mmax_level="sentence" orderid="20" id="markable_20" span="word_433..word_442" />
<markable mmax_level="sentence" orderid="21" id="markable_21" span="word_443..word_461" />
<markable mmax_level="sentence" orderid="22" id="markable_22" span="word_462..word_468" />
<markable mmax_level="sentence" orderid="23" id="markable_23" span="word_469..word_490" />
<markable mmax_level="sentence" orderid="24" id="markable_24" span="word_491..word_508" />
<markable mmax_level="sentence" orderid="25" id="markable_25" span="word_509..word_526" />
<markable mmax_level="sentence" orderid="26" id="markable_26" span="word_527..word_551" />
<markable mmax_level="sentence" orderid="27" id="markable_27" span="word_552..word_571" />
<markable mmax_level="sentence" orderid="28" id="markable_28" span="word_572..word_586" />
<markable mmax_level="sentence" orderid="29" id="markable_29" span="word_587..word_595" />
<markable mmax_level="sentence" orderid="30" id="markable_30" span="word_596..word_618" />
<markable mmax_level="sentence" orderid="31" id="markable_31" span="word_619..word_639" />
<markable mmax_level="sentence" orderid="32" id="markable_32" span="word_640..word_660" />
<markable mmax_level="sentence" orderid="33" id="markable_33" span="word_661..word_673" />
<markable mmax_level="sentence" orderid="34" id="markable_34" span="word_674..word_704" />
<markable mmax_level="sentence" orderid="35" id="markable_35" span="word_705..word_726" />
<markable mmax_level="sentence" orderid="36" id="markable_36" span="word_727..word_757" />
<markable mmax_level="sentence" orderid="37" id="markable_37" span="word_758..word_782" />
<markable mmax_level="sentence" orderid="38" id="markable_38" span="word_783..word_804" />
<markable mmax_level="sentence" orderid="39" id="markable_39" span="word_805..word_832" />
<markable mmax_level="sentence" orderid="40" id="markable_40" span="word_833..word_864" />
<markable mmax_level="sentence" orderid="41" id="markable_41" span="word_865..word_883" />
<markable mmax_level="sentence" orderid="42" id="markable_42" span="word_884..word_897" />
<markable mmax_level="sentence" orderid="43" id="markable_43" span="word_898..word_914" />
<markable mmax_level="sentence" orderid="44" id="markable_44" span="word_915..word_931" />
<markable mmax_level="sentence" orderid="45" id="markable_45" span="word_932..word_953" />
<markable mmax_level="sentence" orderid="46" id="markable_46" span="word_954..word_966" />
<markable mmax_level="sentence" orderid="47" id="markable_47" span="word_967..word_988" />
<markable mmax_level="sentence" orderid="48" id="markable_48" span="word_989..word_995" />
<markable mmax_level="sentence" orderid="49" id="markable_49" span="word_996..word_1007" />
<markable mmax_level="sentence" orderid="50" id="markable_50" span="word_1008..word_1038" />
<markable mmax_level="sentence" orderid="51" id="markable_51" span="word_1039..word_1056" />
<markable mmax_level="sentence" orderid="52" id="markable_52" span="word_1057..word_1090" />
<markable mmax_level="sentence" orderid="53" id="markable_53" span="word_1091..word_1102" />
<markable mmax_level="sentence" orderid="54" id="markable_54" span="word_1103..word_1108" />
<markable mmax_level="sentence" orderid="55" id="markable_55" span="word_1109..word_1120" />
<markable mmax_level="sentence" orderid="56" id="markable_56" span="word_1121..word_1147" />
<markable mmax_level="sentence" orderid="57" id="markable_57" span="word_1148..word_1162" />
<markable mmax_level="sentence" orderid="58" id="markable_58" span="word_1163..word_1177" />
<markable mmax_level="sentence" orderid="59" id="markable_59" span="word_1178..word_1213" />
<markable mmax_level="sentence" orderid="60" id="markable_60" span="word_1214..word_1284" />
<markable mmax_level="sentence" orderid="61" id="markable_61" span="word_1285..word_1295" />
<markable mmax_level="sentence" orderid="62" id="markable_62" span="word_1296..word_1330" />
<markable mmax_level="sentence" orderid="63" id="markable_63" span="word_1331..word_1354" />
<markable mmax_level="sentence" orderid="64" id="markable_64" span="word_1355..word_1366" />
<markable mmax_level="sentence" orderid="65" id="markable_65" span="word_1367..word_1385" />
<markable mmax_level="sentence" orderid="66" id="markable_66" span="word_1386..word_1405" />
<markable mmax_level="sentence" orderid="67" id="markable_67" span="word_1406..word_1418" />
<markable mmax_level="sentence" orderid="68" id="markable_68" span="word_1419..word_1426" />
<markable mmax_level="sentence" orderid="69" id="markable_69" span="word_1427..word_1462" />
<markable mmax_level="sentence" orderid="70" id="markable_70" span="word_1463..word_1479" />
<markable mmax_level="sentence" orderid="71" id="markable_71" span="word_1480..word_1488" />
<markable mmax_level="sentence" orderid="72" id="markable_72" span="word_1489..word_1535" />
<markable mmax_level="sentence" orderid="73" id="markable_73" span="word_1536..word_1550" />
<markable mmax_level="sentence" orderid="74" id="markable_74" span="word_1551..word_1563" />
<markable mmax_level="sentence" orderid="75" id="markable_75" span="word_1564..word_1576" />
<markable mmax_level="sentence" orderid="76" id="markable_76" span="word_1577..word_1604" />
<markable mmax_level="sentence" orderid="77" id="markable_77" span="word_1605..word_1637" />
<markable mmax_level="sentence" orderid="78" id="markable_78" span="word_1638..word_1682" />
<markable mmax_level="sentence" orderid="79" id="markable_79" span="word_1683..word_1749" />
<markable mmax_level="sentence" orderid="80" id="markable_80" span="word_1750..word_1760" />
<markable mmax_level="sentence" orderid="81" id="markable_81" span="word_1761..word_1766" />
<markable mmax_level="sentence" orderid="82" id="markable_82" span="word_1767..word_1805" />
<markable mmax_level="sentence" orderid="83" id="markable_83" span="word_1806..word_1826" />
<markable mmax_level="sentence" orderid="84" id="markable_84" span="word_1827..word_1842" />
<markable mmax_level="sentence" orderid="85" id="markable_85" span="word_1843..word_1853" />
<markable mmax_level="sentence" orderid="86" id="markable_86" span="word_1854..word_1865" />
<markable mmax_level="sentence" orderid="87" id="markable_87" span="word_1866..word_1891" />
<markable mmax_level="sentence" orderid="88" id="markable_88" span="word_1892..word_1907" />
<markable mmax_level="sentence" orderid="89" id="markable_89" span="word_1908..word_1918" />
<markable mmax_level="sentence" orderid="90" id="markable_90" span="word_1919..word_1928" />
<markable mmax_level="sentence" orderid="91" id="markable_91" span="word_1929..word_1937" />
<markable mmax_level="sentence" orderid="92" id="markable_92" span="word_1938..word_1955" />
<markable mmax_level="sentence" orderid="93" id="markable_93" span="word_1956..word_1961" />
<markable mmax_level="sentence" orderid="94" id="markable_94" span="word_1962..word_1985" />
<markable mmax_level="sentence" orderid="95" id="markable_95" span="word_1986..word_1995" />
<markable mmax_level="sentence" orderid="96" id="markable_96" span="word_1996..word_2003" />
<markable mmax_level="sentence" orderid="97" id="markable_97" span="word_2004..word_2018" />
<markable mmax_level="sentence" orderid="98" id="markable_98" span="word_2019..word_2049" />
<markable mmax_level="sentence" orderid="99" id="markable_99" span="word_2050..word_2080" />
<markable mmax_level="sentence" orderid="100" id="markable_100" span="word_2081..word_2104" />
<markable mmax_level="sentence" orderid="101" id="markable_101" span="word_2105..word_2116" />
<markable mmax_level="sentence" orderid="102" id="markable_102" span="word_2117..word_2129" />
<markable mmax_level="sentence" orderid="103" id="markable_103" span="word_2130..word_2138" />
<markable mmax_level="sentence" orderid="104" id="markable_104" span="word_2139..word_2146" />
<markable mmax_level="sentence" orderid="105" id="markable_105" span="word_2147..word_2154" />
<markable mmax_level="sentence" orderid="106" id="markable_106" span="word_2155..word_2165" />
<markable mmax_level="sentence" orderid="107" id="markable_107" span="word_2166..word_2178" />
<markable mmax_level="sentence" orderid="108" id="markable_108" span="word_2179..word_2189" />
<markable mmax_level="sentence" orderid="109" id="markable_109" span="word_2190..word_2195" />
<markable mmax_level="sentence" orderid="110" id="markable_110" span="word_2196..word_2208" />
<markable mmax_level="sentence" orderid="111" id="markable_111" span="word_2209..word_2225" />
<markable mmax_level="sentence" orderid="112" id="markable_112" span="word_2226..word_2247" />
<markable mmax_level="sentence" orderid="113" id="markable_113" span="word_2248..word_2269" />
<markable mmax_level="sentence" orderid="114" id="markable_114" span="word_2270..word_2278" />
<markable mmax_level="sentence" orderid="115" id="markable_115" span="word_2279..word_2351" />
<markable mmax_level="sentence" orderid="116" id="markable_116" span="word_2352..word_2365" />
<markable mmax_level="sentence" orderid="117" id="markable_117" span="word_2366..word_2373" />
<markable mmax_level="sentence" orderid="118" id="markable_118" span="word_2374..word_2385" />
<markable mmax_level="sentence" orderid="119" id="markable_119" span="word_2386..word_2396" />
<markable mmax_level="sentence" orderid="120" id="markable_120" span="word_2397..word_2434" />
<markable mmax_level="sentence" orderid="121" id="markable_121" span="word_2435..word_2456" />
<markable mmax_level="sentence" orderid="122" id="markable_122" span="word_2457..word_2492" />
<markable mmax_level="sentence" orderid="123" id="markable_123" span="word_2493..word_2497" />
<markable mmax_level="sentence" orderid="124" id="markable_124" span="word_2498..word_2519" />
<markable mmax_level="sentence" orderid="125" id="markable_125" span="word_2520..word_2541" />
<markable mmax_level="sentence" orderid="126" id="markable_126" span="word_2542..word_2577" />
<markable mmax_level="sentence" orderid="127" id="markable_127" span="word_2578..word_2601" />
<markable mmax_level="sentence" orderid="128" id="markable_128" span="word_2602..word_2608" />
<markable mmax_level="sentence" orderid="129" id="markable_129" span="word_2609..word_2616" />
<markable mmax_level="sentence" orderid="130" id="markable_130" span="word_2617..word_2634" />
<markable mmax_level="sentence" orderid="131" id="markable_131" span="word_2635..word_2641" />
<markable mmax_level="sentence" orderid="132" id="markable_132" span="word_2642..word_2676" />
<markable mmax_level="sentence" orderid="133" id="markable_133" span="word_2677..word_2681" />
<markable mmax_level="sentence" orderid="134" id="markable_134" span="word_2682..word_2690" />
<markable mmax_level="sentence" orderid="135" id="markable_135" span="word_2691..word_2698" />
<markable mmax_level="sentence" orderid="136" id="markable_136" span="word_2699..word_2716" />
<markable mmax_level="sentence" orderid="137" id="markable_137" span="word_2717..word_2745" />
<markable mmax_level="sentence" orderid="138" id="markable_138" span="word_2746..word_2760" />
<markable mmax_level="sentence" orderid="139" id="markable_139" span="word_2761..word_2775" />
<markable mmax_level="sentence" orderid="140" id="markable_140" span="word_2776..word_2812" />
<markable mmax_level="sentence" orderid="141" id="markable_141" span="word_2813..word_2847" />
<markable mmax_level="sentence" orderid="142" id="markable_142" span="word_2848..word_2857" />
<markable mmax_level="sentence" orderid="143" id="markable_143" span="word_2858..word_2886" />
<markable mmax_level="sentence" orderid="144" id="markable_144" span="word_2887..word_2904" />
<markable mmax_level="sentence" orderid="145" id="markable_145" span="word_2905..word_2923" />
<markable mmax_level="sentence" orderid="146" id="markable_146" span="word_2924..word_2943" />
<markable mmax_level="sentence" orderid="147" id="markable_147" span="word_2944..word_2977" />
<markable mmax_level="sentence" orderid="148" id="markable_148" span="word_2978..word_2982" />
</markables>
