<?xml version="1.0" encoding="utf-8"?>
<!DOCTYPE markables SYSTEM "markables.dtd">
<markables xmlns="www.eml.org/NameSpaces/coref">
<markable id="markable_904" span="word_872..word_876" coref_class="set_163"  mmax_level="coref"  nptype="antecedent"  mention="np" />
<markable id="markable_903" span="word_865" type_of_pronoun="demonstrative"  split="simple antecedent"  agreement="none"  coref_class="set_162"  mmax_level="coref"  position="it (subject)"  type="anaphoric"  mention="pronoun"  antetype="event" />
<markable id="markable_906" span="word_874..word_875" coref_class="set_164"  mmax_level="coref"  nptype="antecedent"  mention="np" />
<markable id="markable_905" span="word_877" type_of_pronoun="relative"  split="simple antecedent"  agreement="they (sg.)"  coref_class="set_163"  mmax_level="coref"  position="it (subject)"  type="anaphoric"  mention="pronoun"  antetype="entity" />
<markable id="markable_900" span="word_823..word_824" coref_class="set_161"  mmax_level="coref"  nptype="antecedent"  mention="np" />
<markable id="markable_902" span="word_854..word_864" coref_class="set_162"  mmax_level="coref"  clausetype="antecedent"  mention="clause" />
<markable id="markable_901" span="word_854..word_855" npmod="demonstrative"  split="simple antecedent"  coref_class="set_161"  mmax_level="coref"  nptype="np"  anacata="anaphoric"  mention="np"  antetype="entity" />
<markable id="markable_908" span="word_903" type_of_pronoun="relative"  split="simple antecedent"  agreement="they (pl.)"  coref_class="set_165"  mmax_level="coref"  position="it (subject)"  type="anaphoric"  mention="pronoun"  antetype="entity" />
<markable id="markable_907" span="word_902" coref_class="set_165"  mmax_level="coref"  nptype="antecedent"  mention="np" />
<markable id="markable_909" span="word_932..word_944" coref_class="set_166"  mmax_level="coref"  clausetype="antecedent"  mention="clause" />
<markable id="markable_920" span="word_1183..word_1200" coref_class="set_172"  mmax_level="coref"  clausetype="antecedent"  mention="clause" />
<markable id="markable_915" span="word_1121..word_1122" split="simple antecedent"  coref_class="set_169"  comparative="gen"  mmax_level="coref"  nptype="comparative"  mention="np"  antetype="entity" />
<markable id="markable_914" span="word_1115" coref_class="set_169"  mmax_level="coref"  nptype="antecedent"  mention="np" />
<markable id="markable_917" span="word_1158..word_1159" split="simple antecedent"  coref_class="set_170"  comparative="gen"  mmax_level="coref"  nptype="comparative"  mention="np"  antetype="entity" />
<markable id="markable_916" span="word_1153" coref_class="set_170"  mmax_level="coref"  nptype="antecedent"  mention="np" />
<markable id="markable_911" span="word_1017..word_1019" coref_class="set_167"  mmax_level="coref"  nptype="antecedent"  mention="np" />
<markable id="markable_910" span="word_952" type_of_pronoun="demonstrative"  split="simple antecedent"  agreement="none"  coref_class="set_166"  mmax_level="coref"  position="it (non-subject)"  type="anaphoric"  mention="pronoun"  antetype="event" />
<markable id="markable_913" span="word_1109..word_1119" coref_class="set_168"  mmax_level="coref"  clausetype="antecedent"  mention="clause" />
<markable id="markable_912" span="word_1020" type_of_pronoun="relative"  split="simple antecedent"  agreement="they (pl.)"  coref_class="set_167"  mmax_level="coref"  position="it (subject)"  type="anaphoric"  mention="pronoun"  antetype="entity" />
<markable id="markable_35" span="word_134" audience="all-inclusive we"  coref_class="empty"  mmax_level="coref"  type="speaker reference"  mention="pronoun" />
<markable id="markable_919" span="word_1209..word_1211" npmod="demonstrative"  split="simple antecedent"  coref_class="set_170"  mmax_level="coref"  nptype="np"  anacata="anaphoric"  mention="np"  antetype="entity" />
<markable id="markable_918" span="word_1150..word_1161" coref_class="set_171"  mmax_level="coref"  clausetype="antecedent"  mention="clause" />
<markable id="markable_38" span="word_144" audience="all-inclusive we"  coref_class="empty"  mmax_level="coref"  type="speaker reference"  mention="pronoun" />
<markable id="markable_19" span="word_68" audience="all-inclusive we"  coref_class="empty"  mmax_level="coref"  type="speaker reference"  mention="pronoun" />
<markable id="markable_810" span="word_277" coref_class="empty"  mmax_level="coref"  type="speaker reference"  mention="pronoun" />
<markable id="markable_931" span="word_1758..word_1759" npmod="demonstrative"  split="simple antecedent"  coref_class="set_181"  mmax_level="coref"  nptype="np"  anacata="anaphoric"  mention="np"  antetype="entity" />
<markable id="markable_930" span="word_1712..word_1748" coref_class="set_178"  vptype="antecedent"  mmax_level="coref"  mention="vp" />
<markable id="markable_926" span="word_1543..word_1549" coref_class="set_176"  mmax_level="coref"  nptype="antecedent"  mention="np" />
<markable id="markable_925" span="word_1420" type_of_pronoun="demonstrative"  split="simple antecedent"  agreement="none"  coref_class="set_175"  mmax_level="coref"  position="it (subject)"  type="anaphoric"  mention="pronoun"  antetype="event" />
<markable id="markable_807" span="word_38" audience="none"  coref_class="empty"  mmax_level="coref"  type="speaker reference"  mention="pronoun" />
<markable id="markable_928" span="word_1587..word_1591" coref_class="set_177"  mmax_level="coref"  nptype="antecedent"  mention="np" />
<markable id="markable_927" span="word_1552" type_of_pronoun="demonstrative"  split="simple antecedent"  agreement="none"  coref_class="set_176"  mmax_level="coref"  position="it (subject)"  type="anaphoric"  mention="pronoun"  antetype="event" />
<markable id="markable_922" span="word_1339" type_of_pronoun="relative"  split="simple antecedent"  agreement="they (pl.)"  coref_class="set_173"  mmax_level="coref"  position="it (subject)"  type="anaphoric"  mention="pronoun"  antetype="entity" />
<markable id="markable_921" span="word_1337..word_1338" coref_class="set_173"  mmax_level="coref"  nptype="antecedent"  mention="np" />
<markable id="markable_924" span="word_1410..word_1416" coref_class="set_175"  mmax_level="coref"  clausetype="antecedent"  mention="clause" />
<markable id="markable_923" span="word_1334..word_1353" coref_class="set_174"  mmax_level="coref"  clausetype="antecedent"  mention="clause" />
<markable id="markable_25" span="word_90" audience="all-inclusive we"  coref_class="empty"  mmax_level="coref"  type="speaker reference"  mention="pronoun" />
<markable id="markable_23" span="word_84" type_of_pronoun="demonstrative"  split="simple antecedent"  agreement="they (sg.)"  coref_class="set_146"  mmax_level="coref"  position="it (subject)"  type="anaphoric"  mention="pronoun"  antetype="entity" />
<markable id="markable_809" span="word_244" coref_class="empty"  mmax_level="coref"  type="speaker reference"  mention="pronoun" />
<markable id="markable_808" span="word_65" audience="none"  coref_class="empty"  mmax_level="coref"  type="speaker reference"  mention="pronoun" />
<markable id="markable_929" span="word_1592" type_of_pronoun="relative"  split="simple antecedent"  agreement="they (pl.)"  coref_class="set_177"  mmax_level="coref"  position="it (subject)"  type="anaphoric"  mention="pronoun"  antetype="entity" />
<markable id="markable_940" span="word_2022..word_2023" npmod="demonstrative"  split="simple antecedent"  coref_class="set_185"  mmax_level="coref"  nptype="np"  anacata="anaphoric"  mention="np"  antetype="entity" />
<markable id="markable_700" span="word_2826" type_of_pronoun="personal"  split="simple antecedent"  agreement="they (sg.)"  coref_class="set_127"  mmax_level="coref"  position="it (subject)"  type="anaphoric"  mention="pronoun"  antetype="entity" />
<markable id="markable_821" span="word_1080" type_of_pronoun="possessive"  split="simple antecedent"  agreement="they (pl.)"  coref_class="set_35"  mmax_level="coref"  position="it (non-subject)"  type="anaphoric"  mention="pronoun"  antetype="entity" />
<markable id="markable_942" span="word_2196..word_2197" npmod="demonstrative"  split="simple antecedent"  coref_class="set_92"  mmax_level="coref"  nptype="np"  anacata="anaphoric"  mention="np"  antetype="entity" />
<markable id="markable_820" span="word_911" audience="none"  coref_class="empty"  mmax_level="coref"  type="speaker reference"  mention="pronoun" />
<markable id="markable_941" span="word_2035..word_2036" npmod="demonstrative"  split="simple antecedent"  coref_class="set_185"  mmax_level="coref"  nptype="np"  anacata="anaphoric"  mention="np"  antetype="entity" />
<markable id="markable_816" span="word_830" audience="none"  agreement="none"  coref_class="empty"  mmax_level="coref"  position="none"  type="addressee reference"  mention="pronoun" />
<markable id="markable_937" span="word_1867..word_1890" coref_class="set_183"  mmax_level="coref"  clausetype="antecedent"  mention="clause" />
<markable id="markable_815" span="word_816" audience="none"  agreement="none"  coref_class="empty"  mmax_level="coref"  position="none"  type="addressee reference"  mention="pronoun" />
<markable id="markable_936" span="word_1882" type_of_pronoun="relative"  split="simple antecedent"  agreement="they (pl.)"  coref_class="set_182"  mmax_level="coref"  position="it (subject)"  type="anaphoric"  mention="pronoun"  antetype="entity" />
<markable id="markable_818" span="word_841" audience="none"  agreement="none"  coref_class="empty"  mmax_level="coref"  position="none"  type="addressee reference"  mention="pronoun" />
<markable id="markable_939" span="word_2010..word_2011" coref_class="set_185"  mmax_level="coref"  nptype="antecedent"  mention="np" />
<markable id="markable_817" span="word_835" audience="none"  agreement="none"  coref_class="empty"  mmax_level="coref"  position="none"  type="addressee reference"  mention="pronoun" />
<markable id="markable_938" span="word_1924..word_1927" type_of_pronoun="personal"  agreement="none"  coref_class="set_184"  mmax_level="coref"  position="none"  type="antecedent"  mention="pronoun" />
<markable id="markable_812" span="word_502" type_of_pronoun="possessive"  split="simple antecedent"  agreement="they (sg.)"  coref_class="set_24"  mmax_level="coref"  position="it (non-subject)"  type="anaphoric"  mention="pronoun"  antetype="entity" />
<markable id="markable_933" span="word_1793..word_1804" coref_class="set_180"  mmax_level="coref"  clausetype="antecedent"  mention="clause" />
<markable id="markable_811" span="word_494" type_of_pronoun="possessive"  split="simple antecedent"  agreement="they (sg.)"  coref_class="set_24"  mmax_level="coref"  position="it (non-subject)"  type="anaphoric"  mention="pronoun"  antetype="entity" />
<markable id="markable_932" span="word_1704" coref_class="set_181"  mmax_level="coref"  nptype="antecedent"  mention="np" />
<markable id="markable_814" span="word_678" audience="none"  coref_class="empty"  mmax_level="coref"  type="speaker reference"  mention="pronoun" />
<markable id="markable_935" span="word_1881" coref_class="set_182"  mmax_level="coref"  nptype="antecedent"  mention="np" />
<markable id="markable_813" span="word_615" type_of_pronoun="possessive"  split="simple antecedent"  agreement="they (sg.)"  coref_class="set_159"  mmax_level="coref"  position="it (non-subject)"  type="anaphoric"  mention="pronoun"  antetype="entity" />
<markable id="markable_934" span="word_1863..word_1864" npmod="def-article"  split="simple antecedent"  coref_class="set_181"  mmax_level="coref"  nptype="np"  anacata="anaphoric"  mention="np"  antetype="entity" />
<markable id="markable_13" span="word_48" audience="all-inclusive we"  coref_class="empty"  mmax_level="coref"  type="speaker reference"  mention="pronoun" />
<markable id="markable_11" span="word_42" audience="all-inclusive we"  coref_class="empty"  mmax_level="coref"  type="speaker reference"  mention="pronoun" />
<markable id="markable_819" span="word_881" audience="none"  agreement="none"  coref_class="empty"  mmax_level="coref"  position="none"  type="addressee reference"  mention="pronoun" />
<markable id="markable_830" span="word_1574" type_of_pronoun="possessive"  split="simple antecedent"  agreement="they (sg.)"  coref_class="set_62"  mmax_level="coref"  position="it (non-subject)"  type="anaphoric"  mention="pronoun"  antetype="entity" />
<markable id="markable_951" span="word_2496" type_of_pronoun="demonstrative"  split="simple antecedent"  agreement="none"  coref_class="set_191"  mmax_level="coref"  position="it (non-subject)"  type="anaphoric"  mention="pronoun"  antetype="event" />
<markable id="markable_950" span="word_2375" type_of_pronoun="demonstrative"  split="simple antecedent"  agreement="they (sg.)"  coref_class="set_190"  mmax_level="coref"  position="it (subject)"  type="anaphoric"  mention="pronoun"  antetype="event" />
<markable id="markable_832" span="word_1650" audience="none"  coref_class="empty"  mmax_level="coref"  type="speaker reference"  mention="pronoun" />
<markable id="markable_831" span="word_1646" audience="none"  coref_class="empty"  mmax_level="coref"  type="speaker reference"  mention="pronoun" />
<markable id="markable_952" span="word_2471..word_2490" coref_class="set_191"  mmax_level="coref"  clausetype="antecedent"  mention="clause" />
<markable id="markable_827" span="word_1430" coref_class="empty"  mmax_level="coref"  type="speaker reference"  mention="pronoun" />
<markable id="markable_705" span="word_2846" type_of_pronoun="personal"  split="simple antecedent"  agreement="they (sg.)"  coref_class="set_127"  mmax_level="coref"  position="it (non-subject)"  type="anaphoric"  mention="pronoun"  antetype="entity" />
<markable id="markable_826" span="word_1423" coref_class="empty"  mmax_level="coref"  type="speaker reference"  mention="pronoun" />
<markable id="markable_708" span="word_2860" coref_class="set_129"  mmax_level="coref"  nptype="antecedent"  mention="np" />
<markable id="markable_829" span="word_1539" type_of_pronoun="possessive"  split="simple antecedent"  agreement="they (sg.)"  coref_class="set_61"  mmax_level="coref"  position="it (non-subject)"  type="anaphoric"  mention="pronoun"  antetype="entity" />
<markable id="markable_707" span="word_2858" audience="all-inclusive we"  coref_class="empty"  mmax_level="coref"  type="speaker reference"  mention="pronoun" />
<markable id="markable_828" span="word_1522" type_of_pronoun="personal"  split="simple antecedent"  agreement="they (sg.)"  coref_class="set_61"  mmax_level="coref"  position="it (subject)"  type="anaphoric"  mention="pronoun"  antetype="entity" />
<markable id="markable_949" span="word_2352..word_2372" coref_class="set_190"  mmax_level="coref"  clausetype="antecedent"  mention="clause" />
<markable id="markable_702" span="word_2834..word_2835" npmod="demonstrative"  split="simple antecedent"  coref_class="set_127"  mmax_level="coref"  nptype="np"  anacata="anaphoric"  mention="np"  antetype="entity" />
<markable id="markable_823" span="word_1191" audience="none"  agreement="none"  coref_class="empty"  mmax_level="coref"  position="none"  type="addressee reference"  mention="pronoun" />
<markable id="markable_944" span="word_2323..word_2324" npmod="demonstrative"  split="simple antecedent"  coref_class="set_188"  mmax_level="coref"  nptype="np"  anacata="anaphoric"  mention="np"  antetype="entity" />
<markable id="markable_701" span="word_2832" audience="all-inclusive we"  coref_class="empty"  mmax_level="coref"  type="speaker reference"  mention="pronoun" />
<markable id="markable_822" span="word_1188" audience="none"  type_of_pronoun="personal"  agreement="none"  coref_class="empty"  mmax_level="coref"  position="none"  type="addressee reference"  mention="pronoun" />
<markable id="markable_943" span="word_2287..word_2288" type_of_pronoun="personal"  agreement="none"  coref_class="set_188"  mmax_level="coref"  position="none"  type="antecedent"  mention="pronoun" />
<markable id="markable_825" span="word_1233" audience="none"  agreement="none"  coref_class="empty"  mmax_level="coref"  position="none"  type="addressee reference"  mention="pronoun" />
<markable id="markable_946" span="word_2279..word_2350" coref_class="set_189"  mmax_level="coref"  clausetype="antecedent"  mention="clause" />
<markable id="markable_824" span="word_1229" audience="none"  agreement="none"  coref_class="empty"  mmax_level="coref"  position="none"  type="addressee reference"  mention="pronoun" />
<markable id="markable_945" span="word_2353" type_of_pronoun="demonstrative"  split="simple antecedent"  agreement="none"  coref_class="set_189"  mmax_level="coref"  position="it (subject)"  type="anaphoric"  mention="pronoun"  antetype="event" />
<markable id="markable_162" span="word_685" audience="none"  coref_class="empty"  mmax_level="coref"  type="speaker reference"  mention="pronoun" />
<markable id="markable_284" span="word_1172" type_of_pronoun="demonstrative"  split="simple antecedent"  agreement="none"  coref_class="set_171"  mmax_level="coref"  position="it (subject)"  type="anaphoric"  mention="pronoun"  antetype="event" />
<markable id="markable_160" span="word_674" type_of_pronoun="personal"  split="simple antecedent"  agreement="they (sg.)"  coref_class="set_159"  mmax_level="coref"  position="it (subject)"  type="anaphoric"  mention="pronoun"  antetype="entity" />
<markable id="markable_280" span="word_1151" audience="generic you"  agreement="you (pl.)"  coref_class="empty"  mmax_level="coref"  position="you (subject)"  type="addressee reference"  mention="pronoun" />
<markable id="markable_287" span="word_1184" audience="generic you"  agreement="you (pl.)"  coref_class="empty"  mmax_level="coref"  position="you (subject)"  type="addressee reference"  mention="pronoun" />
<markable id="markable_286" span="word_1179" type_of_pronoun="personal"  split="simple antecedent"  agreement="none"  coref_class="set_171"  mmax_level="coref"  position="it (subject)"  type="anaphoric"  mention="pronoun"  antetype="event" />
<markable id="markable_177" span="word_742" audience="all-inclusive we"  coref_class="empty"  mmax_level="coref"  type="speaker reference"  mention="pronoun" />
<markable id="markable_297" span="word_1215" type_of_pronoun="demonstrative"  split="simple antecedent"  agreement="none"  coref_class="set_172"  mmax_level="coref"  position="it (subject)"  type="anaphoric"  mention="pronoun"  antetype="event" />
<markable id="markable_299" span="word_1224" audience="deictic you"  agreement="you (sg.)"  coref_class="empty"  mmax_level="coref"  position="you (subject)"  type="addressee reference"  mention="pronoun" />
<markable id="markable_183" span="word_770" audience="all-inclusive we"  coref_class="empty"  mmax_level="coref"  type="speaker reference"  mention="pronoun" />
<markable id="markable_186" span="word_783" audience="all-inclusive we"  coref_class="empty"  mmax_level="coref"  type="speaker reference"  mention="pronoun" />
<markable id="markable_182" span="word_759" audience="generic you"  type_of_pronoun="personal"  agreement="you (pl.)"  coref_class="empty"  mmax_level="coref"  position="you (subject)"  type="addressee reference"  mention="pronoun" />
<markable id="markable_181" span="word_754" type_of_pronoun="personal"  split="simple antecedent"  agreement="they (pl.)"  coref_class="set_160"  mmax_level="coref"  position="it (subject)"  type="anaphoric"  mention="pronoun"  antetype="entity" />
<markable id="markable_5" span="word_22" coref_class="set_1"  mmax_level="coref"  nptype="antecedent"  mention="np" />
<markable id="markable_6" span="word_24" type_of_pronoun="personal"  split="simple antecedent"  agreement="they (sg.)"  coref_class="set_1"  mmax_level="coref"  position="it (subject)"  type="anaphoric"  mention="pronoun"  antetype="entity" />
<markable id="markable_195" span="word_813" audience="deictic you"  agreement="you (sg.)"  coref_class="empty"  mmax_level="coref"  position="you (subject)"  type="addressee reference"  mention="pronoun" />
<markable id="markable_190" span="word_795" audience="all-inclusive we"  coref_class="empty"  mmax_level="coref"  type="speaker reference"  mention="pronoun" />
<markable id="markable_193" span="word_807" audience="deictic you"  agreement="you (pl.)"  coref_class="empty"  mmax_level="coref"  position="you (subject)"  type="addressee reference"  mention="pronoun" />
<markable id="markable_198" span="word_821" audience="deictic you"  agreement="you (pl.)"  coref_class="empty"  mmax_level="coref"  position="you (subject)"  type="addressee reference"  mention="pronoun" />
<markable id="markable_9" span="word_35" type_of_pronoun="personal"  split="simple antecedent"  agreement="they (sg.)"  coref_class="set_1"  mmax_level="coref"  position="it (subject)"  type="anaphoric"  mention="pronoun"  antetype="entity" />
<markable id="markable_560" span="word_2256..word_2257" npmod="demonstrative"  split="simple antecedent"  coref_class="set_188"  mmax_level="coref"  nptype="np"  anacata="anaphoric"  mention="np"  antetype="entity" />
<markable id="markable_680" span="word_2746" audience="all-inclusive we"  coref_class="empty"  mmax_level="coref"  type="speaker reference"  mention="pronoun" />
<markable id="markable_445" span="word_1789" split="simple antecedent"  coref_class="set_71"  mmax_level="coref"  type="nom substitution"  mention="pronoun"  antetype="entity" />
<markable id="markable_687" span="word_2776" audience="none"  agreement="none"  split="simple antecedent"  coref_class="empty"  mmax_level="coref"  nptype="none"  position="none"  type="speaker reference"  sub_apposition="none"  mention="pronoun" />
<markable id="markable_566" span="word_2275" type_of_pronoun="personal"  split="simple antecedent"  agreement="they (pl.)"  coref_class="set_188"  mmax_level="coref"  position="it (subject)"  type="anaphoric"  mention="pronoun"  antetype="entity" />
<markable id="markable_324" span="word_1310..word_1312" coref_class="set_43"  mmax_level="coref"  nptype="antecedent"  mention="np" />
<markable id="markable_444" span="word_1787" type_of_pronoun="personal"  split="simple antecedent"  agreement="they (sg.)"  coref_class="set_71"  mmax_level="coref"  position="it (subject)"  type="anaphoric"  mention="pronoun"  antetype="entity" />
<markable id="markable_689" span="word_2782" audience="all-inclusive we"  coref_class="empty"  mmax_level="coref"  type="speaker reference"  mention="pronoun" />
<markable id="markable_204" span="word_850" coref_class="empty"  mmax_level="coref"  type="pleonastic"  mention="pronoun" />
<markable id="markable_567" span="word_2280" type_of_pronoun="personal"  split="simple antecedent"  agreement="they (pl.)"  coref_class="set_104"  mmax_level="coref"  position="it (subject)"  type="anaphoric"  mention="pronoun"  antetype="entity" />
<markable id="markable_325" span="word_1315" type_of_pronoun="demonstrative"  split="simple antecedent"  agreement="they (sg.)"  coref_class="set_43"  mmax_level="coref"  position="it (subject)"  type="anaphoric"  mention="pronoun"  antetype="entity" />
<markable id="markable_441" span="word_1770..word_1771" coref_class="set_71"  mmax_level="coref"  nptype="antecedent"  mention="np" />
<markable id="markable_562" span="word_2261" type_of_pronoun="personal"  split="simple antecedent"  agreement="they (pl.)"  coref_class="set_104"  mmax_level="coref"  position="it (subject)"  type="anaphoric"  mention="pronoun"  antetype="entity" />
<markable id="markable_440" span="word_1767" audience="all-inclusive we"  coref_class="empty"  mmax_level="coref"  type="speaker reference"  mention="pronoun" />
<markable id="markable_443" span="word_1778" type_of_pronoun="personal"  split="simple antecedent"  agreement="they (sg.)"  coref_class="set_71"  mmax_level="coref"  position="it (subject)"  type="anaphoric"  mention="pronoun"  antetype="entity" />
<markable id="markable_442" span="word_1773" type_of_pronoun="personal"  split="simple antecedent"  agreement="they (sg.)"  coref_class="set_71"  mmax_level="coref"  position="it (subject)"  type="anaphoric"  mention="pronoun"  antetype="entity" />
<markable id="markable_684" span="word_2765" audience="all-inclusive we"  coref_class="empty"  mmax_level="coref"  type="speaker reference"  mention="pronoun" />
<markable id="markable_563" span="word_2266" type_of_pronoun="personal"  split="simple antecedent"  agreement="none"  coref_class="set_188"  mmax_level="coref"  position="it (non-subject)"  type="anaphoric"  mention="pronoun"  antetype="entity" />
<markable id="markable_559" span="word_2253" coref_class="set_104"  mmax_level="coref"  nptype="antecedent"  mention="np" />
<markable id="markable_317" span="word_1281" type_of_pronoun="personal"  split="simple antecedent"  agreement="they (pl.)"  coref_class="set_42"  mmax_level="coref"  position="it (subject)"  type="anaphoric"  mention="pronoun"  antetype="entity" />
<markable id="markable_558" span="word_2250" audience="co-present we"  coref_class="empty"  mmax_level="coref"  type="speaker reference"  mention="pronoun" />
<markable id="markable_316" span="word_1278..word_1279" npmod="demonstrative"  split="simple antecedent"  coref_class="set_42"  mmax_level="coref"  nptype="np"  anacata="anaphoric"  mention="np"  antetype="entity" />
<markable id="markable_691" span="word_2787" audience="all-inclusive we"  coref_class="empty"  mmax_level="coref"  type="speaker reference"  mention="pronoun" />
<markable id="markable_570" span="word_2295" type_of_pronoun="personal"  split="simple antecedent"  agreement="they (pl.)"  coref_class="set_104"  mmax_level="coref"  position="it (subject)"  type="anaphoric"  mention="pronoun"  antetype="entity" />
<markable id="markable_698" span="word_2819" coref_class="set_127"  mmax_level="coref"  nptype="antecedent"  mention="np" />
<markable id="markable_577" span="word_2330" audience="generic you"  agreement="you (pl.)"  coref_class="empty"  mmax_level="coref"  position="you (subject)"  type="addressee reference"  mention="pronoun" />
<markable id="markable_213" span="word_890" audience="none"  coref_class="empty"  mmax_level="coref"  type="speaker reference"  mention="pronoun" />
<markable id="markable_334" span="word_1351" type_of_pronoun="personal"  split="simple antecedent"  agreement="they (sg.)"  coref_class="set_45"  mmax_level="coref"  position="it (non-subject)"  type="anaphoric"  mention="pronoun"  antetype="entity" />
<markable id="markable_458" span="word_1841" type_of_pronoun="demonstrative"  split="simple antecedent"  agreement="they (sg.)"  coref_class="set_180"  mmax_level="coref"  position="it (non-subject)"  type="anaphoric"  mention="pronoun"  antetype="entity" />
<markable id="markable_216" span="word_898" audience="all-inclusive we"  coref_class="empty"  mmax_level="coref"  type="speaker reference"  mention="pronoun" />
<markable id="markable_215" span="word_895..word_896" npmod="demonstrative"  split="simple antecedent"  coref_class="set_164"  mmax_level="coref"  nptype="np"  anacata="anaphoric"  mention="np"  antetype="entity" />
<markable id="markable_699" span="word_2824" audience="none"  agreement="none"  split="simple antecedent"  coref_class="empty"  mmax_level="coref"  nptype="none"  position="none"  type="speaker reference"  sub_apposition="none"  mention="pronoun" />
<markable id="markable_578" span="word_2333" type_of_pronoun="personal"  split="simple antecedent"  agreement="they (pl.)"  coref_class="set_104"  mmax_level="coref"  position="it (subject)"  type="anaphoric"  mention="pronoun"  antetype="entity" />
<markable id="markable_336" span="word_1355" type_of_pronoun="demonstrative"  split="simple antecedent"  agreement="none"  coref_class="set_174"  mmax_level="coref"  position="it (subject)"  type="anaphoric"  mention="pronoun"  antetype="event" />
<markable id="markable_454" span="word_1829" audience="generic you"  agreement="you (pl.)"  coref_class="empty"  mmax_level="coref"  position="you (subject)"  type="addressee reference"  mention="pronoun" />
<markable id="markable_212" span="word_885" coref_class="empty"  mmax_level="coref"  type="pleonastic"  mention="pronoun" />
<markable id="markable_695" span="word_2802" audience="all-inclusive we"  coref_class="empty"  mmax_level="coref"  type="speaker reference"  mention="pronoun" />
<markable id="markable_574" span="word_2313" type_of_pronoun="personal"  split="simple antecedent"  agreement="they (pl.)"  coref_class="set_104"  mmax_level="coref"  position="it (subject)"  type="anaphoric"  mention="pronoun"  antetype="entity" />
<markable id="markable_448" span="word_1802" type_of_pronoun="personal"  split="simple antecedent"  agreement="they (sg.)"  coref_class="set_71"  mmax_level="coref"  position="it (non-subject)"  type="anaphoric"  mention="pronoun"  antetype="entity" />
<markable id="markable_209" span="word_869" audience="deictic you"  agreement="you (pl.)"  coref_class="empty"  mmax_level="coref"  position="you (subject)"  type="addressee reference"  mention="pronoun" />
<markable id="markable_208" span="word_867" coref_class="empty"  mmax_level="coref"  type="pleonastic"  mention="pronoun" />
<markable id="markable_329" span="word_1332" type_of_pronoun="personal"  split="simple antecedent"  agreement="they (sg.)"  coref_class="set_44"  mmax_level="coref"  position="it (subject)"  type="anaphoric"  mention="pronoun"  antetype="entity" />
<markable id="markable_460" span="word_1850" audience="generic you"  agreement="you (pl.)"  coref_class="empty"  mmax_level="coref"  position="you (subject)"  type="addressee reference"  mention="pronoun" />
<markable id="markable_581" span="word_2342" coref_class="empty"  mmax_level="coref"  type="pleonastic"  mention="pronoun" />
<markable id="markable_104" span="word_427" audience="none"  coref_class="empty"  mmax_level="coref"  type="speaker reference"  mention="pronoun" />
<markable id="markable_587" span="word_2369" type_of_pronoun="demonstrative"  split="simple antecedent"  agreement="none"  coref_class="set_189"  mmax_level="coref"  position="it (subject)"  type="anaphoric"  mention="pronoun"  antetype="event" />
<markable id="markable_345" span="word_1387" type_of_pronoun="personal"  split="simple antecedent"  agreement="they (pl.)"  coref_class="set_143"  mmax_level="coref"  position="it (subject)"  type="anaphoric"  mention="pronoun"  antetype="entity" />
<markable id="markable_105" span="word_434" audience="none"  agreement="none"  split="simple antecedent"  coref_class="empty"  mmax_level="coref"  nptype="none"  position="none"  type="speaker reference"  sub_apposition="none"  mention="pronoun" />
<markable id="markable_347" span="word_1393" type_of_pronoun="personal"  split="simple antecedent"  agreement="they (sg.)"  coref_class="set_51"  mmax_level="coref"  position="it (subject)"  type="anaphoric"  mention="pronoun"  antetype="entity" />
<markable id="markable_584" span="word_2359" audience="generic you"  agreement="you (pl.)"  coref_class="empty"  mmax_level="coref"  position="you (subject)"  type="addressee reference"  mention="pronoun" />
<markable id="markable_586" span="word_2366" audience="none"  agreement="none"  split="simple antecedent"  coref_class="empty"  mmax_level="coref"  nptype="none"  position="none"  type="speaker reference"  sub_apposition="none"  mention="pronoun" />
<markable id="markable_344" span="word_1383" coref_class="set_51"  mmax_level="coref"  nptype="antecedent"  mention="np" />
<markable id="markable_343" span="word_1380" audience="deictic you"  agreement="you (pl.)"  coref_class="empty"  mmax_level="coref"  position="you (subject)"  type="addressee reference"  mention="pronoun" />
<markable id="markable_218" span="word_904" type_of_pronoun="personal"  split="simple antecedent"  agreement="they (pl.)"  coref_class="set_164"  mmax_level="coref"  position="it (subject)"  type="anaphoric"  mention="pronoun"  antetype="entity" />
<markable id="markable_339" span="word_1367" type_of_pronoun="personal"  split="simple antecedent"  agreement="they (pl.)"  coref_class="set_46"  mmax_level="coref"  position="it (subject)"  type="anaphoric"  mention="pronoun"  antetype="entity" />
<markable id="markable_338" span="word_1361..word_1362" coref_class="set_46"  mmax_level="coref"  nptype="antecedent"  mention="np" />
<markable id="markable_470" span="word_1893" type_of_pronoun="demonstrative"  split="simple antecedent"  agreement="none"  coref_class="set_183"  mmax_level="coref"  position="it (subject)"  type="anaphoric"  mention="pronoun"  antetype="event" />
<markable id="markable_230" span="word_959" audience="generic you"  agreement="you (sg.)"  coref_class="empty"  mmax_level="coref"  position="you (subject)"  type="addressee reference"  mention="pronoun" />
<markable id="markable_351" span="word_1406" type_of_pronoun="personal"  split="simple antecedent"  agreement="they (pl.)"  coref_class="set_143"  mmax_level="coref"  position="it (subject)"  type="anaphoric"  mention="pronoun"  antetype="entity" />
<markable id="markable_471" span="word_1895" audience="none"  agreement="none"  split="simple antecedent"  coref_class="empty"  mmax_level="coref"  nptype="none"  position="none"  type="speaker reference"  sub_apposition="none"  mention="pronoun" />
<markable id="markable_592" span="word_2388" type_of_pronoun="personal"  split="simple antecedent"  agreement="they (pl.)"  coref_class="set_105"  mmax_level="coref"  position="it (non-subject)"  type="anaphoric"  mention="pronoun"  antetype="entity" />
<markable id="markable_350" span="word_1403" type_of_pronoun="personal"  split="simple antecedent"  agreement="they (sg.)"  coref_class="set_51"  mmax_level="coref"  position="it (non-subject)"  type="anaphoric"  mention="pronoun"  antetype="entity" />
<markable id="markable_478" span="word_1919" type_of_pronoun="personal"  split="simple antecedent"  agreement="they (sg.)"  coref_class="set_72"  mmax_level="coref"  position="it (subject)"  type="anaphoric"  mention="pronoun"  antetype="entity" />
<markable id="markable_236" span="word_989" type_of_pronoun="demonstrative"  split="simple antecedent"  agreement="they (pl.)"  coref_class="set_31"  mmax_level="coref"  position="it (subject)"  type="anaphoric"  mention="pronoun"  antetype="entity" />
<markable id="markable_115" span="word_476" type_of_pronoun="personal"  split="simple antecedent"  agreement="they (sg.)"  coref_class="set_24"  mmax_level="coref"  position="it (subject)"  type="anaphoric"  mention="pronoun"  antetype="entity" />
<markable id="markable_357" span="word_1430..word_1431" coref_class="set_54"  mmax_level="coref"  nptype="antecedent"  mention="np" />
<markable id="markable_598" span="word_2413" audience="none"  coref_class="empty"  mmax_level="coref"  type="speaker reference"  mention="pronoun" />
<markable id="markable_356" span="word_1428" audience="none"  agreement="none"  split="simple antecedent"  coref_class="empty"  mmax_level="coref"  nptype="none"  position="none"  type="speaker reference"  sub_apposition="none"  mention="pronoun" />
<markable id="markable_358" span="word_1435" audience="none"  agreement="none"  split="simple antecedent"  coref_class="empty"  mmax_level="coref"  nptype="none"  position="none"  type="speaker reference"  sub_apposition="none"  mention="pronoun" />
<markable id="markable_232" span="word_968" audience="generic you"  agreement="you (sg.)"  coref_class="empty"  mmax_level="coref"  position="you (subject)"  type="addressee reference"  mention="pronoun" />
<markable id="markable_233" span="word_972" audience="generic you"  agreement="you (sg.)"  coref_class="empty"  mmax_level="coref"  position="you (subject)"  type="addressee reference"  mention="pronoun" />
<markable id="markable_229" span="word_955" audience="generic you"  agreement="you (sg.)"  coref_class="empty"  mmax_level="coref"  position="you (subject)"  type="addressee reference"  mention="pronoun" />
<markable id="markable_349" span="word_1399" agreement="none"  split="simple antecedent"  coref_class="empty"  mmax_level="coref"  position="none"  type="anaphoric"  mention="pronoun" />
<markable id="markable_480" span="word_1930..word_1931" npmod="demonstrative"  split="simple antecedent"  coref_class="set_72"  mmax_level="coref"  nptype="np"  anacata="anaphoric"  mention="np"  antetype="entity" />
<markable id="markable_483" span="word_1940" type_of_pronoun="personal"  split="simple antecedent"  agreement="they (pl.)"  coref_class="set_184"  mmax_level="coref"  position="it (subject)"  type="anaphoric"  mention="pronoun"  antetype="entity" />
<markable id="markable_362" span="word_1448" audience="none"  agreement="none"  split="simple antecedent"  coref_class="empty"  mmax_level="coref"  nptype="none"  position="none"  type="speaker reference"  sub_apposition="none"  mention="pronoun" />
<markable id="markable_482" span="word_1938" type_of_pronoun="personal"  split="simple antecedent"  agreement="they (pl.)"  coref_class="set_184"  mmax_level="coref"  position="it (subject)"  type="anaphoric"  mention="pronoun"  antetype="entity" />
<markable id="markable_361" span="word_1443" type_of_pronoun="personal"  split="simple antecedent"  agreement="they (pl.)"  coref_class="set_54"  mmax_level="coref"  position="it (subject)"  type="anaphoric"  mention="pronoun"  antetype="entity" />
<markable id="markable_126" span="word_536..word_537" coref_class="set_159"  mmax_level="coref"  nptype="antecedent"  mention="np" />
<markable id="markable_246" span="word_1026" audience="generic you"  agreement="you (sg.)"  coref_class="empty"  mmax_level="coref"  position="you (subject)"  type="addressee reference"  mention="pronoun" />
<markable id="markable_128" span="word_549" type_of_pronoun="personal"  split="simple antecedent"  agreement="they (sg.)"  coref_class="set_159"  mmax_level="coref"  position="it (non-subject)"  type="anaphoric"  mention="pronoun"  antetype="entity" />
<markable id="markable_248" span="word_1031" audience="generic you"  agreement="you (sg.)"  coref_class="empty"  mmax_level="coref"  position="you (subject)"  type="addressee reference"  mention="pronoun" />
<markable id="markable_369" span="word_1467" audience="deictic you"  agreement="you (sg.)"  coref_class="empty"  mmax_level="coref"  position="you (subject)"  type="addressee reference"  mention="pronoun" />
<markable id="markable_485" span="word_1951" type_of_pronoun="personal"  split="simple antecedent"  agreement="they (pl.)"  coref_class="set_184"  mmax_level="coref"  position="it (subject)"  type="anaphoric"  mention="pronoun"  antetype="entity" />
<markable id="markable_364" span="word_1452" type_of_pronoun="personal"  split="simple antecedent"  agreement="they (pl.)"  coref_class="set_54"  mmax_level="coref"  position="it (non-subject)"  type="anaphoric"  mention="pronoun"  antetype="entity" />
<markable id="markable_242" span="word_1008" audience="generic you"  agreement="you (sg.)"  coref_class="empty"  mmax_level="coref"  position="you (subject)"  type="addressee reference"  mention="pronoun" />
<markable id="markable_363" span="word_1450" audience="none"  agreement="none"  split="simple antecedent"  coref_class="empty"  mmax_level="coref"  nptype="none"  position="none"  type="speaker reference"  sub_apposition="none"  mention="pronoun" />
<markable id="markable_124" span="word_521" type_of_pronoun="personal"  split="simple antecedent"  agreement="they (pl.)"  coref_class="set_158"  mmax_level="coref"  position="it (subject)"  type="anaphoric"  mention="pronoun"  antetype="entity" />
<markable id="markable_486" span="word_1956" type_of_pronoun="personal"  split="simple antecedent"  agreement="they (pl.)"  coref_class="set_184"  mmax_level="coref"  position="it (subject)"  type="anaphoric"  mention="pronoun"  antetype="entity" />
<markable id="markable_123" span="word_509..word_511" npmod="possessive"  split="simple antecedent"  coref_class="set_158"  mmax_level="coref"  nptype="np"  anacata="anaphoric"  mention="np"  antetype="entity" />
<markable id="markable_365" span="word_1453" audience="none"  agreement="none"  split="simple antecedent"  coref_class="empty"  mmax_level="coref"  nptype="none"  position="none"  type="speaker reference"  sub_apposition="none"  mention="pronoun" />
<markable id="markable_239" span="word_996" audience="generic you"  agreement="you (sg.)"  coref_class="empty"  mmax_level="coref"  position="you (subject)"  type="addressee reference"  mention="pronoun" />
<markable id="markable_118" span="word_491" type_of_pronoun="personal"  split="simple antecedent"  agreement="they (sg.)"  coref_class="set_24"  mmax_level="coref"  position="it (subject)"  type="anaphoric"  mention="pronoun"  antetype="entity" />
<markable id="markable_371" span="word_1477" audience="deictic you"  agreement="you (sg.)"  coref_class="empty"  mmax_level="coref"  position="you (subject)"  type="addressee reference"  mention="pronoun" />
<markable id="markable_252" span="word_1046" audience="all-inclusive we"  coref_class="empty"  mmax_level="coref"  type="speaker reference"  mention="pronoun" />
<markable id="markable_131" span="word_565" type_of_pronoun="personal"  split="simple antecedent"  agreement="they (sg.)"  coref_class="set_159"  mmax_level="coref"  position="it (subject)"  type="anaphoric"  mention="pronoun"  antetype="entity" />
<markable id="markable_372" span="word_1481" coref_class="empty"  mmax_level="coref"  type="pleonastic"  mention="pronoun" />
<markable id="markable_137" span="word_584" audience="all-inclusive we"  coref_class="empty"  mmax_level="coref"  type="speaker reference"  mention="pronoun" />
<markable id="markable_257" span="word_1061" type_of_pronoun="personal"  split="simple antecedent"  agreement="they (sg.)"  coref_class="set_36"  mmax_level="coref"  position="it (subject)"  type="anaphoric"  mention="pronoun"  antetype="entity" />
<markable id="markable_499" span="word_2004" type_of_pronoun="personal"  split="simple antecedent"  agreement="they (pl.)"  coref_class="set_184"  mmax_level="coref"  position="it (subject)"  type="anaphoric"  mention="pronoun"  antetype="entity" />
<markable id="markable_378" span="word_1503" coref_class="set_60"  mmax_level="coref"  nptype="antecedent"  mention="np" />
<markable id="markable_259" span="word_1071" coref_class="set_35"  mmax_level="coref"  nptype="antecedent"  mention="np" />
<markable id="markable_138" span="word_587" type_of_pronoun="personal"  split="simple antecedent"  agreement="they (sg.)"  coref_class="set_159"  mmax_level="coref"  position="it (subject)"  type="anaphoric"  mention="pronoun"  antetype="entity" />
<markable id="markable_254" span="word_1053" type_of_pronoun="personal"  split="simple antecedent"  agreement="they (sg.)"  coref_class="set_36"  mmax_level="coref"  position="it (subject)"  type="anaphoric"  mention="pronoun"  antetype="entity" />
<markable id="markable_496" span="word_1994" type_of_pronoun="personal"  split="simple antecedent"  agreement="they (pl.)"  coref_class="set_79"  mmax_level="coref"  position="it (non-subject)"  type="anaphoric"  mention="pronoun"  antetype="entity" />
<markable id="markable_133" span="word_572" type_of_pronoun="personal"  split="simple antecedent"  agreement="they (sg.)"  coref_class="set_159"  mmax_level="coref"  position="it (subject)"  type="anaphoric"  mention="pronoun"  antetype="entity" />
<markable id="markable_253" span="word_1052" coref_class="set_36"  mmax_level="coref"  nptype="antecedent"  mention="np" />
<markable id="markable_495" span="word_1991" type_of_pronoun="personal"  split="simple antecedent"  agreement="they (pl.)"  coref_class="set_79"  mmax_level="coref"  position="it (non-subject)"  type="anaphoric"  mention="pronoun"  antetype="entity" />
<markable id="markable_132" span="word_568" type_of_pronoun="personal"  split="simple antecedent"  agreement="they (sg.)"  coref_class="set_159"  mmax_level="coref"  position="it (subject)"  type="anaphoric"  mention="pronoun"  antetype="entity" />
<markable id="markable_497" span="word_1997" type_of_pronoun="personal"  split="simple antecedent"  agreement="they (pl.)"  coref_class="set_184"  mmax_level="coref"  position="it (subject)"  type="anaphoric"  mention="pronoun"  antetype="entity" />
<markable id="markable_134" span="word_576" type_of_pronoun="personal"  split="simple antecedent"  agreement="they (sg.)"  coref_class="set_159"  mmax_level="coref"  position="it (subject)"  type="anaphoric"  mention="pronoun"  antetype="entity" />
<markable id="markable_376" span="word_1497" type_of_pronoun="personal"  split="simple antecedent"  agreement="they (sg.)"  coref_class="set_61"  mmax_level="coref"  position="it (subject)"  type="anaphoric"  mention="pronoun"  antetype="entity" />
<markable id="markable_129" span="word_552..word_554" npmod="demonstrative"  split="simple antecedent"  coref_class="set_159"  mmax_level="coref"  nptype="np"  anacata="anaphoric"  mention="np"  antetype="entity" />
<markable id="markable_382" span="word_1515" type_of_pronoun="personal"  split="simple antecedent"  agreement="they (sg.)"  coref_class="set_61"  mmax_level="coref"  position="it (subject)"  type="anaphoric"  mention="pronoun"  antetype="entity" />
<markable id="markable_381" span="word_1512" type_of_pronoun="personal"  split="simple antecedent"  agreement="they (sg.)"  coref_class="set_61"  mmax_level="coref"  position="it (subject)"  type="anaphoric"  mention="pronoun"  antetype="entity" />
<markable id="markable_262" span="word_1083" type_of_pronoun="personal"  split="simple antecedent"  agreement="they (pl.)"  coref_class="set_35"  mmax_level="coref"  position="it (subject)"  type="anaphoric"  mention="pronoun"  antetype="entity" />
<markable id="markable_269" span="word_1109" audience="all-inclusive we"  coref_class="empty"  mmax_level="coref"  type="speaker reference"  mention="pronoun" />
<markable id="markable_268" span="word_1104" split="simple antecedent"  agreement="none"  coref_class="set_168"  mmax_level="coref"  position="it (subject)"  type="cataphoric"  mention="pronoun"  antetype="event" />
<markable id="markable_386" span="word_1534" type_of_pronoun="personal"  split="simple antecedent"  agreement="they (sg.)"  coref_class="set_60"  mmax_level="coref"  position="it (non-subject)"  type="anaphoric"  mention="pronoun"  antetype="entity" />
<markable id="markable_264" span="word_1092" type_of_pronoun="personal"  split="simple antecedent"  agreement="they (sg.)"  coref_class="set_36"  mmax_level="coref"  position="it (subject)"  type="anaphoric"  mention="pronoun"  antetype="entity" />
<markable id="markable_143" span="word_605..word_607" npmod="def-article"  split="simple antecedent"  coref_class="set_159"  mmax_level="coref"  nptype="np"  anacata="anaphoric"  mention="np"  antetype="entity" />
<markable id="markable_385" span="word_1526" type_of_pronoun="personal"  split="simple antecedent"  agreement="they (sg.)"  coref_class="set_61"  mmax_level="coref"  position="it (subject)"  type="anaphoric"  mention="pronoun"  antetype="entity" />
<markable id="markable_150" span="word_634" type_of_pronoun="personal"  split="simple antecedent"  agreement="they (pl.)"  coref_class="set_17"  mmax_level="coref"  position="it (subject)"  type="anaphoric"  mention="pronoun"  antetype="entity" />
<markable id="markable_274" span="word_1128" audience="all-inclusive we"  coref_class="empty"  mmax_level="coref"  type="speaker reference"  mention="pronoun" />
<markable id="markable_395" span="word_1577" coref_class="empty"  mmax_level="coref"  type="pleonastic"  mention="pronoun" />
<markable id="markable_152" span="word_642" audience="deictic you"  agreement="you (sg.)"  coref_class="empty"  mmax_level="coref"  position="you (subject)"  type="addressee reference"  mention="pronoun" />
<markable id="markable_155" span="word_655..word_656" npmod="def-article"  split="simple antecedent"  coref_class="set_159"  mmax_level="coref"  nptype="np"  anacata="anaphoric"  mention="np"  antetype="entity" />
<markable id="markable_962" span="word_2632..word_2633" npmod="def-article"  split="simple antecedent"  coref_class="set_195"  mmax_level="coref"  nptype="np"  anacata="anaphoric"  mention="np"  antetype="entity" />
<markable id="markable_840" span="word_469..word_474" coref_class="set_24"  mmax_level="coref"  nptype="antecedent"  mention="np" />
<markable id="markable_961" span="word_2628..word_2629" npmod="demonstrative"  split="simple antecedent"  coref_class="set_193"  mmax_level="coref"  nptype="np"  anacata="anaphoric"  mention="np"  antetype="entity" />
<markable id="markable_843" span="word_646..word_659" coref_class="set_18"  mmax_level="coref"  nptype="antecedent"  mention="np" />
<markable id="markable_964" span="word_2642..word_2675" coref_class="set_197"  mmax_level="coref"  clausetype="antecedent"  mention="clause" />
<markable id="markable_600" span="word_2422" audience="generic you"  agreement="you (pl.)"  coref_class="empty"  mmax_level="coref"  position="you (subject)"  type="addressee reference"  mention="pronoun" />
<markable id="markable_842" span="word_620..word_624" coref_class="set_17"  mmax_level="coref"  nptype="antecedent"  mention="np" />
<markable id="markable_963" span="word_2626..word_2633" coref_class="set_196"  vptype="antecedent"  mmax_level="coref"  mention="vp" />
<markable id="markable_960" span="word_2610" type_of_pronoun="demonstrative"  split="simple antecedent"  agreement="none"  coref_class="set_194"  mmax_level="coref"  position="it (subject)"  type="anaphoric"  mention="pronoun"  antetype="event" />
<markable id="markable_72" span="word_299" type_of_pronoun="personal"  split="simple antecedent"  agreement="they (pl.)"  coref_class="set_3"  mmax_level="coref"  position="it (non-subject)"  type="anaphoric"  mention="pronoun"  antetype="entity" />
<markable id="markable_717" span="word_2887" audience="all-inclusive we"  coref_class="empty"  mmax_level="coref"  type="speaker reference"  mention="pronoun" />
<markable id="markable_838" span="word_2750" audience="none"  coref_class="empty"  mmax_level="coref"  type="speaker reference"  mention="pronoun" />
<markable id="markable_959" span="word_2527..word_2540" coref_class="set_194"  mmax_level="coref"  clausetype="antecedent"  mention="clause" />
<markable id="markable_716" span="word_2883" audience="all-inclusive we"  coref_class="empty"  mmax_level="coref"  type="speaker reference"  mention="pronoun" />
<markable id="markable_837" span="word_2581" audience="none"  agreement="none"  coref_class="empty"  mmax_level="coref"  position="none"  type="addressee reference"  mention="pronoun" />
<markable id="markable_958" span="word_2556..word_2557" npmod="def-article"  split="simple antecedent"  coref_class="set_195"  mmax_level="coref"  nptype="np"  anacata="anaphoric"  mention="np"  antetype="entity" />
<markable id="markable_839" span="word_308" type_of_pronoun="demonstrative"  split="simple antecedent"  agreement="none"  coref_class="empty"  mmax_level="coref"  position="it (non-subject)"  type="anaphoric"  mention="pronoun"  antetype="event" />
<markable id="markable_76" span="word_316" audience="none"  agreement="none"  split="simple antecedent"  coref_class="empty"  mmax_level="coref"  nptype="none"  position="none"  type="speaker reference"  sub_apposition="none"  mention="pronoun" />
<markable id="markable_713" span="word_2874" type_of_pronoun="personal"  split="simple antecedent"  agreement="they (sg.)"  coref_class="set_129"  mmax_level="coref"  position="it (non-subject)"  type="anaphoric"  mention="pronoun"  antetype="entity" />
<markable id="markable_834" span="word_1965" type_of_pronoun="possessive"  split="simple antecedent"  agreement="they (pl.)"  coref_class="set_184"  mmax_level="coref"  position="it (subject)"  type="anaphoric"  mention="pronoun"  antetype="entity" />
<markable id="markable_955" span="word_2534" type_of_pronoun="relative"  split="simple antecedent"  agreement="they (pl.)"  coref_class="set_195"  mmax_level="coref"  position="it (subject)"  type="anaphoric"  mention="pronoun"  antetype="entity" />
<markable id="markable_712" span="word_2870" audience="all-inclusive we"  coref_class="empty"  mmax_level="coref"  type="speaker reference"  mention="pronoun" />
<markable id="markable_833" span="word_1724" type_of_pronoun="possessive"  split="simple antecedent"  agreement="they (pl.)"  coref_class="set_65"  mmax_level="coref"  position="it (non-subject)"  type="anaphoric"  mention="pronoun"  antetype="entity" />
<markable id="markable_954" span="word_2531..word_2533" coref_class="set_195"  mmax_level="coref"  nptype="antecedent"  mention="np" />
<markable id="markable_836" span="word_2319" type_of_pronoun="possessive"  split="simple antecedent"  agreement="they (pl.)"  coref_class="set_104"  mmax_level="coref"  position="it (non-subject)"  type="anaphoric"  mention="pronoun"  antetype="entity" />
<markable id="markable_957" span="word_2554" type_of_pronoun="relative"  split="simple antecedent"  agreement="they (pl.)"  coref_class="set_193"  mmax_level="coref"  position="it (subject)"  type="anaphoric"  mention="pronoun"  antetype="entity" />
<markable id="markable_73" span="word_302" audience="none"  agreement="none"  split="simple antecedent"  coref_class="empty"  mmax_level="coref"  nptype="none"  position="none"  type="speaker reference"  sub_apposition="none"  mention="pronoun" />
<markable id="markable_714" span="word_2879" audience="all-inclusive we"  coref_class="empty"  mmax_level="coref"  type="speaker reference"  mention="pronoun" />
<markable id="markable_835" span="word_2010" type_of_pronoun="personal"  split="simple antecedent"  agreement="they (pl.)"  coref_class="set_184"  mmax_level="coref"  position="it (non-subject)"  type="anaphoric"  mention="pronoun"  antetype="entity" />
<markable id="markable_956" span="word_2551..word_2553" coref_class="set_193"  mmax_level="coref"  nptype="antecedent"  mention="np" />
<markable id="markable_731" span="word_2932" type_of_pronoun="demonstrative"  split="simple antecedent"  agreement="none"  coref_class="set_130"  mmax_level="coref"  position="it (subject)"  type="anaphoric"  mention="pronoun"  antetype="event" />
<markable id="markable_610" span="word_2460..word_2462" coref_class="set_112"  mmax_level="coref"  nptype="antecedent"  mention="np" />
<markable id="markable_852" span="word_1369..word_1375" coref_class="set_143"  mmax_level="coref"  nptype="antecedent"  mention="np" />
<markable id="markable_973" span="word_2786" type_of_pronoun="relative"  split="simple antecedent"  agreement="they (pl.)"  coref_class="set_202"  mmax_level="coref"  position="it (subject)"  type="anaphoric"  mention="pronoun"  antetype="entity" />
<markable id="markable_851" span="word_1343" coref_class="set_45"  mmax_level="coref"  nptype="antecedent"  mention="np" />
<markable id="markable_972" span="word_2785" coref_class="set_202"  mmax_level="coref"  nptype="antecedent"  mention="np" />
<markable id="markable_733" span="word_2936" type_of_pronoun="demonstrative"  split="simple antecedent"  agreement="none"  coref_class="set_130"  mmax_level="coref"  position="it (subject)"  type="anaphoric"  mention="pronoun"  antetype="event" />
<markable id="markable_612" span="word_2466" audience="deictic you"  agreement="you (pl.)"  coref_class="empty"  mmax_level="coref"  position="you (subject)"  type="addressee reference"  mention="pronoun" />
<markable id="markable_854" span="word_1564..word_1569" coref_class="set_62"  mmax_level="coref"  nptype="antecedent"  mention="np" />
<markable id="markable_975" span="word_2841..word_2842" coref_class="set_203"  mmax_level="coref"  nptype="antecedent"  mention="np" />
<markable id="markable_853" span="word_1489..word_1492" coref_class="set_61"  mmax_level="coref"  nptype="antecedent"  mention="np" />
<markable id="markable_974" span="word_2791" type_of_pronoun="relative"  split="simple antecedent"  agreement="they (pl.)"  coref_class="set_202"  mmax_level="coref"  position="it (subject)"  type="anaphoric"  mention="pronoun"  antetype="entity" />
<markable id="markable_850" span="word_1318..word_1329" coref_class="set_44"  mmax_level="coref"  nptype="antecedent"  mention="np" />
<markable id="markable_971" span="word_2761" type_of_pronoun="demonstrative"  split="simple antecedent"  agreement="none"  coref_class="set_200"  mmax_level="coref"  position="it (subject)"  type="anaphoric"  mention="pronoun"  antetype="event" />
<markable id="markable_970" span="word_2749..word_2759" coref_class="set_200"  vptype="antecedent"  mmax_level="coref"  mention="vp" />
<markable id="markable_607" span="word_2451" type_of_pronoun="personal"  split="simple antecedent"  agreement="they (sg.)"  coref_class="set_110"  mmax_level="coref"  position="it (non-subject)"  type="anaphoric"  mention="pronoun"  antetype="entity" />
<markable id="markable_849" span="word_1241" type_of_pronoun="personal"  split="simple antecedent"  agreement="they (sg.)"  coref_class="set_42"  mmax_level="coref"  position="it (non-subject)"  type="anaphoric"  mention="pronoun"  antetype="entity" />
<markable id="markable_727" span="word_2918" audience="all-inclusive we"  coref_class="empty"  mmax_level="coref"  type="speaker reference"  mention="pronoun" />
<markable id="markable_848" span="word_1229..word_1235" coref_class="set_42"  mmax_level="coref"  nptype="antecedent"  mention="np" />
<markable id="markable_969" span="word_2743..word_2744" type_of_pronoun="demonstrative"  split="simple antecedent"  agreement="they (pl.)"  coref_class="set_199"  mmax_level="coref"  position="it (non-subject)"  type="anaphoric"  mention="pronoun"  antetype="entity" />
<markable id="markable_609" span="word_2457" type_of_pronoun="personal"  split="simple antecedent"  agreement="they (sg.)"  coref_class="set_110"  mmax_level="coref"  position="it (subject)"  type="anaphoric"  mention="pronoun"  antetype="entity" />
<markable id="markable_608" span="word_2453" audience="deictic you"  agreement="you (pl.)"  coref_class="empty"  mmax_level="coref"  position="you (non-subject)"  type="addressee reference"  mention="pronoun" />
<markable id="markable_65" span="word_262" audience="none"  agreement="none"  split="simple antecedent"  coref_class="empty"  mmax_level="coref"  nptype="none"  position="none"  type="speaker reference"  sub_apposition="none"  mention="pronoun" />
<markable id="markable_724" span="word_2905" audience="all-inclusive we"  coref_class="empty"  mmax_level="coref"  type="speaker reference"  mention="pronoun" />
<markable id="markable_845" span="word_729..word_739" coref_class="set_160"  mmax_level="coref"  nptype="antecedent"  mention="np" />
<markable id="markable_966" span="word_2702..word_2703" coref_class="set_198"  mmax_level="coref"  nptype="antecedent"  mention="np" />
<markable id="markable_844" span="word_661" type_of_pronoun="personal"  split="simple antecedent"  agreement="they (sg.)"  coref_class="set_18"  mmax_level="coref"  position="it (subject)"  type="anaphoric"  mention="pronoun"  antetype="entity" />
<markable id="markable_965" span="word_2678" type_of_pronoun="demonstrative"  split="simple antecedent"  agreement="none"  coref_class="set_197"  mmax_level="coref"  position="it (subject)"  type="anaphoric"  mention="pronoun"  antetype="event" />
<markable id="markable_605" span="word_2438..word_2444" coref_class="set_110"  mmax_level="coref"  nptype="antecedent"  mention="np" />
<markable id="markable_847" span="word_979..word_987" coref_class="set_31"  mmax_level="coref"  nptype="antecedent"  mention="np" />
<markable id="markable_968" span="word_2726..word_2727" coref_class="set_199"  mmax_level="coref"  nptype="antecedent"  mention="np" />
<markable id="markable_62" span="word_253" audience="none"  agreement="none"  split="simple antecedent"  coref_class="empty"  mmax_level="coref"  nptype="none"  position="none"  type="speaker reference"  sub_apposition="none"  mention="pronoun" />
<markable id="markable_967" span="word_2704" type_of_pronoun="relative"  split="simple antecedent"  agreement="they (pl.)"  coref_class="set_198"  mmax_level="coref"  position="it (subject)"  type="anaphoric"  mention="pronoun"  antetype="entity" />
<markable id="markable_69" span="word_280" type_of_pronoun="personal"  split="simple antecedent"  agreement="they (pl.)"  coref_class="set_3"  mmax_level="coref"  position="it (subject)"  type="anaphoric"  mention="pronoun"  antetype="entity" />
<markable id="markable_68" span="word_277..word_278" coref_class="set_3"  mmax_level="coref"  nptype="antecedent"  mention="np" />
<markable id="markable_742" span="word_2968" audience="none"  agreement="none"  split="simple antecedent"  coref_class="empty"  mmax_level="coref"  nptype="none"  position="none"  type="speaker reference"  sub_apposition="none"  mention="pronoun" />
<markable id="markable_863" span="word_2528..word_2529" coref_class="set_124"  mmax_level="coref"  nptype="antecedent"  mention="np" />
<markable id="markable_741" span="word_2962" type_of_pronoun="personal"  split="simple antecedent"  agreement="none"  coref_class="set_206"  mmax_level="coref"  position="it (subject)"  type="anaphoric"  mention="pronoun"  antetype="event" />
<markable id="markable_620" span="word_2499" audience="none"  agreement="none"  split="simple antecedent"  coref_class="empty"  mmax_level="coref"  nptype="none"  position="none"  type="speaker reference"  sub_apposition="none"  mention="pronoun" />
<markable id="markable_862" span="word_2544" type_of_pronoun="demonstrative"  split="simple antecedent"  agreement="they (sg.)"  coref_class="set_124"  mmax_level="coref"  position="it (subject)"  type="anaphoric"  mention="pronoun"  antetype="entity" />
<markable id="markable_623" span="word_2512..word_2513" coref_class="set_116"  mmax_level="coref"  nptype="antecedent"  mention="np" />
<markable id="markable_865" span="word_2636" type_of_pronoun="demonstrative"  split="simple antecedent"  agreement="none"  coref_class="set_196"  mmax_level="coref"  position="it (subject)"  type="anaphoric"  mention="pronoun"  antetype="event" />
<markable id="markable_502" span="word_2013" type_of_pronoun="personal"  split="simple antecedent"  agreement="they (pl.)"  coref_class="set_184"  mmax_level="coref"  position="it (subject)"  type="anaphoric"  mention="pronoun"  antetype="entity" />
<markable id="markable_743" span="word_2970" type_of_pronoun="personal"  split="simple antecedent"  agreement="none"  coref_class="set_206"  mmax_level="coref"  position="it (subject)"  type="anaphoric"  mention="pronoun"  antetype="event" />
<markable id="markable_980" span="word_2916" type_of_pronoun="demonstrative"  split="simple antecedent"  agreement="none"  coref_class="set_205"  mmax_level="coref"  position="it (non-subject)"  type="anaphoric"  mention="pronoun"  antetype="event" />
<markable id="markable_740" span="word_2957" type_of_pronoun="personal"  split="simple antecedent"  agreement="none"  coref_class="set_206"  mmax_level="coref"  position="it (subject)"  type="anaphoric"  mention="pronoun"  antetype="event" />
<markable id="markable_861" span="word_2505..word_2509" coref_class="set_115"  mmax_level="coref"  nptype="antecedent"  mention="np" />
<markable id="markable_982" span="word_2945..word_2950" coref_class="set_206"  vptype="antecedent"  mmax_level="coref"  mention="vp" />
<markable id="markable_860" span="word_2379..word_2381" coref_class="set_105"  mmax_level="coref"  nptype="antecedent"  mention="np" />
<markable id="markable_981" span="word_2925..word_2930" coref_class="set_130"  vptype="antecedent"  mmax_level="coref"  mention="vp" />
<markable id="markable_739" span="word_2952" type_of_pronoun="personal"  split="simple antecedent"  agreement="none"  coref_class="set_206"  mmax_level="coref"  position="it (subject)"  type="anaphoric"  mention="pronoun"  antetype="event" />
<markable id="markable_618" span="word_2487" audience="deictic you"  agreement="you (pl.)"  coref_class="empty"  mmax_level="coref"  position="you (subject)"  type="addressee reference"  mention="pronoun" />
<markable id="markable_859" span="word_2105..word_2110" coref_class="set_87"  mmax_level="coref"  nptype="antecedent"  mention="np" />
<markable id="markable_619" span="word_2494" audience="co-present we"  coref_class="empty"  mmax_level="coref"  type="speaker reference"  mention="pronoun" />
<markable id="markable_856" span="word_1807" type_of_pronoun="demonstrative"  split="simple antecedent"  agreement="none"  coref_class="set_180"  mmax_level="coref"  position="it (subject)"  type="anaphoric"  mention="pronoun"  antetype="event" />
<markable id="markable_977" span="word_2862..word_2863" npmod="demonstrative"  split="simple antecedent"  coref_class="set_204"  mmax_level="coref"  nptype="np"  anacata="anaphoric"  mention="np"  antetype="entity" />
<markable id="markable_53" span="word_220" type_of_pronoun="demonstrative"  split="simple antecedent"  agreement="none"  coref_class="set_151"  mmax_level="coref"  position="it (subject)"  type="anaphoric"  mention="pronoun"  antetype="event" />
<markable id="markable_613" span="word_2472" type_of_pronoun="personal"  split="simple antecedent"  agreement="they (sg.)"  coref_class="set_112"  mmax_level="coref"  position="it (non-subject)"  type="anaphoric"  mention="pronoun"  antetype="entity" />
<markable id="markable_855" span="word_1764" coref_class="empty"  mmax_level="coref"  type="event"  mention="pronoun" />
<markable id="markable_976" span="word_2843" type_of_pronoun="relative"  split="simple antecedent"  agreement="they (pl.)"  coref_class="set_203"  mmax_level="coref"  position="it (subject)"  type="anaphoric"  mention="pronoun"  antetype="entity" />
<markable id="markable_616" span="word_2481" audience="deictic you"  agreement="you (pl.)"  coref_class="empty"  mmax_level="coref"  position="you (subject)"  type="addressee reference"  mention="pronoun" />
<markable id="markable_858" span="word_1971..word_1975" coref_class="set_79"  mmax_level="coref"  nptype="antecedent"  mention="np" />
<markable id="markable_979" span="word_2905..word_2911" coref_class="set_205"  mmax_level="coref"  clausetype="antecedent"  mention="clause" />
<markable id="markable_857" span="word_1908..word_1913" coref_class="set_72"  mmax_level="coref"  nptype="antecedent"  mention="np" />
<markable id="markable_978" span="word_2852..word_2856" coref_class="set_204"  mmax_level="coref"  nptype="antecedent"  mention="np" />
<markable id="markable_57" span="word_234" audience="none"  agreement="none"  split="simple antecedent"  coref_class="empty"  mmax_level="coref"  nptype="none"  position="none"  type="speaker reference"  sub_apposition="none"  mention="pronoun" />
<markable id="markable_55" span="word_228" coref_class="empty"  mmax_level="coref"  type="speaker reference"  mention="pronoun" />
<markable id="markable_511" span="word_2068" type_of_pronoun="personal"  split="simple antecedent"  agreement="they (sg.)"  coref_class="set_86"  mmax_level="coref"  position="it (subject)"  type="anaphoric"  mention="pronoun"  antetype="entity" />
<markable id="markable_874" span="word_101" type_of_pronoun="demonstrative"  split="simple antecedent"  agreement="they (sg.)"  coref_class="set_147"  mmax_level="coref"  position="it (subject)"  type="anaphoric"  mention="pronoun"  antetype="entity" />
<markable id="markable_510" span="word_2061" type_of_pronoun="personal"  split="simple antecedent"  agreement="they (sg.)"  coref_class="set_86"  mmax_level="coref"  position="it (subject)"  type="anaphoric"  mention="pronoun"  antetype="entity" />
<markable id="markable_873" span="word_98..word_99" coref_class="set_147"  mmax_level="coref"  nptype="antecedent"  mention="np" />
<markable id="markable_634" span="word_2569" audience="deictic you"  type_of_pronoun="personal"  agreement="you (pl.)"  coref_class="empty"  mmax_level="coref"  position="you (subject)"  type="addressee reference"  mention="pronoun" />
<markable id="markable_876" span="word_118..word_119" npmod="demonstrative"  split="simple antecedent"  coref_class="set_148"  mmax_level="coref"  nptype="np"  anacata="anaphoric"  mention="np"  antetype="entity" />
<markable id="markable_875" span="word_109..word_114" coref_class="set_148"  mmax_level="coref"  nptype="antecedent"  mention="np" />
<markable id="markable_870" span="word_59" coref_class="set_145"  mmax_level="coref"  nptype="antecedent"  mention="np" />
<markable id="markable_872" span="word_68..word_81" type_of_pronoun="personal"  agreement="none"  coref_class="set_146"  mmax_level="coref"  position="none"  type="antecedent"  mention="pronoun" />
<markable id="markable_871" span="word_71..word_73" split="simple antecedent"  coref_class="set_145"  mmax_level="coref"  type="nom substitution"  mention="pronoun"  antetype="entity" />
<markable id="markable_509" span="word_2055" coref_class="set_86"  mmax_level="coref"  nptype="antecedent"  mention="np" />
<markable id="markable_625" span="word_2518" type_of_pronoun="personal"  split="simple antecedent"  agreement="they (pl.)"  coref_class="set_116"  mmax_level="coref"  position="it (non-subject)"  type="anaphoric"  mention="pronoun"  antetype="entity" />
<markable id="markable_867" span="word_13" type_of_pronoun="relative"  split="simple antecedent"  agreement="they (sg.)"  coref_class="set_144"  mmax_level="coref"  position="it (subject)"  type="anaphoric"  mention="pronoun"  antetype="entity" />
<markable id="markable_745" span="word_2979" audience="deictic you"  agreement="you (pl.)"  coref_class="empty"  mmax_level="coref"  position="you (subject)"  type="addressee reference"  mention="pronoun" />
<markable id="markable_624" span="word_2515" type_of_pronoun="personal"  split="simple antecedent"  agreement="they (pl.)"  coref_class="set_115"  mmax_level="coref"  position="it (subject)"  type="anaphoric"  mention="pronoun"  antetype="entity" />
<markable id="markable_866" span="word_10..word_12" coref_class="set_144"  mmax_level="coref"  nptype="antecedent"  mention="np" />
<markable id="markable_41" span="word_165" coref_class="empty"  mmax_level="coref"  type="pleonastic"  mention="pronoun" />
<markable id="markable_506" span="word_2038" type_of_pronoun="personal"  split="simple antecedent"  agreement="they (pl.)"  coref_class="set_184"  mmax_level="coref"  position="it (subject)"  type="anaphoric"  mention="pronoun"  antetype="entity" />
<markable id="markable_626" span="word_2522" audience="all-inclusive we"  coref_class="empty"  mmax_level="coref"  type="speaker reference"  mention="pronoun" />
<markable id="markable_868" span="word_19..word_20" split="simple antecedent"  coref_class="set_144"  comparative="gen"  mmax_level="coref"  type="comparative"  mention="pronoun"  antetype="entity" />
<markable id="markable_401" span="word_1606" audience="none"  agreement="none"  split="simple antecedent"  coref_class="empty"  mmax_level="coref"  nptype="none"  position="none"  type="speaker reference"  sub_apposition="none"  mention="pronoun" />
<markable id="markable_522" span="word_2117" type_of_pronoun="personal"  split="simple antecedent"  agreement="they (sg.)"  coref_class="set_87"  mmax_level="coref"  position="it (subject)"  type="anaphoric"  mention="pronoun"  antetype="entity" />
<markable id="markable_885" span="word_326..word_327" coref_class="set_153"  mmax_level="coref"  nptype="antecedent"  mention="np" />
<markable id="markable_642" span="word_2597" audience="deictic you"  agreement="you (sg.)"  coref_class="empty"  mmax_level="coref"  position="you (non-subject)"  type="addressee reference"  mention="pronoun" />
<markable id="markable_884" span="word_262..word_299" coref_class="empty"  mmax_level="coref"  clausetype="antecedent"  mention="clause" />
<markable id="markable_887" span="word_379" coref_class="set_154"  mmax_level="coref"  nptype="antecedent"  mention="np" />
<markable id="markable_644" span="word_2603" type_of_pronoun="personal"  split="simple antecedent"  agreement="they (sg.)"  coref_class="set_124"  mmax_level="coref"  position="it (subject)"  type="anaphoric"  mention="pronoun"  antetype="entity" />
<markable id="markable_886" span="word_328" type_of_pronoun="relative"  split="simple antecedent"  agreement="they (sg.)"  coref_class="set_153"  mmax_level="coref"  position="it (subject)"  type="anaphoric"  mention="pronoun"  antetype="entity" />
<markable id="markable_881" span="word_216..word_218" type_of_pronoun="personal"  agreement="none"  coref_class="set_151"  mmax_level="coref"  position="none"  type="antecedent"  mention="pronoun" />
<markable id="markable_880" span="word_218" type_of_pronoun="demonstrative"  split="simple antecedent"  agreement="they (sg.)"  coref_class="set_150"  mmax_level="coref"  position="it (subject)"  type="anaphoric"  mention="pronoun"  antetype="entity" />
<markable id="markable_641" span="word_2595" agreement="none"  split="simple antecedent"  coref_class="set_122"  mmax_level="coref"  position="none"  type="anaphoric"  mention="pronoun" />
<markable id="markable_883" span="word_224" type_of_pronoun="relative"  split="simple antecedent"  agreement="they (sg.)"  coref_class="set_152"  mmax_level="coref"  position="it (subject)"  type="anaphoric"  mention="pronoun"  antetype="entity" />
<markable id="markable_882" span="word_222..word_223" coref_class="set_152"  mmax_level="coref"  nptype="antecedent"  mention="np" />
<markable id="markable_639" span="word_2591" audience="deictic you"  agreement="you (sg.)"  coref_class="empty"  mmax_level="coref"  position="you (subject)"  type="addressee reference"  mention="pronoun" />
<markable id="markable_636" span="word_2573" agreement="none"  split="simple antecedent"  coref_class="empty"  mmax_level="coref"  position="none"  type="anaphoric"  mention="pronoun" />
<markable id="markable_878" span="word_154" type_of_pronoun="demonstrative"  split="simple antecedent"  agreement="they (sg.)"  coref_class="set_149"  mmax_level="coref"  position="it (subject)"  type="anaphoric"  mention="pronoun"  antetype="entity" />
<markable id="markable_877" span="word_152" coref_class="set_149"  mmax_level="coref"  nptype="antecedent"  mention="np" />
<markable id="markable_638" span="word_2585" audience="deictic you"  agreement="you (sg.)"  coref_class="empty"  mmax_level="coref"  position="you (non-subject)"  type="addressee reference"  mention="pronoun" />
<markable id="markable_758" span="word_2581..word_2583" audience="none"  agreement="none"  split="simple antecedent"  coref_class="set_122"  mmax_level="coref"  nptype="np"  position="none"  type="none"  sub_apposition="none"  mention="np" />
<markable id="markable_637" span="word_2575" audience="deictic you"  agreement="you (pl.)"  coref_class="empty"  mmax_level="coref"  position="you (non-subject)"  type="addressee reference"  mention="pronoun" />
<markable id="markable_879" span="word_196..word_214" coref_class="set_150"  mmax_level="coref"  clausetype="antecedent"  mention="clause" />
<markable id="markable_890" span="word_438..word_440" coref_class="set_156"  mmax_level="coref"  nptype="antecedent"  mention="np" />
<markable id="markable_896" span="word_670..word_672" split="simple antecedent"  coref_class="set_17"  comparative="gen"  mmax_level="coref"  type="comparative"  mention="pronoun"  antetype="entity" />
<markable id="markable_411" span="word_1638..word_1640" coref_class="set_63"  mmax_level="coref"  nptype="antecedent"  mention="np" />
<markable id="markable_532" span="word_2155" type_of_pronoun="personal"  split="no explicit antecedent"  agreement="they (pl.)"  coref_class="set_186"  mmax_level="coref"  position="it (subject)"  type="anaphoric"  mention="pronoun" />
<markable id="markable_895" span="word_528..word_529" npmod="demonstrative"  split="simple antecedent"  coref_class="set_24"  mmax_level="coref"  nptype="np"  anacata="anaphoric"  mention="np"  antetype="entity" />
<markable id="markable_898" span="word_724..word_725" type_of_pronoun="personal"  agreement="none"  coref_class="set_159"  mmax_level="coref"  position="none"  type="antecedent"  mention="pronoun" />
<markable id="markable_534" span="word_2169" audience="none"  agreement="none"  split="simple antecedent"  coref_class="empty"  mmax_level="coref"  nptype="none"  position="none"  type="speaker reference"  sub_apposition="none"  mention="pronoun" />
<markable id="markable_897" span="word_706..word_707" npmod="def-article"  split="simple antecedent"  coref_class="set_159"  mmax_level="coref"  nptype="np"  anacata="anaphoric"  mention="np"  antetype="entity" />
<markable id="markable_892" span="word_449..word_451" coref_class="set_157"  mmax_level="coref"  nptype="antecedent"  mention="np" />
<markable id="markable_891" span="word_443..word_445" npmod="demonstrative"  split="simple antecedent"  coref_class="set_156"  mmax_level="coref"  nptype="np"  anacata="anaphoric"  mention="np"  antetype="entity" />
<markable id="markable_652" span="word_2642" audience="all-inclusive we"  coref_class="empty"  mmax_level="coref"  type="speaker reference"  mention="pronoun" />
<markable id="markable_894" span="word_497..word_499,word_505..word_507" npmod="demonstrative"  split="split reference"  coref_class="set_158"  mmax_level="coref"  nptype="np"  anacata="anaphoric"  mention="np" />
<markable id="markable_530" span="word_2148" type_of_pronoun="personal"  split="no explicit antecedent"  agreement="they (pl.)"  coref_class="set_186"  mmax_level="coref"  position="it (subject)"  type="anaphoric"  mention="pronoun" />
<markable id="markable_893" span="word_453" type_of_pronoun="relative"  split="simple antecedent"  agreement="they (sg.)"  coref_class="set_157"  mmax_level="coref"  position="it (subject)"  type="anaphoric"  mention="pronoun"  antetype="entity" />
<markable id="markable_408" span="word_1623" audience="none"  coref_class="empty"  mmax_level="coref"  type="speaker reference"  mention="pronoun" />
<markable id="markable_647" span="word_2617" audience="all-inclusive we"  coref_class="empty"  mmax_level="coref"  type="speaker reference"  mention="pronoun" />
<markable id="markable_889" span="word_382..word_388" coref_class="set_155"  mmax_level="coref"  nptype="antecedent"  mention="np" />
<markable id="markable_525" span="word_2131..word_2132" npmod="demonstrative"  split="simple antecedent"  coref_class="set_87"  mmax_level="coref"  nptype="np"  anacata="anaphoric"  mention="np"  antetype="entity" />
<markable id="markable_888" span="word_386..word_388" npmod="demonstrative"  split="simple antecedent"  coref_class="set_154"  mmax_level="coref"  nptype="np"  anacata="anaphoric"  mention="np"  antetype="entity" />
<markable id="markable_649" span="word_2623" audience="all-inclusive we"  coref_class="empty"  mmax_level="coref"  type="speaker reference"  mention="pronoun" />
<markable id="markable_527" span="word_2139" type_of_pronoun="personal"  split="no explicit antecedent"  agreement="they (pl.)"  coref_class="set_186"  mmax_level="coref"  position="it (subject)"  type="anaphoric"  mention="pronoun" />
<markable id="markable_302" span="word_1239" audience="deictic you"  agreement="you (sg.)"  coref_class="empty"  mmax_level="coref"  position="you (subject)"  type="addressee reference"  mention="pronoun" />
<markable id="markable_422" span="word_1685" coref_class="empty"  mmax_level="coref"  type="event"  mention="pronoun" />
<markable id="markable_664" span="word_2687" type_of_pronoun="personal"  split="simple antecedent"  agreement="none"  coref_class="set_197"  mmax_level="coref"  position="it (subject)"  type="anaphoric"  mention="pronoun"  antetype="event" />
<markable id="markable_425" span="word_1697" coref_class="set_65"  mmax_level="coref"  nptype="antecedent"  mention="np" />
<markable id="markable_546" span="word_2214..word_2216" coref_class="set_188"  mmax_level="coref"  nptype="antecedent"  mention="np" />
<markable id="markable_666" span="word_2691" type_of_pronoun="personal"  split="simple antecedent"  agreement="none"  coref_class="set_197"  mmax_level="coref"  position="it (subject)"  type="anaphoric"  mention="pronoun"  antetype="event" />
<markable id="markable_545" span="word_2211" audience="generic you"  agreement="you (pl.)"  coref_class="empty"  mmax_level="coref"  position="you (subject)"  type="addressee reference"  mention="pronoun" />
<markable id="markable_661" span="word_2675" audience="deictic you"  agreement="you (pl.)"  coref_class="empty"  mmax_level="coref"  position="you (non-subject)"  type="addressee reference"  mention="pronoun" />
<markable id="markable_540" span="word_2190" type_of_pronoun="personal"  split="simple antecedent"  agreement="they (sg.)"  coref_class="set_92"  mmax_level="coref"  position="it (subject)"  type="anaphoric"  mention="pronoun"  antetype="entity" />
<markable id="markable_660" span="word_2673" audience="all-inclusive we"  coref_class="empty"  mmax_level="coref"  type="speaker reference"  mention="pronoun" />
<markable id="markable_662" span="word_2683" type_of_pronoun="personal"  split="simple antecedent"  agreement="none"  coref_class="set_197"  mmax_level="coref"  position="it (subject)"  type="anaphoric"  mention="pronoun"  antetype="event" />
<markable id="markable_419" span="word_1670" coref_class="empty"  mmax_level="coref"  type="pleonastic"  mention="pronoun" />
<markable id="markable_91" span="word_372" audience="exclusive we"  coref_class="empty"  mmax_level="coref"  type="speaker reference"  mention="pronoun" />
<markable id="markable_97" span="word_400" type_of_pronoun="personal"  split="simple antecedent"  agreement="they (sg.)"  coref_class="set_155"  mmax_level="coref"  position="it (subject)"  type="anaphoric"  mention="pronoun"  antetype="entity" />
<markable id="markable_415" span="word_1655" audience="co-present we"  coref_class="empty"  mmax_level="coref"  type="speaker reference"  mention="pronoun" />
<markable id="markable_899" span="word_776..word_778" npmod="def-article"  split="simple antecedent"  coref_class="set_160"  mmax_level="coref"  nptype="np"  anacata="anaphoric"  mention="np"  antetype="entity" />
<markable id="markable_418" span="word_1668" audience="co-present we"  coref_class="empty"  mmax_level="coref"  type="speaker reference"  mention="pronoun" />
<markable id="markable_539" span="word_2186..word_2188" coref_class="set_92"  mmax_level="coref"  nptype="antecedent"  mention="np" />
<markable id="markable_95" span="word_392" audience="none"  agreement="none"  split="simple antecedent"  coref_class="empty"  mmax_level="coref"  nptype="none"  position="none"  type="speaker reference"  sub_apposition="none"  mention="pronoun" />
<markable id="markable_417" span="word_1666" type_of_pronoun="personal"  split="simple antecedent"  agreement="they (sg.)"  coref_class="set_63"  mmax_level="coref"  position="it (non-subject)"  type="anaphoric"  mention="pronoun"  antetype="entity" />
<markable id="markable_99" span="word_405" audience="none"  agreement="none"  split="simple antecedent"  coref_class="empty"  mmax_level="coref"  nptype="none"  position="none"  type="speaker reference"  sub_apposition="none"  mention="pronoun" />
<markable id="markable_670" span="word_2699" type_of_pronoun="personal"  split="simple antecedent"  agreement="they (sg.)"  coref_class="set_197"  mmax_level="coref"  position="it (subject)"  type="anaphoric"  mention="pronoun"  antetype="entity" />
<markable id="markable_676" span="word_2730" coref_class="empty"  mmax_level="coref"  type="pleonastic"  mention="pronoun" />
<markable id="markable_436" span="word_1750" type_of_pronoun="demonstrative"  split="simple antecedent"  agreement="none"  coref_class="set_178"  mmax_level="coref"  position="it (subject)"  type="anaphoric"  mention="pronoun"  antetype="event" />
<markable id="markable_678" span="word_2739" type_of_pronoun="personal"  split="simple antecedent"  agreement="they (sg.)"  coref_class="set_126"  mmax_level="coref"  position="it (non-subject)"  type="anaphoric"  mention="pronoun"  antetype="entity" />
<markable id="markable_677" span="word_2735" audience="all-inclusive we"  coref_class="empty"  mmax_level="coref"  type="speaker reference"  mention="pronoun" />
<markable id="markable_556" span="word_2243" type_of_pronoun="personal"  split="simple antecedent"  agreement="they (sg.)"  coref_class="set_188"  mmax_level="coref"  position="it (subject)"  type="anaphoric"  mention="pronoun"  antetype="entity" />
<markable id="markable_551" span="word_2229" type_of_pronoun="personal"  split="simple antecedent"  agreement="they (sg.)"  coref_class="set_188"  mmax_level="coref"  position="it (subject)"  type="anaphoric"  mention="pronoun"  antetype="entity" />
<markable id="markable_550" span="word_2226" audience="generic you"  agreement="you (pl.)"  coref_class="empty"  mmax_level="coref"  position="you (subject)"  type="addressee reference"  mention="pronoun" />
<markable id="markable_432" span="word_1729" type_of_pronoun="personal"  split="simple antecedent"  agreement="they (sg.)"  coref_class="set_66"  mmax_level="coref"  position="it (non-subject)"  type="anaphoric"  mention="pronoun"  antetype="entity" />
<markable id="markable_674" span="word_2723" coref_class="set_126"  mmax_level="coref"  nptype="antecedent"  mention="np" />
<markable id="markable_431" span="word_1724..word_1725" coref_class="set_66"  mmax_level="coref"  nptype="antecedent"  mention="np" />
<markable id="markable_673" span="word_2718" coref_class="empty"  mmax_level="coref"  type="pleonastic"  mention="pronoun" />
<markable id="markable_87" span="word_359" audience="generic you"  agreement="you (pl.)"  coref_class="empty"  mmax_level="coref"  position="you (subject)"  type="addressee reference"  mention="pronoun" />
<markable id="markable_86" span="word_356" audience="generic you"  agreement="you (pl.)"  coref_class="empty"  mmax_level="coref"  position="you (subject)"  type="addressee reference"  mention="pronoun" />
<markable id="markable_426" span="word_1699" coref_class="empty"  mmax_level="coref"  type="pleonastic"  mention="pronoun" />
<markable id="markable_668" span="word_2695" type_of_pronoun="personal"  split="simple antecedent"  agreement="none"  coref_class="set_197"  mmax_level="coref"  position="it (subject)"  type="anaphoric"  mention="pronoun"  antetype="event" />
<markable id="markable_547" span="word_2218" type_of_pronoun="personal"  split="simple antecedent"  agreement="they (sg.)"  coref_class="set_188"  mmax_level="coref"  position="it (subject)"  type="anaphoric"  mention="pronoun"  antetype="entity" />
<markable id="markable_429" span="word_1711" type_of_pronoun="personal"  split="simple antecedent"  agreement="they (pl.)"  coref_class="set_65"  mmax_level="coref"  position="it (non-subject)"  type="anaphoric"  mention="pronoun"  antetype="entity" />
<markable id="markable_84" span="word_346" audience="exclusive we"  coref_class="empty"  mmax_level="coref"  type="speaker reference"  mention="pronoun" />
<markable id="markable_428" span="word_1709" audience="generic you"  agreement="you (pl.)"  coref_class="empty"  mmax_level="coref"  position="you (subject)"  type="addressee reference"  mention="pronoun" />
<markable id="markable_89" span="word_367" audience="generic you"  agreement="you (pl.)"  coref_class="empty"  mmax_level="coref"  position="you (subject)"  type="addressee reference"  mention="pronoun" />
</markables>