<?xml version="1.0" encoding="utf-8"?>
<!DOCTYPE markables SYSTEM "markables.dtd">
<markables xmlns="www.eml.org/NameSpaces/coref">
<markable id="markable_445" span="word_1952..word_1953" type_of_pronoun="reflexive"  agreement="they (pl.)"  split="simple antecedent"  coref_class="set_76"  mmax_level="coref"  position="it (non-subject)"  type="anaphoric"  antetype="entity"  mention="pronoun" />
<markable id="markable_444" span="word_1945..word_1946" coref_class="set_76"  mmax_level="coref"  nptype="antecedent"  mention="np" />
<markable id="markable_447" span="word_1960" type_of_pronoun="personal"  agreement="they (pl.)"  split="simple antecedent"  coref_class="set_76"  mmax_level="coref"  position="it (non-subject)"  type="anaphoric"  antetype="entity"  mention="pronoun" />
<markable id="markable_204" span="word_826" type_of_pronoun="demonstrative"  agreement="none"  split="no explicit antecedent"  coref_class="empty"  mmax_level="coref"  position="it (subject)"  type="anaphoric"  mention="pronoun" />
<markable id="markable_440" span="word_1922" audience="none"  agreement="none"  split="simple antecedent"  coref_class="empty"  mmax_level="coref"  nptype="none"  position="none"  type="speaker reference"  sub_apposition="none"  mention="pronoun" />
<markable id="markable_322" span="word_1338" type_of_pronoun="personal"  agreement="they (sg.)"  split="simple antecedent"  coref_class="set_42"  mmax_level="coref"  position="it (subject)"  type="anaphoric"  antetype="entity"  mention="pronoun" />
<markable id="markable_317" span="word_1313" type_of_pronoun="personal"  agreement="they (sg.)"  split="simple antecedent"  coref_class="set_40"  mmax_level="coref"  position="it (subject)"  type="anaphoric"  antetype="entity"  mention="pronoun" />
<markable id="markable_690" span="word_1191" coref_class="set_29"  mmax_level="coref"  nptype="antecedent"  mention="np" />
<markable id="markable_691" span="word_1245..word_1246" audience="none"  npmod="possessive"  agreement="none"  anacata="anaphoric"  nptype="np"  type="none"  sub_apposition="none"  antetype="entity"  mention="np"  split="simple antecedent"  coref_class="set_129"  mmax_level="coref"  position="none" />
<markable id="markable_577" span="word_2448" audience="all-inclusive we"  coref_class="empty"  mmax_level="coref"  type="speaker reference"  mention="pronoun" />
<markable id="markable_334" span="word_1410" audience="none"  agreement="none"  split="simple antecedent"  coref_class="empty"  mmax_level="coref"  nptype="none"  position="none"  type="speaker reference"  sub_apposition="none"  mention="pronoun" />
<markable id="markable_337" span="word_1425" agreement="they (pl.)"  split="simple antecedent"  coref_class="set_47"  mmax_level="coref"  position="none"  type="anaphoric"  mention="pronoun" />
<markable id="markable_452" span="word_1985" type_of_pronoun="personal"  agreement="they (pl.)"  split="simple antecedent"  coref_class="set_79"  mmax_level="coref"  position="it (subject)"  type="anaphoric"  antetype="entity"  mention="pronoun" />
<markable id="markable_210" span="word_848" type_of_pronoun="personal"  agreement="they (pl.)"  split="simple antecedent"  coref_class="set_14"  mmax_level="coref"  position="it (subject)"  type="anaphoric"  antetype="entity"  mention="pronoun" />
<markable id="markable_451" span="word_1980..word_1981" coref_class="set_79"  mmax_level="coref"  nptype="antecedent"  mention="np" />
<markable id="markable_693" span="word_1297" coref_class="set_40"  mmax_level="coref"  nptype="antecedent"  mention="np" />
<markable id="markable_454" span="word_1992" type_of_pronoun="personal"  agreement="they (pl.)"  split="simple antecedent"  coref_class="set_79"  mmax_level="coref"  position="it (subject)"  type="anaphoric"  antetype="entity"  mention="pronoun" />
<markable id="markable_212" span="word_862" audience="all-inclusive we"  coref_class="empty"  mmax_level="coref"  type="speaker reference"  mention="pronoun" />
<markable id="markable_333" span="word_1406" type_of_pronoun="personal"  agreement="they (pl.)"  split="simple antecedent"  coref_class="set_47"  mmax_level="coref"  position="it (subject)"  type="anaphoric"  antetype="entity"  mention="pronoun" />
<markable id="markable_453" span="word_1988" type_of_pronoun="personal"  agreement="they (pl.)"  split="simple antecedent"  coref_class="set_79"  mmax_level="coref"  position="it (subject)"  type="anaphoric"  antetype="entity"  mention="pronoun" />
<markable id="markable_695" span="word_1329" coref_class="set_42"  mmax_level="coref"  nptype="antecedent"  mention="np" />
<markable id="markable_574" span="word_2437" audience="all-inclusive we"  coref_class="empty"  mmax_level="coref"  type="speaker reference"  mention="pronoun" />
<markable id="markable_332" span="word_1404" coref_class="set_47"  mmax_level="coref"  nptype="antecedent"  mention="np" />
<markable id="markable_328" span="word_1388" coref_class="set_43"  mmax_level="coref"  nptype="antecedent"  mention="np" />
<markable id="markable_206" span="word_838" audience="all-inclusive we"  coref_class="empty"  mmax_level="coref"  type="speaker reference"  mention="pronoun" />
<markable id="markable_208" span="word_844" coref_class="set_14"  mmax_level="coref"  nptype="antecedent"  mention="np" />
<markable id="markable_329" span="word_1394" type_of_pronoun="personal"  agreement="they (pl.)"  split="simple antecedent"  coref_class="set_43"  mmax_level="coref"  position="it (subject)"  type="anaphoric"  antetype="entity"  mention="pronoun" />
<markable id="markable_580" span="word_2465" audience="all-inclusive we"  coref_class="empty"  mmax_level="coref"  type="speaker reference"  mention="pronoun" />
<markable id="markable_461" span="word_2022" coref_class="set_82"  mmax_level="coref"  nptype="antecedent"  mention="np" />
<markable id="markable_467" span="word_2045" type_of_pronoun="personal"  agreement="they (pl.)"  split="simple antecedent"  coref_class="set_82"  mmax_level="coref"  position="it (subject)"  type="anaphoric"  antetype="entity"  mention="pronoun" />
<markable id="markable_225" span="word_919" audience="generic you"  agreement="you (pl.)"  coref_class="empty"  mmax_level="coref"  position="you (subject)"  type="addressee reference"  mention="pronoun" />
<markable id="markable_104" span="word_446" type_of_pronoun="personal"  agreement="they (pl.)"  split="simple antecedent"  coref_class="set_10"  mmax_level="coref"  position="it (subject)"  type="anaphoric"  antetype="entity"  mention="pronoun" />
<markable id="markable_587" span="word_2497" audience="deictic you"  agreement="you (pl.)"  coref_class="empty"  mmax_level="coref"  position="you (non-subject)"  type="addressee reference"  mention="pronoun" />
<markable id="markable_345" span="word_1477" type_of_pronoun="personal"  agreement="they (sg.)"  split="simple antecedent"  coref_class="set_50"  mmax_level="coref"  position="it (subject)"  type="anaphoric"  antetype="entity"  mention="pronoun" />
<markable id="markable_227" span="word_926" audience="generic you"  agreement="you (pl.)"  coref_class="empty"  mmax_level="coref"  position="you (subject)"  type="addressee reference"  mention="pronoun" />
<markable id="markable_463" span="word_2029..word_2031" coref_class="set_80"  mmax_level="coref"  nptype="antecedent"  mention="np" />
<markable id="markable_100" span="word_414" type_of_pronoun="personal"  agreement="they (pl.)"  split="simple antecedent"  coref_class="set_10"  mmax_level="coref"  position="it (subject)"  type="anaphoric"  antetype="entity"  mention="pronoun" />
<markable id="markable_342" span="word_1438" agreement="they (pl.)"  split="simple antecedent"  coref_class="set_47"  mmax_level="coref"  position="none"  type="anaphoric"  mention="pronoun" />
<markable id="markable_465" span="word_2036" type_of_pronoun="personal"  agreement="they (sg.)"  split="simple antecedent"  coref_class="set_80"  mmax_level="coref"  position="it (non-subject)"  type="anaphoric"  antetype="entity"  mention="pronoun" />
<markable id="markable_223" span="word_912" audience="generic you"  agreement="you (pl.)"  coref_class="empty"  mmax_level="coref"  position="you (subject)"  type="addressee reference"  mention="pronoun" />
<markable id="markable_102" span="word_419" audience="all-inclusive we"  coref_class="empty"  mmax_level="coref"  type="speaker reference"  mention="pronoun" />
<markable id="markable_586" span="word_2494" audience="none"  agreement="none"  split="simple antecedent"  coref_class="empty"  mmax_level="coref"  nptype="none"  position="none"  type="speaker reference"  sub_apposition="none"  mention="pronoun" />
<markable id="markable_344" span="word_1473" agreement="none"  split="simple antecedent"  coref_class="empty"  mmax_level="coref"  position="none"  type="anaphoric"  mention="pronoun" />
<markable id="markable_585" span="word_2492" audience="none"  coref_class="empty"  mmax_level="coref"  type="speaker reference"  mention="pronoun" />
<markable id="markable_343" span="word_1456" agreement="none"  split="simple antecedent"  coref_class="empty"  mmax_level="coref"  position="none"  type="anaphoric"  mention="pronoun" />
<markable id="markable_339" span="word_1431" agreement="they (pl.)"  split="simple antecedent"  coref_class="set_47"  mmax_level="coref"  position="none"  type="anaphoric"  mention="pronoun" />
<markable id="markable_591" span="word_2510" type_of_pronoun="personal"  agreement="they (sg.)"  split="simple antecedent"  coref_class="set_102"  mmax_level="coref"  position="it (subject)"  type="anaphoric"  antetype="entity"  mention="pronoun" />
<markable id="markable_472" span="word_2059" type_of_pronoun="personal"  agreement="none"  split="simple antecedent"  coref_class="set_136"  mmax_level="coref"  position="it (non-subject)"  type="anaphoric"  antetype="event"  mention="pronoun" />
<markable id="markable_230" span="word_937" audience="generic you"  agreement="you (pl.)"  coref_class="empty"  mmax_level="coref"  position="you (subject)"  type="addressee reference"  mention="pronoun" />
<markable id="markable_593" span="word_2515" coref_class="set_103"  mmax_level="coref"  nptype="antecedent"  mention="np" />
<markable id="markable_351" span="word_1499..word_1500" coref_class="set_53"  mmax_level="coref"  nptype="antecedent"  mention="np" />
<markable id="markable_471" span="word_2056" type_of_pronoun="personal"  agreement="they (pl.)"  split="simple antecedent"  coref_class="set_82"  mmax_level="coref"  position="it (subject)"  type="anaphoric"  antetype="entity"  mention="pronoun" />
<markable id="markable_350" span="word_1497" type_of_pronoun="personal"  agreement="they (sg.)"  split="simple antecedent"  coref_class="set_54"  mmax_level="coref"  position="it (subject)"  type="anaphoric"  antetype="entity"  mention="pronoun" />
<markable id="markable_115" span="word_481" audience="none"  coref_class="empty"  mmax_level="coref"  type="speaker reference"  mention="pronoun" />
<markable id="markable_357" span="word_1515" coref_class="empty"  mmax_level="coref"  type="pleonastic"  mention="pronoun" />
<markable id="markable_114" span="word_473" audience="all-inclusive we"  coref_class="empty"  mmax_level="coref"  type="speaker reference"  mention="pronoun" />
<markable id="markable_356" span="word_1512" type_of_pronoun="personal"  agreement="they (pl.)"  split="simple antecedent"  coref_class="set_55"  mmax_level="coref"  position="it (subject)"  type="anaphoric"  antetype="entity"  mention="pronoun" />
<markable id="markable_238" span="word_959" coref_class="set_18"  mmax_level="coref"  nptype="antecedent"  mention="np" />
<markable id="markable_111" span="word_463" audience="all-inclusive we"  coref_class="empty"  mmax_level="coref"  type="speaker reference"  mention="pronoun" />
<markable id="markable_595" span="word_2523" audience="none"  agreement="none"  split="simple antecedent"  coref_class="empty"  mmax_level="coref"  nptype="none"  position="none"  type="speaker reference"  sub_apposition="none"  mention="pronoun" />
<markable id="markable_353" span="word_1504" type_of_pronoun="personal"  agreement="they (sg.)"  split="simple antecedent"  coref_class="set_54"  mmax_level="coref"  position="it (non-subject)"  type="anaphoric"  antetype="entity"  mention="pronoun" />
<markable id="markable_352" span="word_1502" type_of_pronoun="personal"  agreement="they (pl.)"  split="simple antecedent"  coref_class="set_53"  mmax_level="coref"  position="it (subject)"  type="anaphoric"  antetype="entity"  mention="pronoun" />
<markable id="markable_112" span="word_467" audience="all-inclusive we"  coref_class="empty"  mmax_level="coref"  type="speaker reference"  mention="pronoun" />
<markable id="markable_596" span="word_2525" type_of_pronoun="personal"  agreement="they (sg.)"  split="simple antecedent"  coref_class="set_103"  mmax_level="coref"  position="it (subject)"  type="anaphoric"  antetype="entity"  mention="pronoun" />
<markable id="markable_354" span="word_1506" coref_class="set_55"  mmax_level="coref"  nptype="antecedent"  mention="np" />
<markable id="markable_900" span="word_2691..word_2693" coref_class="set_143"  mmax_level="coref"  nptype="antecedent"  mention="np" />
<markable id="markable_349" span="word_1492" type_of_pronoun="personal"  agreement="they (sg.)"  split="simple antecedent"  coref_class="set_54"  mmax_level="coref"  position="it (subject)"  type="anaphoric"  antetype="entity"  mention="pronoun" />
<markable id="markable_109" span="word_459" audience="all-inclusive we"  coref_class="empty"  mmax_level="coref"  type="speaker reference"  mention="pronoun" />
<markable id="markable_901" span="word_2709..word_2712" npmod="demonstrative"  split="simple antecedent"  coref_class="set_143"  mmax_level="coref"  anacata="anaphoric"  nptype="np"  antetype="entity"  mention="np" />
<markable id="markable_481" span="word_2101" type_of_pronoun="personal"  agreement="they (pl.)"  split="simple antecedent"  coref_class="set_85"  mmax_level="coref"  position="it (non-subject)"  type="anaphoric"  antetype="entity"  mention="pronoun" />
<markable id="markable_360" span="word_1528" audience="generic you"  type_of_pronoun="personal"  agreement="you (pl.)"  coref_class="empty"  mmax_level="coref"  position="you (subject)"  type="addressee reference"  mention="pronoun" />
<markable id="markable_480" span="word_2096..word_2098" coref_class="set_85"  mmax_level="coref"  nptype="antecedent"  mention="np" />
<markable id="markable_362" span="word_1541" coref_class="empty"  mmax_level="coref"  type="pleonastic"  mention="pronoun" />
<markable id="markable_489" span="word_2138" type_of_pronoun="personal"  agreement="they (sg.)"  split="simple antecedent"  coref_class="set_87"  mmax_level="coref"  position="it (subject)"  type="anaphoric"  antetype="entity"  mention="pronoun" />
<markable id="markable_368" span="word_1571" type_of_pronoun="demonstrative"  agreement="none"  split="simple antecedent"  coref_class="set_131"  mmax_level="coref"  position="it (subject)"  type="anaphoric"  antetype="event"  mention="pronoun" />
<markable id="markable_246" span="word_994" audience="co-present we"  coref_class="empty"  mmax_level="coref"  type="speaker reference"  mention="pronoun" />
<markable id="markable_242" span="word_977" type_of_pronoun="personal"  agreement="they (pl.)"  split="simple antecedent"  coref_class="set_18"  mmax_level="coref"  position="it (subject)"  type="anaphoric"  antetype="entity"  mention="pronoun" />
<markable id="markable_487" span="word_2134" type_of_pronoun="personal"  agreement="they (sg.)"  split="simple antecedent"  coref_class="set_87"  mmax_level="coref"  position="it (subject)"  type="anaphoric"  antetype="entity"  mention="pronoun" />
<markable id="markable_124" span="word_519" type_of_pronoun="personal"  agreement="none"  split="no explicit antecedent"  coref_class="empty"  mmax_level="coref"  position="it (subject)"  type="anaphoric"  mention="pronoun" />
<markable id="markable_244" span="word_981" type_of_pronoun="personal"  agreement="they (pl.)"  split="simple antecedent"  coref_class="set_18"  mmax_level="coref"  position="it (subject)"  type="anaphoric"  antetype="entity"  mention="pronoun" />
<markable id="markable_239" span="word_963" type_of_pronoun="personal"  agreement="they (pl.)"  split="simple antecedent"  coref_class="set_18"  mmax_level="coref"  position="it (subject)"  type="anaphoric"  antetype="entity"  mention="pronoun" />
<markable id="markable_118" span="word_495" audience="all-inclusive we"  coref_class="empty"  mmax_level="coref"  type="speaker reference"  mention="pronoun" />
<markable id="markable_30" span="word_108" audience="all-inclusive we"  coref_class="empty"  mmax_level="coref"  type="speaker reference"  mention="pronoun" />
<markable id="markable_36" span="word_132" type_of_pronoun="personal"  agreement="they (pl.)"  split="split reference"  coref_class="set_4"  mmax_level="coref"  position="it (subject)"  type="anaphoric"  mention="pronoun" />
<markable id="markable_33" span="word_119..word_122" coref_class="set_4"  mmax_level="coref"  nptype="antecedent"  mention="np" />
<markable id="markable_371" span="word_1589" audience="all-inclusive we"  coref_class="empty"  mmax_level="coref"  type="speaker reference"  mention="pronoun" />
<markable id="markable_139" span="word_569" audience="none"  agreement="none"  split="simple antecedent"  coref_class="empty"  mmax_level="coref"  nptype="none"  position="none"  type="speaker reference"  sub_apposition="none"  mention="pronoun" />
<markable id="markable_375" span="word_1604" type_of_pronoun="personal"  agreement="they (pl.)"  split="simple antecedent"  coref_class="set_56"  mmax_level="coref"  position="it (subject)"  type="anaphoric"  antetype="entity"  mention="pronoun" />
<markable id="markable_135" span="word_554" audience="none"  coref_class="empty"  mmax_level="coref"  type="speaker reference"  mention="pronoun" />
<markable id="markable_255" span="word_1051" audience="all-inclusive we"  coref_class="empty"  mmax_level="coref"  type="speaker reference"  mention="pronoun" />
<markable id="markable_497" span="word_2163" type_of_pronoun="personal"  agreement="they (sg.)"  split="simple antecedent"  coref_class="set_139"  mmax_level="coref"  position="it (subject)"  type="anaphoric"  antetype="entity"  mention="pronoun" />
<markable id="markable_805" span="word_1116" type_of_pronoun="possessive"  agreement="they (pl.)"  split="simple antecedent"  coref_class="set_22"  mmax_level="coref"  position="it (non-subject)"  type="anaphoric"  antetype="entity"  mention="pronoun" />
<markable id="markable_804" span="word_967" type_of_pronoun="possessive"  agreement="they (pl.)"  split="simple antecedent"  coref_class="set_18"  mmax_level="coref"  position="it (subject)"  type="anaphoric"  antetype="entity"  mention="pronoun" />
<markable id="markable_806" span="word_1151" type_of_pronoun="possessive"  agreement="they (sg.)"  split="simple antecedent"  coref_class="set_24"  mmax_level="coref"  position="it (non-subject)"  type="anaphoric"  antetype="entity"  mention="pronoun" />
<markable id="markable_801" span="word_490" audience="none"  coref_class="empty"  mmax_level="coref"  type="speaker reference"  mention="pronoun" />
<markable id="markable_800" span="word_361" audience="none"  coref_class="empty"  mmax_level="coref"  type="speaker reference"  mention="pronoun" />
<markable id="markable_803" span="word_883" coref_class="empty"  mmax_level="coref"  type="speaker reference"  mention="pronoun" />
<markable id="markable_802" span="word_586" audience="none"  coref_class="empty"  mmax_level="coref"  type="speaker reference"  mention="pronoun" />
<markable id="markable_22" span="word_82" audience="all-inclusive we"  type_of_pronoun="personal"  coref_class="empty"  mmax_level="coref"  type="speaker reference"  mention="pronoun" />
<markable id="markable_809" span="word_1365" type_of_pronoun="possessive"  agreement="they (sg.)"  split="simple antecedent"  coref_class="set_42"  mmax_level="coref"  position="it (non-subject)"  type="anaphoric"  antetype="entity"  mention="pronoun" />
<markable id="markable_808" span="word_1213" type_of_pronoun="personal"  agreement="none"  split="simple antecedent"  coref_class="empty"  mmax_level="coref"  position="none"  type="anaphoric"  antetype="entity"  mention="pronoun" />
<markable id="markable_26" span="word_98" audience="all-inclusive we"  coref_class="empty"  mmax_level="coref"  type="speaker reference"  mention="pronoun" />
<markable id="markable_261" span="word_1097" type_of_pronoun="personal"  agreement="they (pl.)"  split="simple antecedent"  coref_class="set_22"  mmax_level="coref"  position="it (subject)"  type="anaphoric"  antetype="entity"  mention="pronoun" />
<markable id="markable_140" span="word_571" audience="all-inclusive we"  coref_class="empty"  mmax_level="coref"  type="speaker reference"  mention="pronoun" />
<markable id="markable_382" span="word_1655" audience="deictic you"  agreement="you (sg.)"  coref_class="empty"  mmax_level="coref"  position="you (subject)"  type="addressee reference"  mention="pronoun" />
<markable id="markable_260" span="word_1089..word_1091" coref_class="set_22"  mmax_level="coref"  nptype="antecedent"  mention="np" />
<markable id="markable_381" span="word_1650" audience="generic you"  agreement="you (pl.)"  coref_class="empty"  mmax_level="coref"  position="you (subject)"  type="addressee reference"  mention="pronoun" />
<markable id="markable_263" span="word_1104" type_of_pronoun="personal"  agreement="they (pl.)"  split="simple antecedent"  coref_class="set_22"  mmax_level="coref"  position="it (subject)"  type="anaphoric"  antetype="entity"  mention="pronoun" />
<markable id="markable_142" span="word_577" audience="all-inclusive we"  coref_class="empty"  mmax_level="coref"  type="speaker reference"  mention="pronoun" />
<markable id="markable_384" span="word_1662" audience="deictic you"  agreement="you (sg.)"  coref_class="empty"  mmax_level="coref"  position="you (subject)"  type="addressee reference"  mention="pronoun" />
<markable id="markable_380" span="word_1643" type_of_pronoun="personal"  agreement="they (sg.)"  split="simple antecedent"  coref_class="set_57"  mmax_level="coref"  position="it (subject)"  type="anaphoric"  antetype="entity"  mention="pronoun" />
<markable id="markable_148" span="word_601" audience="all-inclusive we"  coref_class="empty"  mmax_level="coref"  type="speaker reference"  mention="pronoun" />
<markable id="markable_821" span="word_2730" audience="none"  coref_class="empty"  mmax_level="coref"  type="speaker reference"  mention="pronoun" />
<markable id="markable_820" span="word_2604" audience="none"  type_of_pronoun="personal"  coref_class="empty"  mmax_level="coref"  type="speaker reference"  mention="pronoun" />
<markable id="markable_267" span="word_1122" type_of_pronoun="demonstrative"  agreement="none"  split="simple antecedent"  coref_class="set_126"  mmax_level="coref"  position="it (non-subject)"  type="anaphoric"  antetype="event"  mention="pronoun" />
<markable id="markable_388" span="word_1682" type_of_pronoun="personal"  agreement="they (sg.)"  split="simple antecedent"  coref_class="set_132"  mmax_level="coref"  position="it (subject)"  type="anaphoric"  antetype="entity"  mention="pronoun" />
<markable id="markable_266" span="word_1120" audience="all-inclusive we"  coref_class="empty"  mmax_level="coref"  type="speaker reference"  mention="pronoun" />
<markable id="markable_816" span="word_2065" type_of_pronoun="possessive"  agreement="they (sg.)"  split="simple antecedent"  coref_class="set_83"  mmax_level="coref"  position="it (non-subject)"  type="anaphoric"  antetype="entity"  mention="pronoun" />
<markable id="markable_815" span="word_1955" type_of_pronoun="possessive"  agreement="they (pl.)"  split="simple antecedent"  coref_class="set_76"  mmax_level="coref"  position="it (subject)"  type="anaphoric"  antetype="entity"  mention="pronoun" />
<markable id="markable_818" span="word_2195" type_of_pronoun="possessive"  agreement="they (sg.)"  split="simple antecedent"  coref_class="set_93"  mmax_level="coref"  position="it (non-subject)"  type="anaphoric"  antetype="entity"  mention="pronoun" />
<markable id="markable_817" span="word_2096" agreement="none"  split="simple antecedent"  coref_class="set_84"  mmax_level="coref"  position="none"  type="anaphoric"  mention="pronoun" />
<markable id="markable_812" span="word_1695" type_of_pronoun="possessive"  agreement="they (sg.)"  split="simple antecedent"  coref_class="set_132"  mmax_level="coref"  position="it (subject)"  type="anaphoric"  antetype="entity"  mention="pronoun" />
<markable id="markable_10" span="word_35" audience="all-inclusive we"  coref_class="empty"  mmax_level="coref"  type="speaker reference"  mention="pronoun" />
<markable id="markable_814" span="word_1765" type_of_pronoun="possessive"  agreement="they (pl.)"  split="simple antecedent"  coref_class="set_65"  mmax_level="coref"  position="it (non-subject)"  type="anaphoric"  antetype="entity"  mention="pronoun" />
<markable id="markable_813" span="word_1714" type_of_pronoun="possessive"  agreement="they (sg.)"  split="simple antecedent"  coref_class="set_63"  mmax_level="coref"  position="it (non-subject)"  type="anaphoric"  antetype="entity"  mention="pronoun" />
<markable id="markable_819" span="word_2198" type_of_pronoun="possessive"  agreement="they (sg.)"  split="simple antecedent"  coref_class="set_93"  mmax_level="coref"  position="it (non-subject)"  type="anaphoric"  antetype="entity"  mention="pronoun" />
<markable id="markable_393" span="word_1706..word_1707" coref_class="set_63"  mmax_level="coref"  nptype="antecedent"  mention="np" />
<markable id="markable_152" span="word_618" audience="all-inclusive we"  coref_class="empty"  mmax_level="coref"  type="speaker reference"  mention="pronoun" />
<markable id="markable_391" span="word_1691" type_of_pronoun="personal"  agreement="they (sg.)"  split="simple antecedent"  coref_class="set_132"  mmax_level="coref"  position="it (subject)"  type="anaphoric"  antetype="entity"  mention="pronoun" />
<markable id="markable_830" span="word_1883" coref_class="set_73"  mmax_level="coref"  nptype="antecedent"  mention="np" />
<markable id="markable_711" span="word_1635..word_1636" coref_class="set_57"  mmax_level="coref"  nptype="antecedent"  mention="np" />
<markable id="markable_832" span="word_2214" type_of_pronoun="demonstrative"  split="simple antecedent"  agreement="none"  coref_class="set_93"  mmax_level="coref"  position="none"  type="anaphoric"  mention="pronoun"  antetype="entity" />
<markable id="markable_831" span="word_2121" type_of_pronoun="demonstrative"  agreement="they (sg.)"  split="simple antecedent"  coref_class="set_137"  mmax_level="coref"  position="it (subject)"  type="anaphoric"  antetype="entity"  mention="pronoun" />
<markable id="markable_154" span="word_626" coref_class="empty"  mmax_level="coref"  type="pleonastic"  mention="pronoun" />
<markable id="markable_157" span="word_637" coref_class="set_11"  mmax_level="coref"  nptype="antecedent"  mention="np" />
<markable id="markable_399" span="word_1742..word_1743" coref_class="set_64"  mmax_level="coref"  nptype="antecedent"  mention="np" />
<markable id="markable_827" span="word_1546" type_of_pronoun="demonstrative"  agreement="none"  split="simple antecedent"  coref_class="set_130"  mmax_level="coref"  position="it (non-subject)"  type="anaphoric"  antetype="event"  mention="pronoun" />
<markable id="markable_826" span="word_1154..word_1160" coref_class="set_26"  mmax_level="coref"  nptype="antecedent"  mention="np" />
<markable id="markable_829" span="word_1758..word_1760" coref_class="set_65"  mmax_level="coref"  nptype="antecedent"  mention="np" />
<markable id="markable_828" span="word_1664..word_1665" coref_class="set_132"  mmax_level="coref"  nptype="antecedent"  mention="np" />
<markable id="markable_702" span="word_1442..word_1443" coref_class="set_54"  mmax_level="coref"  nptype="antecedent"  mention="np" />
<markable id="markable_823" span="word_277..word_278" coref_class="set_5"  mmax_level="coref"  nptype="np"  mention="np" />
<markable id="markable_701" span="word_1377" coref_class="set_106"  mmax_level="coref"  nptype="antecedent"  mention="np" />
<markable id="markable_822" span="word_2747" coref_class="empty"  mmax_level="coref"  type="speaker reference"  mention="pronoun" />
<markable id="markable_704" span="word_1461..word_1462" coref_class="set_50"  mmax_level="coref"  nptype="antecedent"  mention="np" />
<markable id="markable_825" span="word_1129..word_1144" coref_class="set_24"  mmax_level="coref"  nptype="antecedent"  mention="np" />
<markable id="markable_824" span="word_860" type_of_pronoun="demonstrative"  agreement="none"  split="simple antecedent"  coref_class="set_124"  mmax_level="coref"  position="it (non-subject)"  type="anaphoric"  antetype="event"  mention="pronoun" />
<markable id="markable_709" span="word_1601" coref_class="set_56"  mmax_level="coref"  nptype="antecedent"  mention="np" />
<markable id="markable_162" span="word_653" audience="none"  agreement="none"  split="simple antecedent"  coref_class="empty"  mmax_level="coref"  nptype="none"  position="none"  type="speaker reference"  sub_apposition="none"  mention="pronoun" />
<markable id="markable_285" span="word_1197" type_of_pronoun="personal"  agreement="they (sg.)"  split="simple antecedent"  coref_class="set_29"  mmax_level="coref"  position="it (subject)"  type="anaphoric"  antetype="entity"  mention="pronoun" />
<markable id="markable_163" span="word_656" coref_class="set_12"  mmax_level="coref"  nptype="antecedent"  mention="np" />
<markable id="markable_160" span="word_644" type_of_pronoun="personal"  agreement="they (pl.)"  split="simple antecedent"  coref_class="set_11"  mmax_level="coref"  position="it (subject)"  type="anaphoric"  antetype="entity"  mention="pronoun" />
<markable id="markable_281" span="word_1173..word_1174" type_of_pronoun="reflexive"  agreement="they (pl.)"  split="simple antecedent"  coref_class="set_26"  mmax_level="coref"  position="it (non-subject)"  type="anaphoric"  antetype="entity"  mention="pronoun" />
<markable id="markable_280" span="word_1169" type_of_pronoun="personal"  agreement="they (pl.)"  split="simple antecedent"  coref_class="set_26"  mmax_level="coref"  position="it (subject)"  type="anaphoric"  antetype="entity"  mention="pronoun" />
<markable id="markable_841" span="word_146..word_159" coref_class="set_110"  mmax_level="coref"  clausetype="antecedent"  mention="clause" />
<markable id="markable_169" span="word_677" type_of_pronoun="personal"  agreement="they (pl.)"  split="simple antecedent"  coref_class="set_12"  mmax_level="coref"  position="it (subject)"  type="anaphoric"  antetype="entity"  mention="pronoun" />
<markable id="markable_840" span="word_37" type_of_pronoun="relative"  agreement="they (pl.)"  split="simple antecedent"  coref_class="set_108"  mmax_level="coref"  position="it (subject)"  type="anaphoric"  antetype="entity"  mention="pronoun" />
<markable id="markable_601" span="word_2542" audience="all-inclusive we"  coref_class="empty"  mmax_level="coref"  type="speaker reference"  mention="pronoun" />
<markable id="markable_843" span="word_188..word_189" npmod="demonstrative"  split="simple antecedent"  coref_class="set_110"  mmax_level="coref"  anacata="anaphoric"  nptype="np"  antetype="entity"  mention="np" />
<markable id="markable_842" span="word_162..word_163" npmod="demonstrative"  split="simple antecedent"  coref_class="set_110"  mmax_level="coref"  anacata="anaphoric"  nptype="np"  antetype="entity"  mention="np" />
<markable id="markable_287" span="word_1205" agreement="none"  split="simple antecedent"  coref_class="empty"  mmax_level="coref"  position="none"  type="anaphoric"  mention="pronoun" />
<markable id="markable_165" span="word_662" audience="none"  agreement="none"  split="simple antecedent"  coref_class="empty"  mmax_level="coref"  nptype="none"  position="none"  type="speaker reference"  sub_apposition="none"  mention="pronoun" />
<markable id="markable_286" span="word_1202" coref_class="empty"  mmax_level="coref"  nptype="antecedent"  mention="np" />
<markable id="markable_168" span="word_673" audience="none"  agreement="none"  split="simple antecedent"  coref_class="empty"  mmax_level="coref"  nptype="none"  position="none"  type="speaker reference"  sub_apposition="none"  mention="pronoun" />
<markable id="markable_289" span="word_1210" agreement="none"  split="simple antecedent"  coref_class="set_29"  mmax_level="coref"  position="none"  type="anaphoric"  mention="pronoun" />
<markable id="markable_167" span="word_670" coref_class="empty"  mmax_level="coref"  type="pleonastic"  mention="pronoun" />
<markable id="markable_72" span="word_268" audience="all-inclusive we"  coref_class="empty"  mmax_level="coref"  type="speaker reference"  mention="pronoun" />
<markable id="markable_838" span="word_1..word_4" coref_class="set_107"  mmax_level="coref"  clausetype="antecedent"  mention="clause" />
<markable id="markable_837" span="word_9" type_of_pronoun="demonstrative"  agreement="none"  split="simple antecedent"  coref_class="set_107"  mmax_level="coref"  position="it (non-subject)"  type="anaphoric"  antetype="event"  mention="pronoun" />
<markable id="markable_839" span="word_34..word_36" coref_class="set_108"  mmax_level="coref"  nptype="antecedent"  mention="np" />
<markable id="markable_834" span="word_2590..word_2594" coref_class="set_105"  mmax_level="coref"  nptype="antecedent"  mention="np" />
<markable id="markable_75" span="word_280" audience="all-inclusive we"  coref_class="empty"  mmax_level="coref"  type="speaker reference"  mention="pronoun" />
<markable id="markable_833" span="word_2499..word_2503" coref_class="set_102"  mmax_level="coref"  nptype="antecedent"  mention="np" />
<markable id="markable_836" span="word_1379" type_of_pronoun="relative"  agreement="they (sg.)"  split="simple antecedent"  coref_class="set_106"  mmax_level="coref"  position="it (subject)"  type="anaphoric"  antetype="entity"  mention="pronoun" />
<markable id="markable_835" span="word_1048" type_of_pronoun="demonstrative"  agreement="none"  split="no explicit antecedent"  coref_class="set_125"  mmax_level="coref"  position="it (subject)"  type="anaphoric"  mention="pronoun" />
<markable id="markable_78" span="word_293" agreement="none"  split="simple antecedent"  coref_class="set_5"  mmax_level="coref"  position="none"  type="anaphoric"  mention="pronoun" />
<markable id="markable_294" span="word_1227" type_of_pronoun="personal"  agreement="they (pl.)"  split="simple antecedent"  coref_class="set_32"  mmax_level="coref"  position="it (subject)"  type="anaphoric"  antetype="entity"  mention="pronoun" />
<markable id="markable_172" span="word_685..word_690" coref_class="set_13"  mmax_level="coref"  nptype="antecedent"  mention="np" />
<markable id="markable_292" span="word_1223" type_of_pronoun="personal"  agreement="they (pl.)"  split="simple antecedent"  coref_class="set_32"  mmax_level="coref"  position="it (subject)"  type="anaphoric"  antetype="entity"  mention="pronoun" />
<markable id="markable_291" span="word_1220" coref_class="set_32"  mmax_level="coref"  nptype="antecedent"  mention="np" />
<markable id="markable_852" span="word_617" type_of_pronoun="relative"  agreement="they (pl.)"  split="simple antecedent"  coref_class="set_115"  mmax_level="coref"  position="it (subject)"  type="anaphoric"  antetype="entity"  mention="pronoun" />
<markable id="markable_851" span="word_614..word_616" coref_class="set_115"  mmax_level="coref"  nptype="antecedent"  mention="np" />
<markable id="markable_854" span="word_667..word_668" npmod="demonstrative"  split="simple antecedent"  coref_class="set_116"  mmax_level="coref"  anacata="anaphoric"  nptype="np"  antetype="entity"  mention="np" />
<markable id="markable_853" span="word_655..word_659" coref_class="set_116"  mmax_level="coref"  clausetype="antecedent"  mention="clause" />
<markable id="markable_850" span="word_598..word_599" npmod="def-article"  split="simple antecedent"  coref_class="set_114"  mmax_level="coref"  anacata="anaphoric"  nptype="np"  antetype="entity"  mention="np" />
<markable id="markable_728" span="word_2190" coref_class="set_93"  mmax_level="coref"  nptype="antecedent"  mention="np" />
<markable id="markable_849" span="word_594..word_595" coref_class="set_114"  mmax_level="coref"  nptype="antecedent"  mention="np" />
<markable id="markable_60" span="word_225" audience="all-inclusive we"  coref_class="empty"  mmax_level="coref"  type="speaker reference"  mention="pronoun" />
<markable id="markable_727" span="word_2130..word_2131" coref_class="set_87"  mmax_level="coref"  nptype="antecedent"  mention="np" />
<markable id="markable_848" span="word_455" type_of_pronoun="relative"  agreement="they (pl.)"  split="simple antecedent"  coref_class="set_113"  mmax_level="coref"  position="it (subject)"  type="anaphoric"  antetype="entity"  mention="pronoun" />
<markable id="markable_724" span="word_2061..word_2062" coref_class="set_83"  mmax_level="coref"  nptype="antecedent"  mention="np" />
<markable id="markable_845" span="word_275" type_of_pronoun="relative"  agreement="they (pl.)"  split="simple antecedent"  coref_class="set_111"  mmax_level="coref"  position="it (non-subject)"  type="anaphoric"  antetype="entity"  mention="pronoun" />
<markable id="markable_64" span="word_239" audience="all-inclusive we"  coref_class="empty"  mmax_level="coref"  type="speaker reference"  mention="pronoun" />
<markable id="markable_844" span="word_272..word_273" coref_class="set_111"  mmax_level="coref"  nptype="antecedent"  mention="np" />
<markable id="markable_63" span="word_234" audience="generic you"  agreement="you (pl.)"  coref_class="empty"  mmax_level="coref"  position="you (subject)"  type="addressee reference"  mention="pronoun" />
<markable id="markable_605" span="word_2554" audience="all-inclusive we"  coref_class="empty"  mmax_level="coref"  type="speaker reference"  mention="pronoun" />
<markable id="markable_847" span="word_453" coref_class="set_113"  mmax_level="coref"  nptype="antecedent"  mention="np" />
<markable id="markable_62" span="word_232" audience="none"  agreement="none"  split="simple antecedent"  coref_class="empty"  mmax_level="coref"  nptype="none"  position="none"  type="speaker reference"  sub_apposition="none"  mention="pronoun" />
<markable id="markable_725" span="word_2089..word_2090" coref_class="set_84"  mmax_level="coref"  nptype="antecedent"  mention="np" />
<markable id="markable_846" span="word_386..word_407" coref_class="set_112"  mmax_level="coref"  clausetype="antecedent"  mention="clause" />
<markable id="markable_69" span="word_259" audience="all-inclusive we"  coref_class="empty"  mmax_level="coref"  type="speaker reference"  mention="pronoun" />
<markable id="markable_66" span="word_244" audience="all-inclusive we"  coref_class="empty"  mmax_level="coref"  type="speaker reference"  mention="pronoun" />
<markable id="markable_183" span="word_740" type_of_pronoun="personal"  agreement="they (pl.)"  split="simple antecedent"  coref_class="set_13"  mmax_level="coref"  position="it (subject)"  type="anaphoric"  antetype="entity"  mention="pronoun" />
<markable id="markable_182" span="word_737" audience="all-inclusive we"  coref_class="empty"  mmax_level="coref"  type="speaker reference"  mention="pronoun" />
<markable id="markable_1" span="word_4" audience="none"  npmod="possessive"  agreement="none"  anacata="anaphoric"  nptype="np"  type="none"  sub_apposition="none"  antetype="entity"  mention="np"  split="simple antecedent"  coref_class="empty"  mmax_level="coref"  position="none" />
<markable id="markable_863" span="word_731..word_735" npmod="demonstrative"  split="simple antecedent"  coref_class="set_121"  mmax_level="coref"  anacata="anaphoric"  nptype="np"  antetype="entity"  mention="np" />
<markable id="markable_0" span="word_1" coref_class="set_2"  mmax_level="coref"  nptype="antecedent"  mention="np" />
<markable id="markable_620" span="word_2612" type_of_pronoun="personal"  agreement="they (sg.)"  split="simple antecedent"  coref_class="set_105"  mmax_level="coref"  position="it (subject)"  type="anaphoric"  antetype="entity"  mention="pronoun" />
<markable id="markable_3" span="word_12" type_of_pronoun="personal"  agreement="none"  split="simple antecedent"  coref_class="set_107"  mmax_level="coref"  position="it (subject)"  type="anaphoric"  antetype="event"  mention="pronoun" />
<markable id="markable_865" span="word_777..word_781" coref_class="set_122"  mmax_level="coref"  nptype="antecedent"  mention="np" />
<markable id="markable_501" span="word_2175" type_of_pronoun="personal"  agreement="they (sg.)"  split="simple antecedent"  coref_class="set_139"  mmax_level="coref"  position="it (subject)"  type="anaphoric"  antetype="entity"  mention="pronoun" />
<markable id="markable_864" span="word_736" type_of_pronoun="relative"  agreement="they (pl.)"  split="simple antecedent"  coref_class="set_121"  mmax_level="coref"  position="it (subject)"  type="anaphoric"  antetype="entity"  mention="pronoun" />
<markable id="markable_7" span="word_26" type_of_pronoun="personal"  agreement="they (sg.)"  split="simple antecedent"  coref_class="set_2"  mmax_level="coref"  position="it (subject)"  type="anaphoric"  antetype="entity"  mention="pronoun" />
<markable id="markable_861" span="word_724" coref_class="set_121"  mmax_level="coref"  nptype="antecedent"  mention="np" />
<markable id="markable_6" span="word_22" type_of_pronoun="personal"  agreement="they (sg.)"  split="simple antecedent"  coref_class="set_2"  mmax_level="coref"  position="it (subject)"  type="anaphoric"  antetype="entity"  mention="pronoun" />
<markable id="markable_860" span="word_719" coref_class="set_121"  mmax_level="coref"  nptype="antecedent"  mention="np" />
<markable id="markable_617" span="word_2601" type_of_pronoun="personal"  agreement="they (sg.)"  split="simple antecedent"  coref_class="set_105"  mmax_level="coref"  position="it (subject)"  type="anaphoric"  antetype="entity"  mention="pronoun" />
<markable id="markable_859" span="word_713..word_714" coref_class="set_121"  mmax_level="coref"  nptype="antecedent"  mention="np" />
<markable id="markable_856" span="word_679" coref_class="set_117"  vptype="verb-substitution"  mmax_level="coref"  mention="vp" />
<markable id="markable_613" span="word_2587" audience="all-inclusive we"  coref_class="empty"  mmax_level="coref"  type="speaker reference"  mention="pronoun" />
<markable id="markable_855" span="word_657..word_659" coref_class="set_117"  vptype="antecedent"  mmax_level="coref"  mention="vp" />
<markable id="markable_858" span="word_696" type_of_pronoun="relative"  agreement="they (pl.)"  split="simple antecedent"  coref_class="set_118"  mmax_level="coref"  position="it (non-subject)"  type="anaphoric"  antetype="entity"  mention="pronoun" />
<markable id="markable_857" span="word_692..word_694" coref_class="set_118"  mmax_level="coref"  nptype="antecedent"  mention="np" />
<markable id="markable_57" span="word_214" audience="all-inclusive we"  coref_class="empty"  mmax_level="coref"  type="speaker reference"  mention="pronoun" />
<markable id="markable_55" span="word_208" audience="all-inclusive we"  coref_class="empty"  mmax_level="coref"  type="speaker reference"  mention="pronoun" />
<markable id="markable_195" span="word_799" audience="all-inclusive we"  coref_class="empty"  mmax_level="coref"  type="speaker reference"  mention="pronoun" />
<markable id="markable_511" span="word_2216" audience="deictic you"  agreement="you (pl.)"  coref_class="empty"  mmax_level="coref"  position="you (subject)"  type="addressee reference"  mention="pronoun" />
<markable id="markable_874" span="word_1191..word_1216" coref_class="set_128"  mmax_level="coref"  clausetype="antecedent"  mention="clause" />
<markable id="markable_510" span="word_2212" audience="deictic you"  agreement="you (pl.)"  coref_class="empty"  mmax_level="coref"  position="you (subject)"  type="addressee reference"  mention="pronoun" />
<markable id="markable_873" span="word_1183..word_1184" npmod="demonstrative"  split="simple antecedent"  coref_class="set_127"  mmax_level="coref"  anacata="anaphoric"  nptype="np"  antetype="entity"  mention="np" />
<markable id="markable_876" span="word_1250" type_of_pronoun="reflexive"  agreement="they (sg.)"  split="simple antecedent"  coref_class="set_129"  mmax_level="coref"  position="it (non-subject)"  type="anaphoric"  antetype="entity"  mention="pronoun" />
<markable id="markable_512" span="word_2222" type_of_pronoun="personal"  agreement="they (sg.)"  split="simple antecedent"  coref_class="set_93"  mmax_level="coref"  position="it (non-subject)"  type="anaphoric"  antetype="entity"  mention="pronoun" />
<markable id="markable_875" span="word_1217" type_of_pronoun="demonstrative"  agreement="none"  split="simple antecedent"  coref_class="set_128"  mmax_level="coref"  position="it (subject)"  type="anaphoric"  antetype="event"  mention="pronoun" />
<markable id="markable_870" span="word_1059" type_of_pronoun="demonstrative"  agreement="none"  split="no explicit antecedent"  coref_class="set_125"  mmax_level="coref"  position="it (non-subject)"  type="anaphoric"  mention="pronoun" />
<markable id="markable_872" span="word_1170..word_1180" coref_class="set_127"  mmax_level="coref"  vptype="antecedent"  mention="vp" />
<markable id="markable_871" span="word_1089..word_1119" coref_class="set_126"  mmax_level="coref"  clausetype="antecedent"  mention="clause" />
<markable id="markable_867" span="word_840..word_841" coref_class="set_123"  mmax_level="coref"  nptype="antecedent"  mention="np" />
<markable id="markable_624" span="word_2644" audience="generic you"  agreement="you (pl.)"  coref_class="empty"  mmax_level="coref"  position="you (subject)"  type="addressee reference"  mention="pronoun" />
<markable id="markable_866" span="word_782" type_of_pronoun="relative"  agreement="they (sg.)"  split="simple antecedent"  coref_class="set_122"  mmax_level="coref"  position="it (subject)"  type="anaphoric"  antetype="entity"  mention="pronoun" />
<markable id="markable_627" span="word_2655" audience="none"  agreement="none"  split="simple antecedent"  coref_class="empty"  mmax_level="coref"  nptype="none"  position="none"  type="speaker reference"  sub_apposition="none"  mention="pronoun" />
<markable id="markable_869" span="word_836..word_854" coref_class="set_124"  mmax_level="coref"  clausetype="antecedent"  mention="clause" />
<markable id="markable_505" span="word_2193" type_of_pronoun="personal"  agreement="they (sg.)"  split="simple antecedent"  coref_class="set_93"  mmax_level="coref"  position="it (subject)"  type="anaphoric"  antetype="entity"  mention="pronoun" />
<markable id="markable_868" span="word_843" type_of_pronoun="relative"  agreement="they (sg.)"  split="simple antecedent"  coref_class="set_123"  mmax_level="coref"  position="it (non-subject)"  type="anaphoric"  antetype="entity"  mention="pronoun" />
<markable id="markable_47" span="word_176" audience="none"  agreement="none"  split="simple antecedent"  coref_class="empty"  mmax_level="coref"  nptype="none"  position="none"  type="speaker reference"  sub_apposition="none"  mention="pronoun" />
<markable id="markable_49" span="word_186" type_of_pronoun="demonstrative"  agreement="none"  split="simple antecedent"  coref_class="set_110"  mmax_level="coref"  position="it (non-subject)"  type="anaphoric"  antetype="event"  mention="pronoun" />
<markable id="markable_401" span="word_1748" type_of_pronoun="personal"  agreement="they (sg.)"  split="simple antecedent"  coref_class="set_63"  mmax_level="coref"  position="it (subject)"  type="anaphoric"  antetype="entity"  mention="pronoun" />
<markable id="markable_643" span="word_2697" coref_class="empty"  mmax_level="coref"  type="pleonastic"  mention="pronoun" />
<markable id="markable_522" span="word_2252" type_of_pronoun="personal"  agreement="they (pl.)"  split="simple antecedent"  coref_class="set_98"  mmax_level="coref"  position="it (subject)"  type="anaphoric"  antetype="entity"  mention="pronoun" />
<markable id="markable_885" span="word_2041..word_2042" coref_class="set_135"  mmax_level="coref"  nptype="antecedent"  mention="np" />
<markable id="markable_642" span="word_2695" audience="none"  agreement="none"  split="simple antecedent"  coref_class="empty"  mmax_level="coref"  nptype="none"  position="none"  type="speaker reference"  sub_apposition="none"  mention="pronoun" />
<markable id="markable_521" span="word_2248" type_of_pronoun="personal"  agreement="they (pl.)"  split="simple antecedent"  coref_class="set_98"  mmax_level="coref"  position="it (subject)"  type="anaphoric"  antetype="entity"  mention="pronoun" />
<markable id="markable_884" span="word_1781" type_of_pronoun="demonstrative"  agreement="none"  split="simple antecedent"  coref_class="set_134"  mmax_level="coref"  position="it (subject)"  type="anaphoric"  antetype="event"  mention="pronoun" />
<markable id="markable_403" span="word_1755" type_of_pronoun="personal"  agreement="they (sg.)"  split="simple antecedent"  coref_class="set_64"  mmax_level="coref"  position="it (non-subject)"  type="anaphoric"  antetype="entity"  mention="pronoun" />
<markable id="markable_887" span="word_2052..word_2053" type_of_pronoun="reflexive"  agreement="they (pl.)"  split="simple antecedent"  coref_class="set_135"  mmax_level="coref"  position="it (non-subject)"  type="anaphoric"  antetype="entity"  mention="pronoun" />
<markable id="markable_402" span="word_1753" type_of_pronoun="personal"  agreement="they (sg.)"  split="simple antecedent"  coref_class="set_63"  mmax_level="coref"  position="it (subject)"  type="anaphoric"  antetype="entity"  mention="pronoun" />
<markable id="markable_523" span="word_2256" type_of_pronoun="personal"  agreement="they (pl.)"  split="simple antecedent"  coref_class="set_98"  mmax_level="coref"  position="it (subject)"  type="anaphoric"  antetype="entity"  mention="pronoun" />
<markable id="markable_886" span="word_2044" type_of_pronoun="relative"  agreement="they (pl.)"  split="simple antecedent"  coref_class="set_135"  mmax_level="coref"  position="it (non-subject)"  type="anaphoric"  antetype="entity"  mention="pronoun" />
<markable id="markable_881" span="word_1733" type_of_pronoun="demonstrative"  agreement="none"  split="simple antecedent"  coref_class="set_133"  mmax_level="coref"  position="it (subject)"  type="anaphoric"  antetype="event"  mention="pronoun" />
<markable id="markable_880" span="word_1711..word_1731" coref_class="set_133"  mmax_level="coref"  vptype="antecedent"  mention="vp" />
<markable id="markable_520" span="word_2245" type_of_pronoun="personal"  agreement="they (sg.)"  split="no explicit antecedent"  coref_class="set_95"  mmax_level="coref"  position="it (non-subject)"  type="anaphoric"  mention="pronoun" />
<markable id="markable_883" span="word_1757..word_1779" coref_class="set_134"  mmax_level="coref"  clausetype="antecedent"  mention="clause" />
<markable id="markable_882" span="word_1739..word_1756" coref_class="set_133"  mmax_level="coref"  vptype="antecedent"  mention="vp" />
<markable id="markable_519" span="word_2242" type_of_pronoun="personal"  agreement="they (pl.)"  split="simple antecedent"  coref_class="set_98"  mmax_level="coref"  position="it (subject)"  type="anaphoric"  antetype="entity"  mention="pronoun" />
<markable id="markable_636" span="word_2679" audience="none"  coref_class="empty"  mmax_level="coref"  type="speaker reference"  mention="pronoun" />
<markable id="markable_515" span="word_2230" coref_class="set_98"  mmax_level="coref"  nptype="antecedent"  mention="np" />
<markable id="markable_878" span="word_1556..word_1568" coref_class="set_131"  mmax_level="coref"  clausetype="antecedent"  mention="clause" />
<markable id="markable_877" span="word_1530..word_1538" coref_class="set_130"  mmax_level="coref"  vptype="antecedent"  mention="vp" />
<markable id="markable_638" span="word_2685" audience="none"  agreement="none"  split="simple antecedent"  coref_class="empty"  mmax_level="coref"  nptype="none"  position="none"  type="speaker reference"  sub_apposition="none"  mention="pronoun" />
<markable id="markable_637" span="word_2682" audience="deictic you"  agreement="you (pl.)"  coref_class="empty"  mmax_level="coref"  position="you (non-subject)"  type="addressee reference"  mention="pronoun" />
<markable id="markable_516" span="word_2233" type_of_pronoun="demonstrative"  agreement="they (sg.)"  split="no explicit antecedent"  coref_class="set_95"  mmax_level="coref"  position="it (non-subject)"  type="anaphoric"  mention="pronoun" />
<markable id="markable_879" span="word_1657..word_1659" coref_class="set_132"  mmax_level="coref"  nptype="antecedent"  mention="np" />
<markable id="markable_890" span="word_2140..word_2142" coref_class="set_139"  mmax_level="coref"  nptype="antecedent"  mention="np" />
<markable id="markable_654" span="word_2752" audience="deictic you"  agreement="you (pl.)"  coref_class="empty"  mmax_level="coref"  position="you (non-subject)"  type="addressee reference"  mention="pronoun" />
<markable id="markable_896" span="word_2436..word_2485" coref_class="set_141"  mmax_level="coref"  clausetype="antecedent"  mention="clause" />
<markable id="markable_895" span="word_2490" type_of_pronoun="demonstrative"  agreement="none"  split="simple antecedent"  coref_class="set_141"  mmax_level="coref"  position="it (subject)"  type="anaphoric"  antetype="event"  mention="pronoun" />
<markable id="markable_898" span="word_2640..word_2652" coref_class="set_142"  mmax_level="coref"  nptype="antecedent"  mention="np" />
<markable id="markable_413" span="word_1796" coref_class="set_68"  mmax_level="coref"  nptype="antecedent"  mention="np" />
<markable id="markable_655" span="word_310..word_313,word_315..word_316,word_318..word_319,word_321..word_322,word_334..word_335" coref_class="set_6"  mmax_level="coref"  nptype="antecedent"  mention="np" />
<markable id="markable_897" span="word_2596" type_of_pronoun="demonstrative"  agreement="they (sg.)"  split="simple antecedent"  coref_class="set_105"  mmax_level="coref"  position="it (subject)"  type="anaphoric"  antetype="entity"  mention="pronoun" />
<markable id="markable_892" span="word_2147" type_of_pronoun="relative"  agreement="they (sg.)"  split="simple antecedent"  coref_class="set_139"  mmax_level="coref"  position="it (subject)"  type="anaphoric"  antetype="entity"  mention="pronoun" />
<markable id="markable_891" span="word_2143" type_of_pronoun="relative"  agreement="they (sg.)"  split="simple antecedent"  coref_class="set_139"  mmax_level="coref"  position="it (subject)"  type="anaphoric"  antetype="entity"  mention="pronoun" />
<markable id="markable_652" span="word_2743" audience="deictic you"  agreement="you (pl.)"  coref_class="empty"  mmax_level="coref"  position="you (non-subject)"  type="addressee reference"  mention="pronoun" />
<markable id="markable_531" span="word_2288" type_of_pronoun="personal"  agreement="they (sg.)"  split="simple antecedent"  coref_class="set_100"  mmax_level="coref"  position="it (subject)"  type="anaphoric"  antetype="entity"  mention="pronoun" />
<markable id="markable_894" span="word_2429" type_of_pronoun="demonstrative"  agreement="they (sg.)"  split="simple antecedent"  coref_class="set_140"  mmax_level="coref"  position="it (subject)"  type="anaphoric"  antetype="entity"  mention="pronoun" />
<markable id="markable_651" span="word_2740" audience="deictic you"  agreement="you (pl.)"  coref_class="empty"  mmax_level="coref"  position="you (non-subject)"  type="addressee reference"  mention="pronoun" />
<markable id="markable_893" span="word_2391..word_2428" coref_class="set_140"  mmax_level="coref"  nptype="antecedent"  mention="np" />
<markable id="markable_409" span="word_1779" type_of_pronoun="personal"  agreement="none"  split="simple antecedent"  coref_class="set_133"  mmax_level="coref"  position="it (non-subject)"  type="anaphoric"  antetype="event"  mention="pronoun" />
<markable id="markable_529" span="word_2275" type_of_pronoun="personal"  agreement="they (sg.)"  split="simple antecedent"  coref_class="set_100"  mmax_level="coref"  position="it (non-subject)"  type="anaphoric"  antetype="entity"  mention="pronoun" />
<markable id="markable_647" span="word_2714" audience="none"  agreement="none"  split="simple antecedent"  coref_class="empty"  mmax_level="coref"  nptype="none"  position="none"  type="speaker reference"  sub_apposition="none"  mention="pronoun" />
<markable id="markable_526" span="word_2266..word_2267" coref_class="set_100"  mmax_level="coref"  nptype="antecedent"  mention="np" />
<markable id="markable_889" span="word_2092..word_2093" coref_class="set_137"  mmax_level="coref"  nptype="antecedent"  mention="np" />
<markable id="markable_888" span="word_2049..word_2053" coref_class="set_136"  mmax_level="coref"  vptype="antecedent"  mention="vp" />
<markable id="markable_407" span="word_1770" type_of_pronoun="personal"  agreement="none"  split="simple antecedent"  coref_class="set_133"  mmax_level="coref"  position="it (non-subject)"  type="anaphoric"  antetype="event"  mention="pronoun" />
<markable id="markable_528" span="word_2271" audience="deictic you"  agreement="you (pl.)"  coref_class="empty"  mmax_level="coref"  position="you (subject)"  type="addressee reference"  mention="pronoun" />
<markable id="markable_423" span="word_1840" type_of_pronoun="personal"  agreement="they (pl.)"  split="simple antecedent"  coref_class="set_70"  mmax_level="coref"  position="it (subject)"  type="anaphoric"  antetype="entity"  mention="pronoun" />
<markable id="markable_422" span="word_1837" coref_class="set_70"  mmax_level="coref"  nptype="antecedent"  mention="np" />
<markable id="markable_304" span="word_1265" type_of_pronoun="personal"  agreement="they (sg.)"  split="simple antecedent"  coref_class="set_129"  mmax_level="coref"  position="it (subject)"  type="anaphoric"  antetype="entity"  mention="pronoun" />
<markable id="markable_424" span="word_1843" coref_class="empty"  mmax_level="coref"  type="extratextual reference"  mention="pronoun" />
<markable id="markable_303" span="word_1262" type_of_pronoun="personal"  agreement="they (sg.)"  split="simple antecedent"  coref_class="set_129"  mmax_level="coref"  position="it (subject)"  type="anaphoric"  antetype="entity"  mention="pronoun" />
<markable id="markable_545" span="word_2345" audience="all-inclusive we"  coref_class="empty"  mmax_level="coref"  type="speaker reference"  mention="pronoun" />
<markable id="markable_421" span="word_1834" coref_class="empty"  mmax_level="coref"  type="extratextual reference"  mention="pronoun" />
<markable id="markable_94" span="word_374" type_of_pronoun="personal"  agreement="they (pl.)"  split="simple antecedent"  coref_class="set_8"  mmax_level="coref"  position="it (subject)"  type="anaphoric"  antetype="entity"  mention="pronoun" />
<markable id="markable_419" span="word_1829" type_of_pronoun="personal"  agreement="they (pl.)"  split="simple antecedent"  coref_class="set_69"  mmax_level="coref"  position="it (subject)"  type="anaphoric"  antetype="entity"  mention="pronoun" />
<markable id="markable_91" span="word_365" coref_class="set_8"  mmax_level="coref"  nptype="antecedent"  mention="np" />
<markable id="markable_98" span="word_409" coref_class="set_10"  mmax_level="coref"  nptype="antecedent"  mention="np" />
<markable id="markable_416" span="word_1815..word_1816" type_of_pronoun="reflexive"  agreement="they (pl.)"  split="simple antecedent"  coref_class="set_68"  mmax_level="coref"  position="it (non-subject)"  type="anaphoric"  antetype="entity"  mention="pronoun" />
<markable id="markable_97" span="word_384" agreement="none"  split="no explicit antecedent"  coref_class="set_112"  mmax_level="coref"  position="it (non-subject)"  type="cataphoric"  mention="pronoun" />
<markable id="markable_899" span="word_2657..word_2658" npmod="demonstrative"  split="simple antecedent"  coref_class="set_142"  mmax_level="coref"  anacata="anaphoric"  nptype="np"  antetype="entity"  mention="np" />
<markable id="markable_96" span="word_381" audience="deictic you"  agreement="you (pl.)"  coref_class="empty"  mmax_level="coref"  position="you (subject)"  type="addressee reference"  mention="pronoun" />
<markable id="markable_417" span="word_1819" coref_class="set_69"  mmax_level="coref"  nptype="antecedent"  mention="np" />
<markable id="markable_797" span="word_142" type_of_pronoun="possessive"  agreement="none"  split="simple antecedent"  coref_class="set_4"  mmax_level="coref"  position="it (non-subject)"  type="anaphoric"  antetype="entity"  mention="pronoun" />
<markable id="markable_434" span="word_1898" type_of_pronoun="personal"  agreement="they (pl.)"  split="simple antecedent"  coref_class="set_73"  mmax_level="coref"  position="it (subject)"  type="anaphoric"  antetype="entity"  mention="pronoun" />
<markable id="markable_433" span="word_1891" type_of_pronoun="personal"  agreement="they (pl.)"  split="simple antecedent"  coref_class="set_73"  mmax_level="coref"  position="it (subject)"  type="anaphoric"  antetype="entity"  mention="pronoun" />
<markable id="markable_554" span="word_2375" audience="all-inclusive we"  coref_class="empty"  mmax_level="coref"  type="speaker reference"  mention="pronoun" />
<markable id="markable_799" span="word_297" audience="none"  coref_class="empty"  mmax_level="coref"  type="speaker reference"  mention="pronoun" />
<markable id="markable_315" span="word_1306" type_of_pronoun="personal"  agreement="they (sg.)"  split="simple antecedent"  coref_class="set_40"  mmax_level="coref"  position="it (subject)"  type="anaphoric"  antetype="entity"  mention="pronoun" />
<markable id="markable_798" span="word_204" coref_class="empty"  mmax_level="coref"  type="speaker reference"  mention="pronoun" />
<markable id="markable_435" span="word_1903" type_of_pronoun="personal"  agreement="they (pl.)"  split="simple antecedent"  coref_class="set_73"  mmax_level="coref"  position="it (subject)"  type="anaphoric"  antetype="entity"  mention="pronoun" />
<markable id="markable_556" span="word_2380" audience="all-inclusive we"  coref_class="empty"  mmax_level="coref"  type="speaker reference"  mention="pronoun" />
<markable id="markable_311" span="word_1289" type_of_pronoun="personal"  agreement="they (sg.)"  split="simple antecedent"  coref_class="set_129"  mmax_level="coref"  position="it (subject)"  type="anaphoric"  antetype="entity"  mention="pronoun" />
<markable id="markable_83" span="word_339" type_of_pronoun="demonstrative"  agreement="they (pl.)"  split="split reference"  coref_class="set_6"  mmax_level="coref"  position="it (subject)"  type="anaphoric"  mention="pronoun" />
<markable id="markable_306" span="word_1270" agreement="none"  split="simple antecedent"  coref_class="set_129"  mmax_level="coref"  position="none"  type="anaphoric"  mention="pronoun" />
<markable id="markable_85" span="word_345" audience="all-inclusive we"  coref_class="empty"  mmax_level="coref"  type="speaker reference"  mention="pronoun" />
<markable id="markable_429" span="word_1873" audience="all-inclusive we"  coref_class="empty"  mmax_level="coref"  type="speaker reference"  mention="pronoun" />
<markable id="markable_308" span="word_1275" type_of_pronoun="personal"  agreement="they (sg.)"  split="simple antecedent"  coref_class="set_129"  mmax_level="coref"  position="it (subject)"  type="anaphoric"  antetype="entity"  mention="pronoun" />
</markables>