<?xml version="1.0" encoding="UTF-8" ?>
<!DOCTYPE markables SYSTEM "markables.dtd">
<markables xmlns="www.eml.org/NameSpaces/sentence">
<markable mmax_level="sentence" orderid="0" id="markable_0" span="word_1..word_25" />
<markable mmax_level="sentence" orderid="1" id="markable_1" span="word_26..word_78" />
<markable mmax_level="sentence" orderid="2" id="markable_2" span="word_79..word_145" />
<markable mmax_level="sentence" orderid="3" id="markable_3" span="word_146..word_160" />
<markable mmax_level="sentence" orderid="4" id="markable_4" span="word_161..word_170" />
<markable mmax_level="sentence" orderid="5" id="markable_5" span="word_171..word_202" />
<markable mmax_level="sentence" orderid="6" id="markable_6" span="word_203..word_230" />
<markable mmax_level="sentence" orderid="7" id="markable_7" span="word_231..word_258" />
<markable mmax_level="sentence" orderid="8" id="markable_8" span="word_259..word_267" />
<markable mmax_level="sentence" orderid="9" id="markable_9" span="word_268..word_302" />
<markable mmax_level="sentence" orderid="10" id="markable_10" span="word_303..word_338" />
<markable mmax_level="sentence" orderid="11" id="markable_11" span="word_339..word_364" />
<markable mmax_level="sentence" orderid="12" id="markable_12" span="word_365..word_379" />
<markable mmax_level="sentence" orderid="13" id="markable_13" span="word_380..word_394" />
<markable mmax_level="sentence" orderid="14" id="markable_14" span="word_395..word_401" />
<markable mmax_level="sentence" orderid="15" id="markable_15" span="word_402..word_408" />
<markable mmax_level="sentence" orderid="16" id="markable_16" span="word_409..word_413" />
<markable mmax_level="sentence" orderid="17" id="markable_17" span="word_414..word_445" />
<markable mmax_level="sentence" orderid="18" id="markable_18" span="word_446..word_449" />
<markable mmax_level="sentence" orderid="19" id="markable_19" span="word_450..word_458" />
<markable mmax_level="sentence" orderid="20" id="markable_20" span="word_459..word_482" />
<markable mmax_level="sentence" orderid="21" id="markable_21" span="word_483..word_497" />
<markable mmax_level="sentence" orderid="22" id="markable_22" span="word_498..word_513" />
<markable mmax_level="sentence" orderid="23" id="markable_23" span="word_514..word_524" />
<markable mmax_level="sentence" orderid="24" id="markable_24" span="word_525..word_543" />
<markable mmax_level="sentence" orderid="25" id="markable_25" span="word_544..word_551" />
<markable mmax_level="sentence" orderid="26" id="markable_26" span="word_552..word_568" />
<markable mmax_level="sentence" orderid="27" id="markable_27" span="word_569..word_576" />
<markable mmax_level="sentence" orderid="28" id="markable_28" span="word_577..word_588" />
<markable mmax_level="sentence" orderid="29" id="markable_29" span="word_589..word_651" />
<markable mmax_level="sentence" orderid="30" id="markable_30" span="word_652..word_680" />
<markable mmax_level="sentence" orderid="31" id="markable_31" span="word_681..word_739" />
<markable mmax_level="sentence" orderid="32" id="markable_32" span="word_740..word_762" />
<markable mmax_level="sentence" orderid="33" id="markable_33" span="word_763..word_793" />
<markable mmax_level="sentence" orderid="34" id="markable_34" span="word_794..word_822" />
<markable mmax_level="sentence" orderid="35" id="markable_35" span="word_823..word_829" />
<markable mmax_level="sentence" orderid="36" id="markable_36" span="word_830..word_855" />
<markable mmax_level="sentence" orderid="37" id="markable_37" span="word_856..word_902" />
<markable mmax_level="sentence" orderid="38" id="markable_38" span="word_903..word_944" />
<markable mmax_level="sentence" orderid="39" id="markable_39" span="word_945..word_951" />
<markable mmax_level="sentence" orderid="40" id="markable_40" span="word_952..word_958" />
<markable mmax_level="sentence" orderid="41" id="markable_41" span="word_959..word_966" />
<markable mmax_level="sentence" orderid="42" id="markable_42" span="word_967..word_987" />
<markable mmax_level="sentence" orderid="43" id="markable_43" span="word_988..word_1019" />
<markable mmax_level="sentence" orderid="44" id="markable_44" span="word_1020..word_1046" />
<markable mmax_level="sentence" orderid="45" id="markable_45" span="word_1047..word_1072" />
<markable mmax_level="sentence" orderid="46" id="markable_46" span="word_1073..word_1096" />
<markable mmax_level="sentence" orderid="47" id="markable_47" span="word_1097..word_1119" />
<markable mmax_level="sentence" orderid="48" id="markable_48" span="word_1120..word_1168" />
<markable mmax_level="sentence" orderid="49" id="markable_49" span="word_1169..word_1181" />
<markable mmax_level="sentence" orderid="50" id="markable_50" span="word_1182..word_1216" />
<markable mmax_level="sentence" orderid="51" id="markable_51" span="word_1217..word_1222" />
<markable mmax_level="sentence" orderid="52" id="markable_52" span="word_1223..word_1232" />
<markable mmax_level="sentence" orderid="53" id="markable_53" span="word_1233..word_1244" />
<markable mmax_level="sentence" orderid="54" id="markable_54" span="word_1245..word_1253" />
<markable mmax_level="sentence" orderid="55" id="markable_55" span="word_1254..word_1264" />
<markable mmax_level="sentence" orderid="56" id="markable_56" span="word_1265..word_1274" />
<markable mmax_level="sentence" orderid="57" id="markable_57" span="word_1275..word_1296" />
<markable mmax_level="sentence" orderid="58" id="markable_58" span="word_1297..word_1328" />
<markable mmax_level="sentence" orderid="59" id="markable_59" span="word_1329..word_1386" />
<markable mmax_level="sentence" orderid="60" id="markable_60" span="word_1387..word_1393" />
<markable mmax_level="sentence" orderid="61" id="markable_61" span="word_1394..word_1398" />
<markable mmax_level="sentence" orderid="62" id="markable_62" span="word_1399..word_1424" />
<markable mmax_level="sentence" orderid="63" id="markable_63" span="word_1425..word_1430" />
<markable mmax_level="sentence" orderid="64" id="markable_64" span="word_1431..word_1441" />
<markable mmax_level="sentence" orderid="65" id="markable_65" span="word_1442..word_1459" />
<markable mmax_level="sentence" orderid="66" id="markable_66" span="word_1460..word_1483" />
<markable mmax_level="sentence" orderid="67" id="markable_67" span="word_1484..word_1491" />
<markable mmax_level="sentence" orderid="68" id="markable_68" span="word_1492..word_1505" />
<markable mmax_level="sentence" orderid="69" id="markable_69" span="word_1506..word_1514" />
<markable mmax_level="sentence" orderid="70" id="markable_70" span="word_1515..word_1527" />
<markable mmax_level="sentence" orderid="71" id="markable_71" span="word_1528..word_1550" />
<markable mmax_level="sentence" orderid="72" id="markable_72" span="word_1551..word_1583" />
<markable mmax_level="sentence" orderid="73" id="markable_73" span="word_1584..word_1606" />
<markable mmax_level="sentence" orderid="74" id="markable_74" span="word_1607..word_1633" />
<markable mmax_level="sentence" orderid="75" id="markable_75" span="word_1634..word_1647" />
<markable mmax_level="sentence" orderid="76" id="markable_76" span="word_1648..word_1667" />
<markable mmax_level="sentence" orderid="77" id="markable_77" span="word_1668..word_1756" />
<markable mmax_level="sentence" orderid="78" id="markable_78" span="word_1757..word_1780" />
<markable mmax_level="sentence" orderid="79" id="markable_79" span="word_1781..word_1817" />
<markable mmax_level="sentence" orderid="80" id="markable_80" span="word_1818..word_1835" />
<markable mmax_level="sentence" orderid="81" id="markable_81" span="word_1836..word_1844" />
<markable mmax_level="sentence" orderid="82" id="markable_82" span="word_1845..word_1872" />
<markable mmax_level="sentence" orderid="83" id="markable_83" span="word_1873..word_1882" />
<markable mmax_level="sentence" orderid="84" id="markable_84" span="word_1883..word_1890" />
<markable mmax_level="sentence" orderid="85" id="markable_85" span="word_1891..word_1902" />
<markable mmax_level="sentence" orderid="86" id="markable_86" span="word_1903..word_1912" />
<markable mmax_level="sentence" orderid="87" id="markable_87" span="word_1913..word_1935" />
<markable mmax_level="sentence" orderid="88" id="markable_88" span="word_1936..word_1984" />
<markable mmax_level="sentence" orderid="89" id="markable_89" span="word_1985..word_2010" />
<markable mmax_level="sentence" orderid="90" id="markable_90" span="word_2011..word_2054" />
<markable mmax_level="sentence" orderid="91" id="markable_91" span="word_2055..word_2060" />
<markable mmax_level="sentence" orderid="92" id="markable_92" span="word_2061..word_2088" />
<markable mmax_level="sentence" orderid="93" id="markable_93" span="word_2089..word_2126" />
<markable mmax_level="sentence" orderid="94" id="markable_94" span="word_2127..word_2162" />
<markable mmax_level="sentence" orderid="95" id="markable_95" span="word_2163..word_2189" />
<markable mmax_level="sentence" orderid="96" id="markable_96" span="word_2190..word_2229" />
<markable mmax_level="sentence" orderid="97" id="markable_97" span="word_2230..word_2241" />
<markable mmax_level="sentence" orderid="98" id="markable_98" span="word_2242..word_2247" />
<markable mmax_level="sentence" orderid="99" id="markable_99" span="word_2248..word_2265" />
<markable mmax_level="sentence" orderid="100" id="markable_100" span="word_2266..word_2286" />
<markable mmax_level="sentence" orderid="101" id="markable_101" span="word_2287..word_2297" />
<markable mmax_level="sentence" orderid="102" id="markable_102" span="word_2298..word_2331" />
<markable mmax_level="sentence" orderid="103" id="markable_103" span="word_2332..word_2339" />
<markable mmax_level="sentence" orderid="104" id="markable_104" span="word_2340..word_2373" />
<markable mmax_level="sentence" orderid="105" id="markable_105" span="word_2374..word_2428" />
<markable mmax_level="sentence" orderid="106" id="markable_106" span="word_2429..word_2486" />
<markable mmax_level="sentence" orderid="107" id="markable_107" span="word_2487..word_2493" />
<markable mmax_level="sentence" orderid="108" id="markable_108" span="word_2494..word_2509" />
<markable mmax_level="sentence" orderid="109" id="markable_109" span="word_2510..word_2514" />
<markable mmax_level="sentence" orderid="110" id="markable_110" span="word_2515..word_2522" />
<markable mmax_level="sentence" orderid="111" id="markable_111" span="word_2523..word_2533" />
<markable mmax_level="sentence" orderid="112" id="markable_112" span="word_2534..word_2553" />
<markable mmax_level="sentence" orderid="113" id="markable_113" span="word_2554..word_2586" />
<markable mmax_level="sentence" orderid="114" id="markable_114" span="word_2587..word_2595" />
<markable mmax_level="sentence" orderid="115" id="markable_115" span="word_2596..word_2636" />
<markable mmax_level="sentence" orderid="116" id="markable_116" span="word_2637..word_2686" />
<markable mmax_level="sentence" orderid="117" id="markable_117" span="word_2687..word_2713" />
<markable mmax_level="sentence" orderid="118" id="markable_118" span="word_2714..word_2732" />
<markable mmax_level="sentence" orderid="119" id="markable_119" span="word_2733..word_2741" />
<markable mmax_level="sentence" orderid="120" id="markable_120" span="word_2742..word_2750" />
<markable mmax_level="sentence" orderid="121" id="markable_121" span="word_2751..word_2753" />
</markables>
