<?xml version="1.0" encoding="UTF-8" ?>
<!DOCTYPE markables SYSTEM "markables.dtd">
<markables xmlns="www.eml.org/NameSpaces/sentence">
<markable mmax_level="sentence" orderid="0" id="markable_0" span="word_1..word_165" />
<markable mmax_level="sentence" orderid="1" id="markable_1" span="word_166..word_180" />
<markable mmax_level="sentence" orderid="2" id="markable_2" span="word_181..word_192" />
<markable mmax_level="sentence" orderid="3" id="markable_3" span="word_193..word_220" />
<markable mmax_level="sentence" orderid="4" id="markable_4" span="word_221..word_230" />
<markable mmax_level="sentence" orderid="5" id="markable_5" span="word_231..word_264" />
<markable mmax_level="sentence" orderid="6" id="markable_6" span="word_265..word_281" />
<markable mmax_level="sentence" orderid="7" id="markable_7" span="word_282..word_305" />
<markable mmax_level="sentence" orderid="8" id="markable_8" span="word_306..word_316" />
<markable mmax_level="sentence" orderid="9" id="markable_9" span="word_317..word_331" />
<markable mmax_level="sentence" orderid="10" id="markable_10" span="word_332..word_342" />
<markable mmax_level="sentence" orderid="11" id="markable_11" span="word_343..word_389" />
<markable mmax_level="sentence" orderid="12" id="markable_12" span="word_390..word_442" />
<markable mmax_level="sentence" orderid="13" id="markable_13" span="word_443..word_463" />
<markable mmax_level="sentence" orderid="14" id="markable_14" span="word_464..word_474" />
<markable mmax_level="sentence" orderid="15" id="markable_15" span="word_475..word_530" />
<markable mmax_level="sentence" orderid="16" id="markable_16" span="word_531..word_546" />
<markable mmax_level="sentence" orderid="17" id="markable_17" span="word_547..word_553" />
<markable mmax_level="sentence" orderid="18" id="markable_18" span="word_554..word_560" />
<markable mmax_level="sentence" orderid="19" id="markable_19" span="word_561..word_598" />
<markable mmax_level="sentence" orderid="20" id="markable_20" span="word_599..word_629" />
<markable mmax_level="sentence" orderid="21" id="markable_21" span="word_630..word_678" />
<markable mmax_level="sentence" orderid="22" id="markable_22" span="word_679..word_701" />
<markable mmax_level="sentence" orderid="23" id="markable_23" span="word_702..word_740" />
<markable mmax_level="sentence" orderid="24" id="markable_24" span="word_741..word_801" />
<markable mmax_level="sentence" orderid="25" id="markable_25" span="word_802..word_853" />
<markable mmax_level="sentence" orderid="26" id="markable_26" span="word_854..word_865" />
<markable mmax_level="sentence" orderid="27" id="markable_27" span="word_866..word_897" />
<markable mmax_level="sentence" orderid="28" id="markable_28" span="word_898..word_922" />
<markable mmax_level="sentence" orderid="29" id="markable_29" span="word_923..word_937" />
<markable mmax_level="sentence" orderid="30" id="markable_30" span="word_938..word_948" />
<markable mmax_level="sentence" orderid="31" id="markable_31" span="word_949..word_987" />
<markable mmax_level="sentence" orderid="32" id="markable_32" span="word_988..word_999" />
<markable mmax_level="sentence" orderid="33" id="markable_33" span="word_1000..word_1031" />
<markable mmax_level="sentence" orderid="34" id="markable_34" span="word_1032..word_1047" />
<markable mmax_level="sentence" orderid="35" id="markable_35" span="word_1048..word_1060" />
<markable mmax_level="sentence" orderid="36" id="markable_36" span="word_1061..word_1070" />
<markable mmax_level="sentence" orderid="37" id="markable_37" span="word_1071..word_1092" />
<markable mmax_level="sentence" orderid="38" id="markable_38" span="word_1093..word_1134" />
<markable mmax_level="sentence" orderid="39" id="markable_39" span="word_1135..word_1148" />
<markable mmax_level="sentence" orderid="40" id="markable_40" span="word_1149..word_1154" />
<markable mmax_level="sentence" orderid="41" id="markable_41" span="word_1155..word_1159" />
<markable mmax_level="sentence" orderid="42" id="markable_42" span="word_1160..word_1166" />
<markable mmax_level="sentence" orderid="43" id="markable_43" span="word_1167..word_1171" />
<markable mmax_level="sentence" orderid="44" id="markable_44" span="word_1172..word_1197" />
<markable mmax_level="sentence" orderid="45" id="markable_45" span="word_1198..word_1220" />
<markable mmax_level="sentence" orderid="46" id="markable_46" span="word_1221..word_1227" />
<markable mmax_level="sentence" orderid="47" id="markable_47" span="word_1228..word_1261" />
<markable mmax_level="sentence" orderid="48" id="markable_48" span="word_1262..word_1286" />
<markable mmax_level="sentence" orderid="49" id="markable_49" span="word_1287..word_1301" />
<markable mmax_level="sentence" orderid="50" id="markable_50" span="word_1302..word_1306" />
<markable mmax_level="sentence" orderid="51" id="markable_51" span="word_1307..word_1354" />
<markable mmax_level="sentence" orderid="52" id="markable_52" span="word_1355..word_1391" />
<markable mmax_level="sentence" orderid="53" id="markable_53" span="word_1392..word_1399" />
<markable mmax_level="sentence" orderid="54" id="markable_54" span="word_1400..word_1408" />
<markable mmax_level="sentence" orderid="55" id="markable_55" span="word_1409..word_1428" />
<markable mmax_level="sentence" orderid="56" id="markable_56" span="word_1429..word_1474" />
<markable mmax_level="sentence" orderid="57" id="markable_57" span="word_1475..word_1504" />
<markable mmax_level="sentence" orderid="58" id="markable_58" span="word_1505..word_1526" />
<markable mmax_level="sentence" orderid="59" id="markable_59" span="word_1527..word_1536" />
<markable mmax_level="sentence" orderid="60" id="markable_60" span="word_1537..word_1552" />
<markable mmax_level="sentence" orderid="61" id="markable_61" span="word_1553..word_1605" />
<markable mmax_level="sentence" orderid="62" id="markable_62" span="word_1606..word_1620" />
<markable mmax_level="sentence" orderid="63" id="markable_63" span="word_1621..word_1668" />
<markable mmax_level="sentence" orderid="64" id="markable_64" span="word_1669..word_1683" />
<markable mmax_level="sentence" orderid="65" id="markable_65" span="word_1684..word_1757" />
<markable mmax_level="sentence" orderid="66" id="markable_66" span="word_1758..word_1809" />
<markable mmax_level="sentence" orderid="67" id="markable_67" span="word_1810..word_1834" />
<markable mmax_level="sentence" orderid="68" id="markable_68" span="word_1835..word_1856" />
<markable mmax_level="sentence" orderid="69" id="markable_69" span="word_1857..word_1883" />
<markable mmax_level="sentence" orderid="70" id="markable_70" span="word_1884..word_1906" />
<markable mmax_level="sentence" orderid="71" id="markable_71" span="word_1907..word_1944" />
<markable mmax_level="sentence" orderid="72" id="markable_72" span="word_1945..word_1949" />
<markable mmax_level="sentence" orderid="73" id="markable_73" span="word_1950..word_1963" />
<markable mmax_level="sentence" orderid="74" id="markable_74" span="word_1964..word_1981" />
<markable mmax_level="sentence" orderid="75" id="markable_75" span="word_1982..word_1992" />
<markable mmax_level="sentence" orderid="76" id="markable_76" span="word_1993..word_2012" />
<markable mmax_level="sentence" orderid="77" id="markable_77" span="word_2013..word_2026" />
<markable mmax_level="sentence" orderid="78" id="markable_78" span="word_2027..word_2054" />
<markable mmax_level="sentence" orderid="79" id="markable_79" span="word_2055..word_2071" />
<markable mmax_level="sentence" orderid="80" id="markable_80" span="word_2072..word_2082" />
<markable mmax_level="sentence" orderid="81" id="markable_81" span="word_2083..word_2110" />
<markable mmax_level="sentence" orderid="82" id="markable_82" span="word_2111..word_2155" />
<markable mmax_level="sentence" orderid="83" id="markable_83" span="word_2156..word_2206" />
<markable mmax_level="sentence" orderid="84" id="markable_84" span="word_2207..word_2239" />
<markable mmax_level="sentence" orderid="85" id="markable_85" span="word_2240..word_2272" />
<markable mmax_level="sentence" orderid="86" id="markable_86" span="word_2273..word_2284" />
<markable mmax_level="sentence" orderid="87" id="markable_87" span="word_2285..word_2296" />
<markable mmax_level="sentence" orderid="88" id="markable_88" span="word_2297..word_2323" />
<markable mmax_level="sentence" orderid="89" id="markable_89" span="word_2324..word_2340" />
<markable mmax_level="sentence" orderid="90" id="markable_90" span="word_2341..word_2404" />
<markable mmax_level="sentence" orderid="91" id="markable_91" span="word_2405..word_2419" />
<markable mmax_level="sentence" orderid="92" id="markable_92" span="word_2420..word_2435" />
<markable mmax_level="sentence" orderid="93" id="markable_93" span="word_2436..word_2463" />
<markable mmax_level="sentence" orderid="94" id="markable_94" span="word_2464..word_2475" />
<markable mmax_level="sentence" orderid="95" id="markable_95" span="word_2476..word_2534" />
<markable mmax_level="sentence" orderid="96" id="markable_96" span="word_2535..word_2549" />
<markable mmax_level="sentence" orderid="97" id="markable_97" span="word_2550..word_2567" />
<markable mmax_level="sentence" orderid="98" id="markable_98" span="word_2568..word_2581" />
<markable mmax_level="sentence" orderid="99" id="markable_99" span="word_2582..word_2586" />
<markable mmax_level="sentence" orderid="100" id="markable_100" span="word_2587..word_2610" />
<markable mmax_level="sentence" orderid="101" id="markable_101" span="word_2611..word_2624" />
<markable mmax_level="sentence" orderid="102" id="markable_102" span="word_2625..word_2633" />
<markable mmax_level="sentence" orderid="103" id="markable_103" span="word_2634..word_2674" />
<markable mmax_level="sentence" orderid="104" id="markable_104" span="word_2675..word_2680" />
<markable mmax_level="sentence" orderid="105" id="markable_105" span="word_2681..word_2727" />
<markable mmax_level="sentence" orderid="106" id="markable_106" span="word_2728..word_2780" />
<markable mmax_level="sentence" orderid="107" id="markable_107" span="word_2781..word_2794" />
<markable mmax_level="sentence" orderid="108" id="markable_108" span="word_2795..word_2817" />
<markable mmax_level="sentence" orderid="109" id="markable_109" span="word_2818..word_2826" />
<markable mmax_level="sentence" orderid="110" id="markable_110" span="word_2827..word_2884" />
<markable mmax_level="sentence" orderid="111" id="markable_111" span="word_2885..word_2900" />
<markable mmax_level="sentence" orderid="112" id="markable_112" span="word_2901..word_2917" />
<markable mmax_level="sentence" orderid="113" id="markable_113" span="word_2918..word_2937" />
<markable mmax_level="sentence" orderid="114" id="markable_114" span="word_2938..word_3038" />
<markable mmax_level="sentence" orderid="115" id="markable_115" span="word_3039..word_3068" />
<markable mmax_level="sentence" orderid="116" id="markable_116" span="word_3069..word_3081" />
<markable mmax_level="sentence" orderid="117" id="markable_117" span="word_3082..word_3095" />
<markable mmax_level="sentence" orderid="118" id="markable_118" span="word_3096..word_3111" />
<markable mmax_level="sentence" orderid="119" id="markable_119" span="word_3112..word_3125" />
<markable mmax_level="sentence" orderid="120" id="markable_120" span="word_3126..word_3133" />
<markable mmax_level="sentence" orderid="121" id="markable_121" span="word_3134..word_3144" />
<markable mmax_level="sentence" orderid="122" id="markable_122" span="word_3145..word_3177" />
<markable mmax_level="sentence" orderid="123" id="markable_123" span="word_3178..word_3192" />
<markable mmax_level="sentence" orderid="124" id="markable_124" span="word_3193..word_3209" />
<markable mmax_level="sentence" orderid="125" id="markable_125" span="word_3210..word_3225" />
<markable mmax_level="sentence" orderid="126" id="markable_126" span="word_3226..word_3230" />
<markable mmax_level="sentence" orderid="127" id="markable_127" span="word_3231..word_3252" />
<markable mmax_level="sentence" orderid="128" id="markable_128" span="word_3253..word_3263" />
<markable mmax_level="sentence" orderid="129" id="markable_129" span="word_3264..word_3272" />
<markable mmax_level="sentence" orderid="130" id="markable_130" span="word_3273..word_3282" />
<markable mmax_level="sentence" orderid="131" id="markable_131" span="word_3283..word_3291" />
<markable mmax_level="sentence" orderid="132" id="markable_132" span="word_3292..word_3313" />
<markable mmax_level="sentence" orderid="133" id="markable_133" span="word_3314..word_3341" />
<markable mmax_level="sentence" orderid="134" id="markable_134" span="word_3342..word_3385" />
<markable mmax_level="sentence" orderid="135" id="markable_135" span="word_3386..word_3426" />
<markable mmax_level="sentence" orderid="136" id="markable_136" span="word_3427..word_3438" />
<markable mmax_level="sentence" orderid="137" id="markable_137" span="word_3439..word_3446" />
<markable mmax_level="sentence" orderid="138" id="markable_138" span="word_3447..word_3456" />
<markable mmax_level="sentence" orderid="139" id="markable_139" span="word_3457..word_3527" />
<markable mmax_level="sentence" orderid="140" id="markable_140" span="word_3528..word_3542" />
<markable mmax_level="sentence" orderid="141" id="markable_141" span="word_3543..word_3597" />
<markable mmax_level="sentence" orderid="142" id="markable_142" span="word_3598..word_3640" />
<markable mmax_level="sentence" orderid="143" id="markable_143" span="word_3641..word_3646" />
<markable mmax_level="sentence" orderid="144" id="markable_144" span="word_3647..word_3664" />
<markable mmax_level="sentence" orderid="145" id="markable_145" span="word_3665..word_3717" />
<markable mmax_level="sentence" orderid="146" id="markable_146" span="word_3718..word_3737" />
<markable mmax_level="sentence" orderid="147" id="markable_147" span="word_3738..word_3753" />
<markable mmax_level="sentence" orderid="148" id="markable_148" span="word_3754..word_3788" />
<markable mmax_level="sentence" orderid="149" id="markable_149" span="word_3789..word_3819" />
<markable mmax_level="sentence" orderid="150" id="markable_150" span="word_3820..word_3825" />
<markable mmax_level="sentence" orderid="151" id="markable_151" span="word_3826..word_3835" />
<markable mmax_level="sentence" orderid="152" id="markable_152" span="word_3836..word_3879" />
<markable mmax_level="sentence" orderid="153" id="markable_153" span="word_3880..word_3922" />
<markable mmax_level="sentence" orderid="154" id="markable_154" span="word_3923..word_3969" />
<markable mmax_level="sentence" orderid="155" id="markable_155" span="word_3970..word_3990" />
<markable mmax_level="sentence" orderid="156" id="markable_156" span="word_3991..word_4008" />
<markable mmax_level="sentence" orderid="157" id="markable_157" span="word_4009..word_4035" />
<markable mmax_level="sentence" orderid="158" id="markable_158" span="word_4036..word_4044" />
<markable mmax_level="sentence" orderid="159" id="markable_159" span="word_4045..word_4087" />
<markable mmax_level="sentence" orderid="160" id="markable_160" span="word_4088..word_4111" />
<markable mmax_level="sentence" orderid="161" id="markable_161" span="word_4112..word_4125" />
<markable mmax_level="sentence" orderid="162" id="markable_162" span="word_4126..word_4134" />
<markable mmax_level="sentence" orderid="163" id="markable_163" span="word_4135..word_4189" />
<markable mmax_level="sentence" orderid="164" id="markable_164" span="word_4190..word_4234" />
<markable mmax_level="sentence" orderid="165" id="markable_165" span="word_4235..word_4266" />
<markable mmax_level="sentence" orderid="166" id="markable_166" span="word_4267..word_4284" />
<markable mmax_level="sentence" orderid="167" id="markable_167" span="word_4285..word_4295" />
<markable mmax_level="sentence" orderid="168" id="markable_168" span="word_4296..word_4315" />
<markable mmax_level="sentence" orderid="169" id="markable_169" span="word_4316..word_4369" />
<markable mmax_level="sentence" orderid="170" id="markable_170" span="word_4370..word_4386" />
<markable mmax_level="sentence" orderid="171" id="markable_171" span="word_4387..word_4439" />
<markable mmax_level="sentence" orderid="172" id="markable_172" span="word_4440..word_4463" />
<markable mmax_level="sentence" orderid="173" id="markable_173" span="word_4464..word_4472" />
<markable mmax_level="sentence" orderid="174" id="markable_174" span="word_4473..word_4483" />
<markable mmax_level="sentence" orderid="175" id="markable_175" span="word_4484..word_4515" />
<markable mmax_level="sentence" orderid="176" id="markable_176" span="word_4516..word_4522" />
<markable mmax_level="sentence" orderid="177" id="markable_177" span="word_4523..word_4537" />
<markable mmax_level="sentence" orderid="178" id="markable_178" span="word_4538..word_4560" />
<markable mmax_level="sentence" orderid="179" id="markable_179" span="word_4561..word_4569" />
<markable mmax_level="sentence" orderid="180" id="markable_180" span="word_4570..word_4582" />
<markable mmax_level="sentence" orderid="181" id="markable_181" span="word_4583..word_4640" />
<markable mmax_level="sentence" orderid="182" id="markable_182" span="word_4641..word_4676" />
<markable mmax_level="sentence" orderid="183" id="markable_183" span="word_4677..word_4684" />
<markable mmax_level="sentence" orderid="184" id="markable_184" span="word_4685..word_4711" />
<markable mmax_level="sentence" orderid="185" id="markable_185" span="word_4712..word_4729" />
<markable mmax_level="sentence" orderid="186" id="markable_186" span="word_4730..word_4737" />
<markable mmax_level="sentence" orderid="187" id="markable_187" span="word_4738..word_4746" />
<markable mmax_level="sentence" orderid="188" id="markable_188" span="word_4747..word_4756" />
<markable mmax_level="sentence" orderid="189" id="markable_189" span="word_4757..word_4782" />
<markable mmax_level="sentence" orderid="190" id="markable_190" span="word_4783..word_4795" />
<markable mmax_level="sentence" orderid="191" id="markable_191" span="word_4796..word_4799" />
<markable mmax_level="sentence" orderid="192" id="markable_192" span="word_4800..word_4833" />
<markable mmax_level="sentence" orderid="193" id="markable_193" span="word_4834..word_4855" />
<markable mmax_level="sentence" orderid="194" id="markable_194" span="word_4856..word_4872" />
<markable mmax_level="sentence" orderid="195" id="markable_195" span="word_4873..word_4877" />
<markable mmax_level="sentence" orderid="196" id="markable_196" span="word_4878..word_4929" />
<markable mmax_level="sentence" orderid="197" id="markable_197" span="word_4930..word_4945" />
<markable mmax_level="sentence" orderid="198" id="markable_198" span="word_4946..word_4959" />
<markable mmax_level="sentence" orderid="199" id="markable_199" span="word_4960..word_5027" />
<markable mmax_level="sentence" orderid="200" id="markable_200" span="word_5028..word_5051" />
<markable mmax_level="sentence" orderid="201" id="markable_201" span="word_5052..word_5070" />
<markable mmax_level="sentence" orderid="202" id="markable_202" span="word_5071..word_5075" />
<markable mmax_level="sentence" orderid="203" id="markable_203" span="word_5076..word_5109" />
<markable mmax_level="sentence" orderid="204" id="markable_204" span="word_5110..word_5127" />
<markable mmax_level="sentence" orderid="205" id="markable_205" span="word_5128..word_5142" />
<markable mmax_level="sentence" orderid="206" id="markable_206" span="word_5143..word_5153" />
<markable mmax_level="sentence" orderid="207" id="markable_207" span="word_5154..word_5166" />
<markable mmax_level="sentence" orderid="208" id="markable_208" span="word_5167..word_5183" />
<markable mmax_level="sentence" orderid="209" id="markable_209" span="word_5184..word_5190" />
<markable mmax_level="sentence" orderid="210" id="markable_210" span="word_5191..word_5264" />
<markable mmax_level="sentence" orderid="211" id="markable_211" span="word_5265..word_5271" />
<markable mmax_level="sentence" orderid="212" id="markable_212" span="word_5272..word_5280" />
<markable mmax_level="sentence" orderid="213" id="markable_213" span="word_5281..word_5302" />
<markable mmax_level="sentence" orderid="214" id="markable_214" span="word_5303..word_5315" />
<markable mmax_level="sentence" orderid="215" id="markable_215" span="word_5316..word_5354" />
<markable mmax_level="sentence" orderid="216" id="markable_216" span="word_5355..word_5366" />
<markable mmax_level="sentence" orderid="217" id="markable_217" span="word_5367..word_5396" />
<markable mmax_level="sentence" orderid="218" id="markable_218" span="word_5397..word_5476" />
<markable mmax_level="sentence" orderid="219" id="markable_219" span="word_5477..word_5508" />
<markable mmax_level="sentence" orderid="220" id="markable_220" span="word_5509..word_5515" />
<markable mmax_level="sentence" orderid="221" id="markable_221" span="word_5516..word_5530" />
<markable mmax_level="sentence" orderid="222" id="markable_222" span="word_5531..word_5556" />
<markable mmax_level="sentence" orderid="223" id="markable_223" span="word_5557..word_5575" />
<markable mmax_level="sentence" orderid="224" id="markable_224" span="word_5576..word_5604" />
<markable mmax_level="sentence" orderid="225" id="markable_225" span="word_5605..word_5650" />
<markable mmax_level="sentence" orderid="226" id="markable_226" span="word_5651..word_5679" />
<markable mmax_level="sentence" orderid="227" id="markable_227" span="word_5680..word_5738" />
<markable mmax_level="sentence" orderid="228" id="markable_228" span="word_5739..word_5764" />
<markable mmax_level="sentence" orderid="229" id="markable_229" span="word_5765..word_5779" />
<markable mmax_level="sentence" orderid="230" id="markable_230" span="word_5780..word_5807" />
<markable mmax_level="sentence" orderid="231" id="markable_231" span="word_5808..word_5819" />
<markable mmax_level="sentence" orderid="232" id="markable_232" span="word_5820..word_5825" />
</markables>
