<?xml version="1.0" encoding="UTF-8" ?>
<!DOCTYPE markables SYSTEM "markables.dtd">
<markables xmlns="www.eml.org/NameSpaces/sentence">
<markable mmax_level="sentence" orderid="0" id="markable_0" span="word_1..word_16" />
<markable mmax_level="sentence" orderid="1" id="markable_1" span="word_17..word_38" />
<markable mmax_level="sentence" orderid="2" id="markable_2" span="word_39..word_110" />
<markable mmax_level="sentence" orderid="3" id="markable_3" span="word_111..word_143" />
<markable mmax_level="sentence" orderid="4" id="markable_4" span="word_144..word_166" />
<markable mmax_level="sentence" orderid="5" id="markable_5" span="word_167..word_196" />
<markable mmax_level="sentence" orderid="6" id="markable_6" span="word_197..word_209" />
<markable mmax_level="sentence" orderid="7" id="markable_7" span="word_210..word_230" />
<markable mmax_level="sentence" orderid="8" id="markable_8" span="word_231..word_248" />
<markable mmax_level="sentence" orderid="9" id="markable_9" span="word_249..word_259" />
<markable mmax_level="sentence" orderid="10" id="markable_10" span="word_260..word_281" />
<markable mmax_level="sentence" orderid="11" id="markable_11" span="word_282..word_301" />
<markable mmax_level="sentence" orderid="12" id="markable_12" span="word_302..word_318" />
<markable mmax_level="sentence" orderid="13" id="markable_13" span="word_319..word_396" />
<markable mmax_level="sentence" orderid="14" id="markable_14" span="word_397..word_455" />
<markable mmax_level="sentence" orderid="15" id="markable_15" span="word_456..word_497" />
<markable mmax_level="sentence" orderid="16" id="markable_16" span="word_498..word_516" />
<markable mmax_level="sentence" orderid="17" id="markable_17" span="word_517..word_527" />
<markable mmax_level="sentence" orderid="18" id="markable_18" span="word_528..word_536" />
<markable mmax_level="sentence" orderid="19" id="markable_19" span="word_537..word_549" />
<markable mmax_level="sentence" orderid="20" id="markable_20" span="word_550..word_568" />
<markable mmax_level="sentence" orderid="21" id="markable_21" span="word_569..word_594" />
<markable mmax_level="sentence" orderid="22" id="markable_22" span="word_595..word_631" />
<markable mmax_level="sentence" orderid="23" id="markable_23" span="word_632..word_666" />
<markable mmax_level="sentence" orderid="24" id="markable_24" span="word_667..word_684" />
<markable mmax_level="sentence" orderid="25" id="markable_25" span="word_685..word_693" />
<markable mmax_level="sentence" orderid="26" id="markable_26" span="word_694..word_730" />
<markable mmax_level="sentence" orderid="27" id="markable_27" span="word_731..word_738" />
<markable mmax_level="sentence" orderid="28" id="markable_28" span="word_739..word_750" />
<markable mmax_level="sentence" orderid="29" id="markable_29" span="word_751..word_759" />
<markable mmax_level="sentence" orderid="30" id="markable_30" span="word_760..word_774" />
<markable mmax_level="sentence" orderid="31" id="markable_31" span="word_775..word_785" />
<markable mmax_level="sentence" orderid="32" id="markable_32" span="word_786..word_813" />
<markable mmax_level="sentence" orderid="33" id="markable_33" span="word_814..word_825" />
<markable mmax_level="sentence" orderid="34" id="markable_34" span="word_826..word_844" />
<markable mmax_level="sentence" orderid="35" id="markable_35" span="word_845..word_865" />
<markable mmax_level="sentence" orderid="36" id="markable_36" span="word_866..word_893" />
<markable mmax_level="sentence" orderid="37" id="markable_37" span="word_894..word_904" />
<markable mmax_level="sentence" orderid="38" id="markable_38" span="word_905..word_920" />
<markable mmax_level="sentence" orderid="39" id="markable_39" span="word_921..word_932" />
<markable mmax_level="sentence" orderid="40" id="markable_40" span="word_933..word_945" />
<markable mmax_level="sentence" orderid="41" id="markable_41" span="word_946..word_959" />
<markable mmax_level="sentence" orderid="42" id="markable_42" span="word_960..word_994" />
<markable mmax_level="sentence" orderid="43" id="markable_43" span="word_995..word_1015" />
<markable mmax_level="sentence" orderid="44" id="markable_44" span="word_1016..word_1037" />
<markable mmax_level="sentence" orderid="45" id="markable_45" span="word_1038..word_1072" />
<markable mmax_level="sentence" orderid="46" id="markable_46" span="word_1073..word_1101" />
<markable mmax_level="sentence" orderid="47" id="markable_47" span="word_1102..word_1130" />
<markable mmax_level="sentence" orderid="48" id="markable_48" span="word_1131..word_1164" />
<markable mmax_level="sentence" orderid="49" id="markable_49" span="word_1165..word_1171" />
<markable mmax_level="sentence" orderid="50" id="markable_50" span="word_1172..word_1210" />
<markable mmax_level="sentence" orderid="51" id="markable_51" span="word_1211..word_1220" />
<markable mmax_level="sentence" orderid="52" id="markable_52" span="word_1221..word_1249" />
<markable mmax_level="sentence" orderid="53" id="markable_53" span="word_1250..word_1286" />
<markable mmax_level="sentence" orderid="54" id="markable_54" span="word_1287..word_1297" />
<markable mmax_level="sentence" orderid="55" id="markable_55" span="word_1298..word_1318" />
<markable mmax_level="sentence" orderid="56" id="markable_56" span="word_1319..word_1343" />
<markable mmax_level="sentence" orderid="57" id="markable_57" span="word_1344..word_1359" />
<markable mmax_level="sentence" orderid="58" id="markable_58" span="word_1360..word_1365" />
<markable mmax_level="sentence" orderid="59" id="markable_59" span="word_1366..word_1386" />
<markable mmax_level="sentence" orderid="60" id="markable_60" span="word_1387..word_1401" />
<markable mmax_level="sentence" orderid="61" id="markable_61" span="word_1402..word_1422" />
<markable mmax_level="sentence" orderid="62" id="markable_62" span="word_1423..word_1479" />
<markable mmax_level="sentence" orderid="63" id="markable_63" span="word_1480..word_1504" />
<markable mmax_level="sentence" orderid="64" id="markable_64" span="word_1505..word_1551" />
<markable mmax_level="sentence" orderid="65" id="markable_65" span="word_1552..word_1564" />
<markable mmax_level="sentence" orderid="66" id="markable_66" span="word_1565..word_1631" />
<markable mmax_level="sentence" orderid="67" id="markable_67" span="word_1632..word_1656" />
<markable mmax_level="sentence" orderid="68" id="markable_68" span="word_1657..word_1693" />
<markable mmax_level="sentence" orderid="69" id="markable_69" span="word_1694..word_1719" />
<markable mmax_level="sentence" orderid="70" id="markable_70" span="word_1720..word_1725" />
<markable mmax_level="sentence" orderid="71" id="markable_71" span="word_1726..word_1792" />
<markable mmax_level="sentence" orderid="72" id="markable_72" span="word_1793..word_1800" />
<markable mmax_level="sentence" orderid="73" id="markable_73" span="word_1801..word_1839" />
<markable mmax_level="sentence" orderid="74" id="markable_74" span="word_1840..word_1866" />
<markable mmax_level="sentence" orderid="75" id="markable_75" span="word_1867..word_1888" />
<markable mmax_level="sentence" orderid="76" id="markable_76" span="word_1889..word_1897" />
<markable mmax_level="sentence" orderid="77" id="markable_77" span="word_1898..word_1909" />
<markable mmax_level="sentence" orderid="78" id="markable_78" span="word_1910..word_1942" />
<markable mmax_level="sentence" orderid="79" id="markable_79" span="word_1943..word_1989" />
<markable mmax_level="sentence" orderid="80" id="markable_80" span="word_1990..word_2050" />
<markable mmax_level="sentence" orderid="81" id="markable_81" span="word_2051..word_2089" />
<markable mmax_level="sentence" orderid="82" id="markable_82" span="word_2090..word_2094" />
<markable mmax_level="sentence" orderid="83" id="markable_83" span="word_2095..word_2128" />
<markable mmax_level="sentence" orderid="84" id="markable_84" span="word_2129..word_2153" />
<markable mmax_level="sentence" orderid="85" id="markable_85" span="word_2154..word_2185" />
<markable mmax_level="sentence" orderid="86" id="markable_86" span="word_2186..word_2200" />
<markable mmax_level="sentence" orderid="87" id="markable_87" span="word_2201..word_2209" />
<markable mmax_level="sentence" orderid="88" id="markable_88" span="word_2210..word_2233" />
<markable mmax_level="sentence" orderid="89" id="markable_89" span="word_2234..word_2264" />
<markable mmax_level="sentence" orderid="90" id="markable_90" span="word_2265..word_2312" />
<markable mmax_level="sentence" orderid="91" id="markable_91" span="word_2313..word_2330" />
<markable mmax_level="sentence" orderid="92" id="markable_92" span="word_2331..word_2359" />
<markable mmax_level="sentence" orderid="93" id="markable_93" span="word_2360..word_2405" />
<markable mmax_level="sentence" orderid="94" id="markable_94" span="word_2406..word_2424" />
<markable mmax_level="sentence" orderid="95" id="markable_95" span="word_2425..word_2429" />
<markable mmax_level="sentence" orderid="96" id="markable_96" span="word_2430..word_2442" />
<markable mmax_level="sentence" orderid="97" id="markable_97" span="word_2443..word_2504" />
<markable mmax_level="sentence" orderid="98" id="markable_98" span="word_2505..word_2517" />
<markable mmax_level="sentence" orderid="99" id="markable_99" span="word_2518..word_2526" />
<markable mmax_level="sentence" orderid="100" id="markable_100" span="word_2527..word_2564" />
<markable mmax_level="sentence" orderid="101" id="markable_101" span="word_2565..word_2567" />
</markables>
