<?xml version="1.0" encoding="utf-8"?>
<!DOCTYPE markables SYSTEM "markables.dtd">
<markables xmlns="www.eml.org/NameSpaces/coref">
<markable id="markable_445" span="word_1867" type_of_pronoun="demonstrative"  split="simple antecedent"  agreement="none"  coref_class="set_100"  mmax_level="coref"  position="it (subject)"  type="anaphoric"  mention="pronoun"  antetype="event" />
<markable id="markable_566" span="word_2360" type_of_pronoun="personal"  split="simple antecedent"  agreement="they (sg.)"  coref_class="set_57"  mmax_level="coref"  position="it (subject)"  type="anaphoric"  mention="pronoun"  antetype="entity" />
<markable id="markable_323" span="word_1375" audience="co-present we"  coref_class="empty"  mmax_level="coref"  type="speaker reference"  mention="pronoun" />
<markable id="markable_447" span="word_1874" type_of_pronoun="personal"  split="simple antecedent"  agreement="none"  coref_class="set_100"  mmax_level="coref"  position="it (subject)"  type="anaphoric"  mention="pronoun"  antetype="event" />
<markable id="markable_568" span="word_2367" audience="all-inclusive we"  coref_class="empty"  mmax_level="coref"  type="speaker reference"  mention="pronoun" />
<markable id="markable_205" span="word_870" audience="none"  agreement="none"  split="simple antecedent"  coref_class="empty"  mmax_level="coref"  nptype="none"  position="none"  type="speaker reference"  sub_apposition="none"  mention="pronoun" />
<markable id="markable_446" span="word_1869" audience="none"  agreement="none"  split="simple antecedent"  coref_class="empty"  mmax_level="coref"  nptype="none"  position="none"  type="speaker reference"  sub_apposition="none"  mention="pronoun" />
<markable id="markable_441" span="word_1854" type_of_pronoun="personal"  split="simple antecedent"  agreement="they (sg.)"  coref_class="set_42"  mmax_level="coref"  position="it (non-subject)"  type="anaphoric"  mention="pronoun"  antetype="entity" />
<markable id="markable_320" span="word_1367" audience="co-present we"  coref_class="empty"  mmax_level="coref"  type="speaker reference"  mention="pronoun" />
<markable id="markable_440" span="word_1851" audience="all-inclusive we"  coref_class="empty"  mmax_level="coref"  type="speaker reference"  mention="pronoun" />
<markable id="markable_443" span="word_1861" audience="all-inclusive we"  coref_class="empty"  mmax_level="coref"  type="speaker reference"  mention="pronoun" />
<markable id="markable_564" span="word_2355" audience="all-inclusive we"  coref_class="empty"  mmax_level="coref"  type="speaker reference"  mention="pronoun" />
<markable id="markable_201" span="word_862" audience="all-inclusive we"  coref_class="empty"  mmax_level="coref"  type="speaker reference"  mention="pronoun" />
<markable id="markable_559" span="word_2335" audience="all-inclusive we"  coref_class="empty"  mmax_level="coref"  type="speaker reference"  mention="pronoun" />
<markable id="markable_437" span="word_1844" audience="all-inclusive we"  type_of_pronoun="personal"  coref_class="empty"  mmax_level="coref"  type="speaker reference"  mention="pronoun" />
<markable id="markable_316" span="word_1353" type_of_pronoun="personal"  split="simple antecedent"  agreement="none"  coref_class="set_88"  mmax_level="coref"  position="it (subject)"  type="anaphoric"  mention="pronoun"  antetype="event" />
<markable id="markable_319" span="word_1360" audience="exclusive we"  type_of_pronoun="personal"  coref_class="empty"  mmax_level="coref"  type="speaker reference"  mention="pronoun" />
<markable id="markable_318" span="word_1358" coref_class="empty"  mmax_level="coref"  type="extratextual reference"  mention="pronoun" />
<markable id="markable_214" span="word_916" type_of_pronoun="personal"  split="simple antecedent"  agreement="none"  coref_class="set_21"  mmax_level="coref"  position="it (subject)"  type="anaphoric"  mention="pronoun"  antetype="event" />
<markable id="markable_455" span="word_1896" type_of_pronoun="personal"  split="simple antecedent"  agreement="they (sg.)"  coref_class="set_45"  mmax_level="coref"  position="it (subject)"  type="anaphoric"  mention="pronoun"  antetype="entity" />
<markable id="markable_213" span="word_913" type_of_pronoun="personal"  split="simple antecedent"  agreement="none"  coref_class="set_21"  mmax_level="coref"  position="it (non-subject)"  type="anaphoric"  mention="pronoun"  antetype="event" />
<markable id="markable_579" span="word_2406" type_of_pronoun="personal"  split="simple antecedent"  agreement="they (sg.)"  coref_class="set_57"  mmax_level="coref"  position="it (subject)"  type="anaphoric"  mention="pronoun"  antetype="entity" />
<markable id="markable_336" span="word_1431" audience="all-inclusive we"  coref_class="empty"  mmax_level="coref"  type="speaker reference"  mention="pronoun" />
<markable id="markable_330" span="word_1404" type_of_pronoun="personal"  split="simple antecedent"  agreement="none"  coref_class="set_89"  mmax_level="coref"  position="it (subject)"  type="anaphoric"  mention="pronoun"  antetype="event" />
<markable id="markable_212" span="word_910" audience="all-inclusive we"  coref_class="empty"  mmax_level="coref"  type="speaker reference"  mention="pronoun" />
<markable id="markable_449" span="word_1881" type_of_pronoun="demonstrative"  split="simple antecedent"  agreement="none"  coref_class="set_100"  mmax_level="coref"  position="it (subject)"  type="anaphoric"  mention="pronoun"  antetype="event" />
<markable id="markable_327" span="word_1387" coref_class="empty"  mmax_level="coref"  type="pleonastic"  mention="pronoun" />
<markable id="markable_208" span="word_895" coref_class="empty"  mmax_level="coref"  type="pleonastic"  mention="pronoun" />
<markable id="markable_581" span="word_2412" audience="all-inclusive we"  coref_class="empty"  mmax_level="coref"  type="speaker reference"  mention="pronoun" />
<markable id="markable_346" span="word_1463" audience="all-inclusive we"  coref_class="empty"  mmax_level="coref"  type="speaker reference"  mention="pronoun" />
<markable id="markable_225" span="word_968" audience="generic you"  agreement="you (pl.)"  coref_class="empty"  mmax_level="coref"  position="you (subject)"  type="addressee reference"  mention="pronoun" />
<markable id="markable_587" span="word_2444" audience="all-inclusive we"  coref_class="empty"  mmax_level="coref"  type="speaker reference"  mention="pronoun" />
<markable id="markable_105" span="word_456" coref_class="empty"  mmax_level="coref"  type="pleonastic"  mention="pronoun" />
<markable id="markable_584" span="word_2430" audience="all-inclusive we"  coref_class="empty"  mmax_level="coref"  type="speaker reference"  mention="pronoun" />
<markable id="markable_221" span="word_953..word_954" coref_class="set_24"  mmax_level="coref"  nptype="antecedent"  mention="np" />
<markable id="markable_223" span="word_961" type_of_pronoun="demonstrative"  split="simple antecedent"  agreement="none"  coref_class="set_76"  mmax_level="coref"  position="it (subject)"  type="anaphoric"  mention="pronoun"  antetype="event" />
<markable id="markable_218" span="word_942" type_of_pronoun="personal"  split="simple antecedent"  agreement="they (sg.)"  coref_class="set_23"  mmax_level="coref"  position="it (subject)"  type="anaphoric"  mention="pronoun"  antetype="entity" />
<markable id="markable_350" span="word_1482" audience="none"  agreement="none"  split="simple antecedent"  coref_class="empty"  mmax_level="coref"  nptype="none"  position="none"  type="speaker reference"  sub_apposition="none"  mention="pronoun" />
<markable id="markable_478" span="word_1986" type_of_pronoun="personal"  split="simple antecedent"  agreement="none"  coref_class="set_103"  mmax_level="coref"  position="it (subject)"  type="anaphoric"  mention="pronoun"  antetype="entity" />
<markable id="markable_114" span="word_500" audience="none"  agreement="none"  split="simple antecedent"  coref_class="empty"  mmax_level="coref"  nptype="none"  position="none"  type="speaker reference"  sub_apposition="none"  mention="pronoun" />
<markable id="markable_231" span="word_989..word_990" coref_class="set_25"  mmax_level="coref"  nptype="antecedent"  mention="np" />
<markable id="markable_597" span="word_2482..word_2483" coref_class="set_52"  mmax_level="coref"  nptype="antecedent"  mention="np" />
<markable id="markable_355" span="word_1501" audience="all-inclusive we"  coref_class="empty"  mmax_level="coref"  type="speaker reference"  mention="pronoun" />
<markable id="markable_233" span="word_995" type_of_pronoun="personal"  split="simple antecedent"  agreement="they (sg.)"  coref_class="set_25"  mmax_level="coref"  position="it (subject)"  type="anaphoric"  mention="pronoun"  antetype="entity" />
<markable id="markable_349" span="word_1480" type_of_pronoun="demonstrative"  split="simple antecedent"  agreement="none"  coref_class="set_94"  mmax_level="coref"  position="it (subject)"  type="anaphoric"  mention="pronoun"  antetype="event" />
<markable id="markable_360" span="word_1531" type_of_pronoun="personal"  split="simple antecedent"  agreement="they (sg.)"  coref_class="set_97"  mmax_level="coref"  position="it (subject)"  type="anaphoric"  mention="pronoun"  antetype="entity" />
<markable id="markable_481" span="word_2004" split="simple antecedent"  agreement="they (sg.)"  coref_class="set_47"  mmax_level="coref"  position="it (non-subject)"  type="cataphoric"  mention="pronoun"  antetype="entity" />
<markable id="markable_483" span="word_2011..word_2013" coref_class="set_49"  mmax_level="coref"  nptype="antecedent"  mention="np" />
<markable id="markable_246" span="word_1038" coref_class="empty"  mmax_level="coref"  type="pleonastic"  mention="pronoun" />
<markable id="markable_128" span="word_559" type_of_pronoun="personal"  split="simple antecedent"  agreement="they (pl.)"  coref_class="set_12"  mmax_level="coref"  position="it (subject)"  type="anaphoric"  mention="pronoun"  antetype="entity" />
<markable id="markable_369" span="word_1568" type_of_pronoun="personal"  split="simple antecedent"  agreement="they (pl.)"  coref_class="set_30"  mmax_level="coref"  position="it (subject)"  type="anaphoric"  mention="pronoun"  antetype="entity" />
<markable id="markable_487" span="word_2030" type_of_pronoun="personal"  split="simple antecedent"  agreement="they (sg.)"  coref_class="set_49"  mmax_level="coref"  position="it (non-subject)"  type="anaphoric"  mention="pronoun"  antetype="entity" />
<markable id="markable_486" span="word_2023" audience="all-inclusive we"  coref_class="empty"  mmax_level="coref"  type="speaker reference"  mention="pronoun" />
<markable id="markable_31" span="word_150" audience="generic you"  agreement="you (pl.)"  coref_class="empty"  mmax_level="coref"  position="you (subject)"  type="addressee reference"  mention="pronoun" />
<markable id="markable_372" span="word_1583..word_1584" coref_class="set_31"  mmax_level="coref"  nptype="antecedent"  mention="np" />
<markable id="markable_810" span="word_1804" type_of_pronoun="demonstrative"  split="simple antecedent"  agreement="they (sg.)"  coref_class="set_98"  mmax_level="coref"  position="it (subject)"  type="anaphoric"  mention="pronoun"  antetype="entity" />
<markable id="markable_133" span="word_578" type_of_pronoun="personal"  split="simple antecedent"  agreement="they (pl.)"  coref_class="set_12"  mmax_level="coref"  position="it (subject)"  type="anaphoric"  mention="pronoun"  antetype="entity" />
<markable id="markable_374" span="word_1592" coref_class="empty"  mmax_level="coref"  type="pleonastic"  mention="pronoun" />
<markable id="markable_376" span="word_1601" type_of_pronoun="personal"  split="simple antecedent"  agreement="they (sg.)"  coref_class="set_31"  mmax_level="coref"  position="it (subject)"  type="anaphoric"  mention="pronoun"  antetype="entity" />
<markable id="markable_805" span="word_1505..word_1508" coref_class="set_96"  mmax_level="coref"  nptype="antecedent"  mention="np" />
<markable id="markable_804" span="word_1500" type_of_pronoun="relative"  split="simple antecedent"  agreement="they (sg.)"  coref_class="set_95"  mmax_level="coref"  position="it (subject)"  type="anaphoric"  mention="pronoun"  antetype="entity" />
<markable id="markable_807" span="word_1521..word_1524" coref_class="set_97"  mmax_level="coref"  nptype="antecedent"  mention="np" />
<markable id="markable_806" span="word_1510" type_of_pronoun="relative"  split="simple antecedent"  agreement="they (sg.)"  coref_class="set_96"  mmax_level="coref"  position="it (subject)"  type="anaphoric"  mention="pronoun"  antetype="entity" />
<markable id="markable_21" span="word_101" audience="none"  agreement="none"  split="simple antecedent"  coref_class="empty"  mmax_level="coref"  nptype="none"  position="none"  type="speaker reference"  sub_apposition="none"  mention="pronoun" />
<markable id="markable_801" span="word_1445..word_1468" coref_class="set_94"  mmax_level="coref"  clausetype="antecedent"  mention="clause" />
<markable id="markable_20" span="word_97" audience="none"  agreement="none"  split="simple antecedent"  coref_class="empty"  mmax_level="coref"  nptype="none"  position="none"  type="speaker reference"  sub_apposition="none"  mention="pronoun" />
<markable id="markable_800" span="word_1467..word_1468" npmod="demonstrative"  split="simple antecedent"  coref_class="set_93"  mmax_level="coref"  nptype="np"  anacata="anaphoric"  mention="np"  antetype="entity" />
<markable id="markable_803" span="word_1498..word_1499" coref_class="set_95"  mmax_level="coref"  nptype="antecedent"  mention="np" />
<markable id="markable_802" span="word_1470" type_of_pronoun="demonstrative"  split="simple antecedent"  agreement="none"  coref_class="set_94"  mmax_level="coref"  position="it (subject)"  type="anaphoric"  mention="pronoun"  antetype="event" />
<markable id="markable_809" span="word_1785..word_1791" coref_class="set_98"  mmax_level="coref"  clausetype="antecedent"  mention="clause" />
<markable id="markable_808" span="word_1799" type_of_pronoun="demonstrative"  split="simple antecedent"  agreement="none"  coref_class="set_98"  mmax_level="coref"  position="it (non-subject)"  type="anaphoric"  mention="pronoun"  antetype="event" />
<markable id="markable_262" span="word_1118" audience="co-present we"  type_of_pronoun="personal"  coref_class="empty"  mmax_level="coref"  type="speaker reference"  mention="pronoun" />
<markable id="markable_269" span="word_1148" type_of_pronoun="none"  split="simple antecedent"  agreement="they (sg.)"  coref_class="set_81"  mmax_level="coref"  position="it (subject)"  type="anaphoric"  mention="pronoun"  antetype="entity" />
<markable id="markable_821" span="word_2007..word_2049" coref_class="set_47"  mmax_level="coref"  clausetype="antecedent"  mention="clause" />
<markable id="markable_149" span="word_656" type_of_pronoun="personal"  split="simple antecedent"  agreement="they (pl.)"  coref_class="set_14"  mmax_level="coref"  position="it (subject)"  type="anaphoric"  mention="pronoun"  antetype="entity" />
<markable id="markable_820" span="word_1979" type_of_pronoun="relative"  split="simple antecedent"  agreement="they (sg.)"  coref_class="set_104"  mmax_level="coref"  position="it (subject)"  type="anaphoric"  mention="pronoun"  antetype="entity" />
<markable id="markable_146" span="word_644..word_645" npmod="possessive"  audience="none"  agreement="none"  nptype="np"  anacata="anaphoric"  type="none"  sub_apposition="none"  mention="np"  antetype="entity"  split="simple antecedent"  coref_class="set_14"  mmax_level="coref"  position="none" />
<markable id="markable_388" span="word_1650" type_of_pronoun="personal"  split="simple antecedent"  agreement="none"  coref_class="set_36"  mmax_level="coref"  position="it (subject)"  type="anaphoric"  mention="pronoun"  antetype="event" />
<markable id="markable_266" span="word_1133" audience="none"  agreement="none"  split="simple antecedent"  coref_class="empty"  mmax_level="coref"  nptype="none"  position="none"  type="speaker reference"  sub_apposition="none"  mention="pronoun" />
<markable id="markable_816" span="word_1926..word_1934" coref_class="set_102"  mmax_level="coref"  nptype="antecedent"  mention="np" />
<markable id="markable_815" span="word_1903" type_of_pronoun="relative"  split="simple antecedent"  agreement="they (sg.)"  coref_class="set_101"  mmax_level="coref"  position="it (subject)"  type="anaphoric"  mention="pronoun"  antetype="entity" />
<markable id="markable_818" span="word_1944..word_1945" coref_class="set_103"  mmax_level="coref"  nptype="antecedent"  mention="np" />
<markable id="markable_817" span="word_1935" type_of_pronoun="relative"  split="simple antecedent"  agreement="they (pl.)"  coref_class="set_102"  mmax_level="coref"  position="it (subject)"  type="anaphoric"  mention="pronoun"  antetype="entity" />
<markable id="markable_812" span="word_1827" type_of_pronoun="relative"  split="simple antecedent"  agreement="they (sg.)"  coref_class="set_99"  mmax_level="coref"  position="it (subject)"  type="anaphoric"  mention="pronoun"  antetype="entity" />
<markable id="markable_811" span="word_1822..word_1826" coref_class="set_99"  mmax_level="coref"  nptype="antecedent"  mention="np" />
<markable id="markable_814" span="word_1901..word_1902" coref_class="set_101"  mmax_level="coref"  nptype="antecedent"  mention="np" />
<markable id="markable_813" span="word_1843..word_1865" coref_class="set_100"  mmax_level="coref"  clausetype="antecedent"  mention="clause" />
<markable id="markable_18" span="word_90" audience="all-inclusive we"  coref_class="empty"  mmax_level="coref"  type="speaker reference"  mention="pronoun" />
<markable id="markable_819" span="word_1978" coref_class="set_104"  mmax_level="coref"  nptype="antecedent"  mention="np" />
<markable id="markable_16" span="word_82" audience="none"  coref_class="empty"  mmax_level="coref"  type="speaker reference"  mention="pronoun" />
<markable id="markable_272" span="word_1159" audience="co-present we"  type_of_pronoun="personal"  coref_class="empty"  mmax_level="coref"  type="speaker reference"  mention="pronoun" />
<markable id="markable_392" span="word_1665" type_of_pronoun="personal"  split="simple antecedent"  agreement="they (pl.)"  coref_class="set_35"  mmax_level="coref"  position="it (subject)"  type="anaphoric"  mention="pronoun"  antetype="entity" />
<markable id="markable_274" span="word_1173" audience="co-present we"  coref_class="empty"  mmax_level="coref"  type="speaker reference"  mention="pronoun" />
<markable id="markable_394" span="word_1671" type_of_pronoun="personal"  split="simple antecedent"  agreement="they (pl.)"  coref_class="set_35"  mmax_level="coref"  position="it (subject)"  type="anaphoric"  mention="pronoun"  antetype="entity" />
<markable id="markable_390" span="word_1657" coref_class="set_35"  mmax_level="coref"  nptype="antecedent"  mention="np" />
<markable id="markable_159" span="word_697" coref_class="empty"  mmax_level="coref"  type="pleonastic"  mention="pronoun" />
<markable id="markable_830" span="word_2313" type_of_pronoun="personal"  split="simple antecedent"  agreement="none"  coref_class="set_109"  mmax_level="coref"  position="it (subject)"  type="anaphoric"  mention="pronoun"  antetype="event" />
<markable id="markable_279" span="word_1192" coref_class="empty"  mmax_level="coref"  type="pleonastic"  mention="pronoun" />
<markable id="markable_711" span="word_394" type_of_pronoun="possessive"  split="simple antecedent"  agreement="they (sg.)"  coref_class="set_66"  mmax_level="coref"  position="it (non-subject)"  type="anaphoric"  mention="pronoun"  antetype="entity" />
<markable id="markable_832" span="word_2446..word_2447" coref_class="set_110"  mmax_level="coref"  nptype="antecedent"  mention="np" />
<markable id="markable_710" span="word_118" type_of_pronoun="possessive"  split="simple antecedent"  agreement="they (sg.)"  coref_class="set_1"  mmax_level="coref"  position="it (non-subject)"  type="anaphoric"  mention="pronoun"  antetype="entity" />
<markable id="markable_831" span="word_2340..word_2346" coref_class="set_57"  mmax_level="coref"  nptype="antecedent"  mention="np" />
<markable id="markable_155" span="word_685" type_of_pronoun="personal"  split="simple antecedent"  agreement="they (pl.)"  coref_class="set_16"  mmax_level="coref"  position="it (subject)"  type="anaphoric"  mention="pronoun"  antetype="entity" />
<markable id="markable_154" span="word_677..word_678" coref_class="set_16"  mmax_level="coref"  nptype="antecedent"  mention="np" />
<markable id="markable_157" span="word_691" type_of_pronoun="personal"  split="simple antecedent"  agreement="they (pl.)"  coref_class="set_16"  mmax_level="coref"  position="it (subject)"  type="anaphoric"  mention="pronoun"  antetype="entity" />
<markable id="markable_399" span="word_1686" type_of_pronoun="personal"  split="simple antecedent"  agreement="they (pl.)"  coref_class="set_35"  mmax_level="coref"  position="it (subject)"  type="anaphoric"  mention="pronoun"  antetype="entity" />
<markable id="markable_827" span="word_2180" type_of_pronoun="relative"  split="simple antecedent"  agreement="they (pl.)"  coref_class="set_107"  mmax_level="coref"  position="it (subject)"  type="anaphoric"  mention="pronoun"  antetype="entity" />
<markable id="markable_826" span="word_2176..word_2179" coref_class="set_107"  mmax_level="coref"  nptype="antecedent"  mention="np" />
<markable id="markable_829" span="word_2303" type_of_pronoun="demonstrative"  split="simple antecedent"  agreement="none"  coref_class="set_109"  mmax_level="coref"  position="it (subject)"  type="anaphoric"  mention="pronoun"  antetype="event" />
<markable id="markable_828" span="word_2289..word_2301" coref_class="set_109"  mmax_level="coref"  clausetype="antecedent"  mention="clause" />
<markable id="markable_823" span="word_2092" type_of_pronoun="demonstrative"  split="simple antecedent"  agreement="none"  coref_class="set_105"  mmax_level="coref"  position="it (subject)"  type="anaphoric"  mention="pronoun"  antetype="event" />
<markable id="markable_822" span="word_2051..word_2089" coref_class="set_105"  mmax_level="coref"  clausetype="antecedent"  mention="clause" />
<markable id="markable_825" span="word_2117" type_of_pronoun="relative"  split="simple antecedent"  agreement="they (sg.)"  coref_class="set_106"  mmax_level="coref"  position="it (subject)"  type="anaphoric"  mention="pronoun"  antetype="entity" />
<markable id="markable_824" span="word_2115..word_2116" coref_class="set_106"  mmax_level="coref"  nptype="antecedent"  mention="np" />
<markable id="markable_709" span="word_12" type_of_pronoun="possessive"  split="simple antecedent"  agreement="they (sg.)"  coref_class="set_0"  mmax_level="coref"  position="it (subject)"  type="anaphoric"  mention="pronoun"  antetype="entity" />
<markable id="markable_282" span="word_1212" type_of_pronoun="personal"  split="simple antecedent"  agreement="they (sg.)"  coref_class="set_26"  mmax_level="coref"  position="it (subject)"  type="anaphoric"  mention="pronoun"  antetype="entity" />
<markable id="markable_284" span="word_1221" audience="co-present we"  coref_class="empty"  mmax_level="coref"  type="speaker reference"  mention="pronoun" />
<markable id="markable_720" span="word_1953" audience="none"  agreement="none"  coref_class="empty"  mmax_level="coref"  position="none"  type="addressee reference"  mention="pronoun" />
<markable id="markable_722" span="word_79" type_of_pronoun="demonstrative"  split="simple antecedent"  agreement="none"  coref_class="set_60"  mmax_level="coref"  position="it (subject)"  type="anaphoric"  mention="pronoun"  antetype="event" />
<markable id="markable_721" span="word_1959" audience="none"  agreement="none"  coref_class="empty"  mmax_level="coref"  position="none"  type="addressee reference"  mention="pronoun" />
<markable id="markable_600" span="word_2499" type_of_pronoun="personal"  split="simple antecedent"  agreement="they (pl.)"  coref_class="set_52"  mmax_level="coref"  position="it (subject)"  type="anaphoric"  mention="pronoun"  antetype="entity" />
<markable id="markable_72" span="word_319" type_of_pronoun="personal"  split="simple antecedent"  agreement="they (sg.)"  coref_class="set_9"  mmax_level="coref"  position="it (subject)"  type="anaphoric"  mention="pronoun"  antetype="entity" />
<markable id="markable_717" span="word_1789" audience="none"  agreement="none"  coref_class="empty"  mmax_level="coref"  position="none"  type="addressee reference"  mention="pronoun" />
<markable id="markable_716" span="word_1752" audience="generic you"  agreement="you (pl.)"  coref_class="empty"  mmax_level="coref"  position="none"  type="addressee reference"  mention="pronoun" />
<markable id="markable_837" span="word_2493" type_of_pronoun="demonstrative"  split="simple antecedent"  agreement="they (sg.)"  coref_class="set_112"  mmax_level="coref"  position="it (subject)"  type="anaphoric"  mention="pronoun"  antetype="entity" />
<markable id="markable_719" span="word_1944" audience="none"  agreement="none"  coref_class="empty"  mmax_level="coref"  position="none"  type="addressee reference"  mention="pronoun" />
<markable id="markable_718" span="word_1830" audience="none"  coref_class="empty"  mmax_level="coref"  type="speaker reference"  mention="pronoun" />
<markable id="markable_713" span="word_709" type_of_pronoun="personal"  split="simple antecedent"  agreement="they (sg.)"  coref_class="set_17"  mmax_level="coref"  position="it (subject)"  type="anaphoric"  mention="pronoun"  antetype="entity" />
<markable id="markable_834" span="word_2486" coref_class="set_111"  mmax_level="coref"  nptype="antecedent"  mention="np" />
<markable id="markable_712" span="word_592" type_of_pronoun="possessive"  split="simple antecedent"  agreement="they (pl.)"  coref_class="set_13"  mmax_level="coref"  position="it (non-subject)"  type="anaphoric"  mention="pronoun"  antetype="entity" />
<markable id="markable_833" span="word_2448" type_of_pronoun="relative"  split="simple antecedent"  agreement="they (pl.)"  coref_class="set_110"  mmax_level="coref"  position="it (subject)"  type="anaphoric"  mention="pronoun"  antetype="entity" />
<markable id="markable_715" span="word_957" type_of_pronoun="possessive"  split="simple antecedent"  agreement="they (sg.)"  coref_class="set_24"  mmax_level="coref"  position="it (non-subject)"  type="anaphoric"  mention="pronoun"  antetype="entity" />
<markable id="markable_836" span="word_2482..word_2490" coref_class="set_112"  mmax_level="coref"  nptype="antecedent"  mention="np" />
<markable id="markable_714" span="word_930" type_of_pronoun="possessive"  split="simple antecedent"  agreement="they (sg.)"  coref_class="set_22"  mmax_level="coref"  position="it (subject)"  type="anaphoric"  mention="pronoun"  antetype="entity" />
<markable id="markable_835" span="word_2487" type_of_pronoun="relative"  split="simple antecedent"  agreement="they (pl.)"  coref_class="set_111"  mmax_level="coref"  position="it (subject)"  type="anaphoric"  mention="pronoun"  antetype="entity" />
<markable id="markable_78" span="word_338" audience="co-present we"  coref_class="empty"  mmax_level="coref"  type="speaker reference"  mention="pronoun" />
<markable id="markable_294" span="word_1267" audience="deictic you"  agreement="you (pl.)"  coref_class="empty"  mmax_level="coref"  position="you (subject)"  type="addressee reference"  mention="pronoun" />
<markable id="markable_292" span="word_1258" audience="deictic you"  agreement="you (pl.)"  coref_class="empty"  mmax_level="coref"  position="you (subject)"  type="addressee reference"  mention="pronoun" />
<markable id="markable_731" span="word_1018" type_of_pronoun="demonstrative"  split="simple antecedent"  agreement="none"  coref_class="set_77"  mmax_level="coref"  position="it (subject)"  type="anaphoric"  mention="pronoun"  antetype="event" />
<markable id="markable_610" span="word_2529" audience="none"  coref_class="empty"  mmax_level="coref"  type="speaker reference"  mention="pronoun" />
<markable id="markable_730" span="word_878..word_892" coref_class="set_21"  mmax_level="coref"  clausetype="antecedent"  mention="clause" />
<markable id="markable_733" span="word_1255" type_of_pronoun="demonstrative"  split="simple antecedent"  agreement="none"  coref_class="set_84"  mmax_level="coref"  position="it (subject)"  type="anaphoric"  mention="pronoun"  antetype="event" />
<markable id="markable_732" span="word_1197..word_1202" coref_class="set_26"  mmax_level="coref"  nptype="antecedent"  mention="np" />
<markable id="markable_611" span="word_2532" audience="all-inclusive we"  coref_class="empty"  mmax_level="coref"  type="speaker reference"  mention="pronoun" />
<markable id="markable_299" span="word_1287" type_of_pronoun="personal"  split="simple antecedent"  agreement="they (sg.)"  coref_class="set_29"  mmax_level="coref"  position="it (subject)"  type="anaphoric"  mention="pronoun"  antetype="entity" />
<markable id="markable_61" span="word_280" type_of_pronoun="personal"  split="simple antecedent"  agreement="they (pl.)"  coref_class="set_7"  mmax_level="coref"  position="it (non-subject)"  type="anaphoric"  mention="pronoun"  antetype="entity" />
<markable id="markable_728" span="word_702..word_706" coref_class="set_17"  mmax_level="coref"  nptype="antecedent"  mention="np" />
<markable id="markable_607" span="word_2520" audience="none"  coref_class="empty"  mmax_level="coref"  type="speaker reference"  mention="pronoun" />
<markable id="markable_727" span="word_570" audience="all-inclusive we"  coref_class="empty"  mmax_level="coref"  type="speaker reference"  mention="pronoun" />
<markable id="markable_606" span="word_2518" type_of_pronoun="personal"  split="simple antecedent"  agreement="they (pl.)"  coref_class="set_55"  mmax_level="coref"  position="it (subject)"  type="anaphoric"  mention="pronoun"  antetype="entity" />
<markable id="markable_609" span="word_2527" type_of_pronoun="personal"  split="simple antecedent"  agreement="they (pl.)"  coref_class="set_55"  mmax_level="coref"  position="it (subject)"  type="anaphoric"  mention="pronoun"  antetype="entity" />
<markable id="markable_729" span="word_834..word_843" coref_class="set_19"  mmax_level="coref"  nptype="antecedent"  mention="np" />
<markable id="markable_724" span="word_252..word_253" npmod="demonstrative"  split="simple antecedent"  coref_class="set_63"  mmax_level="coref"  nptype="np"  anacata="anaphoric"  mention="np"  antetype="entity" />
<markable id="markable_723" span="word_111..word_116" coref_class="set_1"  mmax_level="coref"  nptype="antecedent"  mention="np" />
<markable id="markable_726" span="word_552..word_557" coref_class="set_12"  mmax_level="coref"  nptype="antecedent"  mention="np" />
<markable id="markable_62" span="word_282" type_of_pronoun="personal"  split="simple antecedent"  agreement="they (pl.)"  coref_class="set_7"  mmax_level="coref"  position="it (subject)"  type="anaphoric"  mention="pronoun"  antetype="entity" />
<markable id="markable_725" span="word_267" type_of_pronoun="demonstrative"  split="simple antecedent"  agreement="none"  coref_class="set_63"  mmax_level="coref"  position="it (subject)"  type="anaphoric"  mention="pronoun"  antetype="event" />
<markable id="markable_741" span="word_1966..word_1971" npmod="demonstrative"  split="simple antecedent"  coref_class="set_103"  mmax_level="coref"  nptype="np"  anacata="anaphoric"  mention="np"  antetype="entity" />
<markable id="markable_0" span="word_1" audience="none"  agreement="none"  split="simple antecedent"  coref_class="empty"  mmax_level="coref"  nptype="none"  position="none"  type="speaker reference"  sub_apposition="none"  mention="pronoun" />
<markable id="markable_744" span="word_2349" type_of_pronoun="demonstrative"  split="simple antecedent"  agreement="they (sg.)"  coref_class="set_57"  mmax_level="coref"  position="it (subject)"  type="anaphoric"  mention="pronoun"  antetype="entity" />
<markable id="markable_743" span="word_2505..word_2508" coref_class="set_55"  mmax_level="coref"  nptype="antecedent"  mention="np" />
<markable id="markable_2" span="word_10" coref_class="set_0"  mmax_level="coref"  nptype="antecedent"  mention="np" />
<markable id="markable_501" span="word_2095" type_of_pronoun="personal"  split="simple antecedent"  agreement="none"  coref_class="set_105"  mmax_level="coref"  position="it (subject)"  type="anaphoric"  mention="pronoun"  antetype="event" />
<markable id="markable_5" span="word_17" audience="all-inclusive we"  coref_class="empty"  mmax_level="coref"  type="speaker reference"  mention="pronoun" />
<markable id="markable_740" span="word_1884..word_1887" coref_class="set_45"  mmax_level="coref"  nptype="antecedent"  mention="np" />
<markable id="markable_189" span="word_814" type_of_pronoun="personal"  split="simple antecedent"  agreement="none"  coref_class="set_75"  mmax_level="coref"  position="it (subject)"  type="anaphoric"  mention="pronoun"  antetype="event" />
<markable id="markable_618" span="word_2566" audience="deictic you"  agreement="you (pl.)"  coref_class="empty"  mmax_level="coref"  position="you (non-subject)"  type="addressee reference"  mention="pronoun" />
<markable id="markable_739" span="word_1846..word_1849" coref_class="set_42"  mmax_level="coref"  nptype="antecedent"  mention="np" />
<markable id="markable_738" span="word_1767..word_1772" coref_class="set_40"  mmax_level="coref"  nptype="antecedent"  mention="np" />
<markable id="markable_735" span="word_1555..word_1560" coref_class="set_30"  mmax_level="coref"  nptype="antecedent"  mention="np" />
<markable id="markable_734" span="word_1272..word_1278" coref_class="set_29"  mmax_level="coref"  nptype="antecedent"  mention="np" />
<markable id="markable_616" span="word_2559" type_of_pronoun="personal"  split="simple antecedent"  agreement="none"  coref_class="set_55"  mmax_level="coref"  position="it (subject)"  type="anaphoric"  mention="pronoun"  antetype="entity" />
<markable id="markable_737" span="word_1736..word_1738" type_of_pronoun="personal"  split="simple antecedent"  agreement="they (sg.)"  coref_class="set_41"  mmax_level="coref"  position="it (subject)"  type="anaphoric"  mention="pronoun"  antetype="entity" />
<markable id="markable_736" span="word_1638..word_1640" coref_class="set_36"  vptype="antecedent"  mmax_level="coref"  mention="vp" />
<markable id="markable_58" span="word_260" type_of_pronoun="personal"  split="simple antecedent"  agreement="they (sg.)"  coref_class="set_9"  mmax_level="coref"  position="it (subject)"  type="anaphoric"  mention="pronoun"  antetype="entity" />
<markable id="markable_57" span="word_258" type_of_pronoun="personal"  split="simple antecedent"  agreement="none"  coref_class="set_63"  mmax_level="coref"  position="it (non-subject)"  type="anaphoric"  mention="pronoun"  antetype="event" />
<markable id="markable_56" span="word_256" type_of_pronoun="personal"  split="simple antecedent"  agreement="they (sg.)"  coref_class="set_9"  mmax_level="coref"  position="it (subject)"  type="anaphoric"  mention="pronoun"  antetype="entity" />
<markable id="markable_59" span="word_274" coref_class="set_7"  mmax_level="coref"  nptype="antecedent"  mention="np" />
<markable id="markable_197" span="word_845" type_of_pronoun="personal"  split="simple antecedent"  agreement="they (sg.)"  coref_class="set_19"  mmax_level="coref"  position="it (subject)"  type="anaphoric"  mention="pronoun"  antetype="entity" />
<markable id="markable_192" span="word_826" type_of_pronoun="demonstrative"  split="simple antecedent"  agreement="none"  coref_class="set_75"  mmax_level="coref"  position="it (subject)"  type="anaphoric"  mention="pronoun"  antetype="event" />
<markable id="markable_632" span="word_926..word_927" coref_class="set_22"  mmax_level="coref"  nptype="antecedent"  mention="np" />
<markable id="markable_753" span="word_284..word_285" coref_class="set_64"  mmax_level="coref"  nptype="antecedent"  mention="np" />
<markable id="markable_752" span="word_197..word_208" coref_class="set_63"  mmax_level="coref"  clausetype="antecedent"  mention="clause" />
<markable id="markable_755" span="word_312..word_313" coref_class="set_65"  mmax_level="coref"  nptype="antecedent"  mention="np" />
<markable id="markable_633" span="word_937..word_938" coref_class="set_23"  mmax_level="coref"  nptype="antecedent"  mention="np" />
<markable id="markable_754" span="word_290..word_291" npmod="demonstrative"  split="simple antecedent"  coref_class="set_64"  mmax_level="coref"  nptype="np"  anacata="anaphoric"  mention="np"  antetype="entity" />
<markable id="markable_630" span="word_587..word_589" coref_class="set_13"  mmax_level="coref"  nptype="antecedent"  mention="np" />
<markable id="markable_751" span="word_232" type_of_pronoun="demonstrative"  split="simple antecedent"  agreement="they (sg.)"  coref_class="set_61"  mmax_level="coref"  position="it (subject)"  type="anaphoric"  mention="pronoun"  antetype="entity" />
<markable id="markable_750" span="word_214..word_229" coref_class="set_61"  mmax_level="coref"  nptype="antecedent"  mention="np" />
<markable id="markable_9" span="word_39" audience="none"  agreement="none"  split="simple antecedent"  coref_class="empty"  mmax_level="coref"  nptype="none"  position="none"  type="speaker reference"  sub_apposition="none"  mention="pronoun" />
<markable id="markable_508" span="word_2125" type_of_pronoun="personal"  split="simple antecedent"  agreement="they (pl.)"  coref_class="set_50"  mmax_level="coref"  position="it (non-subject)"  type="anaphoric"  mention="pronoun"  antetype="entity" />
<markable id="markable_507" span="word_2119..word_2120" coref_class="set_50"  mmax_level="coref"  nptype="antecedent"  mention="np" />
<markable id="markable_749" span="word_61..word_73" coref_class="set_60"  mmax_level="coref"  clausetype="antecedent"  mention="clause" />
<markable id="markable_43" span="word_199" audience="generic you"  agreement="you (pl.)"  coref_class="empty"  mmax_level="coref"  position="you (subject)"  type="addressee reference"  mention="pronoun" />
<markable id="markable_625" span="word_168" coref_class="set_2"  mmax_level="coref"  nptype="antecedent"  mention="np" />
<markable id="markable_746" span="word_44" type_of_pronoun="demonstrative"  split="simple antecedent"  agreement="none"  coref_class="set_58"  mmax_level="coref"  position="it (non-subject)"  type="anaphoric"  mention="pronoun"  antetype="event" />
<markable id="markable_745" span="word_22..word_37" coref_class="set_58"  mmax_level="coref"  clausetype="antecedent"  mention="clause" />
<markable id="markable_748" span="word_61..word_62" npmod="demonstrative"  split="simple antecedent"  coref_class="set_59"  mmax_level="coref"  nptype="np"  anacata="anaphoric"  mention="np"  antetype="entity" />
<markable id="markable_626" span="word_249" coref_class="set_9"  mmax_level="coref"  nptype="antecedent"  mention="np" />
<markable id="markable_747" span="word_56..word_58" coref_class="set_59"  mmax_level="coref"  nptype="antecedent"  mention="np" />
<markable id="markable_46" span="word_212" type_of_pronoun="personal"  split="simple antecedent"  agreement="they (sg.)"  coref_class="set_2"  mmax_level="coref"  position="it (subject)"  type="anaphoric"  mention="pronoun"  antetype="entity" />
<markable id="markable_45" span="word_207" audience="generic you"  agreement="you (pl.)"  coref_class="empty"  mmax_level="coref"  position="you (subject)"  type="addressee reference"  mention="pronoun" />
<markable id="markable_764" span="word_537" split="simple antecedent"  coref_class="set_70"  mmax_level="coref"  type="nom substitution"  mention="pronoun"  antetype="entity" />
<markable id="markable_763" span="word_531..word_535" coref_class="set_70"  mmax_level="coref"  nptype="antecedent"  mention="np" />
<markable id="markable_766" span="word_647..word_648" coref_class="set_71"  mmax_level="coref"  nptype="antecedent"  mention="np" />
<markable id="markable_765" span="word_544..word_545" split="simple antecedent"  coref_class="set_70"  mmax_level="coref"  type="nom substitution"  mention="pronoun"  antetype="entity" />
<markable id="markable_760" span="word_459..word_461" coref_class="set_69"  mmax_level="coref"  nptype="antecedent"  mention="np" />
<markable id="markable_762" span="word_507..word_508" npmod="demonstrative"  split="simple antecedent"  coref_class="set_69"  mmax_level="coref"  nptype="np"  anacata="anaphoric"  mention="np"  antetype="entity" />
<markable id="markable_761" span="word_463..word_472,word_474..word_481" coref_class="set_69"  mmax_level="coref"  nptype="apposition"  sub_apposition="none"  mention="np" />
<markable id="markable_757" span="word_321..word_358" coref_class="set_66"  mmax_level="coref"  clausetype="antecedent"  mention="clause" />
<markable id="markable_756" span="word_317" split="simple antecedent"  coref_class="set_65"  mmax_level="coref"  type="nom substitution"  mention="pronoun"  antetype="entity" />
<markable id="markable_759" span="word_398..word_403" npmod="demonstrative"  split="simple antecedent"  coref_class="set_67"  mmax_level="coref"  nptype="np"  anacata="anaphoric"  mention="np"  antetype="entity" />
<markable id="markable_758" span="word_321..word_326" coref_class="set_67"  mmax_level="coref"  nptype="antecedent"  mention="np" />
<markable id="markable_533" span="word_2224" audience="generic you"  agreement="you (pl.)"  coref_class="empty"  mmax_level="coref"  position="you (subject)"  type="addressee reference"  mention="pronoun" />
<markable id="markable_775" span="word_960..word_1014" coref_class="set_77"  mmax_level="coref"  clausetype="antecedent"  mention="clause" />
<markable id="markable_774" span="word_946..word_958" coref_class="set_76"  mmax_level="coref"  clausetype="antecedent"  mention="clause" />
<markable id="markable_777" span="word_866..word_873" coref_class="set_78"  mmax_level="coref"  nptype="antecedent"  mention="np" />
<markable id="markable_776" span="word_1105..word_1106" split="simple antecedent"  coref_class="set_78"  comparative="gen"  mmax_level="coref"  nptype="comparative"  mention="np"  antetype="entity" />
<markable id="markable_771" span="word_731" type_of_pronoun="demonstrative"  split="simple antecedent"  agreement="none"  coref_class="set_74"  mmax_level="coref"  position="it (subject)"  type="anaphoric"  mention="pronoun"  antetype="event" />
<markable id="markable_770" span="word_707..word_729" coref_class="set_74"  mmax_level="coref"  clausetype="antecedent"  mention="clause" />
<markable id="markable_410" span="word_1728..word_1729" coref_class="set_41"  mmax_level="coref"  nptype="antecedent"  mention="np" />
<markable id="markable_773" span="word_760..word_813" coref_class="set_75"  mmax_level="coref"  nptype="antecedent"  mention="np" />
<markable id="markable_530" span="word_2211" audience="all-inclusive we"  coref_class="empty"  mmax_level="coref"  type="speaker reference"  mention="pronoun" />
<markable id="markable_772" span="word_747" type_of_pronoun="demonstrative"  split="simple antecedent"  agreement="none"  coref_class="set_74"  mmax_level="coref"  position="it (subject)"  type="anaphoric"  mention="pronoun"  antetype="event" />
<markable id="markable_409" span="word_1726" audience="generic you"  agreement="you (pl.)"  coref_class="empty"  mmax_level="coref"  position="you (subject)"  type="addressee reference"  mention="pronoun" />
<markable id="markable_768" span="word_712..word_717" coref_class="set_72"  mmax_level="coref"  nptype="antecedent"  mention="np" />
<markable id="markable_404" span="word_1708" audience="deictic you"  agreement="you (pl.)"  coref_class="empty"  mmax_level="coref"  position="you (subject)"  type="addressee reference"  mention="pronoun" />
<markable id="markable_767" span="word_649" type_of_pronoun="relative"  split="simple antecedent"  agreement="they (sg.)"  coref_class="set_71"  mmax_level="coref"  position="it (subject)"  type="anaphoric"  mention="pronoun"  antetype="entity" />
<markable id="markable_407" span="word_1720" type_of_pronoun="personal"  split="simple antecedent"  agreement="none"  coref_class="set_36"  mmax_level="coref"  position="it (subject)"  type="anaphoric"  mention="pronoun"  antetype="event" />
<markable id="markable_406" span="word_1716" type_of_pronoun="personal"  split="simple antecedent"  agreement="none"  coref_class="set_36"  mmax_level="coref"  position="it (subject)"  type="anaphoric"  mention="pronoun"  antetype="event" />
<markable id="markable_769" span="word_729" split="simple antecedent"  coref_class="set_72"  mmax_level="coref"  type="nom substitution"  mention="pronoun"  antetype="entity" />
<markable id="markable_780" span="word_1144..word_1145" npmod="def-article"  split="simple antecedent"  coref_class="set_80"  mmax_level="coref"  nptype="np"  anacata="anaphoric"  mention="np"  antetype="entity" />
<markable id="markable_544" span="word_2272" audience="all-inclusive we"  coref_class="empty"  mmax_level="coref"  type="speaker reference"  mention="pronoun" />
<markable id="markable_423" span="word_1782" audience="deictic you"  agreement="you (sg.)"  coref_class="empty"  mmax_level="coref"  position="you (non-subject)"  type="addressee reference"  mention="pronoun" />
<markable id="markable_786" span="word_1280" coref_class="set_85"  mmax_level="coref"  nptype="antecedent"  mention="np" />
<markable id="markable_301" span="word_1293" type_of_pronoun="personal"  split="simple antecedent"  agreement="they (sg.)"  coref_class="set_29"  mmax_level="coref"  position="it (subject)"  type="anaphoric"  mention="pronoun"  antetype="entity" />
<markable id="markable_422" span="word_1779" type_of_pronoun="personal"  split="simple antecedent"  agreement="they (sg.)"  coref_class="set_40"  mmax_level="coref"  position="it (subject)"  type="anaphoric"  mention="pronoun"  antetype="entity" />
<markable id="markable_785" span="word_1227..word_1248" coref_class="set_84"  mmax_level="coref"  clausetype="antecedent"  mention="clause" />
<markable id="markable_304" span="word_1305" type_of_pronoun="personal"  split="simple antecedent"  agreement="they (sg.)"  coref_class="set_29"  mmax_level="coref"  position="it (subject)"  type="anaphoric"  mention="pronoun"  antetype="entity" />
<markable id="markable_788" span="word_1310..word_1312" coref_class="set_86"  mmax_level="coref"  nptype="antecedent"  mention="np" />
<markable id="markable_424" span="word_1785" type_of_pronoun="personal"  split="simple antecedent"  agreement="they (sg.)"  coref_class="set_41"  mmax_level="coref"  position="it (subject)"  type="anaphoric"  mention="pronoun"  antetype="entity" />
<markable id="markable_787" span="word_1281" type_of_pronoun="relative"  split="simple antecedent"  agreement="they (sg.)"  coref_class="set_85"  mmax_level="coref"  position="it (subject)"  type="anaphoric"  mention="pronoun"  antetype="entity" />
<markable id="markable_540" span="word_2251" audience="generic you"  agreement="you (pl.)"  coref_class="empty"  mmax_level="coref"  position="you (subject)"  type="addressee reference"  mention="pronoun" />
<markable id="markable_782" span="word_1153..word_1157" coref_class="set_83"  mmax_level="coref"  nptype="antecedent"  mention="np" />
<markable id="markable_781" span="word_1141" type_of_pronoun="personal"  agreement="none"  coref_class="set_81"  mmax_level="coref"  position="none"  type="antecedent"  mention="pronoun" />
<markable id="markable_784" span="word_1158" type_of_pronoun="relative"  split="simple antecedent"  agreement="they (sg.)"  coref_class="set_83"  mmax_level="coref"  position="it (subject)"  type="anaphoric"  mention="pronoun"  antetype="entity" />
<markable id="markable_783" span="word_1166" type_of_pronoun="demonstrative"  split="simple antecedent"  agreement="they (sg.)"  coref_class="set_83"  mmax_level="coref"  position="it (subject)"  type="anaphoric"  mention="pronoun"  antetype="entity" />
<markable id="markable_419" span="word_1759" type_of_pronoun="personal"  split="simple antecedent"  agreement="they (sg.)"  coref_class="set_41"  mmax_level="coref"  position="it (subject)"  type="anaphoric"  mention="pronoun"  antetype="entity" />
<markable id="markable_98" span="word_422" audience="generic you"  agreement="you (pl.)"  coref_class="empty"  mmax_level="coref"  position="you (subject)"  type="addressee reference"  mention="pronoun" />
<markable id="markable_779" span="word_1128..word_1129" split="simple antecedent"  coref_class="set_80"  mmax_level="coref"  type="nom substitution"  mention="pronoun"  antetype="entity" />
<markable id="markable_536" span="word_2235" audience="all-inclusive we"  coref_class="empty"  mmax_level="coref"  type="speaker reference"  mention="pronoun" />
<markable id="markable_415" span="word_1742" coref_class="empty"  mmax_level="coref"  type="event"  mention="pronoun" />
<markable id="markable_778" span="word_1122..word_1123" coref_class="set_80"  mmax_level="coref"  nptype="antecedent"  mention="np" />
<markable id="markable_417" span="word_1748" type_of_pronoun="personal"  split="simple antecedent"  agreement="they (sg.)"  coref_class="set_41"  mmax_level="coref"  position="it (subject)"  type="anaphoric"  mention="pronoun"  antetype="entity" />
<markable id="markable_791" span="word_1344..word_1351" coref_class="set_88"  mmax_level="coref"  clausetype="antecedent"  mention="clause" />
<markable id="markable_790" span="word_1299..word_1317" coref_class="set_87"  mmax_level="coref"  clausetype="antecedent"  mention="clause" />
<markable id="markable_313" span="word_1345" audience="co-present we"  coref_class="empty"  mmax_level="coref"  type="speaker reference"  mention="pronoun" />
<markable id="markable_797" span="word_1414" coref_class="set_92"  mmax_level="coref"  nptype="antecedent"  mention="np" />
<markable id="markable_796" span="word_1462" type_of_pronoun="relative"  split="simple antecedent"  agreement="they (pl.)"  coref_class="set_91"  mmax_level="coref"  position="it (subject)"  type="anaphoric"  mention="pronoun"  antetype="entity" />
<markable id="markable_799" span="word_1452" coref_class="set_93"  mmax_level="coref"  nptype="antecedent"  mention="np" />
<markable id="markable_798" span="word_1415" type_of_pronoun="relative"  split="simple antecedent"  agreement="they (sg.)"  coref_class="set_92"  mmax_level="coref"  position="it (subject)"  type="anaphoric"  mention="pronoun"  antetype="entity" />
<markable id="markable_793" span="word_1426..word_1429" coref_class="set_90"  mmax_level="coref"  nptype="antecedent"  mention="np" />
<markable id="markable_792" span="word_1390..word_1400" coref_class="set_89"  mmax_level="coref"  clausetype="antecedent"  mention="clause" />
<markable id="markable_795" span="word_1461" coref_class="set_91"  mmax_level="coref"  nptype="antecedent"  mention="np" />
<markable id="markable_794" span="word_1430" type_of_pronoun="demonstrative"  split="simple antecedent"  agreement="they (sg.)"  coref_class="set_90"  mmax_level="coref"  position="it (subject)"  type="anaphoric"  mention="pronoun"  antetype="entity" />
<markable id="markable_83" span="word_364" type_of_pronoun="personal"  split="simple antecedent"  agreement="they (sg.)"  coref_class="set_9"  mmax_level="coref"  position="it (subject)"  type="anaphoric"  mention="pronoun"  antetype="entity" />
<markable id="markable_427" span="word_1806" audience="none"  coref_class="empty"  mmax_level="coref"  type="speaker reference"  mention="pronoun" />
<markable id="markable_789" span="word_1313" type_of_pronoun="relative"  split="simple antecedent"  agreement="they (sg.)"  coref_class="set_86"  mmax_level="coref"  position="it (subject)"  type="anaphoric"  mention="pronoun"  antetype="entity" />
<markable id="markable_308" span="word_1321" coref_class="empty"  mmax_level="coref"  type="pleonastic"  mention="pronoun" />
<markable id="markable_307" span="word_1319" type_of_pronoun="personal"  split="simple antecedent"  agreement="none"  coref_class="set_87"  mmax_level="coref"  position="it (subject)"  type="anaphoric"  mention="pronoun"  antetype="event" />
<markable id="markable_428" span="word_1808" audience="all-inclusive we"  coref_class="empty"  mmax_level="coref"  type="speaker reference"  mention="pronoun" />
<markable id="markable_88" span="word_380..word_381" coref_class="set_66"  mmax_level="coref"  nptype="not sure. help!"  mention="np" />
</markables>