<?xml version="1.0" encoding="UTF-8" ?>
<!DOCTYPE markables SYSTEM "markables.dtd">
<markables xmlns="www.eml.org/NameSpaces/sentence">
<markable mmax_level="sentence" orderid="0" id="markable_0" span="word_1..word_14" />
<markable mmax_level="sentence" orderid="1" id="markable_1" span="word_15..word_33" />
<markable mmax_level="sentence" orderid="2" id="markable_2" span="word_34..word_59" />
<markable mmax_level="sentence" orderid="3" id="markable_3" span="word_60..word_67" />
<markable mmax_level="sentence" orderid="4" id="markable_4" span="word_68..word_78" />
<markable mmax_level="sentence" orderid="5" id="markable_5" span="word_79..word_88" />
<markable mmax_level="sentence" orderid="6" id="markable_6" span="word_89..word_92" />
<markable mmax_level="sentence" orderid="7" id="markable_7" span="word_93..word_101" />
<markable mmax_level="sentence" orderid="8" id="markable_8" span="word_102..word_113" />
<markable mmax_level="sentence" orderid="9" id="markable_9" span="word_114..word_126" />
<markable mmax_level="sentence" orderid="10" id="markable_10" span="word_127..word_134" />
<markable mmax_level="sentence" orderid="11" id="markable_11" span="word_135..word_160" />
<markable mmax_level="sentence" orderid="12" id="markable_12" span="word_161..word_179" />
<markable mmax_level="sentence" orderid="13" id="markable_13" span="word_180..word_189" />
<markable mmax_level="sentence" orderid="14" id="markable_14" span="word_190..word_207" />
<markable mmax_level="sentence" orderid="15" id="markable_15" span="word_208..word_215" />
<markable mmax_level="sentence" orderid="16" id="markable_16" span="word_216..word_243" />
<markable mmax_level="sentence" orderid="17" id="markable_17" span="word_244..word_265" />
<markable mmax_level="sentence" orderid="18" id="markable_18" span="word_266..word_282" />
<markable mmax_level="sentence" orderid="19" id="markable_19" span="word_283..word_299" />
<markable mmax_level="sentence" orderid="20" id="markable_20" span="word_300..word_317" />
<markable mmax_level="sentence" orderid="21" id="markable_21" span="word_318..word_355" />
<markable mmax_level="sentence" orderid="22" id="markable_22" span="word_356..word_385" />
<markable mmax_level="sentence" orderid="23" id="markable_23" span="word_386..word_394" />
<markable mmax_level="sentence" orderid="24" id="markable_24" span="word_395..word_431" />
<markable mmax_level="sentence" orderid="25" id="markable_25" span="word_432..word_456" />
<markable mmax_level="sentence" orderid="26" id="markable_26" span="word_457..word_466" />
<markable mmax_level="sentence" orderid="27" id="markable_27" span="word_467..word_508" />
<markable mmax_level="sentence" orderid="28" id="markable_28" span="word_509..word_544" />
<markable mmax_level="sentence" orderid="29" id="markable_29" span="word_545..word_607" />
<markable mmax_level="sentence" orderid="30" id="markable_30" span="word_608..word_674" />
<markable mmax_level="sentence" orderid="31" id="markable_31" span="word_675..word_727" />
<markable mmax_level="sentence" orderid="32" id="markable_32" span="word_728..word_749" />
<markable mmax_level="sentence" orderid="33" id="markable_33" span="word_750..word_779" />
<markable mmax_level="sentence" orderid="34" id="markable_34" span="word_780..word_796" />
<markable mmax_level="sentence" orderid="35" id="markable_35" span="word_797..word_821" />
<markable mmax_level="sentence" orderid="36" id="markable_36" span="word_822..word_844" />
<markable mmax_level="sentence" orderid="37" id="markable_37" span="word_845..word_873" />
<markable mmax_level="sentence" orderid="38" id="markable_38" span="word_874..word_885" />
<markable mmax_level="sentence" orderid="39" id="markable_39" span="word_886..word_915" />
<markable mmax_level="sentence" orderid="40" id="markable_40" span="word_916..word_954" />
<markable mmax_level="sentence" orderid="41" id="markable_41" span="word_955..word_960" />
<markable mmax_level="sentence" orderid="42" id="markable_42" span="word_961..word_965" />
<markable mmax_level="sentence" orderid="43" id="markable_43" span="word_966..word_992" />
<markable mmax_level="sentence" orderid="44" id="markable_44" span="word_993..word_1035" />
<markable mmax_level="sentence" orderid="45" id="markable_45" span="word_1036..word_1044" />
<markable mmax_level="sentence" orderid="46" id="markable_46" span="word_1045..word_1134" />
<markable mmax_level="sentence" orderid="47" id="markable_47" span="word_1135..word_1158" />
<markable mmax_level="sentence" orderid="48" id="markable_48" span="word_1159..word_1197" />
<markable mmax_level="sentence" orderid="49" id="markable_49" span="word_1198..word_1207" />
<markable mmax_level="sentence" orderid="50" id="markable_50" span="word_1208..word_1216" />
<markable mmax_level="sentence" orderid="51" id="markable_51" span="word_1217..word_1233" />
<markable mmax_level="sentence" orderid="52" id="markable_52" span="word_1234..word_1276" />
<markable mmax_level="sentence" orderid="53" id="markable_53" span="word_1277..word_1313" />
<markable mmax_level="sentence" orderid="54" id="markable_54" span="word_1314..word_1321" />
<markable mmax_level="sentence" orderid="55" id="markable_55" span="word_1322..word_1325" />
<markable mmax_level="sentence" orderid="56" id="markable_56" span="word_1326..word_1331" />
<markable mmax_level="sentence" orderid="57" id="markable_57" span="word_1332..word_1355" />
<markable mmax_level="sentence" orderid="58" id="markable_58" span="word_1356..word_1363" />
<markable mmax_level="sentence" orderid="59" id="markable_59" span="word_1364..word_1460" />
<markable mmax_level="sentence" orderid="60" id="markable_60" span="word_1461..word_1525" />
<markable mmax_level="sentence" orderid="61" id="markable_61" span="word_1526..word_1559" />
<markable mmax_level="sentence" orderid="62" id="markable_62" span="word_1560..word_1567" />
<markable mmax_level="sentence" orderid="63" id="markable_63" span="word_1568..word_1610" />
<markable mmax_level="sentence" orderid="64" id="markable_64" span="word_1611..word_1675" />
<markable mmax_level="sentence" orderid="65" id="markable_65" span="word_1676..word_1685" />
<markable mmax_level="sentence" orderid="66" id="markable_66" span="word_1686..word_1714" />
<markable mmax_level="sentence" orderid="67" id="markable_67" span="word_1715..word_1744" />
<markable mmax_level="sentence" orderid="68" id="markable_68" span="word_1745..word_1774" />
<markable mmax_level="sentence" orderid="69" id="markable_69" span="word_1775..word_1787" />
<markable mmax_level="sentence" orderid="70" id="markable_70" span="word_1788..word_1801" />
<markable mmax_level="sentence" orderid="71" id="markable_71" span="word_1802..word_1819" />
<markable mmax_level="sentence" orderid="72" id="markable_72" span="word_1820..word_1823" />
<markable mmax_level="sentence" orderid="73" id="markable_73" span="word_1824..word_1843" />
<markable mmax_level="sentence" orderid="74" id="markable_74" span="word_1844..word_1852" />
<markable mmax_level="sentence" orderid="75" id="markable_75" span="word_1853..word_1864" />
<markable mmax_level="sentence" orderid="76" id="markable_76" span="word_1865..word_1897" />
<markable mmax_level="sentence" orderid="77" id="markable_77" span="word_1898..word_1919" />
<markable mmax_level="sentence" orderid="78" id="markable_78" span="word_1920..word_1946" />
<markable mmax_level="sentence" orderid="79" id="markable_79" span="word_1947..word_1981" />
<markable mmax_level="sentence" orderid="80" id="markable_80" span="word_1982..word_1987" />
<markable mmax_level="sentence" orderid="81" id="markable_81" span="word_1988..word_2030" />
<markable mmax_level="sentence" orderid="82" id="markable_82" span="word_2031..word_2054" />
<markable mmax_level="sentence" orderid="83" id="markable_83" span="word_2055..word_2069" />
<markable mmax_level="sentence" orderid="84" id="markable_84" span="word_2070..word_2088" />
<markable mmax_level="sentence" orderid="85" id="markable_85" span="word_2089..word_2104" />
<markable mmax_level="sentence" orderid="86" id="markable_86" span="word_2105..word_2109" />
<markable mmax_level="sentence" orderid="87" id="markable_87" span="word_2110..word_2182" />
<markable mmax_level="sentence" orderid="88" id="markable_88" span="word_2183..word_2233" />
<markable mmax_level="sentence" orderid="89" id="markable_89" span="word_2234..word_2250" />
<markable mmax_level="sentence" orderid="90" id="markable_90" span="word_2251..word_2307" />
<markable mmax_level="sentence" orderid="91" id="markable_91" span="word_2308..word_2328" />
<markable mmax_level="sentence" orderid="92" id="markable_92" span="word_2329..word_2363" />
<markable mmax_level="sentence" orderid="93" id="markable_93" span="word_2364..word_2387" />
<markable mmax_level="sentence" orderid="94" id="markable_94" span="word_2388..word_2407" />
<markable mmax_level="sentence" orderid="95" id="markable_95" span="word_2408..word_2416" />
<markable mmax_level="sentence" orderid="96" id="markable_96" span="word_2417..word_2433" />
<markable mmax_level="sentence" orderid="97" id="markable_97" span="word_2434..word_2487" />
<markable mmax_level="sentence" orderid="98" id="markable_98" span="word_2488..word_2502" />
<markable mmax_level="sentence" orderid="99" id="markable_99" span="word_2503..word_2531" />
<markable mmax_level="sentence" orderid="100" id="markable_100" span="word_2532..word_2633" />
<markable mmax_level="sentence" orderid="101" id="markable_101" span="word_2634..word_2640" />
<markable mmax_level="sentence" orderid="102" id="markable_102" span="word_2641..word_2687" />
<markable mmax_level="sentence" orderid="103" id="markable_103" span="word_2688..word_2699" />
<markable mmax_level="sentence" orderid="104" id="markable_104" span="word_2700..word_2730" />
<markable mmax_level="sentence" orderid="105" id="markable_105" span="word_2731..word_2746" />
<markable mmax_level="sentence" orderid="106" id="markable_106" span="word_2747..word_2756" />
<markable mmax_level="sentence" orderid="107" id="markable_107" span="word_2757..word_2765" />
<markable mmax_level="sentence" orderid="108" id="markable_108" span="word_2766..word_2826" />
<markable mmax_level="sentence" orderid="109" id="markable_109" span="word_2827..word_2849" />
<markable mmax_level="sentence" orderid="110" id="markable_110" span="word_2850..word_2860" />
<markable mmax_level="sentence" orderid="111" id="markable_111" span="word_2861..word_2875" />
<markable mmax_level="sentence" orderid="112" id="markable_112" span="word_2876..word_2889" />
<markable mmax_level="sentence" orderid="113" id="markable_113" span="word_2890..word_2902" />
<markable mmax_level="sentence" orderid="114" id="markable_114" span="word_2903..word_2938" />
<markable mmax_level="sentence" orderid="115" id="markable_115" span="word_2939..word_2945" />
<markable mmax_level="sentence" orderid="116" id="markable_116" span="word_2946..word_2952" />
<markable mmax_level="sentence" orderid="117" id="markable_117" span="word_2953..word_2971" />
<markable mmax_level="sentence" orderid="118" id="markable_118" span="word_2972..word_2980" />
<markable mmax_level="sentence" orderid="119" id="markable_119" span="word_2981..word_3023" />
<markable mmax_level="sentence" orderid="120" id="markable_120" span="word_3024..word_3037" />
<markable mmax_level="sentence" orderid="121" id="markable_121" span="word_3038..word_3053" />
<markable mmax_level="sentence" orderid="122" id="markable_122" span="word_3054..word_3060" />
<markable mmax_level="sentence" orderid="123" id="markable_123" span="word_3061..word_3070" />
<markable mmax_level="sentence" orderid="124" id="markable_124" span="word_3071..word_3093" />
<markable mmax_level="sentence" orderid="125" id="markable_125" span="word_3094..word_3109" />
<markable mmax_level="sentence" orderid="126" id="markable_126" span="word_3110..word_3117" />
<markable mmax_level="sentence" orderid="127" id="markable_127" span="word_3118..word_3152" />
<markable mmax_level="sentence" orderid="128" id="markable_128" span="word_3153..word_3162" />
<markable mmax_level="sentence" orderid="129" id="markable_129" span="word_3163..word_3169" />
<markable mmax_level="sentence" orderid="130" id="markable_130" span="word_3170..word_3201" />
<markable mmax_level="sentence" orderid="131" id="markable_131" span="word_3202..word_3216" />
<markable mmax_level="sentence" orderid="132" id="markable_132" span="word_3217..word_3235" />
<markable mmax_level="sentence" orderid="133" id="markable_133" span="word_3236..word_3247" />
<markable mmax_level="sentence" orderid="134" id="markable_134" span="word_3248..word_3257" />
<markable mmax_level="sentence" orderid="135" id="markable_135" span="word_3258..word_3294" />
<markable mmax_level="sentence" orderid="136" id="markable_136" span="word_3295..word_3333" />
<markable mmax_level="sentence" orderid="137" id="markable_137" span="word_3334..word_3375" />
<markable mmax_level="sentence" orderid="138" id="markable_138" span="word_3376..word_3408" />
<markable mmax_level="sentence" orderid="139" id="markable_139" span="word_3409..word_3426" />
<markable mmax_level="sentence" orderid="140" id="markable_140" span="word_3427..word_3430" />
<markable mmax_level="sentence" orderid="141" id="markable_141" span="word_3431..word_3461" />
<markable mmax_level="sentence" orderid="142" id="markable_142" span="word_3462..word_3506" />
<markable mmax_level="sentence" orderid="143" id="markable_143" span="word_3507..word_3552" />
<markable mmax_level="sentence" orderid="144" id="markable_144" span="word_3553..word_3617" />
<markable mmax_level="sentence" orderid="145" id="markable_145" span="word_3618..word_3640" />
<markable mmax_level="sentence" orderid="146" id="markable_146" span="word_3641..word_3649" />
<markable mmax_level="sentence" orderid="147" id="markable_147" span="word_3650..word_3717" />
<markable mmax_level="sentence" orderid="148" id="markable_148" span="word_3718..word_3775" />
<markable mmax_level="sentence" orderid="149" id="markable_149" span="word_3776..word_3785" />
<markable mmax_level="sentence" orderid="150" id="markable_150" span="word_3786..word_3794" />
<markable mmax_level="sentence" orderid="151" id="markable_151" span="word_3795..word_3811" />
<markable mmax_level="sentence" orderid="152" id="markable_152" span="word_3812..word_3832" />
<markable mmax_level="sentence" orderid="153" id="markable_153" span="word_3833..word_3847" />
<markable mmax_level="sentence" orderid="154" id="markable_154" span="word_3848..word_3868" />
<markable mmax_level="sentence" orderid="155" id="markable_155" span="word_3869..word_3894" />
<markable mmax_level="sentence" orderid="156" id="markable_156" span="word_3895..word_3918" />
<markable mmax_level="sentence" orderid="157" id="markable_157" span="word_3919..word_3935" />
<markable mmax_level="sentence" orderid="158" id="markable_158" span="word_3936..word_3948" />
<markable mmax_level="sentence" orderid="159" id="markable_159" span="word_3949..word_3959" />
<markable mmax_level="sentence" orderid="160" id="markable_160" span="word_3960..word_3968" />
<markable mmax_level="sentence" orderid="161" id="markable_161" span="word_3969..word_3981" />
<markable mmax_level="sentence" orderid="162" id="markable_162" span="word_3982..word_3997" />
<markable mmax_level="sentence" orderid="163" id="markable_163" span="word_3998..word_4067" />
<markable mmax_level="sentence" orderid="164" id="markable_164" span="word_4068..word_4090" />
<markable mmax_level="sentence" orderid="165" id="markable_165" span="word_4091..word_4110" />
<markable mmax_level="sentence" orderid="166" id="markable_166" span="word_4111..word_4151" />
<markable mmax_level="sentence" orderid="167" id="markable_167" span="word_4152..word_4158" />
<markable mmax_level="sentence" orderid="168" id="markable_168" span="word_4159..word_4166" />
<markable mmax_level="sentence" orderid="169" id="markable_169" span="word_4167..word_4185" />
<markable mmax_level="sentence" orderid="170" id="markable_170" span="word_4186..word_4212" />
<markable mmax_level="sentence" orderid="171" id="markable_171" span="word_4213..word_4221" />
<markable mmax_level="sentence" orderid="172" id="markable_172" span="word_4222..word_4275" />
<markable mmax_level="sentence" orderid="173" id="markable_173" span="word_4276..word_4282" />
<markable mmax_level="sentence" orderid="174" id="markable_174" span="word_4283..word_4289" />
<markable mmax_level="sentence" orderid="175" id="markable_175" span="word_4290..word_4309" />
<markable mmax_level="sentence" orderid="176" id="markable_176" span="word_4310..word_4337" />
<markable mmax_level="sentence" orderid="177" id="markable_177" span="word_4338..word_4347" />
<markable mmax_level="sentence" orderid="178" id="markable_178" span="word_4348..word_4384" />
<markable mmax_level="sentence" orderid="179" id="markable_179" span="word_4385..word_4394" />
<markable mmax_level="sentence" orderid="180" id="markable_180" span="word_4395..word_4417" />
<markable mmax_level="sentence" orderid="181" id="markable_181" span="word_4418..word_4424" />
<markable mmax_level="sentence" orderid="182" id="markable_182" span="word_4425..word_4429" />
<markable mmax_level="sentence" orderid="183" id="markable_183" span="word_4430..word_4450" />
<markable mmax_level="sentence" orderid="184" id="markable_184" span="word_4451..word_4472" />
<markable mmax_level="sentence" orderid="185" id="markable_185" span="word_4473..word_4520" />
<markable mmax_level="sentence" orderid="186" id="markable_186" span="word_4521..word_4541" />
<markable mmax_level="sentence" orderid="187" id="markable_187" span="word_4542..word_4550" />
<markable mmax_level="sentence" orderid="188" id="markable_188" span="word_4551..word_4589" />
<markable mmax_level="sentence" orderid="189" id="markable_189" span="word_4590..word_4596" />
<markable mmax_level="sentence" orderid="190" id="markable_190" span="word_4597..word_4608" />
<markable mmax_level="sentence" orderid="191" id="markable_191" span="word_4609..word_4617" />
<markable mmax_level="sentence" orderid="192" id="markable_192" span="word_4618..word_4648" />
<markable mmax_level="sentence" orderid="193" id="markable_193" span="word_4649..word_4759" />
<markable mmax_level="sentence" orderid="194" id="markable_194" span="word_4760..word_4790" />
<markable mmax_level="sentence" orderid="195" id="markable_195" span="word_4791..word_4811" />
<markable mmax_level="sentence" orderid="196" id="markable_196" span="word_4812..word_4822" />
<markable mmax_level="sentence" orderid="197" id="markable_197" span="word_4823..word_4872" />
<markable mmax_level="sentence" orderid="198" id="markable_198" span="word_4873..word_4901" />
<markable mmax_level="sentence" orderid="199" id="markable_199" span="word_4902..word_4908" />
<markable mmax_level="sentence" orderid="200" id="markable_200" span="word_4909..word_4999" />
<markable mmax_level="sentence" orderid="201" id="markable_201" span="word_5000..word_5015" />
<markable mmax_level="sentence" orderid="202" id="markable_202" span="word_5016..word_5064" />
<markable mmax_level="sentence" orderid="203" id="markable_203" span="word_5065..word_5074" />
<markable mmax_level="sentence" orderid="204" id="markable_204" span="word_5075..word_5095" />
<markable mmax_level="sentence" orderid="205" id="markable_205" span="word_5096..word_5112" />
<markable mmax_level="sentence" orderid="206" id="markable_206" span="word_5113..word_5128" />
<markable mmax_level="sentence" orderid="207" id="markable_207" span="word_5129..word_5140" />
<markable mmax_level="sentence" orderid="208" id="markable_208" span="word_5141..word_5179" />
<markable mmax_level="sentence" orderid="209" id="markable_209" span="word_5180..word_5215" />
<markable mmax_level="sentence" orderid="210" id="markable_210" span="word_5216..word_5305" />
<markable mmax_level="sentence" orderid="211" id="markable_211" span="word_5306..word_5353" />
<markable mmax_level="sentence" orderid="212" id="markable_212" span="word_5354..word_5367" />
<markable mmax_level="sentence" orderid="213" id="markable_213" span="word_5368..word_5387" />
<markable mmax_level="sentence" orderid="214" id="markable_214" span="word_5388..word_5395" />
<markable mmax_level="sentence" orderid="215" id="markable_215" span="word_5396..word_5413" />
<markable mmax_level="sentence" orderid="216" id="markable_216" span="word_5414..word_5443" />
<markable mmax_level="sentence" orderid="217" id="markable_217" span="word_5444..word_5448" />
<markable mmax_level="sentence" orderid="218" id="markable_218" span="word_5449..word_5470" />
<markable mmax_level="sentence" orderid="219" id="markable_219" span="word_5471..word_5526" />
<markable mmax_level="sentence" orderid="220" id="markable_220" span="word_5527..word_5579" />
<markable mmax_level="sentence" orderid="221" id="markable_221" span="word_5580..word_5645" />
<markable mmax_level="sentence" orderid="222" id="markable_222" span="word_5646..word_5668" />
<markable mmax_level="sentence" orderid="223" id="markable_223" span="word_5669..word_5705" />
<markable mmax_level="sentence" orderid="224" id="markable_224" span="word_5706..word_5728" />
<markable mmax_level="sentence" orderid="225" id="markable_225" span="word_5729..word_5735" />
<markable mmax_level="sentence" orderid="226" id="markable_226" span="word_5736..word_5750" />
<markable mmax_level="sentence" orderid="227" id="markable_227" span="word_5751..word_5761" />
<markable mmax_level="sentence" orderid="228" id="markable_228" span="word_5762..word_5850" />
<markable mmax_level="sentence" orderid="229" id="markable_229" span="word_5851..word_5905" />
<markable mmax_level="sentence" orderid="230" id="markable_230" span="word_5906..word_5932" />
<markable mmax_level="sentence" orderid="231" id="markable_231" span="word_5933..word_5966" />
<markable mmax_level="sentence" orderid="232" id="markable_232" span="word_5967..word_5975" />
<markable mmax_level="sentence" orderid="233" id="markable_233" span="word_5976..word_5985" />
<markable mmax_level="sentence" orderid="234" id="markable_234" span="word_5986..word_5991" />
<markable mmax_level="sentence" orderid="235" id="markable_235" span="word_5992..word_6005" />
<markable mmax_level="sentence" orderid="236" id="markable_236" span="word_6006..word_6027" />
<markable mmax_level="sentence" orderid="237" id="markable_237" span="word_6028..word_6074" />
<markable mmax_level="sentence" orderid="238" id="markable_238" span="word_6075..word_6087" />
<markable mmax_level="sentence" orderid="239" id="markable_239" span="word_6088..word_6119" />
<markable mmax_level="sentence" orderid="240" id="markable_240" span="word_6120..word_6124" />
<markable mmax_level="sentence" orderid="241" id="markable_241" span="word_6125..word_6131" />
</markables>
