<?xml version="1.0" encoding="UTF-8" ?>
<!DOCTYPE markables SYSTEM "markables.dtd">
<markables xmlns="www.eml.org/NameSpaces/sentence">
<markable mmax_level="sentence" orderid="0" id="markable_0" span="word_1..word_35" />
<markable mmax_level="sentence" orderid="1" id="markable_1" span="word_36..word_64" />
<markable mmax_level="sentence" orderid="2" id="markable_2" span="word_65..word_72" />
<markable mmax_level="sentence" orderid="3" id="markable_3" span="word_73..word_132" />
<markable mmax_level="sentence" orderid="4" id="markable_4" span="word_133..word_141" />
<markable mmax_level="sentence" orderid="5" id="markable_5" span="word_142..word_155" />
<markable mmax_level="sentence" orderid="6" id="markable_6" span="word_156..word_192" />
<markable mmax_level="sentence" orderid="7" id="markable_7" span="word_193..word_207" />
<markable mmax_level="sentence" orderid="8" id="markable_8" span="word_208..word_224" />
<markable mmax_level="sentence" orderid="9" id="markable_9" span="word_225..word_276" />
<markable mmax_level="sentence" orderid="10" id="markable_10" span="word_277..word_294" />
<markable mmax_level="sentence" orderid="11" id="markable_11" span="word_295..word_306" />
<markable mmax_level="sentence" orderid="12" id="markable_12" span="word_307..word_344" />
<markable mmax_level="sentence" orderid="13" id="markable_13" span="word_345..word_396" />
<markable mmax_level="sentence" orderid="14" id="markable_14" span="word_397..word_413" />
<markable mmax_level="sentence" orderid="15" id="markable_15" span="word_414..word_434" />
<markable mmax_level="sentence" orderid="16" id="markable_16" span="word_435..word_442" />
<markable mmax_level="sentence" orderid="17" id="markable_17" span="word_443..word_462" />
<markable mmax_level="sentence" orderid="18" id="markable_18" span="word_463..word_477" />
<markable mmax_level="sentence" orderid="19" id="markable_19" span="word_478..word_482" />
<markable mmax_level="sentence" orderid="20" id="markable_20" span="word_483..word_527" />
<markable mmax_level="sentence" orderid="21" id="markable_21" span="word_528..word_539" />
<markable mmax_level="sentence" orderid="22" id="markable_22" span="word_540..word_545" />
<markable mmax_level="sentence" orderid="23" id="markable_23" span="word_546..word_552" />
<markable mmax_level="sentence" orderid="24" id="markable_24" span="word_553..word_563" />
<markable mmax_level="sentence" orderid="25" id="markable_25" span="word_564..word_568" />
<markable mmax_level="sentence" orderid="26" id="markable_26" span="word_569..word_578" />
<markable mmax_level="sentence" orderid="27" id="markable_27" span="word_579..word_583" />
<markable mmax_level="sentence" orderid="28" id="markable_28" span="word_584..word_600" />
<markable mmax_level="sentence" orderid="29" id="markable_29" span="word_601..word_608" />
<markable mmax_level="sentence" orderid="30" id="markable_30" span="word_609..word_617" />
<markable mmax_level="sentence" orderid="31" id="markable_31" span="word_618..word_631" />
<markable mmax_level="sentence" orderid="32" id="markable_32" span="word_632..word_659" />
<markable mmax_level="sentence" orderid="33" id="markable_33" span="word_660..word_689" />
<markable mmax_level="sentence" orderid="34" id="markable_34" span="word_690..word_712" />
<markable mmax_level="sentence" orderid="35" id="markable_35" span="word_713..word_770" />
<markable mmax_level="sentence" orderid="36" id="markable_36" span="word_771..word_797" />
<markable mmax_level="sentence" orderid="37" id="markable_37" span="word_798..word_807" />
<markable mmax_level="sentence" orderid="38" id="markable_38" span="word_808..word_824" />
<markable mmax_level="sentence" orderid="39" id="markable_39" span="word_825..word_862" />
<markable mmax_level="sentence" orderid="40" id="markable_40" span="word_863..word_882" />
<markable mmax_level="sentence" orderid="41" id="markable_41" span="word_883..word_912" />
<markable mmax_level="sentence" orderid="42" id="markable_42" span="word_913..word_922" />
<markable mmax_level="sentence" orderid="43" id="markable_43" span="word_923..word_949" />
<markable mmax_level="sentence" orderid="44" id="markable_44" span="word_950..word_967" />
<markable mmax_level="sentence" orderid="45" id="markable_45" span="word_968..word_981" />
<markable mmax_level="sentence" orderid="46" id="markable_46" span="word_982..word_1021" />
<markable mmax_level="sentence" orderid="47" id="markable_47" span="word_1022..word_1032" />
<markable mmax_level="sentence" orderid="48" id="markable_48" span="word_1033..word_1042" />
<markable mmax_level="sentence" orderid="49" id="markable_49" span="word_1043..word_1069" />
<markable mmax_level="sentence" orderid="50" id="markable_50" span="word_1070..word_1107" />
<markable mmax_level="sentence" orderid="51" id="markable_51" span="word_1108..word_1129" />
<markable mmax_level="sentence" orderid="52" id="markable_52" span="word_1130..word_1137" />
<markable mmax_level="sentence" orderid="53" id="markable_53" span="word_1138..word_1157" />
<markable mmax_level="sentence" orderid="54" id="markable_54" span="word_1158..word_1173" />
<markable mmax_level="sentence" orderid="55" id="markable_55" span="word_1174..word_1181" />
<markable mmax_level="sentence" orderid="56" id="markable_56" span="word_1182..word_1187" />
<markable mmax_level="sentence" orderid="57" id="markable_57" span="word_1188..word_1196" />
<markable mmax_level="sentence" orderid="58" id="markable_58" span="word_1197..word_1232" />
<markable mmax_level="sentence" orderid="59" id="markable_59" span="word_1233..word_1255" />
<markable mmax_level="sentence" orderid="60" id="markable_60" span="word_1256..word_1272" />
<markable mmax_level="sentence" orderid="61" id="markable_61" span="word_1273..word_1293" />
<markable mmax_level="sentence" orderid="62" id="markable_62" span="word_1294..word_1303" />
<markable mmax_level="sentence" orderid="63" id="markable_63" span="word_1304..word_1316" />
<markable mmax_level="sentence" orderid="64" id="markable_64" span="word_1317..word_1326" />
<markable mmax_level="sentence" orderid="65" id="markable_65" span="word_1327..word_1337" />
<markable mmax_level="sentence" orderid="66" id="markable_66" span="word_1338..word_1350" />
<markable mmax_level="sentence" orderid="67" id="markable_67" span="word_1351..word_1360" />
<markable mmax_level="sentence" orderid="68" id="markable_68" span="word_1361..word_1369" />
<markable mmax_level="sentence" orderid="69" id="markable_69" span="word_1370..word_1376" />
<markable mmax_level="sentence" orderid="70" id="markable_70" span="word_1377..word_1389" />
<markable mmax_level="sentence" orderid="71" id="markable_71" span="word_1390..word_1405" />
<markable mmax_level="sentence" orderid="72" id="markable_72" span="word_1406..word_1423" />
<markable mmax_level="sentence" orderid="73" id="markable_73" span="word_1424..word_1437" />
<markable mmax_level="sentence" orderid="74" id="markable_74" span="word_1438..word_1454" />
<markable mmax_level="sentence" orderid="75" id="markable_75" span="word_1455..word_1469" />
<markable mmax_level="sentence" orderid="76" id="markable_76" span="word_1470..word_1477" />
<markable mmax_level="sentence" orderid="77" id="markable_77" span="word_1478..word_1483" />
<markable mmax_level="sentence" orderid="78" id="markable_78" span="word_1484..word_1503" />
<markable mmax_level="sentence" orderid="79" id="markable_79" span="word_1504..word_1511" />
<markable mmax_level="sentence" orderid="80" id="markable_80" span="word_1512..word_1519" />
<markable mmax_level="sentence" orderid="81" id="markable_81" span="word_1520..word_1534" />
<markable mmax_level="sentence" orderid="82" id="markable_82" span="word_1535..word_1550" />
<markable mmax_level="sentence" orderid="83" id="markable_83" span="word_1551..word_1560" />
<markable mmax_level="sentence" orderid="84" id="markable_84" span="word_1561..word_1576" />
<markable mmax_level="sentence" orderid="85" id="markable_85" span="word_1577..word_1592" />
<markable mmax_level="sentence" orderid="86" id="markable_86" span="word_1593..word_1627" />
<markable mmax_level="sentence" orderid="87" id="markable_87" span="word_1628..word_1666" />
<markable mmax_level="sentence" orderid="88" id="markable_88" span="word_1667..word_1674" />
<markable mmax_level="sentence" orderid="89" id="markable_89" span="word_1675..word_1681" />
<markable mmax_level="sentence" orderid="90" id="markable_90" span="word_1682..word_1704" />
<markable mmax_level="sentence" orderid="91" id="markable_91" span="word_1705..word_1734" />
<markable mmax_level="sentence" orderid="92" id="markable_92" span="word_1735..word_1748" />
<markable mmax_level="sentence" orderid="93" id="markable_93" span="word_1749..word_1753" />
<markable mmax_level="sentence" orderid="94" id="markable_94" span="word_1754..word_1760" />
<markable mmax_level="sentence" orderid="95" id="markable_95" span="word_1761..word_1778" />
<markable mmax_level="sentence" orderid="96" id="markable_96" span="word_1779..word_1790" />
<markable mmax_level="sentence" orderid="97" id="markable_97" span="word_1791..word_1807" />
<markable mmax_level="sentence" orderid="98" id="markable_98" span="word_1808..word_1821" />
<markable mmax_level="sentence" orderid="99" id="markable_99" span="word_1822..word_1848" />
<markable mmax_level="sentence" orderid="100" id="markable_100" span="word_1849..word_1861" />
<markable mmax_level="sentence" orderid="101" id="markable_101" span="word_1862..word_1899" />
<markable mmax_level="sentence" orderid="102" id="markable_102" span="word_1900..word_1915" />
<markable mmax_level="sentence" orderid="103" id="markable_103" span="word_1916..word_1977" />
<markable mmax_level="sentence" orderid="104" id="markable_104" span="word_1978..word_1989" />
<markable mmax_level="sentence" orderid="105" id="markable_105" span="word_1990..word_1998" />
<markable mmax_level="sentence" orderid="106" id="markable_106" span="word_1999..word_2010" />
<markable mmax_level="sentence" orderid="107" id="markable_107" span="word_2011..word_2085" />
<markable mmax_level="sentence" orderid="108" id="markable_108" span="word_2086..word_2136" />
<markable mmax_level="sentence" orderid="109" id="markable_109" span="word_2137..word_2142" />
<markable mmax_level="sentence" orderid="110" id="markable_110" span="word_2143..word_2151" />
<markable mmax_level="sentence" orderid="111" id="markable_111" span="word_2152..word_2168" />
<markable mmax_level="sentence" orderid="112" id="markable_112" span="word_2169..word_2176" />
<markable mmax_level="sentence" orderid="113" id="markable_113" span="word_2177..word_2195" />
<markable mmax_level="sentence" orderid="114" id="markable_114" span="word_2196..word_2246" />
<markable mmax_level="sentence" orderid="115" id="markable_115" span="word_2247..word_2269" />
<markable mmax_level="sentence" orderid="116" id="markable_116" span="word_2270..word_2302" />
<markable mmax_level="sentence" orderid="117" id="markable_117" span="word_2303..word_2363" />
<markable mmax_level="sentence" orderid="118" id="markable_118" span="word_2364..word_2382" />
<markable mmax_level="sentence" orderid="119" id="markable_119" span="word_2383..word_2393" />
<markable mmax_level="sentence" orderid="120" id="markable_120" span="word_2394..word_2402" />
<markable mmax_level="sentence" orderid="121" id="markable_121" span="word_2403..word_2422" />
<markable mmax_level="sentence" orderid="122" id="markable_122" span="word_2423..word_2428" />
<markable mmax_level="sentence" orderid="123" id="markable_123" span="word_2429..word_2455" />
<markable mmax_level="sentence" orderid="124" id="markable_124" span="word_2456..word_2462" />
<markable mmax_level="sentence" orderid="125" id="markable_125" span="word_2463..word_2476" />
<markable mmax_level="sentence" orderid="126" id="markable_126" span="word_2477..word_2494" />
<markable mmax_level="sentence" orderid="127" id="markable_127" span="word_2495..word_2505" />
<markable mmax_level="sentence" orderid="128" id="markable_128" span="word_2506..word_2532" />
<markable mmax_level="sentence" orderid="129" id="markable_129" span="word_2533..word_2547" />
<markable mmax_level="sentence" orderid="130" id="markable_130" span="word_2548..word_2583" />
<markable mmax_level="sentence" orderid="131" id="markable_131" span="word_2584..word_2613" />
<markable mmax_level="sentence" orderid="132" id="markable_132" span="word_2614..word_2621" />
<markable mmax_level="sentence" orderid="133" id="markable_133" span="word_2622..word_2636" />
<markable mmax_level="sentence" orderid="134" id="markable_134" span="word_2637..word_2662" />
<markable mmax_level="sentence" orderid="135" id="markable_135" span="word_2663..word_2678" />
<markable mmax_level="sentence" orderid="136" id="markable_136" span="word_2679..word_2691" />
<markable mmax_level="sentence" orderid="137" id="markable_137" span="word_2692..word_2709" />
<markable mmax_level="sentence" orderid="138" id="markable_138" span="word_2710..word_2734" />
<markable mmax_level="sentence" orderid="139" id="markable_139" span="word_2735..word_2777" />
<markable mmax_level="sentence" orderid="140" id="markable_140" span="word_2778..word_2814" />
<markable mmax_level="sentence" orderid="141" id="markable_141" span="word_2815..word_2830" />
<markable mmax_level="sentence" orderid="142" id="markable_142" span="word_2831..word_2903" />
<markable mmax_level="sentence" orderid="143" id="markable_143" span="word_2904..word_2923" />
<markable mmax_level="sentence" orderid="144" id="markable_144" span="word_2924..word_2944" />
<markable mmax_level="sentence" orderid="145" id="markable_145" span="word_2945..word_2960" />
<markable mmax_level="sentence" orderid="146" id="markable_146" span="word_2961..word_2969" />
<markable mmax_level="sentence" orderid="147" id="markable_147" span="word_2970..word_2979" />
<markable mmax_level="sentence" orderid="148" id="markable_148" span="word_2980..word_2998" />
<markable mmax_level="sentence" orderid="149" id="markable_149" span="word_2999..word_3006" />
<markable mmax_level="sentence" orderid="150" id="markable_150" span="word_3007..word_3023" />
<markable mmax_level="sentence" orderid="151" id="markable_151" span="word_3024..word_3043" />
<markable mmax_level="sentence" orderid="152" id="markable_152" span="word_3044..word_3058" />
<markable mmax_level="sentence" orderid="153" id="markable_153" span="word_3059..word_3065" />
<markable mmax_level="sentence" orderid="154" id="markable_154" span="word_3066..word_3086" />
<markable mmax_level="sentence" orderid="155" id="markable_155" span="word_3087..word_3098" />
<markable mmax_level="sentence" orderid="156" id="markable_156" span="word_3099..word_3147" />
<markable mmax_level="sentence" orderid="157" id="markable_157" span="word_3148..word_3158" />
<markable mmax_level="sentence" orderid="158" id="markable_158" span="word_3159..word_3172" />
<markable mmax_level="sentence" orderid="159" id="markable_159" span="word_3173..word_3182" />
<markable mmax_level="sentence" orderid="160" id="markable_160" span="word_3183..word_3195" />
<markable mmax_level="sentence" orderid="161" id="markable_161" span="word_3196..word_3219" />
<markable mmax_level="sentence" orderid="162" id="markable_162" span="word_3220..word_3233" />
<markable mmax_level="sentence" orderid="163" id="markable_163" span="word_3234..word_3243" />
<markable mmax_level="sentence" orderid="164" id="markable_164" span="word_3244..word_3256" />
<markable mmax_level="sentence" orderid="165" id="markable_165" span="word_3257..word_3267" />
<markable mmax_level="sentence" orderid="166" id="markable_166" span="word_3268..word_3277" />
<markable mmax_level="sentence" orderid="167" id="markable_167" span="word_3278..word_3291" />
<markable mmax_level="sentence" orderid="168" id="markable_168" span="word_3292..word_3299" />
<markable mmax_level="sentence" orderid="169" id="markable_169" span="word_3300..word_3330" />
<markable mmax_level="sentence" orderid="170" id="markable_170" span="word_3331..word_3342" />
<markable mmax_level="sentence" orderid="171" id="markable_171" span="word_3343..word_3351" />
<markable mmax_level="sentence" orderid="172" id="markable_172" span="word_3352..word_3365" />
<markable mmax_level="sentence" orderid="173" id="markable_173" span="word_3366..word_3380" />
<markable mmax_level="sentence" orderid="174" id="markable_174" span="word_3381..word_3389" />
<markable mmax_level="sentence" orderid="175" id="markable_175" span="word_3390..word_3406" />
<markable mmax_level="sentence" orderid="176" id="markable_176" span="word_3407..word_3421" />
<markable mmax_level="sentence" orderid="177" id="markable_177" span="word_3422..word_3484" />
<markable mmax_level="sentence" orderid="178" id="markable_178" span="word_3485..word_3504" />
<markable mmax_level="sentence" orderid="179" id="markable_179" span="word_3505..word_3512" />
<markable mmax_level="sentence" orderid="180" id="markable_180" span="word_3513..word_3524" />
<markable mmax_level="sentence" orderid="181" id="markable_181" span="word_3525..word_3534" />
<markable mmax_level="sentence" orderid="182" id="markable_182" span="word_3535..word_3550" />
<markable mmax_level="sentence" orderid="183" id="markable_183" span="word_3551..word_3600" />
<markable mmax_level="sentence" orderid="184" id="markable_184" span="word_3601..word_3632" />
<markable mmax_level="sentence" orderid="185" id="markable_185" span="word_3633..word_3687" />
<markable mmax_level="sentence" orderid="186" id="markable_186" span="word_3688..word_3705" />
<markable mmax_level="sentence" orderid="187" id="markable_187" span="word_3706..word_3753" />
<markable mmax_level="sentence" orderid="188" id="markable_188" span="word_3754..word_3765" />
<markable mmax_level="sentence" orderid="189" id="markable_189" span="word_3766..word_3774" />
<markable mmax_level="sentence" orderid="190" id="markable_190" span="word_3775..word_3785" />
<markable mmax_level="sentence" orderid="191" id="markable_191" span="word_3786..word_3808" />
<markable mmax_level="sentence" orderid="192" id="markable_192" span="word_3809..word_3817" />
<markable mmax_level="sentence" orderid="193" id="markable_193" span="word_3818..word_3823" />
<markable mmax_level="sentence" orderid="194" id="markable_194" span="word_3824..word_3876" />
<markable mmax_level="sentence" orderid="195" id="markable_195" span="word_3877..word_3918" />
<markable mmax_level="sentence" orderid="196" id="markable_196" span="word_3919..word_3928" />
<markable mmax_level="sentence" orderid="197" id="markable_197" span="word_3929..word_3949" />
<markable mmax_level="sentence" orderid="198" id="markable_198" span="word_3950..word_3965" />
<markable mmax_level="sentence" orderid="199" id="markable_199" span="word_3966..word_3971" />
<markable mmax_level="sentence" orderid="200" id="markable_200" span="word_3972..word_3979" />
<markable mmax_level="sentence" orderid="201" id="markable_201" span="word_3980..word_3997" />
<markable mmax_level="sentence" orderid="202" id="markable_202" span="word_3998..word_4005" />
<markable mmax_level="sentence" orderid="203" id="markable_203" span="word_4006..word_4124" />
<markable mmax_level="sentence" orderid="204" id="markable_204" span="word_4125..word_4136" />
<markable mmax_level="sentence" orderid="205" id="markable_205" span="word_4137..word_4157" />
<markable mmax_level="sentence" orderid="206" id="markable_206" span="word_4158..word_4166" />
<markable mmax_level="sentence" orderid="207" id="markable_207" span="word_4167..word_4177" />
<markable mmax_level="sentence" orderid="208" id="markable_208" span="word_4178..word_4188" />
<markable mmax_level="sentence" orderid="209" id="markable_209" span="word_4189..word_4195" />
<markable mmax_level="sentence" orderid="210" id="markable_210" span="word_4196..word_4216" />
<markable mmax_level="sentence" orderid="211" id="markable_211" span="word_4217..word_4229" />
<markable mmax_level="sentence" orderid="212" id="markable_212" span="word_4230..word_4253" />
<markable mmax_level="sentence" orderid="213" id="markable_213" span="word_4254..word_4288" />
<markable mmax_level="sentence" orderid="214" id="markable_214" span="word_4289..word_4317" />
<markable mmax_level="sentence" orderid="215" id="markable_215" span="word_4318..word_4335" />
<markable mmax_level="sentence" orderid="216" id="markable_216" span="word_4336..word_4344" />
<markable mmax_level="sentence" orderid="217" id="markable_217" span="word_4345..word_4372" />
<markable mmax_level="sentence" orderid="218" id="markable_218" span="word_4373..word_4401" />
<markable mmax_level="sentence" orderid="219" id="markable_219" span="word_4402..word_4411" />
<markable mmax_level="sentence" orderid="220" id="markable_220" span="word_4412..word_4422" />
<markable mmax_level="sentence" orderid="221" id="markable_221" span="word_4423..word_4430" />
<markable mmax_level="sentence" orderid="222" id="markable_222" span="word_4431..word_4441" />
<markable mmax_level="sentence" orderid="223" id="markable_223" span="word_4442..word_4496" />
<markable mmax_level="sentence" orderid="224" id="markable_224" span="word_4497..word_4547" />
<markable mmax_level="sentence" orderid="225" id="markable_225" span="word_4548..word_4551" />
<markable mmax_level="sentence" orderid="226" id="markable_226" span="word_4552..word_4571" />
<markable mmax_level="sentence" orderid="227" id="markable_227" span="word_4572..word_4582" />
<markable mmax_level="sentence" orderid="228" id="markable_228" span="word_4583..word_4592" />
<markable mmax_level="sentence" orderid="229" id="markable_229" span="word_4593..word_4603" />
<markable mmax_level="sentence" orderid="230" id="markable_230" span="word_4604..word_4613" />
<markable mmax_level="sentence" orderid="231" id="markable_231" span="word_4614..word_4646" />
<markable mmax_level="sentence" orderid="232" id="markable_232" span="word_4647..word_4651" />
<markable mmax_level="sentence" orderid="233" id="markable_233" span="word_4652..word_4656" />
</markables>
