<?xml version="1.0" encoding="UTF-8" ?>
<!DOCTYPE markables SYSTEM "markables.dtd">
<markables xmlns="www.eml.org/NameSpaces/sentence">
<markable mmax_level="sentence" orderid="0" id="markable_0" span="word_1..word_17" />
<markable mmax_level="sentence" orderid="1" id="markable_1" span="word_18..word_30" />
<markable mmax_level="sentence" orderid="2" id="markable_2" span="word_31..word_47" />
<markable mmax_level="sentence" orderid="3" id="markable_3" span="word_48..word_68" />
<markable mmax_level="sentence" orderid="4" id="markable_4" span="word_69..word_82" />
<markable mmax_level="sentence" orderid="5" id="markable_5" span="word_83..word_92" />
<markable mmax_level="sentence" orderid="6" id="markable_6" span="word_93..word_100" />
<markable mmax_level="sentence" orderid="7" id="markable_7" span="word_101..word_126" />
<markable mmax_level="sentence" orderid="8" id="markable_8" span="word_127..word_134" />
<markable mmax_level="sentence" orderid="9" id="markable_9" span="word_135..word_159" />
<markable mmax_level="sentence" orderid="10" id="markable_10" span="word_160..word_189" />
<markable mmax_level="sentence" orderid="11" id="markable_11" span="word_190..word_233" />
<markable mmax_level="sentence" orderid="12" id="markable_12" span="word_234..word_247" />
<markable mmax_level="sentence" orderid="13" id="markable_13" span="word_248..word_274" />
<markable mmax_level="sentence" orderid="14" id="markable_14" span="word_275..word_294" />
<markable mmax_level="sentence" orderid="15" id="markable_15" span="word_295..word_310" />
<markable mmax_level="sentence" orderid="16" id="markable_16" span="word_311..word_315" />
<markable mmax_level="sentence" orderid="17" id="markable_17" span="word_316..word_335" />
<markable mmax_level="sentence" orderid="18" id="markable_18" span="word_336..word_350" />
<markable mmax_level="sentence" orderid="19" id="markable_19" span="word_351..word_370" />
<markable mmax_level="sentence" orderid="20" id="markable_20" span="word_371..word_378" />
<markable mmax_level="sentence" orderid="21" id="markable_21" span="word_379..word_407" />
<markable mmax_level="sentence" orderid="22" id="markable_22" span="word_408..word_478" />
<markable mmax_level="sentence" orderid="23" id="markable_23" span="word_479..word_513" />
<markable mmax_level="sentence" orderid="24" id="markable_24" span="word_514..word_525" />
<markable mmax_level="sentence" orderid="25" id="markable_25" span="word_526..word_534" />
<markable mmax_level="sentence" orderid="26" id="markable_26" span="word_535..word_580" />
<markable mmax_level="sentence" orderid="27" id="markable_27" span="word_581..word_600" />
<markable mmax_level="sentence" orderid="28" id="markable_28" span="word_601..word_612" />
<markable mmax_level="sentence" orderid="29" id="markable_29" span="word_613..word_620" />
<markable mmax_level="sentence" orderid="30" id="markable_30" span="word_621..word_642" />
<markable mmax_level="sentence" orderid="31" id="markable_31" span="word_643..word_649" />
<markable mmax_level="sentence" orderid="32" id="markable_32" span="word_650..word_655" />
<markable mmax_level="sentence" orderid="33" id="markable_33" span="word_656..word_684" />
<markable mmax_level="sentence" orderid="34" id="markable_34" span="word_685..word_687" />
<markable mmax_level="sentence" orderid="35" id="markable_35" span="word_688..word_759" />
<markable mmax_level="sentence" orderid="36" id="markable_36" span="word_760..word_786" />
<markable mmax_level="sentence" orderid="37" id="markable_37" span="word_787..word_806" />
<markable mmax_level="sentence" orderid="38" id="markable_38" span="word_807..word_827" />
<markable mmax_level="sentence" orderid="39" id="markable_39" span="word_828..word_845" />
<markable mmax_level="sentence" orderid="40" id="markable_40" span="word_846..word_884" />
<markable mmax_level="sentence" orderid="41" id="markable_41" span="word_885..word_908" />
<markable mmax_level="sentence" orderid="42" id="markable_42" span="word_909..word_928" />
<markable mmax_level="sentence" orderid="43" id="markable_43" span="word_929..word_961" />
<markable mmax_level="sentence" orderid="44" id="markable_44" span="word_962..word_979" />
<markable mmax_level="sentence" orderid="45" id="markable_45" span="word_980..word_1000" />
<markable mmax_level="sentence" orderid="46" id="markable_46" span="word_1001..word_1024" />
<markable mmax_level="sentence" orderid="47" id="markable_47" span="word_1025..word_1034" />
<markable mmax_level="sentence" orderid="48" id="markable_48" span="word_1035..word_1066" />
<markable mmax_level="sentence" orderid="49" id="markable_49" span="word_1067..word_1083" />
<markable mmax_level="sentence" orderid="50" id="markable_50" span="word_1084..word_1092" />
<markable mmax_level="sentence" orderid="51" id="markable_51" span="word_1093..word_1099" />
<markable mmax_level="sentence" orderid="52" id="markable_52" span="word_1100..word_1122" />
<markable mmax_level="sentence" orderid="53" id="markable_53" span="word_1123..word_1132" />
<markable mmax_level="sentence" orderid="54" id="markable_54" span="word_1133..word_1168" />
<markable mmax_level="sentence" orderid="55" id="markable_55" span="word_1169..word_1185" />
<markable mmax_level="sentence" orderid="56" id="markable_56" span="word_1186..word_1191" />
<markable mmax_level="sentence" orderid="57" id="markable_57" span="word_1192..word_1248" />
<markable mmax_level="sentence" orderid="58" id="markable_58" span="word_1249..word_1263" />
<markable mmax_level="sentence" orderid="59" id="markable_59" span="word_1264..word_1295" />
<markable mmax_level="sentence" orderid="60" id="markable_60" span="word_1296..word_1312" />
<markable mmax_level="sentence" orderid="61" id="markable_61" span="word_1313..word_1351" />
<markable mmax_level="sentence" orderid="62" id="markable_62" span="word_1352..word_1383" />
<markable mmax_level="sentence" orderid="63" id="markable_63" span="word_1384..word_1430" />
<markable mmax_level="sentence" orderid="64" id="markable_64" span="word_1431..word_1436" />
<markable mmax_level="sentence" orderid="65" id="markable_65" span="word_1437..word_1442" />
<markable mmax_level="sentence" orderid="66" id="markable_66" span="word_1443..word_1448" />
<markable mmax_level="sentence" orderid="67" id="markable_67" span="word_1449..word_1454" />
<markable mmax_level="sentence" orderid="68" id="markable_68" span="word_1455..word_1480" />
<markable mmax_level="sentence" orderid="69" id="markable_69" span="word_1481..word_1499" />
<markable mmax_level="sentence" orderid="70" id="markable_70" span="word_1500..word_1518" />
<markable mmax_level="sentence" orderid="71" id="markable_71" span="word_1519..word_1541" />
<markable mmax_level="sentence" orderid="72" id="markable_72" span="word_1542..word_1555" />
<markable mmax_level="sentence" orderid="73" id="markable_73" span="word_1556..word_1614" />
<markable mmax_level="sentence" orderid="74" id="markable_74" span="word_1615..word_1634" />
<markable mmax_level="sentence" orderid="75" id="markable_75" span="word_1635..word_1666" />
<markable mmax_level="sentence" orderid="76" id="markable_76" span="word_1667..word_1677" />
<markable mmax_level="sentence" orderid="77" id="markable_77" span="word_1678..word_1684" />
<markable mmax_level="sentence" orderid="78" id="markable_78" span="word_1685..word_1703" />
<markable mmax_level="sentence" orderid="79" id="markable_79" span="word_1704..word_1712" />
<markable mmax_level="sentence" orderid="80" id="markable_80" span="word_1713..word_1824" />
<markable mmax_level="sentence" orderid="81" id="markable_81" span="word_1825..word_1854" />
<markable mmax_level="sentence" orderid="82" id="markable_82" span="word_1855..word_1876" />
<markable mmax_level="sentence" orderid="83" id="markable_83" span="word_1877..word_1916" />
<markable mmax_level="sentence" orderid="84" id="markable_84" span="word_1917..word_1943" />
<markable mmax_level="sentence" orderid="85" id="markable_85" span="word_1944..word_1960" />
<markable mmax_level="sentence" orderid="86" id="markable_86" span="word_1961..word_1978" />
<markable mmax_level="sentence" orderid="87" id="markable_87" span="word_1979..word_2029" />
<markable mmax_level="sentence" orderid="88" id="markable_88" span="word_2030..word_2046" />
<markable mmax_level="sentence" orderid="89" id="markable_89" span="word_2047..word_2051" />
<markable mmax_level="sentence" orderid="90" id="markable_90" span="word_2052..word_2096" />
<markable mmax_level="sentence" orderid="91" id="markable_91" span="word_2097..word_2113" />
<markable mmax_level="sentence" orderid="92" id="markable_92" span="word_2114..word_2122" />
<markable mmax_level="sentence" orderid="93" id="markable_93" span="word_2123..word_2135" />
<markable mmax_level="sentence" orderid="94" id="markable_94" span="word_2136..word_2201" />
<markable mmax_level="sentence" orderid="95" id="markable_95" span="word_2202..word_2208" />
<markable mmax_level="sentence" orderid="96" id="markable_96" span="word_2209..word_2270" />
<markable mmax_level="sentence" orderid="97" id="markable_97" span="word_2271..word_2282" />
<markable mmax_level="sentence" orderid="98" id="markable_98" span="word_2283..word_2355" />
<markable mmax_level="sentence" orderid="99" id="markable_99" span="word_2356..word_2364" />
<markable mmax_level="sentence" orderid="100" id="markable_100" span="word_2365..word_2392" />
<markable mmax_level="sentence" orderid="101" id="markable_101" span="word_2393..word_2443" />
<markable mmax_level="sentence" orderid="102" id="markable_102" span="word_2444..word_2475" />
<markable mmax_level="sentence" orderid="103" id="markable_103" span="word_2476..word_2497" />
<markable mmax_level="sentence" orderid="104" id="markable_104" span="word_2498..word_2540" />
<markable mmax_level="sentence" orderid="105" id="markable_105" span="word_2541..word_2584" />
<markable mmax_level="sentence" orderid="106" id="markable_106" span="word_2585..word_2617" />
<markable mmax_level="sentence" orderid="107" id="markable_107" span="word_2618..word_2626" />
<markable mmax_level="sentence" orderid="108" id="markable_108" span="word_2627..word_2639" />
<markable mmax_level="sentence" orderid="109" id="markable_109" span="word_2640..word_2645" />
<markable mmax_level="sentence" orderid="110" id="markable_110" span="word_2646..word_2658" />
<markable mmax_level="sentence" orderid="111" id="markable_111" span="word_2659..word_2674" />
<markable mmax_level="sentence" orderid="112" id="markable_112" span="word_2675..word_2718" />
<markable mmax_level="sentence" orderid="113" id="markable_113" span="word_2719..word_2725" />
<markable mmax_level="sentence" orderid="114" id="markable_114" span="word_2726..word_2734" />
<markable mmax_level="sentence" orderid="115" id="markable_115" span="word_2735..word_2747" />
<markable mmax_level="sentence" orderid="116" id="markable_116" span="word_2748..word_2759" />
<markable mmax_level="sentence" orderid="117" id="markable_117" span="word_2760..word_2769" />
<markable mmax_level="sentence" orderid="118" id="markable_118" span="word_2770..word_2783" />
<markable mmax_level="sentence" orderid="119" id="markable_119" span="word_2784..word_2791" />
<markable mmax_level="sentence" orderid="120" id="markable_120" span="word_2792..word_2810" />
<markable mmax_level="sentence" orderid="121" id="markable_121" span="word_2811..word_2819" />
<markable mmax_level="sentence" orderid="122" id="markable_122" span="word_2820..word_2852" />
<markable mmax_level="sentence" orderid="123" id="markable_123" span="word_2853..word_2902" />
<markable mmax_level="sentence" orderid="124" id="markable_124" span="word_2903..word_2911" />
<markable mmax_level="sentence" orderid="125" id="markable_125" span="word_2912..word_2936" />
<markable mmax_level="sentence" orderid="126" id="markable_126" span="word_2937..word_2985" />
<markable mmax_level="sentence" orderid="127" id="markable_127" span="word_2986..word_3020" />
<markable mmax_level="sentence" orderid="128" id="markable_128" span="word_3021..word_3088" />
<markable mmax_level="sentence" orderid="129" id="markable_129" span="word_3089..word_3111" />
<markable mmax_level="sentence" orderid="130" id="markable_130" span="word_3112..word_3116" />
<markable mmax_level="sentence" orderid="131" id="markable_131" span="word_3117..word_3127" />
<markable mmax_level="sentence" orderid="132" id="markable_132" span="word_3128..word_3138" />
<markable mmax_level="sentence" orderid="133" id="markable_133" span="word_3139..word_3150" />
<markable mmax_level="sentence" orderid="134" id="markable_134" span="word_3151..word_3155" />
<markable mmax_level="sentence" orderid="135" id="markable_135" span="word_3156..word_3162" />
<markable mmax_level="sentence" orderid="136" id="markable_136" span="word_3163..word_3169" />
<markable mmax_level="sentence" orderid="137" id="markable_137" span="word_3170..word_3201" />
<markable mmax_level="sentence" orderid="138" id="markable_138" span="word_3202..word_3237" />
<markable mmax_level="sentence" orderid="139" id="markable_139" span="word_3238..word_3259" />
<markable mmax_level="sentence" orderid="140" id="markable_140" span="word_3260..word_3270" />
<markable mmax_level="sentence" orderid="141" id="markable_141" span="word_3271..word_3281" />
<markable mmax_level="sentence" orderid="142" id="markable_142" span="word_3282..word_3323" />
<markable mmax_level="sentence" orderid="143" id="markable_143" span="word_3324..word_3328" />
<markable mmax_level="sentence" orderid="144" id="markable_144" span="word_3329..word_3342" />
<markable mmax_level="sentence" orderid="145" id="markable_145" span="word_3343..word_3378" />
<markable mmax_level="sentence" orderid="146" id="markable_146" span="word_3379..word_3391" />
<markable mmax_level="sentence" orderid="147" id="markable_147" span="word_3392..word_3399" />
<markable mmax_level="sentence" orderid="148" id="markable_148" span="word_3400..word_3426" />
<markable mmax_level="sentence" orderid="149" id="markable_149" span="word_3427..word_3432" />
<markable mmax_level="sentence" orderid="150" id="markable_150" span="word_3433..word_3435" />
<markable mmax_level="sentence" orderid="151" id="markable_151" span="word_3436..word_3440" />
</markables>
