<?xml version="1.0" encoding="utf-8"?>
<!DOCTYPE markables SYSTEM "markables.dtd">
<markables xmlns="www.eml.org/NameSpaces/coref">
<markable id="markable_904" span="word_245" coref_class="empty"  mmax_level="coref"  type="speaker reference"  mention="pronoun" />
<markable id="markable_903" span="word_198" coref_class="empty"  mmax_level="coref"  type="speaker reference"  mention="pronoun" />
<markable id="markable_906" span="word_559" audience="none"  agreement="none"  coref_class="empty"  mmax_level="coref"  position="none"  type="addressee reference"  mention="pronoun" />
<markable id="markable_905" span="word_538" audience="none"  agreement="none"  coref_class="empty"  mmax_level="coref"  position="none"  type="addressee reference"  mention="pronoun" />
<markable id="markable_900" span="word_63" audience="none"  agreement="none"  coref_class="empty"  mmax_level="coref"  position="none"  type="addressee reference"  mention="pronoun" />
<markable id="markable_902" span="word_162" audience="none"  agreement="none"  coref_class="empty"  mmax_level="coref"  position="none"  type="addressee reference"  mention="pronoun" />
<markable id="markable_901" span="word_154" coref_class="empty"  mmax_level="coref"  type="speaker reference"  mention="pronoun" />
<markable id="markable_908" span="word_1012" agreement="none"  split="simple antecedent"  coref_class="set_24"  mmax_level="coref"  position="none"  type="anaphoric"  mention="pronoun" />
<markable id="markable_907" span="word_902" audience="none"  agreement="none"  coref_class="empty"  mmax_level="coref"  position="none"  type="addressee reference"  mention="pronoun" />
<markable id="markable_909" span="word_1145" coref_class="empty"  mmax_level="coref"  type="speaker reference"  mention="pronoun" />
<markable id="markable_920" span="word_2738" audience="none"  agreement="none"  coref_class="empty"  mmax_level="coref"  position="none"  type="addressee reference"  mention="pronoun" />
<markable id="markable_915" span="word_2102" type_of_pronoun="possessive"  split="simple antecedent"  agreement="they (sg.)"  coref_class="set_61"  mmax_level="coref"  position="it (subject)"  type="anaphoric"  mention="pronoun"  antetype="entity" />
<markable id="markable_914" span="word_2071" type_of_pronoun="possessive"  split="simple antecedent"  agreement="they (sg.)"  coref_class="set_61"  mmax_level="coref"  position="it (subject)"  type="anaphoric"  mention="pronoun"  antetype="entity" />
<markable id="markable_917" span="word_2349" type_of_pronoun="possessive"  split="simple antecedent"  agreement="they (sg.)"  coref_class="set_69"  mmax_level="coref"  position="it (non-subject)"  type="anaphoric"  mention="pronoun"  antetype="entity" />
<markable id="markable_916" span="word_2125" coref_class="empty"  mmax_level="coref"  type="speaker reference"  mention="pronoun" />
<markable id="markable_911" span="word_1509" type_of_pronoun="possessive"  split="simple antecedent"  agreement="they (sg.)"  coref_class="set_35"  mmax_level="coref"  position="it (non-subject)"  type="anaphoric"  mention="pronoun"  antetype="entity" />
<markable id="markable_32" span="word_144" type_of_pronoun="personal"  agreement="they (pl.)"  split="simple antecedent"  coref_class="set_108"  mmax_level="coref"  position="it (subject)"  type="anaphoric"  antetype="entity"  mention="pronoun" />
<markable id="markable_910" span="word_1293" coref_class="empty"  mmax_level="coref"  type="speaker reference"  mention="pronoun" />
<markable id="markable_913" span="word_1800" audience="none"  agreement="none"  coref_class="empty"  mmax_level="coref"  position="none"  type="addressee reference"  mention="pronoun" />
<markable id="markable_912" span="word_1791" audience="none"  agreement="none"  coref_class="empty"  mmax_level="coref"  position="none"  type="addressee reference"  mention="pronoun" />
<markable id="markable_35" span="word_151" audience="none"  agreement="none"  split="simple antecedent"  coref_class="empty"  mmax_level="coref"  nptype="none"  position="none"  type="speaker reference"  sub_apposition="none"  mention="pronoun" />
<markable id="markable_919" span="word_2591" type_of_pronoun="possessive"  split="simple antecedent"  agreement="they (pl.)"  coref_class="set_80"  mmax_level="coref"  position="it (non-subject)"  type="anaphoric"  mention="pronoun"  antetype="entity" />
<markable id="markable_918" span="word_2480" coref_class="empty"  mmax_level="coref"  type="speaker reference"  mention="pronoun" />
<markable id="markable_38" span="word_162..word_163" coref_class="set_5"  mmax_level="coref"  nptype="antecedent"  mention="np" />
<markable id="markable_931" span="word_3287" audience="none"  agreement="none"  coref_class="empty"  mmax_level="coref"  position="none"  type="addressee reference"  mention="pronoun" />
<markable id="markable_930" span="word_3239" coref_class="empty"  mmax_level="coref"  type="speaker reference"  mention="pronoun" />
<markable id="markable_926" span="word_3160" agreement="none"  split="simple antecedent"  coref_class="empty"  mmax_level="coref"  position="none"  type="anaphoric"  mention="pronoun" />
<markable id="markable_925" span="word_3075" coref_class="empty"  mmax_level="coref"  type="speaker reference"  mention="pronoun" />
<markable id="markable_928" span="word_3180" coref_class="empty"  mmax_level="coref"  type="speaker reference"  mention="pronoun" />
<markable id="markable_927" span="word_3175" coref_class="empty"  mmax_level="coref"  type="speaker reference"  mention="pronoun" />
<markable id="markable_922" span="word_2918" audience="none"  coref_class="empty"  mmax_level="coref"  type="speaker reference"  mention="pronoun" />
<markable id="markable_21" span="word_96" audience="deictic you"  agreement="you (pl.)"  coref_class="empty"  mmax_level="coref"  position="you (non-subject)"  type="addressee reference"  mention="pronoun" />
<markable id="markable_921" span="word_2827" audience="none"  type_of_pronoun="personal"  coref_class="empty"  mmax_level="coref"  type="speaker reference"  mention="pronoun" />
<markable id="markable_924" span="word_3000" coref_class="empty"  mmax_level="coref"  type="speaker reference"  mention="pronoun" />
<markable id="markable_923" span="word_2988" coref_class="empty"  mmax_level="coref"  type="speaker reference"  mention="pronoun" />
<markable id="markable_25" span="word_109" audience="none"  agreement="none"  split="simple antecedent"  coref_class="empty"  mmax_level="coref"  nptype="none"  position="none"  type="speaker reference"  sub_apposition="none"  mention="pronoun" />
<markable id="markable_24" span="word_107" type_of_pronoun="personal"  agreement="none"  split="no explicit antecedent"  coref_class="empty"  mmax_level="coref"  position="none"  type="anaphoric"  mention="pronoun" />
<markable id="markable_23" span="word_102" audience="none"  agreement="none"  split="simple antecedent"  coref_class="empty"  mmax_level="coref"  nptype="none"  position="none"  type="speaker reference"  sub_apposition="none"  mention="pronoun" />
<markable id="markable_22" span="word_99" audience="deictic you"  agreement="you (pl.)"  coref_class="empty"  mmax_level="coref"  position="you (non-subject)"  type="addressee reference"  mention="pronoun" />
<markable id="markable_929" span="word_3225" audience="none"  coref_class="empty"  mmax_level="coref"  type="speaker reference"  mention="pronoun" />
<markable id="markable_27" span="word_121" audience="none"  agreement="none"  split="simple antecedent"  coref_class="empty"  mmax_level="coref"  nptype="none"  position="none"  type="speaker reference"  sub_apposition="none"  mention="pronoun" />
<markable id="markable_940" span="word_809..word_812" coref_class="set_22"  mmax_level="coref"  nptype="antecedent"  mention="np" />
<markable id="markable_942" span="word_877" type_of_pronoun="relative"  split="simple antecedent"  agreement="they (sg.)"  coref_class="set_21"  mmax_level="coref"  position="it (subject)"  type="anaphoric"  mention="pronoun"  antetype="entity" />
<markable id="markable_700" span="word_3007" audience="none"  agreement="none"  split="simple antecedent"  coref_class="empty"  mmax_level="coref"  nptype="none"  position="none"  type="speaker reference"  sub_apposition="none"  mention="pronoun" />
<markable id="markable_941" span="word_868" type_of_pronoun="relative"  split="simple antecedent"  agreement="they (sg.)"  coref_class="set_21"  mmax_level="coref"  position="it (subject)"  type="anaphoric"  mention="pronoun"  antetype="entity" />
<markable id="markable_820" span="word_1504..word_1506" coref_class="set_35"  mmax_level="coref"  nptype="antecedent"  mention="np" />
<markable id="markable_937" span="word_623..word_624" coref_class="set_10"  mmax_level="coref"  nptype="antecedent"  mention="np" />
<markable id="markable_939" span="word_852" type_of_pronoun="demonstrative"  split="simple antecedent"  agreement="they (sg.)"  coref_class="set_22"  mmax_level="coref"  position="it (subject)"  type="anaphoric"  mention="pronoun"  antetype="entity" />
<markable id="markable_938" span="word_775" type_of_pronoun="demonstrative"  split="no explicit antecedent"  agreement="they (sg.)"  coref_class="set_118"  mmax_level="coref"  position="it (non-subject)"  type="anaphoric"  mention="pronoun" />
<markable id="markable_933" span="word_118..word_119" coref_class="set_108"  mmax_level="coref"  nptype="antecedent"  mention="np" />
<markable id="markable_932" span="word_129" split="simple antecedent"  coref_class="set_108"  mmax_level="coref"  type="nom substitution"  antetype="entity"  mention="pronoun" />
<markable id="markable_811" span="word_865..word_866" coref_class="set_21"  mmax_level="coref"  nptype="antecedent"  mention="np" />
<markable id="markable_935" span="word_238..word_246" coref_class="set_7"  mmax_level="coref"  nptype="antecedent"  mention="np" />
<markable id="markable_814" span="word_986..word_987" audience="none"  npmod="possessive"  agreement="none"  anacata="anaphoric"  nptype="np"  type="none"  sub_apposition="none"  antetype="entity"  mention="np"  split="simple antecedent"  coref_class="set_24"  mmax_level="coref"  position="none" />
<markable id="markable_934" span="word_137" split="simple antecedent"  coref_class="set_108"  mmax_level="coref"  type="nom substitution"  antetype="entity"  mention="pronoun" />
<markable id="markable_14" span="word_67" type_of_pronoun="personal"  split="simple antecedent"  agreement="they (pl.)"  coref_class="set_1"  mmax_level="coref"  position="it (non-subject)"  type="anaphoric"  mention="pronoun"  antetype="entity" />
<markable id="markable_11" span="word_51..word_52" coref_class="set_1"  mmax_level="coref"  nptype="antecedent"  mention="np" />
<markable id="markable_951" span="word_1762..word_1765" coref_class="set_44"  mmax_level="coref"  nptype="antecedent"  mention="np" />
<markable id="markable_950" span="word_1652..word_1664" coref_class="set_120"  mmax_level="coref"  clausetype="antecedent"  mention="clause" />
<markable id="markable_953" span="word_1942" coref_class="empty"  mmax_level="coref"  type="extratextual reference"  mention="pronoun" />
<markable id="markable_952" span="word_1816" type_of_pronoun="demonstrative"  split="simple antecedent"  agreement="none"  coref_class="set_122"  mmax_level="coref"  position="it (subject)"  type="anaphoric"  mention="pronoun"  antetype="event" />
<markable id="markable_710" span="word_3042" type_of_pronoun="personal"  split="simple antecedent"  agreement="they (pl.)"  coref_class="set_92"  mmax_level="coref"  position="it (subject)"  type="anaphoric"  mention="pronoun"  antetype="entity" />
<markable id="markable_948" span="word_1648" type_of_pronoun="relative"  split="simple antecedent"  agreement="they (sg.)"  coref_class="set_41"  mmax_level="coref"  position="it (subject)"  type="anaphoric"  mention="pronoun"  antetype="entity" />
<markable id="markable_706" span="word_3026..word_3027" coref_class="set_92"  mmax_level="coref"  nptype="antecedent"  mention="np" />
<markable id="markable_947" span="word_1644" type_of_pronoun="relative"  split="simple antecedent"  agreement="they (sg.)"  coref_class="set_41"  mmax_level="coref"  position="it (subject)"  type="anaphoric"  mention="pronoun"  antetype="entity" />
<markable id="markable_829" span="word_1641..word_1642" coref_class="set_41"  mmax_level="coref"  nptype="antecedent"  mention="np" />
<markable id="markable_949" span="word_1668" type_of_pronoun="demonstrative"  split="simple antecedent"  agreement="none"  coref_class="set_120"  mmax_level="coref"  position="it (subject)"  type="anaphoric"  mention="pronoun"  antetype="event" />
<markable id="markable_944" span="word_1094" coref_class="empty"  mmax_level="coref"  type="extratextual reference"  mention="pronoun" />
<markable id="markable_702" span="word_3015" type_of_pronoun="demonstrative"  split="simple antecedent"  agreement="none"  coref_class="set_137"  mmax_level="coref"  position="it (non-subject)"  type="anaphoric"  mention="pronoun"  antetype="event" />
<markable id="markable_943" span="word_1005..word_1013" coref_class="set_25"  mmax_level="coref"  nptype="antecedent"  mention="np" />
<markable id="markable_701" span="word_3009" type_of_pronoun="personal"  split="simple antecedent"  agreement="they (pl.)"  coref_class="set_90"  mmax_level="coref"  position="it (non-subject)"  type="anaphoric"  mention="pronoun"  antetype="entity" />
<markable id="markable_822" span="word_1574..word_1575" coref_class="set_39"  mmax_level="coref"  nptype="antecedent"  mention="np" />
<markable id="markable_946" span="word_1525" coref_class="empty"  mmax_level="coref"  type="extratextual reference"  mention="pronoun" />
<markable id="markable_945" span="word_1235" split="simple antecedent"  agreement="none"  coref_class="set_27"  mmax_level="coref"  position="it (subject)"  type="cataphoric"  mention="pronoun"  antetype="event" />
<markable id="markable_162" span="word_705..word_707" coref_class="set_12"  mmax_level="coref"  nptype="antecedent"  mention="np" />
<markable id="markable_161" span="word_700..word_701" coref_class="set_18"  mmax_level="coref"  nptype="antecedent"  mention="np" />
<markable id="markable_164" span="word_711" type_of_pronoun="personal"  split="simple antecedent"  agreement="they (sg.)"  coref_class="set_12"  mmax_level="coref"  position="it (non-subject)"  type="anaphoric"  mention="pronoun"  antetype="entity" />
<markable id="markable_163" span="word_709" type_of_pronoun="personal"  split="simple antecedent"  agreement="they (pl.)"  coref_class="set_18"  mmax_level="coref"  position="it (subject)"  type="anaphoric"  mention="pronoun"  antetype="entity" />
<markable id="markable_284" span="word_1222" audience="none"  agreement="none"  split="simple antecedent"  coref_class="empty"  mmax_level="coref"  nptype="none"  position="none"  type="speaker reference"  sub_apposition="none"  mention="pronoun" />
<markable id="markable_165" span="word_714" type_of_pronoun="personal"  split="simple antecedent"  agreement="they (pl.)"  coref_class="set_18"  mmax_level="coref"  position="it (subject)"  type="anaphoric"  mention="pronoun"  antetype="entity" />
<markable id="markable_168" span="word_726" type_of_pronoun="personal"  split="simple antecedent"  agreement="they (pl.)"  coref_class="set_18"  mmax_level="coref"  position="it (subject)"  type="anaphoric"  mention="pronoun"  antetype="entity" />
<markable id="markable_289" span="word_1245" type_of_pronoun="personal"  split="simple antecedent"  agreement="none"  coref_class="set_27"  mmax_level="coref"  position="it (subject)"  type="anaphoric"  mention="pronoun"  antetype="event" />
<markable id="markable_173" span="word_743" type_of_pronoun="personal"  split="simple antecedent"  agreement="they (pl.)"  coref_class="set_18"  mmax_level="coref"  position="it (subject)"  type="anaphoric"  mention="pronoun"  antetype="entity" />
<markable id="markable_175" span="word_754" type_of_pronoun="personal"  split="simple antecedent"  agreement="they (pl.)"  coref_class="set_18"  mmax_level="coref"  position="it (subject)"  type="anaphoric"  mention="pronoun"  antetype="entity" />
<markable id="markable_174" span="word_748" type_of_pronoun="personal"  split="simple antecedent"  agreement="they (pl.)"  coref_class="set_18"  mmax_level="coref"  position="it (subject)"  type="anaphoric"  mention="pronoun"  antetype="entity" />
<markable id="markable_295" span="word_1267" audience="none"  agreement="none"  split="simple antecedent"  coref_class="empty"  mmax_level="coref"  nptype="none"  position="none"  type="speaker reference"  sub_apposition="none"  mention="pronoun" />
<markable id="markable_290" span="word_1249" type_of_pronoun="personal"  split="simple antecedent"  agreement="none"  coref_class="set_27"  mmax_level="coref"  position="it (subject)"  type="anaphoric"  mention="pronoun"  antetype="event" />
<markable id="markable_170" span="word_733" type_of_pronoun="personal"  split="simple antecedent"  agreement="they (pl.)"  coref_class="set_18"  mmax_level="coref"  position="it (subject)"  type="anaphoric"  mention="pronoun"  antetype="entity" />
<markable id="markable_298" span="word_1282" audience="deictic you"  agreement="you (pl.)"  coref_class="empty"  mmax_level="coref"  position="you (non-subject)"  type="addressee reference"  mention="pronoun" />
<markable id="markable_178" span="word_766" audience="none"  coref_class="empty"  mmax_level="coref"  type="speaker reference"  mention="pronoun" />
<markable id="markable_185" span="word_789" audience="deictic you"  agreement="you (sg.)"  coref_class="empty"  mmax_level="coref"  position="you (subject)"  type="addressee reference"  mention="pronoun" />
<markable id="markable_180" span="word_772" audience="exclusive we"  coref_class="empty"  mmax_level="coref"  type="speaker reference"  mention="pronoun" />
<markable id="markable_0" span="word_5" audience="co-present we"  coref_class="empty"  mmax_level="coref"  type="speaker reference"  mention="pronoun" />
<markable id="markable_3" span="word_18" audience="none"  agreement="none"  split="simple antecedent"  coref_class="empty"  mmax_level="coref"  nptype="none"  position="none"  type="speaker reference"  sub_apposition="none"  mention="pronoun" />
<markable id="markable_188" span="word_799" audience="exclusive we"  coref_class="empty"  mmax_level="coref"  type="speaker reference"  mention="pronoun" />
<markable id="markable_4" span="word_24" audience="deictic you"  agreement="you (sg.)"  coref_class="empty"  mmax_level="coref"  position="you (non-subject)"  type="addressee reference"  mention="pronoun" />
<markable id="markable_7" span="word_35..word_37" coref_class="set_0"  mmax_level="coref"  nptype="antecedent"  mention="np" />
<markable id="markable_6" span="word_31" audience="co-present we"  coref_class="empty"  mmax_level="coref"  type="speaker reference"  mention="pronoun" />
<markable id="markable_194" span="word_815" audience="generic you"  agreement="you (pl.)"  coref_class="empty"  mmax_level="coref"  position="you (subject)"  type="addressee reference"  mention="pronoun" />
<markable id="markable_191" span="word_807" audience="exclusive we"  coref_class="empty"  mmax_level="coref"  type="speaker reference"  mention="pronoun" />
<markable id="markable_199" span="word_834" audience="generic you"  agreement="you (pl.)"  coref_class="empty"  mmax_level="coref"  position="you (subject)"  type="addressee reference"  mention="pronoun" />
<markable id="markable_1010" span="word_2244" type_of_pronoun="relative"  split="simple antecedent"  agreement="they (sg.)"  coref_class="set_127"  mmax_level="coref"  position="it (subject)"  type="anaphoric"  mention="pronoun"  antetype="entity" />
<markable id="markable_1011" span="word_2272" type_of_pronoun="demonstrative"  split="no explicit antecedent"  agreement="none"  coref_class="empty"  mmax_level="coref"  position="it (subject)"  type="anaphoric"  mention="pronoun" />
<markable id="markable_1013" span="word_2284..word_2300" coref_class="set_128"  mmax_level="coref"  clausetype="antecedent"  mention="clause" />
<markable id="markable_1014" span="word_2320..word_2322" coref_class="set_129"  vptype="antecedent"  mmax_level="coref"  mention="vp" />
<markable id="markable_1015" span="word_2463..word_2464" coref_class="set_130"  mmax_level="coref"  nptype="antecedent"  mention="np" />
<markable id="markable_1016" span="word_2585..word_2593" coref_class="set_131"  mmax_level="coref"  clausetype="antecedent"  mention="clause" />
<markable id="markable_1017" span="word_2595" type_of_pronoun="relative"  split="simple antecedent"  agreement="none"  coref_class="set_131"  mmax_level="coref"  position="it (subject)"  type="anaphoric"  mention="pronoun"  antetype="event" />
<markable id="markable_1018" span="word_2630..word_2631" coref_class="set_132"  mmax_level="coref"  nptype="antecedent"  mention="np" />
<markable id="markable_1019" span="word_2634..word_2635" npmod="demonstrative"  split="simple antecedent"  coref_class="set_132"  mmax_level="coref"  nptype="np"  anacata="anaphoric"  mention="np"  antetype="entity" />
<markable id="markable_1009" span="word_1559" type_of_pronoun="relative"  split="simple antecedent"  agreement="they (sg.)"  coref_class="set_126"  mmax_level="coref"  position="it (subject)"  type="anaphoric"  mention="pronoun"  antetype="entity" />
<markable id="markable_1020" span="word_2646..word_2647" coref_class="set_133"  mmax_level="coref"  nptype="antecedent"  mention="np" />
<markable id="markable_1021" span="word_2744" type_of_pronoun="reflexive"  split="simple antecedent"  agreement="they (sg.)"  coref_class="set_134"  mmax_level="coref"  position="it (non-subject)"  type="anaphoric"  mention="pronoun"  antetype="entity" />
<markable id="markable_1022" span="word_2735..word_2739" coref_class="set_134"  mmax_level="coref"  nptype="antecedent"  mention="np" />
<markable id="markable_1023" span="word_2787" coref_class="empty"  mmax_level="coref"  type="pleonastic"  mention="pronoun" />
<markable id="markable_1026" span="word_2945..word_2951" coref_class="set_137"  vptype="antecedent"  mmax_level="coref"  mention="vp" />
<markable id="markable_1027" span="word_3047..word_3049" coref_class="set_93"  mmax_level="coref"  nptype="antecedent"  mention="np" />
<markable id="markable_1028" span="word_3094..word_3104" coref_class="set_138"  vptype="antecedent"  mmax_level="coref"  mention="vp" />
<markable id="markable_1029" span="word_3184" coref_class="empty"  mmax_level="coref"  type="extratextual reference"  mention="pronoun" />
<markable id="markable_1030" span="word_3225..word_3226" coref_class="set_139"  mmax_level="coref"  nptype="antecedent"  mention="np" />
<markable id="markable_1031" span="word_3246..word_3248" coref_class="set_141"  vptype="antecedent"  mmax_level="coref"  mention="vp" />
<markable id="markable_560" span="word_2396..word_2398" coref_class="set_74"  mmax_level="coref"  nptype="antecedent"  mention="np" />
<markable id="markable_205" span="word_860" coref_class="empty"  mmax_level="coref"  type="pleonastic"  mention="pronoun" />
<markable id="markable_683" span="word_2937" type_of_pronoun="personal"  split="simple antecedent"  agreement="they (pl.)"  coref_class="set_89"  mmax_level="coref"  position="it (subject)"  type="anaphoric"  mention="pronoun"  antetype="entity" />
<markable id="markable_320" span="word_1376" type_of_pronoun="personal"  split="simple antecedent"  agreement="they (sg.)"  coref_class="set_31"  mmax_level="coref"  position="it (non-subject)"  type="anaphoric"  mention="pronoun"  antetype="entity" />
<markable id="markable_440" span="word_1888" audience="all-inclusive we"  coref_class="empty"  mmax_level="coref"  type="speaker reference"  mention="pronoun" />
<markable id="markable_561" span="word_2400" audience="generic you"  agreement="you (pl.)"  coref_class="empty"  mmax_level="coref"  position="you (subject)"  type="addressee reference"  mention="pronoun" />
<markable id="markable_201" span="word_841" audience="generic you"  agreement="you (pl.)"  coref_class="empty"  mmax_level="coref"  position="you (subject)"  type="addressee reference"  mention="pronoun" />
<markable id="markable_685" span="word_2951" type_of_pronoun="personal"  split="simple antecedent"  agreement="they (pl.)"  coref_class="set_89"  mmax_level="coref"  position="it (non-subject)"  type="anaphoric"  mention="pronoun"  antetype="entity" />
<markable id="markable_564" span="word_2417" type_of_pronoun="personal"  split="simple antecedent"  agreement="they (sg.)"  coref_class="set_70"  mmax_level="coref"  position="it (non-subject)"  type="anaphoric"  mention="pronoun"  antetype="entity" />
<markable id="markable_322" span="word_1387" audience="deictic you"  agreement="you (sg.)"  coref_class="empty"  mmax_level="coref"  position="you (subject)"  type="addressee reference"  mention="pronoun" />
<markable id="markable_442" span="word_1894" type_of_pronoun="personal"  split="simple antecedent"  agreement="they (sg.)"  coref_class="set_51"  mmax_level="coref"  position="it (non-subject)"  type="anaphoric"  mention="pronoun"  antetype="entity" />
<markable id="markable_684" span="word_2947" type_of_pronoun="personal"  split="no explicit antecedent"  agreement="none"  coref_class="empty"  mmax_level="coref"  position="it (non-subject)"  type="anaphoric"  mention="pronoun" />
<markable id="markable_563" span="word_2413..word_2414" coref_class="set_70"  mmax_level="coref"  nptype="antecedent"  mention="np" />
<markable id="markable_559" span="word_2394" audience="generic you"  agreement="you (pl.)"  coref_class="empty"  mmax_level="coref"  position="you (subject)"  type="addressee reference"  mention="pronoun" />
<markable id="markable_437" span="word_1878..word_1879" coref_class="set_51"  mmax_level="coref"  nptype="antecedent"  mention="np" />
<markable id="markable_690" span="word_2968" audience="none"  agreement="none"  split="simple antecedent"  coref_class="empty"  mmax_level="coref"  nptype="none"  position="none"  type="speaker reference"  sub_apposition="none"  mention="pronoun" />
<markable id="markable_571" span="word_2437" audience="deictic you"  agreement="you (pl.)"  coref_class="empty"  mmax_level="coref"  position="you (subject)"  type="addressee reference"  mention="pronoun" />
<markable id="markable_691" span="word_2972" audience="all-inclusive we"  type_of_pronoun="personal"  coref_class="empty"  mmax_level="coref"  type="speaker reference"  mention="pronoun" />
<markable id="markable_456" span="word_1949" type_of_pronoun="personal"  split="simple antecedent"  agreement="they (pl.)"  coref_class="set_53"  mmax_level="coref"  position="it (subject)"  type="anaphoric"  mention="pronoun"  antetype="entity" />
<markable id="markable_698" span="word_3000..word_3001" coref_class="set_90"  mmax_level="coref"  nptype="antecedent"  mention="np" />
<markable id="markable_335" span="word_1431" type_of_pronoun="personal"  split="simple antecedent"  agreement="they (sg.)"  coref_class="set_34"  mmax_level="coref"  position="it (subject)"  type="anaphoric"  mention="pronoun"  antetype="entity" />
<markable id="markable_455" span="word_1946" coref_class="set_53"  mmax_level="coref"  nptype="antecedent"  mention="np" />
<markable id="markable_213" span="word_896" type_of_pronoun="personal"  agreement="none"  coref_class="set_23"  mmax_level="coref"  position="none"  type="antecedent"  mention="pronoun" />
<markable id="markable_697" span="word_2993" audience="none"  agreement="none"  split="simple antecedent"  coref_class="empty"  mmax_level="coref"  nptype="none"  position="none"  type="speaker reference"  sub_apposition="none"  mention="pronoun" />
<markable id="markable_334" span="word_1429" type_of_pronoun="personal"  split="simple antecedent"  agreement="they (sg.)"  coref_class="set_34"  mmax_level="coref"  position="it (non-subject)"  type="anaphoric"  mention="pronoun"  antetype="entity" />
<markable id="markable_457" span="word_1953" type_of_pronoun="personal"  split="simple antecedent"  agreement="they (pl.)"  coref_class="set_53"  mmax_level="coref"  position="it (subject)"  type="anaphoric"  mention="pronoun"  antetype="entity" />
<markable id="markable_573" span="word_2444" audience="generic you"  agreement="you (pl.)"  coref_class="empty"  mmax_level="coref"  position="you (subject)"  type="addressee reference"  mention="pronoun" />
<markable id="markable_693" span="word_2977" type_of_pronoun="demonstrative"  split="simple antecedent"  agreement="none"  coref_class="set_137"  mmax_level="coref"  position="it (non-subject)"  type="anaphoric"  mention="pronoun"  antetype="event" />
<markable id="markable_572" span="word_2442" type_of_pronoun="personal"  split="simple antecedent"  agreement="they (sg.)"  coref_class="set_74"  mmax_level="coref"  position="it (non-subject)"  type="anaphoric"  mention="pronoun"  antetype="entity" />
<markable id="markable_575" span="word_2459" audience="generic you"  agreement="you (pl.)"  coref_class="empty"  mmax_level="coref"  position="you (subject)"  type="addressee reference"  mention="pronoun" />
<markable id="markable_574" span="word_2452" type_of_pronoun="personal"  split="simple antecedent"  agreement="they (sg.)"  coref_class="set_74"  mmax_level="coref"  position="it (non-subject)"  type="anaphoric"  mention="pronoun"  antetype="entity" />
<markable id="markable_449" span="word_1923" audience="none"  agreement="none"  split="simple antecedent"  coref_class="empty"  mmax_level="coref"  nptype="none"  position="none"  type="speaker reference"  sub_apposition="none"  mention="pronoun" />
<markable id="markable_208" span="word_880" type_of_pronoun="personal"  split="simple antecedent"  agreement="they (sg.)"  coref_class="set_22"  mmax_level="coref"  position="it (subject)"  type="anaphoric"  mention="pronoun"  antetype="entity" />
<markable id="markable_461" span="word_1970" type_of_pronoun="personal"  split="simple antecedent"  agreement="they (sg.)"  coref_class="set_54"  mmax_level="coref"  position="it (subject)"  type="anaphoric"  mention="pronoun"  antetype="entity" />
<markable id="markable_467" span="word_1993..word_1995" coref_class="set_57"  mmax_level="coref"  nptype="antecedent"  mention="np" />
<markable id="markable_104" span="word_439" audience="none"  agreement="none"  split="simple antecedent"  coref_class="empty"  mmax_level="coref"  nptype="none"  position="none"  type="speaker reference"  sub_apposition="none"  mention="pronoun" />
<markable id="markable_588" span="word_2517" type_of_pronoun="personal"  split="simple antecedent"  agreement="they (sg.)"  coref_class="set_77"  mmax_level="coref"  position="it (subject)"  type="anaphoric"  mention="pronoun"  antetype="entity" />
<markable id="markable_466" span="word_1992" type_of_pronoun="personal"  split="simple antecedent"  agreement="they (sg.)"  coref_class="set_56"  mmax_level="coref"  position="it (non-subject)"  type="anaphoric"  mention="pronoun"  antetype="entity" />
<markable id="markable_587" span="word_2512" type_of_pronoun="personal"  split="simple antecedent"  agreement="they (sg.)"  coref_class="set_77"  mmax_level="coref"  position="it (non-subject)"  type="anaphoric"  mention="pronoun"  antetype="entity" />
<markable id="markable_345" span="word_1463" audience="generic you"  agreement="you (pl.)"  coref_class="empty"  mmax_level="coref"  position="you (non-subject)"  type="addressee reference"  mention="pronoun" />
<markable id="markable_468" span="word_1997" type_of_pronoun="personal"  split="simple antecedent"  agreement="they (sg.)"  coref_class="set_57"  mmax_level="coref"  position="it (subject)"  type="anaphoric"  mention="pronoun"  antetype="entity" />
<markable id="markable_226" span="word_964" audience="exclusive we"  coref_class="empty"  mmax_level="coref"  type="speaker reference"  mention="pronoun" />
<markable id="markable_589" span="word_2520" audience="none"  coref_class="empty"  mmax_level="coref"  type="speaker reference"  mention="pronoun" />
<markable id="markable_342" span="word_1456" audience="exclusive we"  coref_class="empty"  mmax_level="coref"  type="speaker reference"  mention="pronoun" />
<markable id="markable_462" span="word_1973" coref_class="empty"  mmax_level="coref"  type="extratextual reference"  mention="pronoun" />
<markable id="markable_341" span="word_1452" type_of_pronoun="personal"  split="simple antecedent"  agreement="they (sg.)"  coref_class="set_34"  mmax_level="coref"  position="it (non-subject)"  type="anaphoric"  mention="pronoun"  antetype="entity" />
<markable id="markable_465" span="word_1990" type_of_pronoun="personal"  split="simple antecedent"  agreement="they (sg.)"  coref_class="set_55"  mmax_level="coref"  position="it (subject)"  type="anaphoric"  mention="pronoun"  antetype="entity" />
<markable id="markable_586" span="word_2508" audience="none"  agreement="none"  split="simple antecedent"  coref_class="empty"  mmax_level="coref"  nptype="none"  position="none"  type="speaker reference"  sub_apposition="none"  mention="pronoun" />
<markable id="markable_344" span="word_1461" type_of_pronoun="personal"  split="no explicit antecedent"  agreement="none"  coref_class="empty"  mmax_level="coref"  position="it (subject)"  type="anaphoric"  mention="pronoun" />
<markable id="markable_464" span="word_1979" audience="none"  agreement="none"  split="simple antecedent"  coref_class="empty"  mmax_level="coref"  nptype="none"  position="none"  type="speaker reference"  sub_apposition="none"  mention="pronoun" />
<markable id="markable_222" span="word_930" audience="generic you"  agreement="you (sg.)"  coref_class="empty"  mmax_level="coref"  position="you (subject)"  type="addressee reference"  mention="pronoun" />
<markable id="markable_101" span="word_433" coref_class="empty"  mmax_level="coref"  type="extratextual reference"  mention="pronoun" />
<markable id="markable_218" span="word_911" audience="none"  agreement="none"  split="simple antecedent"  coref_class="empty"  mmax_level="coref"  nptype="none"  position="none"  type="speaker reference"  sub_apposition="none"  mention="pronoun" />
<markable id="markable_217" span="word_907" type_of_pronoun="personal"  split="simple antecedent"  agreement="they (sg.)"  coref_class="set_23"  mmax_level="coref"  position="it (non-subject)"  type="anaphoric"  mention="pronoun"  antetype="entity" />
<markable id="markable_219" span="word_918" coref_class="empty"  mmax_level="coref"  type="pleonastic"  mention="pronoun" />
<markable id="markable_230" span="word_980" coref_class="empty"  mmax_level="coref"  type="extratextual reference"  mention="pronoun" />
<markable id="markable_1000" span="word_1845..word_1846" coref_class="set_123"  mmax_level="coref"  nptype="antecedent"  mention="np" />
<markable id="markable_115" span="word_482" audience="none"  agreement="none"  split="simple antecedent"  coref_class="empty"  mmax_level="coref"  nptype="none"  position="none"  type="speaker reference"  sub_apposition="none"  mention="pronoun" />
<markable id="markable_1001" span="word_1834..word_1864" type_of_pronoun="personal"  agreement="none"  coref_class="empty"  mmax_level="coref"  position="none"  type="antecedent"  mention="pronoun" />
<markable id="markable_477" span="word_2032..word_2034" coref_class="set_58"  mmax_level="coref"  nptype="antecedent"  mention="np" />
<markable id="markable_235" span="word_1003" audience="generic you"  agreement="you (sg.)"  coref_class="empty"  mmax_level="coref"  position="you (subject)"  type="addressee reference"  mention="pronoun" />
<markable id="markable_114" span="word_480" coref_class="empty"  mmax_level="coref"  type="extratextual reference"  mention="pronoun" />
<markable id="markable_598" span="word_2558" agreement="none"  split="simple antecedent"  coref_class="set_79"  mmax_level="coref"  position="it (subject)"  type="anaphoric"  mention="pronoun" />
<markable id="markable_1002" span="word_1395..word_1397" coref_class="set_124"  mmax_level="coref"  nptype="antecedent"  mention="np" />
<markable id="markable_359" span="word_1530" coref_class="empty"  mmax_level="coref"  type="event"  mention="pronoun" />
<markable id="markable_1003" span="word_1400..word_1402" split="simple antecedent"  coref_class="set_124"  mmax_level="coref"  nptype="nom-ellipsis"  mention="np"  antetype="entity" />
<markable id="markable_479" span="word_2040" type_of_pronoun="personal"  split="simple antecedent"  agreement="they (sg.)"  coref_class="set_58"  mmax_level="coref"  position="it (subject)"  type="anaphoric"  mention="pronoun"  antetype="entity" />
<markable id="markable_1004" span="word_1412..word_1413" npmod="demonstrative"  split="simple antecedent"  coref_class="set_125"  mmax_level="coref"  nptype="np"  anacata="anaphoric"  mention="np"  antetype="entity" />
<markable id="markable_111" span="word_468" audience="exclusive we"  coref_class="empty"  mmax_level="coref"  type="speaker reference"  mention="pronoun" />
<markable id="markable_353" span="word_1500" audience="deictic you"  agreement="you (pl.)"  coref_class="empty"  mmax_level="coref"  position="you (subject)"  type="addressee reference"  mention="pronoun" />
<markable id="markable_1005" span="word_1298..word_1301" coref_class="set_125"  mmax_level="coref"  nptype="antecedent"  mention="np" />
<markable id="markable_110" span="word_464" audience="deictic you"  agreement="you (pl.)"  coref_class="empty"  mmax_level="coref"  position="you (subject)"  type="addressee reference"  mention="pronoun" />
<markable id="markable_1006" span="word_1490" type_of_pronoun="demonstrative"  split="no explicit antecedent"  agreement="none"  coref_class="empty"  mmax_level="coref"  position="it (non-subject)"  type="anaphoric"  mention="pronoun" />
<markable id="markable_1007" span="word_1481" split="no explicit antecedent"  coref_class="empty"  mmax_level="coref"  type="nom substitution"  mention="pronoun" />
<markable id="markable_1008" span="word_1556..word_1557" coref_class="set_126"  mmax_level="coref"  nptype="antecedent"  mention="np" />
<markable id="markable_228" span="word_969" coref_class="empty"  mmax_level="coref"  type="extratextual reference"  mention="pronoun" />
<markable id="markable_107" span="word_454" audience="none"  agreement="none"  split="simple antecedent"  coref_class="empty"  mmax_level="coref"  nptype="none"  position="none"  type="speaker reference"  sub_apposition="none"  mention="pronoun" />
<markable id="markable_349" span="word_1485" audience="none"  agreement="none"  split="simple antecedent"  coref_class="empty"  mmax_level="coref"  nptype="none"  position="none"  type="speaker reference"  sub_apposition="none"  mention="pronoun" />
<markable id="markable_481" span="word_2047" audience="exclusive we"  coref_class="empty"  mmax_level="coref"  type="speaker reference"  mention="pronoun" />
<markable id="markable_120" span="word_503" audience="none"  agreement="none"  split="simple antecedent"  coref_class="empty"  mmax_level="coref"  nptype="none"  position="none"  type="speaker reference"  sub_apposition="none"  mention="pronoun" />
<markable id="markable_247" span="word_1046" audience="exclusive we"  coref_class="empty"  mmax_level="coref"  type="speaker reference"  mention="pronoun" />
<markable id="markable_126" span="word_524" coref_class="set_9"  mmax_level="coref"  nptype="antecedent"  mention="np" />
<markable id="markable_246" span="word_1043" coref_class="empty"  mmax_level="coref"  type="extratextual reference"  mention="pronoun" />
<markable id="markable_125" span="word_520" coref_class="empty"  mmax_level="coref"  type="pleonastic"  mention="pronoun" />
<markable id="markable_367" span="word_1569" audience="none"  agreement="none"  split="simple antecedent"  coref_class="empty"  mmax_level="coref"  nptype="none"  position="none"  type="speaker reference"  sub_apposition="none"  mention="pronoun" />
<markable id="markable_248" span="word_1048" audience="exclusive we"  coref_class="empty"  mmax_level="coref"  type="speaker reference"  mention="pronoun" />
<markable id="markable_369" span="word_1593" type_of_pronoun="personal"  split="simple antecedent"  agreement="they (sg.)"  coref_class="set_39"  mmax_level="coref"  position="it (non-subject)"  type="anaphoric"  mention="pronoun"  antetype="entity" />
<markable id="markable_485" span="word_2057" audience="exclusive we"  type_of_pronoun="personal"  coref_class="empty"  mmax_level="coref"  type="speaker reference"  mention="pronoun" />
<markable id="markable_364" span="word_1561" audience="none"  agreement="none"  split="simple antecedent"  coref_class="empty"  mmax_level="coref"  nptype="none"  position="none"  type="speaker reference"  sub_apposition="none"  mention="pronoun" />
<markable id="markable_242" span="word_1025" type_of_pronoun="personal"  agreement="none"  split="no explicit antecedent"  coref_class="empty"  mmax_level="coref"  position="it (subject)"  type="anaphoric"  mention="pronoun" />
<markable id="markable_484" span="word_2055" audience="none"  agreement="none"  split="simple antecedent"  coref_class="empty"  mmax_level="coref"  nptype="none"  position="none"  type="speaker reference"  sub_apposition="none"  mention="pronoun" />
<markable id="markable_363" span="word_1550" audience="none"  agreement="none"  split="simple antecedent"  coref_class="empty"  mmax_level="coref"  nptype="none"  position="none"  type="speaker reference"  sub_apposition="none"  mention="pronoun" />
<markable id="markable_245" span="word_1036" coref_class="empty"  mmax_level="coref"  type="extratextual reference"  mention="pronoun" />
<markable id="markable_487" span="word_2065..word_2066" coref_class="set_61"  mmax_level="coref"  nptype="antecedent"  mention="np" />
<markable id="markable_123" span="word_510" type_of_pronoun="personal"  split="simple antecedent"  agreement="they (sg.)"  coref_class="set_8"  mmax_level="coref"  position="it (subject)"  type="anaphoric"  mention="pronoun"  antetype="entity" />
<markable id="markable_119" span="word_499..word_500" coref_class="set_8"  mmax_level="coref"  nptype="antecedent"  mention="np" />
<markable id="markable_239" span="word_1015" type_of_pronoun="personal"  agreement="they (sg.)"  split="simple antecedent"  coref_class="set_25"  mmax_level="coref"  position="it (subject)"  type="anaphoric"  antetype="entity"  mention="pronoun" />
<markable id="markable_118" span="word_496" audience="none"  agreement="none"  split="simple antecedent"  coref_class="empty"  mmax_level="coref"  nptype="none"  position="none"  type="speaker reference"  sub_apposition="none"  mention="pronoun" />
<markable id="markable_492" span="word_2089" audience="deictic you"  agreement="you (pl.)"  coref_class="empty"  mmax_level="coref"  position="you (subject)"  type="addressee reference"  mention="pronoun" />
<markable id="markable_491" span="word_2084" type_of_pronoun="personal"  split="simple antecedent"  agreement="they (sg.)"  coref_class="set_61"  mmax_level="coref"  position="it (subject)"  type="anaphoric"  mention="pronoun"  antetype="entity" />
<markable id="markable_370" span="word_1597" type_of_pronoun="personal"  split="simple antecedent"  agreement="they (sg.)"  coref_class="set_39"  mmax_level="coref"  position="it (subject)"  type="anaphoric"  mention="pronoun"  antetype="entity" />
<markable id="markable_373" span="word_1608" audience="none"  agreement="none"  split="simple antecedent"  coref_class="empty"  mmax_level="coref"  nptype="none"  position="none"  type="speaker reference"  sub_apposition="none"  mention="pronoun" />
<markable id="markable_372" span="word_1603" type_of_pronoun="personal"  split="simple antecedent"  agreement="they (sg.)"  coref_class="set_39"  mmax_level="coref"  position="it (subject)"  type="anaphoric"  mention="pronoun"  antetype="entity" />
<markable id="markable_258" span="word_1108" audience="none"  agreement="none"  split="simple antecedent"  coref_class="empty"  mmax_level="coref"  nptype="none"  position="none"  type="speaker reference"  sub_apposition="none"  mention="pronoun" />
<markable id="markable_499" span="word_2114" audience="none"  agreement="none"  split="simple antecedent"  coref_class="empty"  mmax_level="coref"  nptype="none"  position="none"  type="speaker reference"  sub_apposition="none"  mention="pronoun" />
<markable id="markable_378" span="word_1630" type_of_pronoun="personal"  split="simple antecedent"  agreement="they (sg.)"  coref_class="set_39"  mmax_level="coref"  position="it (subject)"  type="anaphoric"  mention="pronoun"  antetype="entity" />
<markable id="markable_139" span="word_577" audience="deictic you"  agreement="you (pl.)"  coref_class="empty"  mmax_level="coref"  position="you (subject)"  type="addressee reference"  mention="pronoun" />
<markable id="markable_259" span="word_1111" audience="deictic you"  agreement="you (pl.)"  coref_class="empty"  mmax_level="coref"  position="you (non-subject)"  type="addressee reference"  mention="pronoun" />
<markable id="markable_254" span="word_1089" audience="exclusive we"  coref_class="empty"  mmax_level="coref"  type="speaker reference"  mention="pronoun" />
<markable id="markable_375" span="word_1618" audience="none"  agreement="none"  split="simple antecedent"  coref_class="empty"  mmax_level="coref"  nptype="none"  position="none"  type="speaker reference"  sub_apposition="none"  mention="pronoun" />
<markable id="markable_253" span="word_1085" coref_class="empty"  mmax_level="coref"  type="extratextual reference"  mention="pronoun" />
<markable id="markable_132" span="word_543" audience="deictic you"  agreement="you (pl.)"  coref_class="empty"  mmax_level="coref"  position="you (subject)"  type="addressee reference"  mention="pronoun" />
<markable id="markable_129" span="word_531" type_of_pronoun="personal"  agreement="they (pl.)"  split="simple antecedent"  coref_class="set_9"  mmax_level="coref"  position="it (subject)"  type="anaphoric"  antetype="entity"  mention="pronoun" />
<markable id="markable_261" span="word_1116" audience="none"  agreement="none"  split="simple antecedent"  coref_class="empty"  mmax_level="coref"  nptype="none"  position="none"  type="speaker reference"  sub_apposition="none"  mention="pronoun" />
<markable id="markable_140" span="word_582" coref_class="empty"  mmax_level="coref"  type="extratextual reference"  mention="pronoun" />
<markable id="markable_381" span="word_1652" audience="deictic you"  agreement="you (sg.)"  coref_class="empty"  mmax_level="coref"  position="you (subject)"  type="addressee reference"  mention="pronoun" />
<markable id="markable_263" span="word_1123" audience="none"  agreement="none"  split="simple antecedent"  coref_class="empty"  mmax_level="coref"  nptype="none"  position="none"  type="speaker reference"  sub_apposition="none"  mention="pronoun" />
<markable id="markable_142" span="word_586" audience="exclusive we"  coref_class="empty"  mmax_level="coref"  type="speaker reference"  mention="pronoun" />
<markable id="markable_383" span="word_1659" audience="deictic you"  agreement="you (sg.)"  coref_class="empty"  mmax_level="coref"  position="you (subject)"  type="addressee reference"  mention="pronoun" />
<markable id="markable_148" span="word_628" type_of_pronoun="demonstrative"  split="simple antecedent"  agreement="they (sg.)"  coref_class="set_10"  mmax_level="coref"  position="it (subject)"  type="anaphoric"  mention="pronoun"  antetype="entity" />
<markable id="markable_268" span="word_1148" audience="none"  agreement="none"  split="simple antecedent"  coref_class="empty"  mmax_level="coref"  nptype="none"  position="none"  type="speaker reference"  sub_apposition="none"  mention="pronoun" />
<markable id="markable_144" span="word_601" type_of_pronoun="personal"  agreement="they (sg.)"  split="simple antecedent"  coref_class="set_114"  mmax_level="coref"  position="it (subject)"  type="anaphoric"  antetype="entity"  mention="pronoun" />
<markable id="markable_386" span="word_1678" type_of_pronoun="personal"  split="simple antecedent"  agreement="none"  coref_class="set_120"  mmax_level="coref"  position="it (subject)"  type="anaphoric"  mention="pronoun"  antetype="event" />
<markable id="markable_385" span="word_1672" audience="deictic you"  agreement="you (pl.)"  coref_class="empty"  mmax_level="coref"  position="you (subject)"  type="addressee reference"  mention="pronoun" />
<markable id="markable_388" span="word_1685" audience="none"  agreement="none"  split="simple antecedent"  coref_class="empty"  mmax_level="coref"  nptype="none"  position="none"  type="speaker reference"  sub_apposition="none"  mention="pronoun" />
<markable id="markable_266" span="word_1136" audience="none"  agreement="none"  split="simple antecedent"  coref_class="empty"  mmax_level="coref"  nptype="none"  position="none"  type="speaker reference"  sub_apposition="none"  mention="pronoun" />
<markable id="markable_145" span="word_608" type_of_pronoun="personal"  split="simple antecedent"  agreement="they (sg.)"  coref_class="set_114"  mmax_level="coref"  position="it (subject)"  type="anaphoric"  mention="pronoun"  antetype="entity" />
<markable id="markable_272" span="word_1171" audience="deictic you"  agreement="you (pl.)"  coref_class="empty"  mmax_level="coref"  position="you (subject)"  type="addressee reference"  mention="pronoun" />
<markable id="markable_393" span="word_1705" audience="none"  agreement="none"  split="simple antecedent"  coref_class="empty"  mmax_level="coref"  nptype="none"  position="none"  type="speaker reference"  sub_apposition="none"  mention="pronoun" />
<markable id="markable_274" span="word_1181" coref_class="empty"  mmax_level="coref"  type="extratextual reference"  mention="pronoun" />
<markable id="markable_270" span="word_1158" coref_class="empty"  mmax_level="coref"  type="extratextual reference"  mention="pronoun" />
<markable id="markable_279" span="word_1203" audience="none"  agreement="none"  split="simple antecedent"  coref_class="empty"  mmax_level="coref"  nptype="none"  position="none"  type="speaker reference"  sub_apposition="none"  mention="pronoun" />
<markable id="markable_158" span="word_679" audience="deictic you"  type_of_pronoun="personal"  agreement="you (pl.)"  coref_class="empty"  mmax_level="coref"  position="you (subject)"  type="addressee reference"  mention="pronoun" />
<markable id="markable_276" span="word_1193" audience="none"  agreement="none"  split="simple antecedent"  coref_class="empty"  mmax_level="coref"  nptype="none"  position="none"  type="speaker reference"  sub_apposition="none"  mention="pronoun" />
<markable id="markable_155" span="word_669" audience="deictic you"  agreement="you (pl.)"  coref_class="empty"  mmax_level="coref"  position="you (subject)"  type="addressee reference"  mention="pronoun" />
<markable id="markable_396" span="word_1716" audience="co-present we"  coref_class="empty"  mmax_level="coref"  type="speaker reference"  mention="pronoun" />
<markable id="markable_157" span="word_675" audience="deictic you"  agreement="you (pl.)"  coref_class="empty"  mmax_level="coref"  position="you (subject)"  type="addressee reference"  mention="pronoun" />
<markable id="markable_156" span="word_672" audience="deictic you"  agreement="you (pl.)"  coref_class="empty"  mmax_level="coref"  position="you (subject)"  type="addressee reference"  mention="pronoun" />
<markable id="markable_962" span="word_2546..word_2549" coref_class="set_79"  mmax_level="coref"  nptype="antecedent"  mention="np" />
<markable id="markable_961" span="word_2502..word_2505" coref_class="set_77"  mmax_level="coref"  nptype="antecedent"  mention="np" />
<markable id="markable_722" span="word_3081" audience="co-present we"  coref_class="empty"  mmax_level="coref"  type="speaker reference"  mention="pronoun" />
<markable id="markable_964" span="word_2922..word_2926" coref_class="set_89"  mmax_level="coref"  nptype="antecedent"  mention="np" />
<markable id="markable_601" span="word_2569" type_of_pronoun="personal"  split="simple antecedent"  agreement="they (sg.)"  coref_class="set_79"  mmax_level="coref"  position="it (non-subject)"  type="anaphoric"  mention="pronoun"  antetype="entity" />
<markable id="markable_843" span="word_2203..word_2204" coref_class="set_65"  mmax_level="coref"  nptype="antecedent"  mention="np" />
<markable id="markable_963" span="word_2721" type_of_pronoun="personal"  split="simple antecedent"  agreement="they (sg.)"  coref_class="set_133"  mmax_level="coref"  position="it (subject)"  type="anaphoric"  mention="pronoun"  antetype="entity" />
<markable id="markable_600" span="word_2567" audience="none"  agreement="none"  split="simple antecedent"  coref_class="empty"  mmax_level="coref"  nptype="none"  position="none"  type="speaker reference"  sub_apposition="none"  mention="pronoun" />
<markable id="markable_959" span="word_2477" type_of_pronoun="demonstrative"  split="no explicit antecedent"  agreement="they (sg.)"  coref_class="set_130"  mmax_level="coref"  position="it (subject)"  type="anaphoric"  mention="pronoun" />
<markable id="markable_716" span="word_3065" audience="none"  agreement="none"  split="simple antecedent"  coref_class="empty"  mmax_level="coref"  nptype="none"  position="none"  type="speaker reference"  sub_apposition="none"  mention="pronoun" />
<markable id="markable_719" span="word_3073" coref_class="empty"  mmax_level="coref"  type="extratextual reference"  mention="pronoun" />
<markable id="markable_718" span="word_3070" audience="none"  agreement="none"  split="simple antecedent"  coref_class="empty"  mmax_level="coref"  nptype="none"  position="none"  type="speaker reference"  sub_apposition="none"  mention="pronoun" />
<markable id="markable_955" span="word_2030" coref_class="empty"  mmax_level="coref"  type="extratextual reference"  mention="pronoun" />
<markable id="markable_834" span="word_1966..word_1967" coref_class="set_54"  mmax_level="coref"  nptype="antecedent"  mention="np" />
<markable id="markable_712" span="word_3051" audience="generic you"  agreement="you (pl.)"  coref_class="empty"  mmax_level="coref"  position="you (subject)"  type="addressee reference"  mention="pronoun" />
<markable id="markable_954" span="word_1973..word_1974" coref_class="set_56"  mmax_level="coref"  nptype="antecedent"  mention="np" />
<markable id="markable_833" span="word_1864" coref_class="set_49"  mmax_level="coref"  nptype="antecedent"  mention="np" />
<markable id="markable_957" span="word_2183" coref_class="empty"  mmax_level="coref"  type="not sure. help!"  mention="pronoun" />
<markable id="markable_836" span="word_1986" coref_class="set_55"  mmax_level="coref"  nptype="antecedent"  mention="np" />
<markable id="markable_956" span="word_2130..word_2134" coref_class="set_62"  mmax_level="coref"  nptype="antecedent"  mention="np" />
<markable id="markable_77" span="word_339" coref_class="empty"  mmax_level="coref"  type="pleonastic"  mention="pronoun" />
<markable id="markable_731" span="word_3135" audience="none"  agreement="none"  split="simple antecedent"  coref_class="empty"  mmax_level="coref"  nptype="none"  position="none"  type="speaker reference"  sub_apposition="none"  mention="pronoun" />
<markable id="markable_610" span="word_2612" audience="none"  agreement="none"  split="simple antecedent"  coref_class="empty"  mmax_level="coref"  nptype="none"  position="none"  type="speaker reference"  sub_apposition="none"  mention="pronoun" />
<markable id="markable_973" span="word_319..word_329" coref_class="set_109"  mmax_level="coref"  nptype="antecedent"  mention="np" />
<markable id="markable_730" span="word_3130" audience="deictic you"  agreement="you (sg.)"  coref_class="empty"  mmax_level="coref"  position="you (subject)"  type="addressee reference"  mention="pronoun" />
<markable id="markable_972" span="word_330" type_of_pronoun="relative"  split="simple antecedent"  agreement="they (pl.)"  coref_class="set_109"  mmax_level="coref"  position="it (subject)"  type="anaphoric"  mention="pronoun"  antetype="entity" />
<markable id="markable_733" span="word_3151" audience="deictic you"  agreement="you (sg.)"  coref_class="empty"  mmax_level="coref"  position="you (subject)"  type="addressee reference"  mention="pronoun" />
<markable id="markable_975" span="word_473" type_of_pronoun="relative"  split="simple antecedent"  agreement="they (pl.)"  coref_class="set_110"  mmax_level="coref"  position="it (subject)"  type="anaphoric"  mention="pronoun"  antetype="entity" />
<markable id="markable_611" span="word_2619" coref_class="empty"  mmax_level="coref"  type="extratextual reference"  mention="pronoun" />
<markable id="markable_974" span="word_471..word_472" coref_class="set_110"  mmax_level="coref"  nptype="antecedent"  mention="np" />
<markable id="markable_971" span="word_120" type_of_pronoun="relative"  agreement="they (pl.)"  split="simple antecedent"  coref_class="set_108"  mmax_level="coref"  position="it (non-subject)"  type="anaphoric"  antetype="entity"  mention="pronoun" />
<markable id="markable_970" span="word_12" type_of_pronoun="relative"  agreement="they (sg.)"  split="simple antecedent"  coref_class="set_107"  mmax_level="coref"  position="it (subject)"  type="anaphoric"  antetype="entity"  mention="pronoun" />
<markable id="markable_61" span="word_262" type_of_pronoun="personal"  agreement="they (sg.)"  split="simple antecedent"  coref_class="set_7"  mmax_level="coref"  position="it (non-subject)"  type="anaphoric"  antetype="entity"  mention="pronoun" />
<markable id="markable_728" span="word_3110" type_of_pronoun="personal"  split="simple antecedent"  agreement="none"  coref_class="set_138"  mmax_level="coref"  position="it (non-subject)"  type="anaphoric"  mention="pronoun"  antetype="event" />
<markable id="markable_607" span="word_2603" audience="none"  agreement="none"  split="simple antecedent"  coref_class="empty"  mmax_level="coref"  nptype="none"  position="none"  type="speaker reference"  sub_apposition="none"  mention="pronoun" />
<markable id="markable_727" span="word_3106" audience="all-inclusive we"  coref_class="empty"  mmax_level="coref"  type="speaker reference"  mention="pronoun" />
<markable id="markable_969" span="word_8..word_10" coref_class="set_107"  mmax_level="coref"  nptype="antecedent"  mention="np" />
<markable id="markable_729" span="word_3113" audience="deictic you"  agreement="you (pl.)"  coref_class="empty"  mmax_level="coref"  position="you (non-subject)"  type="addressee reference"  mention="pronoun" />
<markable id="markable_608" span="word_2604" type_of_pronoun="relative"  split="simple antecedent"  agreement="they (sg.)"  coref_class="set_131"  mmax_level="coref"  position="it (subject)"  type="anaphoric"  mention="pronoun"  antetype="entity" />
<markable id="markable_65" span="word_275" coref_class="empty"  mmax_level="coref"  type="pleonastic"  mention="pronoun" />
<markable id="markable_724" span="word_3092" audience="all-inclusive we"  coref_class="empty"  mmax_level="coref"  type="speaker reference"  mention="pronoun" />
<markable id="markable_966" span="word_3230" type_of_pronoun="demonstrative"  split="simple antecedent"  agreement="none"  coref_class="set_139"  mmax_level="coref"  position="it (subject)"  type="anaphoric"  mention="pronoun"  antetype="entity" />
<markable id="markable_64" span="word_271" type_of_pronoun="personal"  agreement="none"  split="no explicit antecedent"  coref_class="empty"  mmax_level="coref"  position="it (subject)"  type="anaphoric"  mention="pronoun" />
<markable id="markable_965" span="word_3104" type_of_pronoun="demonstrative"  split="simple antecedent"  agreement="they (sg.)"  coref_class="set_93"  mmax_level="coref"  position="it (subject)"  type="anaphoric"  mention="pronoun"  antetype="entity" />
<markable id="markable_844" span="word_2337..word_2338" coref_class="set_69"  mmax_level="coref"  nptype="antecedent"  mention="np" />
<markable id="markable_968" span="word_3431" type_of_pronoun="personal"  split="no explicit antecedent"  agreement="none"  coref_class="empty"  mmax_level="coref"  position="it (non-subject)"  type="anaphoric"  mention="pronoun" />
<markable id="markable_605" span="word_2588..word_2589" coref_class="set_80"  mmax_level="coref"  nptype="antecedent"  mention="np" />
<markable id="markable_62" span="word_265" audience="none"  agreement="none"  split="simple antecedent"  coref_class="empty"  mmax_level="coref"  nptype="none"  position="none"  type="speaker reference"  sub_apposition="none"  mention="pronoun" />
<markable id="markable_967" span="word_3379" type_of_pronoun="demonstrative"  split="simple antecedent"  agreement="none"  coref_class="set_141"  mmax_level="coref"  position="it (subject)"  type="anaphoric"  mention="pronoun"  antetype="event" />
<markable id="markable_604" span="word_2585" coref_class="empty"  mmax_level="coref"  type="pleonastic"  mention="pronoun" />
<markable id="markable_69" span="word_295" audience="none"  agreement="none"  split="simple antecedent"  coref_class="empty"  mmax_level="coref"  nptype="none"  position="none"  type="speaker reference"  sub_apposition="none"  mention="pronoun" />
<markable id="markable_67" span="word_284" audience="none"  agreement="none"  split="simple antecedent"  coref_class="empty"  mmax_level="coref"  nptype="none"  position="none"  type="speaker reference"  sub_apposition="none"  mention="pronoun" />
<markable id="markable_66" span="word_279" audience="none"  agreement="none"  split="simple antecedent"  coref_class="empty"  mmax_level="coref"  nptype="none"  position="none"  type="speaker reference"  sub_apposition="none"  mention="pronoun" />
<markable id="markable_500" span="word_2118" coref_class="empty"  mmax_level="coref"  type="extratextual reference"  mention="pronoun" />
<markable id="markable_984" span="word_637" coref_class="empty"  mmax_level="coref"  type="extratextual reference"  mention="pronoun" />
<markable id="markable_983" span="word_593" type_of_pronoun="personal"  agreement="none"  coref_class="set_114"  mmax_level="coref"  position="none"  type="antecedent"  mention="pronoun" />
<markable id="markable_623" span="word_2660" audience="exclusive we"  coref_class="empty"  mmax_level="coref"  type="speaker reference"  mention="pronoun" />
<markable id="markable_502" span="word_2123" coref_class="empty"  mmax_level="coref"  type="extratextual reference"  mention="pronoun" />
<markable id="markable_986" span="word_992" type_of_pronoun="relative"  split="simple antecedent"  agreement="they (sg.)"  coref_class="set_115"  mmax_level="coref"  position="it (subject)"  type="anaphoric"  mention="pronoun"  antetype="entity" />
<markable id="markable_743" span="word_3190" coref_class="empty"  mmax_level="coref"  type="pleonastic"  mention="pronoun" />
<markable id="markable_985" span="word_989..word_991" coref_class="set_115"  mmax_level="coref"  nptype="antecedent"  mention="np" />
<markable id="markable_980" span="word_574..word_575" coref_class="set_112"  mmax_level="coref"  nptype="antecedent"  mention="np" />
<markable id="markable_982" span="word_584..word_591" type_of_pronoun="personal"  agreement="none"  coref_class="set_114"  mmax_level="coref"  position="none"  type="antecedent"  mention="pronoun" />
<markable id="markable_981" span="word_576" type_of_pronoun="relative"  agreement="they (sg.)"  split="simple antecedent"  coref_class="set_112"  mmax_level="coref"  position="it (non-subject)"  type="anaphoric"  antetype="entity"  mention="pronoun" />
<markable id="markable_50" span="word_223" audience="deictic you"  agreement="you (pl.)"  coref_class="empty"  mmax_level="coref"  position="you (non-subject)"  type="addressee reference"  mention="pronoun" />
<markable id="markable_738" span="word_3173" audience="deictic you"  agreement="you (sg.)"  coref_class="empty"  mmax_level="coref"  position="you (non-subject)"  type="addressee reference"  mention="pronoun" />
<markable id="markable_614" span="word_2627" audience="none"  agreement="none"  split="simple antecedent"  coref_class="empty"  mmax_level="coref"  nptype="none"  position="none"  type="speaker reference"  sub_apposition="none"  mention="pronoun" />
<markable id="markable_977" span="word_529" split="simple antecedent"  coref_class="set_111"  mmax_level="coref"  type="nom substitution"  antetype="entity"  mention="pronoun" />
<markable id="markable_53" span="word_235" audience="none"  agreement="none"  split="simple antecedent"  coref_class="empty"  mmax_level="coref"  nptype="none"  position="none"  type="speaker reference"  sub_apposition="none"  mention="pronoun" />
<markable id="markable_734" span="word_3153" coref_class="empty"  mmax_level="coref"  type="pleonastic"  mention="pronoun" />
<markable id="markable_613" span="word_2624" coref_class="empty"  mmax_level="coref"  type="extratextual reference"  mention="pronoun" />
<markable id="markable_976" span="word_526..word_527" coref_class="set_111"  mmax_level="coref"  nptype="antecedent"  mention="np" />
<markable id="markable_52" span="word_229" audience="none"  agreement="none"  split="simple antecedent"  coref_class="empty"  mmax_level="coref"  nptype="none"  position="none"  type="speaker reference"  sub_apposition="none"  mention="pronoun" />
<markable id="markable_737" span="word_3170" audience="none"  agreement="none"  split="simple antecedent"  coref_class="empty"  mmax_level="coref"  nptype="none"  position="none"  type="speaker reference"  sub_apposition="none"  mention="pronoun" />
<markable id="markable_979" span="word_549..word_550" split="simple antecedent"  coref_class="set_111"  mmax_level="coref"  type="nom substitution"  antetype="entity"  mention="pronoun" />
<markable id="markable_736" span="word_3166" audience="deictic you"  agreement="you (sg.)"  coref_class="empty"  mmax_level="coref"  position="you (non-subject)"  type="addressee reference"  mention="pronoun" />
<markable id="markable_978" span="word_535..word_536" split="simple antecedent"  coref_class="set_111"  comparative="gen"  mmax_level="coref"  type="comparative"  antetype="entity"  mention="pronoun" />
<markable id="markable_58" span="word_254" audience="none"  agreement="none"  split="simple antecedent"  coref_class="empty"  mmax_level="coref"  nptype="none"  position="none"  type="speaker reference"  sub_apposition="none"  mention="pronoun" />
<markable id="markable_57" span="word_249" type_of_pronoun="personal"  agreement="they (sg.)"  split="simple antecedent"  coref_class="set_7"  mmax_level="coref"  position="it (subject)"  type="anaphoric"  antetype="entity"  mention="pronoun" />
<markable id="markable_511" span="word_2189" coref_class="empty"  mmax_level="coref"  type="pleonastic"  mention="pronoun" />
<markable id="markable_995" span="word_1675" type_of_pronoun="demonstrative"  split="simple antecedent"  agreement="none"  coref_class="set_120"  mmax_level="coref"  position="it (non-subject)"  type="anaphoric"  mention="pronoun"  antetype="event" />
<markable id="markable_631" span="word_2687" type_of_pronoun="personal"  split="simple antecedent"  agreement="they (pl.)"  coref_class="set_84"  mmax_level="coref"  position="it (non-subject)"  type="anaphoric"  mention="pronoun"  antetype="entity" />
<markable id="markable_510" span="word_2185" audience="deictic you"  agreement="you (pl.)"  coref_class="empty"  mmax_level="coref"  position="you (non-subject)"  type="addressee reference"  mention="pronoun" />
<markable id="markable_994" span="word_1362..word_1363" npmod="demonstrative"  split="simple antecedent"  coref_class="set_119"  mmax_level="coref"  nptype="np"  anacata="anaphoric"  mention="np"  antetype="entity" />
<markable id="markable_997" span="word_1690" type_of_pronoun="relative"  split="simple antecedent"  agreement="they (pl.)"  coref_class="set_121"  mmax_level="coref"  position="it (subject)"  type="anaphoric"  mention="pronoun"  antetype="entity" />
<markable id="markable_512" span="word_2191" audience="none"  agreement="none"  split="simple antecedent"  coref_class="empty"  mmax_level="coref"  nptype="none"  position="none"  type="speaker reference"  sub_apposition="none"  mention="pronoun" />
<markable id="markable_996" span="word_1688..word_1689" coref_class="set_121"  mmax_level="coref"  nptype="antecedent"  mention="np" />
<markable id="markable_991" span="word_746" coref_class="set_118"  mmax_level="coref"  nptype="antecedent"  mention="np" />
<markable id="markable_990" span="word_360..word_361" npmod="demonstrative"  split="simple antecedent"  coref_class="set_117"  mmax_level="coref"  nptype="np"  anacata="anaphoric"  mention="np"  antetype="entity" />
<markable id="markable_630" span="word_2683" type_of_pronoun="personal"  split="simple antecedent"  agreement="they (pl.)"  coref_class="set_86"  mmax_level="coref"  position="it (subject)"  type="anaphoric"  mention="pronoun"  antetype="entity" />
<markable id="markable_993" span="word_1333..word_1334" coref_class="set_119"  mmax_level="coref"  nptype="antecedent"  mention="np" />
<markable id="markable_992" span="word_1228..word_1232" coref_class="set_27"  mmax_level="coref"  clausetype="antecedent"  mention="clause" />
<markable id="markable_749" span="word_3213" audience="all-inclusive we"  coref_class="empty"  mmax_level="coref"  type="speaker reference"  mention="pronoun" />
<markable id="markable_509" span="word_2180" audience="deictic you"  agreement="you (pl.)"  coref_class="empty"  mmax_level="coref"  position="you (subject)"  type="addressee reference"  mention="pronoun" />
<markable id="markable_43" span="word_183" audience="none"  agreement="none"  split="simple antecedent"  coref_class="empty"  mmax_level="coref"  nptype="none"  position="none"  type="speaker reference"  sub_apposition="none"  mention="pronoun" />
<markable id="markable_504" span="word_2139" type_of_pronoun="personal"  split="simple antecedent"  agreement="they (sg.)"  coref_class="set_62"  mmax_level="coref"  position="it (non-subject)"  type="anaphoric"  mention="pronoun"  antetype="entity" />
<markable id="markable_988" span="word_1217" type_of_pronoun="personal"  split="simple antecedent"  agreement="none"  coref_class="set_116"  mmax_level="coref"  position="none"  type="anaphoric"  mention="pronoun"  antetype="entity" />
<markable id="markable_745" span="word_3196" audience="none"  agreement="none"  split="simple antecedent"  coref_class="empty"  mmax_level="coref"  nptype="none"  position="none"  type="speaker reference"  sub_apposition="none"  mention="pronoun" />
<markable id="markable_624" span="word_2663" coref_class="set_84"  mmax_level="coref"  nptype="antecedent"  mention="np" />
<markable id="markable_987" span="word_1213..word_1216" coref_class="set_116"  mmax_level="coref"  nptype="antecedent"  mention="np" />
<markable id="markable_41" span="word_174" type_of_pronoun="personal"  agreement="none"  coref_class="empty"  mmax_level="coref"  position="none"  type="antecedent"  mention="pronoun" />
<markable id="markable_627" span="word_2672" coref_class="empty"  mmax_level="coref"  type="extratextual reference"  mention="pronoun" />
<markable id="markable_506" span="word_2155" audience="all-inclusive we"  coref_class="empty"  mmax_level="coref"  type="speaker reference"  mention="pronoun" />
<markable id="markable_40" span="word_168" type_of_pronoun="personal"  agreement="none"  split="simple antecedent"  coref_class="set_5"  mmax_level="coref"  position="it (non-subject)"  type="anaphoric"  antetype="entity"  mention="pronoun" />
<markable id="markable_626" span="word_2669..word_2670" coref_class="set_86"  mmax_level="coref"  nptype="antecedent"  mention="np" />
<markable id="markable_989" span="word_341..word_349" coref_class="set_117"  mmax_level="coref"  nptype="antecedent"  mention="np" />
<markable id="markable_47" span="word_205" audience="deictic you"  agreement="you (pl.)"  coref_class="empty"  mmax_level="coref"  position="you (non-subject)"  type="addressee reference"  mention="pronoun" />
<markable id="markable_45" span="word_192" audience="none"  agreement="none"  split="simple antecedent"  coref_class="empty"  mmax_level="coref"  nptype="none"  position="none"  type="speaker reference"  sub_apposition="none"  mention="pronoun" />
<markable id="markable_764" span="word_3276" type_of_pronoun="personal"  split="simple antecedent"  agreement="none"  coref_class="set_141"  mmax_level="coref"  position="it (non-subject)"  type="anaphoric"  mention="pronoun"  antetype="event" />
<markable id="markable_401" span="word_1743" audience="generic you"  agreement="you (pl.)"  coref_class="empty"  mmax_level="coref"  position="you (subject)"  type="addressee reference"  mention="pronoun" />
<markable id="markable_643" span="word_2732" audience="none"  agreement="none"  split="simple antecedent"  coref_class="empty"  mmax_level="coref"  nptype="none"  position="none"  type="speaker reference"  sub_apposition="none"  mention="pronoun" />
<markable id="markable_400" span="word_1733" audience="none"  agreement="none"  split="simple antecedent"  coref_class="empty"  mmax_level="coref"  nptype="none"  position="none"  type="speaker reference"  sub_apposition="none"  mention="pronoun" />
<markable id="markable_521" span="word_2226" coref_class="empty"  mmax_level="coref"  type="extratextual reference"  mention="pronoun" />
<markable id="markable_766" span="word_3284" type_of_pronoun="personal"  split="simple antecedent"  agreement="they (sg.)"  coref_class="set_103"  mmax_level="coref"  position="it (subject)"  type="anaphoric"  mention="pronoun"  antetype="entity" />
<markable id="markable_524" span="word_2236" audience="none"  coref_class="empty"  mmax_level="coref"  type="speaker reference"  mention="pronoun" />
<markable id="markable_523" span="word_2233" type_of_pronoun="personal"  split="simple antecedent"  agreement="they (sg.)"  coref_class="set_65"  mmax_level="coref"  position="it (subject)"  type="anaphoric"  mention="pronoun"  antetype="entity" />
<markable id="markable_641" span="word_2726" coref_class="empty"  mmax_level="coref"  type="extratextual reference"  mention="pronoun" />
<markable id="markable_761" span="word_3260" audience="deictic you"  agreement="you (pl.)"  coref_class="empty"  mmax_level="coref"  position="you (subject)"  type="addressee reference"  mention="pronoun" />
<markable id="markable_518" span="word_2214" audience="none"  agreement="none"  split="simple antecedent"  coref_class="empty"  mmax_level="coref"  nptype="none"  position="none"  type="speaker reference"  sub_apposition="none"  mention="pronoun" />
<markable id="markable_757" span="word_3248" coref_class="set_103"  mmax_level="coref"  nptype="antecedent"  mention="np" />
<markable id="markable_515" span="word_2199" audience="deictic you"  agreement="you (sg.)"  coref_class="empty"  mmax_level="coref"  position="you (subject)"  type="addressee reference"  mention="pronoun" />
<markable id="markable_999" span="word_1804..word_1811" coref_class="set_122"  vptype="antecedent"  mmax_level="coref"  mention="vp" />
<markable id="markable_756" span="word_3243" audience="all-inclusive we"  coref_class="empty"  mmax_level="coref"  type="speaker reference"  mention="pronoun" />
<markable id="markable_635" span="word_2700" type_of_pronoun="personal"  split="simple antecedent"  agreement="they (pl.)"  coref_class="set_86"  mmax_level="coref"  position="it (subject)"  type="anaphoric"  mention="pronoun"  antetype="entity" />
<markable id="markable_638" span="word_2712" type_of_pronoun="personal"  split="simple antecedent"  agreement="they (pl.)"  coref_class="set_86"  mmax_level="coref"  position="it (subject)"  type="anaphoric"  mention="pronoun"  antetype="entity" />
<markable id="markable_517" span="word_2212" type_of_pronoun="personal"  split="simple antecedent"  agreement="they (sg.)"  coref_class="set_65"  mmax_level="coref"  position="it (subject)"  type="anaphoric"  mention="pronoun"  antetype="entity" />
<markable id="markable_758" span="word_3249" audience="deictic you"  agreement="you (pl.)"  coref_class="empty"  mmax_level="coref"  position="you (subject)"  type="addressee reference"  mention="pronoun" />
<markable id="markable_516" span="word_2210" audience="none"  agreement="none"  split="simple antecedent"  coref_class="empty"  mmax_level="coref"  nptype="none"  position="none"  type="speaker reference"  sub_apposition="none"  mention="pronoun" />
<markable id="markable_775" span="word_3316" type_of_pronoun="personal"  split="simple antecedent"  agreement="they (sg.)"  coref_class="set_102"  mmax_level="coref"  position="it (subject)"  type="anaphoric"  mention="pronoun"  antetype="entity" />
<markable id="markable_412" span="word_1784..word_1786,word_1797..word_1798" coref_class="set_45"  mmax_level="coref"  nptype="antecedent"  mention="np" />
<markable id="markable_654" span="word_2778" type_of_pronoun="demonstrative"  split="no explicit antecedent"  agreement="none"  coref_class="set_135"  mmax_level="coref"  position="it (non-subject)"  type="anaphoric"  mention="pronoun" />
<markable id="markable_533" span="word_2276" audience="exclusive we"  coref_class="empty"  mmax_level="coref"  type="speaker reference"  mention="pronoun" />
<markable id="markable_653" span="word_2776" audience="all-inclusive we"  coref_class="empty"  mmax_level="coref"  type="speaker reference"  mention="pronoun" />
<markable id="markable_776" span="word_3318" type_of_pronoun="personal"  split="simple antecedent"  agreement="they (sg.)"  coref_class="set_103"  mmax_level="coref"  position="it (non-subject)"  type="anaphoric"  mention="pronoun"  antetype="entity" />
<markable id="markable_413" span="word_1789" type_of_pronoun="personal"  split="simple antecedent"  agreement="they (sg.)"  coref_class="set_45"  mmax_level="coref"  position="it (non-subject)"  type="anaphoric"  mention="pronoun"  antetype="entity" />
<markable id="markable_771" span="word_3303" type_of_pronoun="personal"  split="simple antecedent"  agreement="they (sg.)"  coref_class="set_103"  mmax_level="coref"  position="it (subject)"  type="anaphoric"  mention="pronoun"  antetype="entity" />
<markable id="markable_410" span="word_1770" type_of_pronoun="personal"  split="simple antecedent"  agreement="they (sg.)"  coref_class="set_44"  mmax_level="coref"  position="it (subject)"  type="anaphoric"  mention="pronoun"  antetype="entity" />
<markable id="markable_652" span="word_2771" audience="none"  agreement="none"  split="simple antecedent"  coref_class="empty"  mmax_level="coref"  nptype="none"  position="none"  type="speaker reference"  sub_apposition="none"  mention="pronoun" />
<markable id="markable_772" span="word_3306" type_of_pronoun="personal"  split="simple antecedent"  agreement="they (sg.)"  coref_class="set_103"  mmax_level="coref"  position="it (subject)"  type="anaphoric"  mention="pronoun"  antetype="entity" />
<markable id="markable_651" span="word_2766" type_of_pronoun="demonstrative"  agreement="none"  coref_class="set_135"  mmax_level="coref"  position="none"  type="antecedent"  mention="pronoun" />
<markable id="markable_409" span="word_1768" audience="none"  agreement="none"  split="simple antecedent"  coref_class="empty"  mmax_level="coref"  nptype="none"  position="none"  type="speaker reference"  sub_apposition="none"  mention="pronoun" />
<markable id="markable_768" span="word_3290" type_of_pronoun="personal"  split="simple antecedent"  agreement="they (sg.)"  coref_class="set_103"  mmax_level="coref"  position="it (subject)"  type="anaphoric"  mention="pronoun"  antetype="entity" />
<markable id="markable_526" span="word_2246" audience="deictic you"  agreement="you (pl.)"  coref_class="empty"  mmax_level="coref"  position="you (subject)"  type="addressee reference"  mention="pronoun" />
<markable id="markable_767" span="word_3287..word_3288" npmod="possessive"  audience="none"  agreement="none"  nptype="np"  anacata="anaphoric"  type="none"  sub_apposition="none"  mention="np"  antetype="entity"  split="simple antecedent"  coref_class="set_102"  mmax_level="coref"  position="none" />
<markable id="markable_404" span="word_1751" audience="none"  agreement="none"  split="simple antecedent"  coref_class="empty"  mmax_level="coref"  nptype="none"  position="none"  type="speaker reference"  sub_apposition="none"  mention="pronoun" />
<markable id="markable_525" span="word_2239..word_2242" coref_class="set_127"  mmax_level="coref"  nptype="antecedent"  mention="np" />
<markable id="markable_769" span="word_3294" type_of_pronoun="personal"  split="simple antecedent"  agreement="they (sg.)"  coref_class="set_102"  mmax_level="coref"  position="it (non-subject)"  type="anaphoric"  mention="pronoun"  antetype="entity" />
<markable id="markable_527" span="word_2255" type_of_pronoun="personal"  split="simple antecedent"  agreement="they (sg.)"  coref_class="set_127"  mmax_level="coref"  position="it (subject)"  type="anaphoric"  mention="pronoun"  antetype="entity" />
<markable id="markable_423" span="word_1825" audience="deictic you"  type_of_pronoun="personal"  agreement="you (pl.)"  coref_class="empty"  mmax_level="coref"  position="you (subject)"  type="addressee reference"  mention="pronoun" />
<markable id="markable_544" span="word_2324" audience="none"  agreement="none"  split="simple antecedent"  coref_class="empty"  mmax_level="coref"  nptype="none"  position="none"  type="speaker reference"  sub_apposition="none"  mention="pronoun" />
<markable id="markable_664" span="word_2833" audience="none"  agreement="none"  split="simple antecedent"  coref_class="empty"  mmax_level="coref"  nptype="none"  position="none"  type="speaker reference"  sub_apposition="none"  mention="pronoun" />
<markable id="markable_543" span="word_2322" coref_class="empty"  mmax_level="coref"  type="extratextual reference"  mention="pronoun" />
<markable id="markable_425" span="word_1832..word_1833" npmod="possessive"  audience="none"  agreement="none"  nptype="np"  anacata="anaphoric"  type="none"  sub_apposition="none"  mention="np"  antetype="entity"  split="simple antecedent"  coref_class="set_48"  mmax_level="coref"  position="none" />
<markable id="markable_667" span="word_2853" audience="none"  agreement="none"  split="simple antecedent"  coref_class="empty"  mmax_level="coref"  nptype="none"  position="none"  type="speaker reference"  sub_apposition="none"  mention="pronoun" />
<markable id="markable_424" span="word_1829..word_1830" coref_class="set_46"  mmax_level="coref"  nptype="antecedent"  mention="np" />
<markable id="markable_303" span="word_1296" coref_class="empty"  mmax_level="coref"  type="extratextual reference"  mention="pronoun" />
<markable id="markable_545" span="word_2328" type_of_pronoun="personal"  split="simple antecedent"  agreement="none"  coref_class="set_129"  mmax_level="coref"  position="it (non-subject)"  type="anaphoric"  mention="pronoun"  antetype="event" />
<markable id="markable_90" span="word_386" audience="deictic you"  agreement="you (pl.)"  coref_class="empty"  mmax_level="coref"  position="you (non-subject)"  type="addressee reference"  mention="pronoun" />
<markable id="markable_781" span="word_3348" audience="none"  agreement="none"  split="simple antecedent"  coref_class="empty"  mmax_level="coref"  nptype="none"  position="none"  type="speaker reference"  sub_apposition="none"  mention="pronoun" />
<markable id="markable_421" span="word_1820" audience="deictic you"  agreement="you (pl.)"  coref_class="empty"  mmax_level="coref"  position="you (subject)"  type="addressee reference"  mention="pronoun" />
<markable id="markable_542" span="word_2319" audience="exclusive we"  coref_class="empty"  mmax_level="coref"  type="speaker reference"  mention="pronoun" />
<markable id="markable_662" span="word_2821" audience="none"  agreement="none"  split="simple antecedent"  coref_class="empty"  mmax_level="coref"  nptype="none"  position="none"  type="speaker reference"  sub_apposition="none"  mention="pronoun" />
<markable id="markable_94" span="word_402" split="no explicit antecedent"  agreement="none"  coref_class="empty"  mmax_level="coref"  position="it (subject)"  type="cataphoric"  mention="pronoun" />
<markable id="markable_419" span="word_1811" audience="deictic you"  agreement="you (sg.)"  coref_class="empty"  mmax_level="coref"  position="you (non-subject)"  type="addressee reference"  mention="pronoun" />
<markable id="markable_98" span="word_417" audience="none"  agreement="none"  split="simple antecedent"  coref_class="empty"  mmax_level="coref"  nptype="none"  position="none"  type="speaker reference"  sub_apposition="none"  mention="pronoun" />
<markable id="markable_779" span="word_3332" audience="deictic you"  agreement="you (sg.)"  coref_class="empty"  mmax_level="coref"  position="you (subject)"  type="addressee reference"  mention="pronoun" />
<markable id="markable_778" span="word_3325" type_of_pronoun="personal"  split="no explicit antecedent"  agreement="none"  coref_class="empty"  mmax_level="coref"  position="it (subject)"  type="anaphoric"  mention="pronoun" />
<markable id="markable_899" span="word_39" type_of_pronoun="possessive"  agreement="they (pl.)"  split="simple antecedent"  coref_class="set_0"  mmax_level="coref"  position="it (non-subject)"  type="anaphoric"  antetype="entity"  mention="pronoun" />
<markable id="markable_96" span="word_409" audience="none"  agreement="none"  split="simple antecedent"  coref_class="empty"  mmax_level="coref"  nptype="none"  position="none"  type="speaker reference"  sub_apposition="none"  mention="pronoun" />
<markable id="markable_418" span="word_1809" type_of_pronoun="personal"  split="split reference"  agreement="none"  coref_class="set_45"  mmax_level="coref"  position="it (non-subject)"  type="anaphoric"  mention="pronoun" />
<markable id="markable_539" span="word_2302" type_of_pronoun="demonstrative"  split="simple antecedent"  agreement="none"  coref_class="set_128"  mmax_level="coref"  position="it (subject)"  type="anaphoric"  mention="pronoun"  antetype="event" />
<markable id="markable_417" span="word_1806" type_of_pronoun="personal"  split="split reference"  agreement="none"  coref_class="set_45"  mmax_level="coref"  position="it (non-subject)"  type="anaphoric"  mention="pronoun" />
<markable id="markable_791" span="word_3397" type_of_pronoun="personal"  split="simple antecedent"  agreement="none"  coref_class="set_141"  mmax_level="coref"  position="it (non-subject)"  type="anaphoric"  mention="pronoun"  antetype="event" />
<markable id="markable_790" span="word_3394" audience="all-inclusive we"  coref_class="empty"  mmax_level="coref"  type="speaker reference"  mention="pronoun" />
<markable id="markable_434" span="word_1869" type_of_pronoun="personal"  split="simple antecedent"  agreement="they (sg.)"  coref_class="set_123"  mmax_level="coref"  position="it (non-subject)"  type="anaphoric"  mention="pronoun"  antetype="entity" />
<markable id="markable_555" span="word_2365" audience="none"  agreement="none"  split="simple antecedent"  coref_class="empty"  mmax_level="coref"  nptype="none"  position="none"  type="speaker reference"  sub_apposition="none"  mention="pronoun" />
<markable id="markable_433" span="word_1867" type_of_pronoun="personal"  split="simple antecedent"  agreement="they (sg.)"  coref_class="set_49"  mmax_level="coref"  position="it (subject)"  type="anaphoric"  mention="pronoun"  antetype="entity" />
<markable id="markable_312" span="word_1330" type_of_pronoun="personal"  split="simple antecedent"  agreement="they (sg.)"  coref_class="set_31"  mmax_level="coref"  position="it (subject)"  type="anaphoric"  mention="pronoun"  antetype="entity" />
<markable id="markable_554" span="word_2360" audience="none"  agreement="none"  split="simple antecedent"  coref_class="empty"  mmax_level="coref"  nptype="none"  position="none"  type="speaker reference"  sub_apposition="none"  mention="pronoun" />
<markable id="markable_798" span="word_3429" audience="deictic you"  agreement="you (sg.)"  coref_class="empty"  mmax_level="coref"  position="you (non-subject)"  type="addressee reference"  mention="pronoun" />
<markable id="markable_793" span="word_3407" audience="co-present we"  coref_class="empty"  mmax_level="coref"  type="speaker reference"  mention="pronoun" />
<markable id="markable_792" span="word_3400" audience="co-present we"  coref_class="empty"  mmax_level="coref"  type="speaker reference"  mention="pronoun" />
<markable id="markable_432" span="word_1861..word_1862" npmod="def-article"  split="simple antecedent"  coref_class="set_123"  mmax_level="coref"  nptype="np"  anacata="anaphoric"  mention="np"  antetype="entity" />
<markable id="markable_311" span="word_1326" type_of_pronoun="personal"  split="simple antecedent"  agreement="they (sg.)"  coref_class="set_31"  mmax_level="coref"  position="it (subject)"  type="anaphoric"  mention="pronoun"  antetype="entity" />
<markable id="markable_431" span="word_1858" type_of_pronoun="personal"  split="simple antecedent"  agreement="they (sg.)"  coref_class="set_48"  mmax_level="coref"  position="it (subject)"  type="anaphoric"  mention="pronoun"  antetype="entity" />
<markable id="markable_673" span="word_2882" type_of_pronoun="personal"  split="simple antecedent"  agreement="they (sg.)"  coref_class="set_87"  mmax_level="coref"  position="it (subject)"  type="anaphoric"  mention="pronoun"  antetype="entity" />
<markable id="markable_310" span="word_1322..word_1323" coref_class="set_31"  mmax_level="coref"  nptype="antecedent"  mention="np" />
<markable id="markable_427" span="word_1843" type_of_pronoun="personal"  split="simple antecedent"  agreement="they (sg.)"  coref_class="set_46"  mmax_level="coref"  position="it (subject)"  type="anaphoric"  mention="pronoun"  antetype="entity" />
<markable id="markable_86" span="word_371" audience="exclusive we"  coref_class="empty"  mmax_level="coref"  type="speaker reference"  mention="pronoun" />
<markable id="markable_426" span="word_1836..word_1837" npmod="possessive"  audience="none"  agreement="none"  nptype="np"  anacata="anaphoric"  type="none"  sub_apposition="none"  mention="np"  antetype="entity"  split="simple antecedent"  coref_class="set_47"  mmax_level="coref"  position="none" />
<markable id="markable_668" span="word_2855..word_2856" coref_class="set_87"  mmax_level="coref"  nptype="antecedent"  mention="np" />
<markable id="markable_547" span="word_2332" type_of_pronoun="personal"  split="simple antecedent"  agreement="none"  coref_class="set_129"  mmax_level="coref"  position="it (subject)"  type="anaphoric"  mention="pronoun"  antetype="event" />
<markable id="markable_429" span="word_1850" type_of_pronoun="personal"  split="simple antecedent"  agreement="they (sg.)"  coref_class="set_47"  mmax_level="coref"  position="it (subject)"  type="anaphoric"  mention="pronoun"  antetype="entity" />
<markable id="markable_308" span="word_1313" type_of_pronoun="personal"  split="simple antecedent"  agreement="they (sg.)"  coref_class="set_34"  mmax_level="coref"  position="it (subject)"  type="anaphoric"  mention="pronoun"  antetype="entity" />
<markable id="markable_84" span="word_364" audience="exclusive we"  coref_class="empty"  mmax_level="coref"  type="speaker reference"  mention="pronoun" />
<markable id="markable_307" span="word_1309..word_1310" coref_class="set_34"  mmax_level="coref"  nptype="antecedent"  mention="np" />
<markable id="markable_549" span="word_2345" type_of_pronoun="personal"  split="simple antecedent"  agreement="they (sg.)"  coref_class="set_69"  mmax_level="coref"  position="it (subject)"  type="anaphoric"  mention="pronoun"  antetype="entity" />
<markable id="markable_89" span="word_381" audience="none"  agreement="none"  split="simple antecedent"  coref_class="empty"  mmax_level="coref"  nptype="none"  position="none"  type="speaker reference"  sub_apposition="none"  mention="pronoun" />
</markables>