<?xml version="1.0" encoding="UTF-8" ?>
<!DOCTYPE markables SYSTEM "markables.dtd">
<markables xmlns="www.eml.org/NameSpaces/sentence">
<markable mmax_level="sentence" orderid="0" id="markable_0" span="word_1..word_17" />
<markable mmax_level="sentence" orderid="1" id="markable_1" span="word_18..word_82" />
<markable mmax_level="sentence" orderid="2" id="markable_2" span="word_83..word_100" />
<markable mmax_level="sentence" orderid="3" id="markable_3" span="word_101..word_114" />
<markable mmax_level="sentence" orderid="4" id="markable_4" span="word_115..word_141" />
<markable mmax_level="sentence" orderid="5" id="markable_5" span="word_142..word_156" />
<markable mmax_level="sentence" orderid="6" id="markable_6" span="word_157..word_164" />
<markable mmax_level="sentence" orderid="7" id="markable_7" span="word_165..word_173" />
<markable mmax_level="sentence" orderid="8" id="markable_8" span="word_174..word_191" />
<markable mmax_level="sentence" orderid="9" id="markable_9" span="word_192..word_211" />
<markable mmax_level="sentence" orderid="10" id="markable_10" span="word_212..word_234" />
<markable mmax_level="sentence" orderid="11" id="markable_11" span="word_235..word_261" />
<markable mmax_level="sentence" orderid="12" id="markable_12" span="word_262..word_280" />
<markable mmax_level="sentence" orderid="13" id="markable_13" span="word_281..word_293" />
<markable mmax_level="sentence" orderid="14" id="markable_14" span="word_294..word_320" />
<markable mmax_level="sentence" orderid="15" id="markable_15" span="word_321..word_351" />
<markable mmax_level="sentence" orderid="16" id="markable_16" span="word_352..word_362" />
<markable mmax_level="sentence" orderid="17" id="markable_17" span="word_363..word_381" />
<markable mmax_level="sentence" orderid="18" id="markable_18" span="word_382..word_391" />
<markable mmax_level="sentence" orderid="19" id="markable_19" span="word_392..word_438" />
<markable mmax_level="sentence" orderid="20" id="markable_20" span="word_439..word_450" />
<markable mmax_level="sentence" orderid="21" id="markable_21" span="word_451..word_468" />
<markable mmax_level="sentence" orderid="22" id="markable_22" span="word_469..word_482" />
<markable mmax_level="sentence" orderid="23" id="markable_23" span="word_483..word_501" />
<markable mmax_level="sentence" orderid="24" id="markable_24" span="word_502..word_525" />
<markable mmax_level="sentence" orderid="25" id="markable_25" span="word_526..word_545" />
<markable mmax_level="sentence" orderid="26" id="markable_26" span="word_546..word_557" />
<markable mmax_level="sentence" orderid="27" id="markable_27" span="word_558..word_591" />
<markable mmax_level="sentence" orderid="28" id="markable_28" span="word_592..word_614" />
<markable mmax_level="sentence" orderid="29" id="markable_29" span="word_615..word_622" />
<markable mmax_level="sentence" orderid="30" id="markable_30" span="word_623..word_638" />
<markable mmax_level="sentence" orderid="31" id="markable_31" span="word_639..word_653" />
<markable mmax_level="sentence" orderid="32" id="markable_32" span="word_654..word_676" />
<markable mmax_level="sentence" orderid="33" id="markable_33" span="word_677..word_691" />
<markable mmax_level="sentence" orderid="34" id="markable_34" span="word_692..word_701" />
<markable mmax_level="sentence" orderid="35" id="markable_35" span="word_702..word_726" />
<markable mmax_level="sentence" orderid="36" id="markable_36" span="word_727..word_745" />
<markable mmax_level="sentence" orderid="37" id="markable_37" span="word_746..word_770" />
<markable mmax_level="sentence" orderid="38" id="markable_38" span="word_771..word_786" />
<markable mmax_level="sentence" orderid="39" id="markable_39" span="word_787..word_846" />
<markable mmax_level="sentence" orderid="40" id="markable_40" span="word_847..word_864" />
<markable mmax_level="sentence" orderid="41" id="markable_41" span="word_865..word_878" />
<markable mmax_level="sentence" orderid="42" id="markable_42" span="word_879..word_899" />
<markable mmax_level="sentence" orderid="43" id="markable_43" span="word_900..word_946" />
<markable mmax_level="sentence" orderid="44" id="markable_44" span="word_947..word_957" />
<markable mmax_level="sentence" orderid="45" id="markable_45" span="word_958..word_976" />
<markable mmax_level="sentence" orderid="46" id="markable_46" span="word_977..word_994" />
<markable mmax_level="sentence" orderid="47" id="markable_47" span="word_995..word_1005" />
<markable mmax_level="sentence" orderid="48" id="markable_48" span="word_1006..word_1022" />
<markable mmax_level="sentence" orderid="49" id="markable_49" span="word_1023..word_1062" />
<markable mmax_level="sentence" orderid="50" id="markable_50" span="word_1063..word_1083" />
<markable mmax_level="sentence" orderid="51" id="markable_51" span="word_1084..word_1101" />
<markable mmax_level="sentence" orderid="52" id="markable_52" span="word_1102..word_1116" />
<markable mmax_level="sentence" orderid="53" id="markable_53" span="word_1117..word_1123" />
<markable mmax_level="sentence" orderid="54" id="markable_54" span="word_1124..word_1158" />
<markable mmax_level="sentence" orderid="55" id="markable_55" span="word_1159..word_1189" />
<markable mmax_level="sentence" orderid="56" id="markable_56" span="word_1190..word_1220" />
<markable mmax_level="sentence" orderid="57" id="markable_57" span="word_1221..word_1237" />
<markable mmax_level="sentence" orderid="58" id="markable_58" span="word_1238..word_1272" />
<markable mmax_level="sentence" orderid="59" id="markable_59" span="word_1273..word_1295" />
<markable mmax_level="sentence" orderid="60" id="markable_60" span="word_1296..word_1327" />
<markable mmax_level="sentence" orderid="61" id="markable_61" span="word_1328..word_1335" />
<markable mmax_level="sentence" orderid="62" id="markable_62" span="word_1336..word_1373" />
<markable mmax_level="sentence" orderid="63" id="markable_63" span="word_1374..word_1384" />
<markable mmax_level="sentence" orderid="64" id="markable_64" span="word_1385..word_1420" />
<markable mmax_level="sentence" orderid="65" id="markable_65" span="word_1421..word_1454" />
<markable mmax_level="sentence" orderid="66" id="markable_66" span="word_1455..word_1526" />
<markable mmax_level="sentence" orderid="67" id="markable_67" span="word_1527..word_1547" />
<markable mmax_level="sentence" orderid="68" id="markable_68" span="word_1548..word_1555" />
<markable mmax_level="sentence" orderid="69" id="markable_69" span="word_1556..word_1579" />
<markable mmax_level="sentence" orderid="70" id="markable_70" span="word_1580..word_1593" />
<markable mmax_level="sentence" orderid="71" id="markable_71" span="word_1594..word_1644" />
<markable mmax_level="sentence" orderid="72" id="markable_72" span="word_1645..word_1658" />
<markable mmax_level="sentence" orderid="73" id="markable_73" span="word_1659..word_1679" />
<markable mmax_level="sentence" orderid="74" id="markable_74" span="word_1680..word_1686" />
<markable mmax_level="sentence" orderid="75" id="markable_75" span="word_1687..word_1695" />
<markable mmax_level="sentence" orderid="76" id="markable_76" span="word_1696..word_1703" />
<markable mmax_level="sentence" orderid="77" id="markable_77" span="word_1704..word_1713" />
<markable mmax_level="sentence" orderid="78" id="markable_78" span="word_1714..word_1726" />
<markable mmax_level="sentence" orderid="79" id="markable_79" span="word_1727..word_1761" />
<markable mmax_level="sentence" orderid="80" id="markable_80" span="word_1762..word_1781" />
<markable mmax_level="sentence" orderid="81" id="markable_81" span="word_1782..word_1795" />
<markable mmax_level="sentence" orderid="82" id="markable_82" span="word_1796..word_1822" />
<markable mmax_level="sentence" orderid="83" id="markable_83" span="word_1823..word_1869" />
<markable mmax_level="sentence" orderid="84" id="markable_84" span="word_1870..word_1883" />
<markable mmax_level="sentence" orderid="85" id="markable_85" span="word_1884..word_1892" />
<markable mmax_level="sentence" orderid="86" id="markable_86" span="word_1893..word_1908" />
<markable mmax_level="sentence" orderid="87" id="markable_87" span="word_1909..word_1923" />
<markable mmax_level="sentence" orderid="88" id="markable_88" span="word_1924..word_1945" />
<markable mmax_level="sentence" orderid="89" id="markable_89" span="word_1946..word_1957" />
<markable mmax_level="sentence" orderid="90" id="markable_90" span="word_1958..word_2001" />
<markable mmax_level="sentence" orderid="91" id="markable_91" span="word_2002..word_2054" />
<markable mmax_level="sentence" orderid="92" id="markable_92" span="word_2055..word_2071" />
<markable mmax_level="sentence" orderid="93" id="markable_93" span="word_2072..word_2083" />
<markable mmax_level="sentence" orderid="94" id="markable_94" span="word_2084..word_2106" />
<markable mmax_level="sentence" orderid="95" id="markable_95" span="word_2107..word_2124" />
<markable mmax_level="sentence" orderid="96" id="markable_96" span="word_2125..word_2139" />
<markable mmax_level="sentence" orderid="97" id="markable_97" span="word_2140..word_2156" />
<markable mmax_level="sentence" orderid="98" id="markable_98" span="word_2157..word_2169" />
<markable mmax_level="sentence" orderid="99" id="markable_99" span="word_2170..word_2187" />
<markable mmax_level="sentence" orderid="100" id="markable_100" span="word_2188..word_2199" />
<markable mmax_level="sentence" orderid="101" id="markable_101" span="word_2200..word_2216" />
<markable mmax_level="sentence" orderid="102" id="markable_102" span="word_2217..word_2235" />
<markable mmax_level="sentence" orderid="103" id="markable_103" span="word_2236..word_2255" />
<markable mmax_level="sentence" orderid="104" id="markable_104" span="word_2256..word_2283" />
<markable mmax_level="sentence" orderid="105" id="markable_105" span="word_2284..word_2321" />
<markable mmax_level="sentence" orderid="106" id="markable_106" span="word_2322..word_2335" />
<markable mmax_level="sentence" orderid="107" id="markable_107" span="word_2336..word_2358" />
<markable mmax_level="sentence" orderid="108" id="markable_108" span="word_2359..word_2378" />
<markable mmax_level="sentence" orderid="109" id="markable_109" span="word_2379..word_2399" />
<markable mmax_level="sentence" orderid="110" id="markable_110" span="word_2400..word_2419" />
<markable mmax_level="sentence" orderid="111" id="markable_111" span="word_2420..word_2427" />
<markable mmax_level="sentence" orderid="112" id="markable_112" span="word_2428..word_2454" />
<markable mmax_level="sentence" orderid="113" id="markable_113" span="word_2455..word_2470" />
<markable mmax_level="sentence" orderid="114" id="markable_114" span="word_2471..word_2481" />
<markable mmax_level="sentence" orderid="115" id="markable_115" span="word_2482..word_2519" />
<markable mmax_level="sentence" orderid="116" id="markable_116" span="word_2520..word_2555" />
<markable mmax_level="sentence" orderid="117" id="markable_117" span="word_2556..word_2574" />
<markable mmax_level="sentence" orderid="118" id="markable_118" span="word_2575..word_2587" />
<markable mmax_level="sentence" orderid="119" id="markable_119" span="word_2588..word_2599" />
<markable mmax_level="sentence" orderid="120" id="markable_120" span="word_2600..word_2622" />
<markable mmax_level="sentence" orderid="121" id="markable_121" span="word_2623..word_2647" />
<markable mmax_level="sentence" orderid="122" id="markable_122" span="word_2648..word_2669" />
<markable mmax_level="sentence" orderid="123" id="markable_123" span="word_2670..word_2689" />
<markable mmax_level="sentence" orderid="124" id="markable_124" span="word_2690..word_2700" />
<markable mmax_level="sentence" orderid="125" id="markable_125" span="word_2701..word_2751" />
<markable mmax_level="sentence" orderid="126" id="markable_126" span="word_2752..word_2780" />
<markable mmax_level="sentence" orderid="127" id="markable_127" span="word_2781..word_2787" />
<markable mmax_level="sentence" orderid="128" id="markable_128" span="word_2788..word_2797" />
<markable mmax_level="sentence" orderid="129" id="markable_129" span="word_2798..word_2801" />
<markable mmax_level="sentence" orderid="130" id="markable_130" span="word_2802..word_2809" />
<markable mmax_level="sentence" orderid="131" id="markable_131" span="word_2810..word_2830" />
<markable mmax_level="sentence" orderid="132" id="markable_132" span="word_2831..word_2874" />
<markable mmax_level="sentence" orderid="133" id="markable_133" span="word_2875..word_2902" />
<markable mmax_level="sentence" orderid="134" id="markable_134" span="word_2903..word_2915" />
<markable mmax_level="sentence" orderid="135" id="markable_135" span="word_2916..word_2934" />
<markable mmax_level="sentence" orderid="136" id="markable_136" span="word_2935..word_2955" />
<markable mmax_level="sentence" orderid="137" id="markable_137" span="word_2956..word_2974" />
<markable mmax_level="sentence" orderid="138" id="markable_138" span="word_2975..word_2989" />
<markable mmax_level="sentence" orderid="139" id="markable_139" span="word_2990..word_3007" />
<markable mmax_level="sentence" orderid="140" id="markable_140" span="word_3008..word_3022" />
<markable mmax_level="sentence" orderid="141" id="markable_141" span="word_3023..word_3036" />
<markable mmax_level="sentence" orderid="142" id="markable_142" span="word_3037..word_3075" />
<markable mmax_level="sentence" orderid="143" id="markable_143" span="word_3076..word_3101" />
<markable mmax_level="sentence" orderid="144" id="markable_144" span="word_3102..word_3193" />
<markable mmax_level="sentence" orderid="145" id="markable_145" span="word_3194..word_3215" />
<markable mmax_level="sentence" orderid="146" id="markable_146" span="word_3216..word_3264" />
<markable mmax_level="sentence" orderid="147" id="markable_147" span="word_3265..word_3281" />
<markable mmax_level="sentence" orderid="148" id="markable_148" span="word_3282..word_3297" />
<markable mmax_level="sentence" orderid="149" id="markable_149" span="word_3298..word_3343" />
<markable mmax_level="sentence" orderid="150" id="markable_150" span="word_3344..word_3366" />
<markable mmax_level="sentence" orderid="151" id="markable_151" span="word_3367..word_3381" />
<markable mmax_level="sentence" orderid="152" id="markable_152" span="word_3382..word_3418" />
<markable mmax_level="sentence" orderid="153" id="markable_153" span="word_3419..word_3435" />
<markable mmax_level="sentence" orderid="154" id="markable_154" span="word_3436..word_3454" />
<markable mmax_level="sentence" orderid="155" id="markable_155" span="word_3455..word_3473" />
<markable mmax_level="sentence" orderid="156" id="markable_156" span="word_3474..word_3493" />
<markable mmax_level="sentence" orderid="157" id="markable_157" span="word_3494..word_3506" />
<markable mmax_level="sentence" orderid="158" id="markable_158" span="word_3507..word_3542" />
<markable mmax_level="sentence" orderid="159" id="markable_159" span="word_3543..word_3613" />
<markable mmax_level="sentence" orderid="160" id="markable_160" span="word_3614..word_3655" />
<markable mmax_level="sentence" orderid="161" id="markable_161" span="word_3656..word_3667" />
<markable mmax_level="sentence" orderid="162" id="markable_162" span="word_3668..word_3684" />
<markable mmax_level="sentence" orderid="163" id="markable_163" span="word_3685..word_3701" />
<markable mmax_level="sentence" orderid="164" id="markable_164" span="word_3702..word_3710" />
<markable mmax_level="sentence" orderid="165" id="markable_165" span="word_3711..word_3720" />
<markable mmax_level="sentence" orderid="166" id="markable_166" span="word_3721..word_3741" />
<markable mmax_level="sentence" orderid="167" id="markable_167" span="word_3742..word_3745" />
<markable mmax_level="sentence" orderid="168" id="markable_168" span="word_3746..word_3757" />
<markable mmax_level="sentence" orderid="169" id="markable_169" span="word_3758..word_3775" />
<markable mmax_level="sentence" orderid="170" id="markable_170" span="word_3776..word_3838" />
<markable mmax_level="sentence" orderid="171" id="markable_171" span="word_3839..word_3844" />
<markable mmax_level="sentence" orderid="172" id="markable_172" span="word_3845..word_3902" />
<markable mmax_level="sentence" orderid="173" id="markable_173" span="word_3903..word_3942" />
<markable mmax_level="sentence" orderid="174" id="markable_174" span="word_3943..word_3979" />
<markable mmax_level="sentence" orderid="175" id="markable_175" span="word_3980..word_3994" />
<markable mmax_level="sentence" orderid="176" id="markable_176" span="word_3995..word_4014" />
<markable mmax_level="sentence" orderid="177" id="markable_177" span="word_4015..word_4063" />
<markable mmax_level="sentence" orderid="178" id="markable_178" span="word_4064..word_4081" />
<markable mmax_level="sentence" orderid="179" id="markable_179" span="word_4082..word_4100" />
<markable mmax_level="sentence" orderid="180" id="markable_180" span="word_4101..word_4134" />
<markable mmax_level="sentence" orderid="181" id="markable_181" span="word_4135..word_4151" />
<markable mmax_level="sentence" orderid="182" id="markable_182" span="word_4152..word_4160" />
<markable mmax_level="sentence" orderid="183" id="markable_183" span="word_4161..word_4178" />
<markable mmax_level="sentence" orderid="184" id="markable_184" span="word_4179..word_4192" />
<markable mmax_level="sentence" orderid="185" id="markable_185" span="word_4193..word_4194" />
<markable mmax_level="sentence" orderid="186" id="markable_186" span="word_4195..word_4196" />
<markable mmax_level="sentence" orderid="187" id="markable_187" span="word_4197..word_4213" />
<markable mmax_level="sentence" orderid="188" id="markable_188" span="word_4214..word_4227" />
<markable mmax_level="sentence" orderid="189" id="markable_189" span="word_4228..word_4230" />
</markables>
