<?xml version="1.0" encoding="utf-8"?>
<!DOCTYPE markables SYSTEM "markables.dtd">
<markables xmlns="www.eml.org/NameSpaces/coref">
<markable id="markable_560" span="word_2572" audience="none"  agreement="none"  split="simple antecedent"  coref_class="empty"  mmax_level="coref"  nptype="none"  position="none"  type="speaker reference"  sub_apposition="none"  mention="pronoun" />
<markable id="markable_203" span="word_959..word_960" coref_class="set_38"  mmax_level="coref"  nptype="antecedent"  mention="np" />
<markable id="markable_566" span="word_2615" coref_class="set_91"  mmax_level="coref"  nptype="antecedent"  mention="np" />
<markable id="markable_568" span="word_2622" type_of_pronoun="personal"  split="simple antecedent"  agreement="they (pl.)"  coref_class="set_91"  mmax_level="coref"  position="it (subject)"  type="anaphoric"  mention="pronoun"  antetype="entity" />
<markable id="markable_446" span="word_2078..word_2079" coref_class="set_82"  mmax_level="coref"  nptype="antecedent"  mention="np" />
<markable id="markable_688" span="word_1329..word_1330" coref_class="set_50"  mmax_level="coref"  nptype="antecedent"  mention="np" />
<markable id="markable_562" span="word_2587..word_2599" coref_class="set_89"  mmax_level="coref"  clausetype="antecedent"  mention="clause" />
<markable id="markable_320" span="word_1498" type_of_pronoun="demonstrative"  split="simple antecedent"  agreement="none"  coref_class="set_116"  mmax_level="coref"  position="it (subject)"  type="anaphoric"  mention="pronoun"  antetype="event" />
<markable id="markable_440" span="word_2054..word_2055" coref_class="set_80"  mmax_level="coref"  nptype="antecedent"  mention="np" />
<markable id="markable_564" span="word_2608" type_of_pronoun="personal"  split="simple antecedent"  agreement="none"  coref_class="set_89"  mmax_level="coref"  position="it (non-subject)"  type="anaphoric"  mention="pronoun"  antetype="event" />
<markable id="markable_442" span="word_2062" type_of_pronoun="personal"  split="simple antecedent"  agreement="they (sg.)"  coref_class="set_80"  mmax_level="coref"  position="it (subject)"  type="anaphoric"  mention="pronoun"  antetype="entity" />
<markable id="markable_563" span="word_2606" audience="none"  agreement="none"  split="simple antecedent"  coref_class="empty"  mmax_level="coref"  nptype="none"  position="none"  type="speaker reference"  sub_apposition="none"  mention="pronoun" />
<markable id="markable_321" span="word_1500" audience="none"  agreement="none"  split="simple antecedent"  coref_class="empty"  mmax_level="coref"  nptype="none"  position="none"  type="speaker reference"  sub_apposition="none"  mention="pronoun" />
<markable id="markable_438" span="word_2048" type_of_pronoun="personal"  split="simple antecedent"  agreement="they (pl.)"  coref_class="set_79"  mmax_level="coref"  position="it (non-subject)"  type="anaphoric"  mention="pronoun"  antetype="entity" />
<markable id="markable_559" span="word_2565" audience="none"  agreement="none"  split="simple antecedent"  coref_class="empty"  mmax_level="coref"  nptype="none"  position="none"  type="speaker reference"  sub_apposition="none"  mention="pronoun" />
<markable id="markable_317" span="word_1487" type_of_pronoun="personal"  split="simple antecedent"  agreement="they (sg.)"  coref_class="set_57"  mmax_level="coref"  position="it (non-subject)"  type="anaphoric"  mention="pronoun"  antetype="entity" />
<markable id="markable_318" span="word_1489..word_1491" coref_class="set_58"  mmax_level="coref"  nptype="antecedent"  mention="np" />
<markable id="markable_450" span="word_2096" type_of_pronoun="personal"  split="simple antecedent"  agreement="they (pl.)"  coref_class="set_82"  mmax_level="coref"  position="it (subject)"  type="anaphoric"  mention="pronoun"  antetype="entity" />
<markable id="markable_692" span="word_1470..word_1471" coref_class="set_57"  mmax_level="coref"  nptype="antecedent"  mention="np" />
<markable id="markable_571" span="word_2634" audience="deictic you"  agreement="you (pl.)"  coref_class="empty"  mmax_level="coref"  position="you (subject)"  type="addressee reference"  mention="pronoun" />
<markable id="markable_570" span="word_2627" type_of_pronoun="personal"  split="simple antecedent"  agreement="they (pl.)"  coref_class="set_91"  mmax_level="coref"  position="it (subject)"  type="anaphoric"  mention="pronoun"  antetype="entity" />
<markable id="markable_214" span="word_1007" audience="none"  agreement="none"  split="simple antecedent"  coref_class="empty"  mmax_level="coref"  nptype="none"  position="none"  type="speaker reference"  sub_apposition="none"  mention="pronoun" />
<markable id="markable_455" span="word_2117" audience="all-inclusive we"  coref_class="empty"  mmax_level="coref"  type="speaker reference"  mention="pronoun" />
<markable id="markable_576" span="word_2657" audience="deictic you"  agreement="you (pl.)"  coref_class="empty"  mmax_level="coref"  position="you (non-subject)"  type="addressee reference"  mention="pronoun" />
<markable id="markable_334" span="word_1567" type_of_pronoun="personal"  split="simple antecedent"  agreement="they (sg.)"  coref_class="set_61"  mmax_level="coref"  position="it (subject)"  type="anaphoric"  mention="pronoun"  antetype="entity" />
<markable id="markable_215" span="word_1011" audience="none"  agreement="none"  split="simple antecedent"  coref_class="empty"  mmax_level="coref"  nptype="none"  position="none"  type="speaker reference"  sub_apposition="none"  mention="pronoun" />
<markable id="markable_578" span="word_2666" audience="none"  agreement="none"  split="simple antecedent"  coref_class="empty"  mmax_level="coref"  nptype="none"  position="none"  type="speaker reference"  sub_apposition="none"  mention="pronoun" />
<markable id="markable_452" span="word_2104" type_of_pronoun="personal"  split="simple antecedent"  agreement="they (pl.)"  coref_class="set_82"  mmax_level="coref"  position="it (subject)"  type="anaphoric"  mention="pronoun"  antetype="entity" />
<markable id="markable_331" span="word_1548..word_1550" coref_class="set_61"  mmax_level="coref"  nptype="antecedent"  mention="np" />
<markable id="markable_212" span="word_1002" audience="none"  agreement="none"  split="simple antecedent"  coref_class="empty"  mmax_level="coref"  nptype="none"  position="none"  type="speaker reference"  sub_apposition="none"  mention="pronoun" />
<markable id="markable_211" span="word_998..word_999" coref_class="set_39"  mmax_level="coref"  nptype="antecedent"  mention="np" />
<markable id="markable_461" span="word_2144" audience="deictic you"  agreement="you (pl.)"  coref_class="empty"  mmax_level="coref"  position="you (non-subject)"  type="addressee reference"  mention="pronoun" />
<markable id="markable_460" span="word_2141" audience="deictic you"  agreement="you (pl.)"  coref_class="empty"  mmax_level="coref"  position="you (non-subject)"  type="addressee reference"  mention="pronoun" />
<markable id="markable_581" span="word_2684" audience="none"  agreement="none"  split="simple antecedent"  coref_class="empty"  mmax_level="coref"  nptype="none"  position="none"  type="speaker reference"  sub_apposition="none"  mention="pronoun" />
<markable id="markable_466" span="word_2161" audience="none"  agreement="none"  split="simple antecedent"  coref_class="empty"  mmax_level="coref"  nptype="none"  position="none"  type="speaker reference"  sub_apposition="none"  mention="pronoun" />
<markable id="markable_106" span="word_542" type_of_pronoun="personal"  split="simple antecedent"  agreement="they (sg.)"  coref_class="set_19"  mmax_level="coref"  position="it (subject)"  type="anaphoric"  mention="pronoun"  antetype="entity" />
<markable id="markable_463" span="word_2155" audience="deictic you"  agreement="you (sg.)"  coref_class="empty"  mmax_level="coref"  position="you (non-subject)"  type="addressee reference"  mention="pronoun" />
<markable id="markable_584" span="word_2699" type_of_pronoun="personal"  split="simple antecedent"  agreement="they (pl.)"  coref_class="set_92"  mmax_level="coref"  position="it (subject)"  type="anaphoric"  mention="pronoun"  antetype="entity" />
<markable id="markable_462" span="word_2151" audience="none"  agreement="none"  split="simple antecedent"  coref_class="empty"  mmax_level="coref"  nptype="none"  position="none"  type="speaker reference"  sub_apposition="none"  mention="pronoun" />
<markable id="markable_583" span="word_2693..word_2694" coref_class="set_92"  mmax_level="coref"  nptype="antecedent"  mention="np" />
<markable id="markable_341" span="word_1595..word_1597" coref_class="set_62"  mmax_level="coref"  nptype="antecedent"  mention="np" />
<markable id="markable_586" span="word_2709" type_of_pronoun="demonstrative"  split="simple antecedent"  agreement="they (sg.)"  coref_class="set_93"  mmax_level="coref"  position="it (subject)"  type="anaphoric"  mention="pronoun"  antetype="entity" />
<markable id="markable_585" span="word_2704..word_2706" coref_class="set_93"  mmax_level="coref"  nptype="antecedent"  mention="np" />
<markable id="markable_343" span="word_1604" type_of_pronoun="personal"  split="simple antecedent"  agreement="they (pl.)"  coref_class="set_62"  mmax_level="coref"  position="it (subject)"  type="anaphoric"  mention="pronoun"  antetype="entity" />
<markable id="markable_459" span="word_2135" audience="deictic you"  agreement="you (pl.)"  coref_class="empty"  mmax_level="coref"  position="you (non-subject)"  type="addressee reference"  mention="pronoun" />
<markable id="markable_217" span="word_1018" audience="none"  agreement="none"  split="simple antecedent"  coref_class="empty"  mmax_level="coref"  nptype="none"  position="none"  type="speaker reference"  sub_apposition="none"  mention="pronoun" />
<markable id="markable_338" span="word_1582" type_of_pronoun="personal"  split="simple antecedent"  agreement="they (sg.)"  coref_class="set_61"  mmax_level="coref"  position="it (subject)"  type="anaphoric"  mention="pronoun"  antetype="entity" />
<markable id="markable_591" span="word_2730" audience="deictic you"  agreement="you (sg.)"  coref_class="empty"  mmax_level="coref"  position="you (subject)"  type="addressee reference"  mention="pronoun" />
<markable id="markable_472" span="word_2183" audience="deictic you"  agreement="you (sg.)"  coref_class="empty"  mmax_level="coref"  position="you (subject)"  type="addressee reference"  mention="pronoun" />
<markable id="markable_235" span="word_1126" type_of_pronoun="personal"  split="simple antecedent"  agreement="they (pl.)"  coref_class="set_41"  mmax_level="coref"  position="it (subject)"  type="anaphoric"  mention="pronoun"  antetype="entity" />
<markable id="markable_114" span="word_567..word_568" coref_class="set_20"  mmax_level="coref"  nptype="antecedent"  mention="np" />
<markable id="markable_598" span="word_2762" type_of_pronoun="personal"  split="simple antecedent"  agreement="they (sg.)"  coref_class="set_102"  mmax_level="coref"  position="it (non-subject)"  type="anaphoric"  mention="pronoun"  antetype="entity" />
<markable id="markable_356" span="word_1670" type_of_pronoun="personal"  split="simple antecedent"  agreement="they (sg.)"  coref_class="set_64"  mmax_level="coref"  position="it (subject)"  type="anaphoric"  mention="pronoun"  antetype="entity" />
<markable id="markable_238" span="word_1145" type_of_pronoun="personal"  split="simple antecedent"  agreement="they (sg.)"  coref_class="set_43"  mmax_level="coref"  position="it (non-subject)"  type="anaphoric"  mention="pronoun"  antetype="entity" />
<markable id="markable_359" span="word_1684" type_of_pronoun="personal"  split="simple antecedent"  agreement="they (sg.)"  coref_class="set_65"  mmax_level="coref"  position="it (subject)"  type="anaphoric"  mention="pronoun"  antetype="entity" />
<markable id="markable_479" span="word_2207..word_2209" coref_class="set_83"  mmax_level="coref"  nptype="antecedent"  mention="np" />
<markable id="markable_237" span="word_1139..word_1140" coref_class="set_44"  mmax_level="coref"  nptype="antecedent"  mention="np" />
<markable id="markable_358" span="word_1677..word_1678" coref_class="set_65"  mmax_level="coref"  nptype="antecedent"  mention="np" />
<markable id="markable_595" span="word_2751" audience="none"  agreement="none"  split="simple antecedent"  coref_class="empty"  mmax_level="coref"  nptype="none"  position="none"  type="speaker reference"  sub_apposition="none"  mention="pronoun" />
<markable id="markable_473" span="word_2186" audience="none"  coref_class="empty"  mmax_level="coref"  type="speaker reference"  mention="pronoun" />
<markable id="markable_110" span="word_555" type_of_pronoun="personal"  split="simple antecedent"  agreement="they (sg.)"  coref_class="set_19"  mmax_level="coref"  position="it (subject)"  type="anaphoric"  mention="pronoun"  antetype="entity" />
<markable id="markable_594" span="word_2749" audience="deictic you"  agreement="you (sg.)"  coref_class="empty"  mmax_level="coref"  position="you (subject)"  type="addressee reference"  mention="pronoun" />
<markable id="markable_234" span="word_1119" coref_class="set_41"  mmax_level="coref"  nptype="antecedent"  mention="np" />
<markable id="markable_113" span="word_565" type_of_pronoun="personal"  split="simple antecedent"  agreement="they (sg.)"  coref_class="set_19"  mmax_level="coref"  position="it (subject)"  type="anaphoric"  mention="pronoun"  antetype="entity" />
<markable id="markable_597" span="word_2759" audience="none"  agreement="none"  split="simple antecedent"  coref_class="empty"  mmax_level="coref"  nptype="none"  position="none"  type="speaker reference"  sub_apposition="none"  mention="pronoun" />
<markable id="markable_355" span="word_1664" type_of_pronoun="personal"  split="simple antecedent"  agreement="they (sg.)"  coref_class="set_64"  mmax_level="coref"  position="it (subject)"  type="anaphoric"  mention="pronoun"  antetype="entity" />
<markable id="markable_596" span="word_2755" audience="none"  agreement="none"  split="simple antecedent"  coref_class="empty"  mmax_level="coref"  nptype="none"  position="none"  type="speaker reference"  sub_apposition="none"  mention="pronoun" />
<markable id="markable_483" span="word_2223" audience="deictic you"  agreement="you (sg.)"  coref_class="empty"  mmax_level="coref"  position="you (subject)"  type="addressee reference"  mention="pronoun" />
<markable id="markable_120" span="word_600" type_of_pronoun="personal"  split="simple antecedent"  agreement="they (sg.)"  coref_class="set_22"  mmax_level="coref"  position="it (subject)"  type="anaphoric"  mention="pronoun"  antetype="entity" />
<markable id="markable_240" span="word_1153" type_of_pronoun="personal"  split="simple antecedent"  agreement="they (sg.)"  coref_class="set_44"  mmax_level="coref"  position="it (subject)"  type="anaphoric"  mention="pronoun"  antetype="entity" />
<markable id="markable_361" span="word_1694" type_of_pronoun="personal"  split="simple antecedent"  agreement="they (sg.)"  coref_class="set_66"  mmax_level="coref"  position="it (subject)"  type="anaphoric"  mention="pronoun"  antetype="entity" />
<markable id="markable_247" span="word_1194" audience="generic you"  agreement="you (sg.)"  coref_class="empty"  mmax_level="coref"  position="you (subject)"  type="addressee reference"  mention="pronoun" />
<markable id="markable_489" span="word_2242" audience="none"  agreement="none"  split="simple antecedent"  coref_class="empty"  mmax_level="coref"  nptype="none"  position="none"  type="speaker reference"  sub_apposition="none"  mention="pronoun" />
<markable id="markable_249" span="word_1203..word_1204" coref_class="set_46"  mmax_level="coref"  nptype="antecedent"  mention="np" />
<markable id="markable_248" span="word_1199" audience="generic you"  agreement="you (pl.)"  coref_class="empty"  mmax_level="coref"  position="you (subject)"  type="addressee reference"  mention="pronoun" />
<markable id="markable_485" span="word_2230" audience="none"  agreement="none"  split="simple antecedent"  coref_class="empty"  mmax_level="coref"  nptype="none"  position="none"  type="speaker reference"  sub_apposition="none"  mention="pronoun" />
<markable id="markable_484" span="word_2225" agreement="none"  split="simple antecedent"  coref_class="set_83"  mmax_level="coref"  position="none"  type="anaphoric"  mention="pronoun" />
<markable id="markable_124" span="word_619" type_of_pronoun="personal"  split="simple antecedent"  agreement="they (sg.)"  coref_class="set_24"  mmax_level="coref"  position="it (subject)"  type="anaphoric"  mention="pronoun"  antetype="entity" />
<markable id="markable_365" span="word_1710" coref_class="set_69"  mmax_level="coref"  nptype="antecedent"  mention="np" />
<markable id="markable_32" span="word_171" audience="none"  agreement="none"  split="simple antecedent"  coref_class="empty"  mmax_level="coref"  nptype="none"  position="none"  type="speaker reference"  sub_apposition="none"  mention="pronoun" />
<markable id="markable_239" span="word_1150" type_of_pronoun="personal"  split="simple antecedent"  agreement="they (pl.)"  coref_class="set_43"  mmax_level="coref"  position="it (non-subject)"  type="anaphoric"  mention="pronoun"  antetype="entity" />
<markable id="markable_118" span="word_593" coref_class="empty"  mmax_level="coref"  type="pleonastic"  mention="pronoun" />
<markable id="markable_37" span="word_201" type_of_pronoun="personal"  split="simple antecedent"  agreement="they (sg.)"  coref_class="set_2"  mmax_level="coref"  position="it (subject)"  type="anaphoric"  mention="pronoun"  antetype="entity" />
<markable id="markable_492" span="word_2250" audience="generic you"  agreement="you (pl.)"  coref_class="empty"  mmax_level="coref"  position="you (subject)"  type="addressee reference"  mention="pronoun" />
<markable id="markable_371" span="word_1734" type_of_pronoun="demonstrative"  split="simple antecedent"  agreement="none"  coref_class="set_118"  mmax_level="coref"  position="it (non-subject)"  type="anaphoric"  mention="pronoun"  antetype="event" />
<markable id="markable_252" span="word_1216" coref_class="set_47"  mmax_level="coref"  nptype="antecedent"  mention="np" />
<markable id="markable_494" span="word_2257" audience="generic you"  agreement="you (pl.)"  coref_class="empty"  mmax_level="coref"  position="you (subject)"  type="addressee reference"  mention="pronoun" />
<markable id="markable_251" span="word_1212" coref_class="empty"  mmax_level="coref"  type="pleonastic"  mention="pronoun" />
<markable id="markable_130" span="word_642" type_of_pronoun="personal"  split="simple antecedent"  agreement="none"  coref_class="set_107"  mmax_level="coref"  position="it (non-subject)"  type="anaphoric"  mention="pronoun"  antetype="entity" />
<markable id="markable_257" span="word_1245" audience="generic you"  agreement="you (pl.)"  coref_class="empty"  mmax_level="coref"  position="you (non-subject)"  type="addressee reference"  mention="pronoun" />
<markable id="markable_378" span="word_1766" type_of_pronoun="personal"  split="simple antecedent"  agreement="they (sg.)"  coref_class="set_73"  mmax_level="coref"  position="it (subject)"  type="anaphoric"  mention="pronoun"  antetype="entity" />
<markable id="markable_259" span="word_1248" audience="generic you"  agreement="you (pl.)"  coref_class="empty"  mmax_level="coref"  position="you (subject)"  type="addressee reference"  mention="pronoun" />
<markable id="markable_138" span="word_682" type_of_pronoun="personal"  split="simple antecedent"  agreement="they (pl.)"  coref_class="set_26"  mmax_level="coref"  position="it (non-subject)"  type="anaphoric"  mention="pronoun"  antetype="entity" />
<markable id="markable_375" span="word_1754" type_of_pronoun="personal"  split="simple antecedent"  agreement="they (sg.)"  coref_class="set_73"  mmax_level="coref"  position="it (subject)"  type="anaphoric"  mention="pronoun"  antetype="entity" />
<markable id="markable_253" span="word_1221" split="simple antecedent"  coref_class="set_47"  mmax_level="coref"  type="nom substitution"  mention="pronoun"  antetype="entity" />
<markable id="markable_132" span="word_649" type_of_pronoun="personal"  split="simple antecedent"  agreement="they (sg.)"  coref_class="set_24"  mmax_level="coref"  position="it (subject)"  type="anaphoric"  mention="pronoun"  antetype="entity" />
<markable id="markable_374" span="word_1751..word_1752" coref_class="set_71"  mmax_level="coref"  nptype="antecedent"  mention="np" />
<markable id="markable_135" span="word_673" type_of_pronoun="personal"  split="simple antecedent"  agreement="they (sg.)"  coref_class="set_27"  mmax_level="coref"  position="it (subject)"  type="anaphoric"  mention="pronoun"  antetype="entity" />
<markable id="markable_377" span="word_1761" type_of_pronoun="personal"  split="simple antecedent"  agreement="they (sg.)"  coref_class="set_73"  mmax_level="coref"  position="it (subject)"  type="anaphoric"  mention="pronoun"  antetype="entity" />
<markable id="markable_497" span="word_2270" audience="generic you"  agreement="you (pl.)"  coref_class="empty"  mmax_level="coref"  position="you (subject)"  type="addressee reference"  mention="pronoun" />
<markable id="markable_376" span="word_1758" type_of_pronoun="personal"  split="simple antecedent"  agreement="they (pl.)"  coref_class="set_71"  mmax_level="coref"  position="it (non-subject)"  type="anaphoric"  mention="pronoun"  antetype="entity" />
<markable id="markable_805" span="word_1000" type_of_pronoun="relative"  split="simple antecedent"  agreement="they (sg.)"  coref_class="set_39"  mmax_level="coref"  position="it (subject)"  type="anaphoric"  mention="pronoun"  antetype="entity" />
<markable id="markable_804" span="word_972" type_of_pronoun="demonstrative"  split="simple antecedent"  agreement="none"  coref_class="set_111"  mmax_level="coref"  position="it (non-subject)"  type="anaphoric"  mention="pronoun"  antetype="entity" />
<markable id="markable_807" span="word_1137" coref_class="set_43"  mmax_level="coref"  nptype="antecedent"  mention="np" />
<markable id="markable_801" span="word_735..word_737" npmod="possessive"  split="simple antecedent"  coref_class="set_34"  mmax_level="coref"  nptype="np"  anacata="anaphoric"  mention="np"  antetype="entity" />
<markable id="markable_800" span="word_690..word_691" coref_class="set_30"  mmax_level="coref"  nptype="antecedent"  mention="np" />
<markable id="markable_129" span="word_639" audience="deictic you"  agreement="you (pl.)"  coref_class="empty"  mmax_level="coref"  position="you (subject)"  type="addressee reference"  mention="pronoun" />
<markable id="markable_20" span="word_125" audience="deictic you"  agreement="you (pl.)"  coref_class="empty"  mmax_level="coref"  position="you (subject)"  type="addressee reference"  mention="pronoun" />
<markable id="markable_803" span="word_903..word_906" coref_class="set_37"  mmax_level="coref"  nptype="antecedent"  mention="np" />
<markable id="markable_802" span="word_768" audience="none"  coref_class="empty"  mmax_level="coref"  type="speaker reference"  mention="pronoun" />
<markable id="markable_809" span="word_1224" type_of_pronoun="demonstrative"  split="simple antecedent"  agreement="none"  coref_class="set_114"  mmax_level="coref"  position="it (subject)"  type="anaphoric"  mention="pronoun"  antetype="event" />
<markable id="markable_808" span="word_1161..word_1162" coref_class="set_45"  mmax_level="coref"  nptype="antecedent"  mention="np" />
<markable id="markable_26" span="word_147" audience="all-inclusive we"  coref_class="empty"  mmax_level="coref"  type="speaker reference"  mention="pronoun" />
<markable id="markable_142" span="word_700" type_of_pronoun="personal"  split="simple antecedent"  agreement="they (sg.)"  coref_class="set_30"  mmax_level="coref"  position="it (subject)"  type="anaphoric"  mention="pronoun"  antetype="entity" />
<markable id="markable_384" span="word_1791" type_of_pronoun="demonstrative"  split="simple antecedent"  agreement="none"  coref_class="set_119"  mmax_level="coref"  position="it (non-subject)"  type="anaphoric"  mention="pronoun"  antetype="event" />
<markable id="markable_821" span="word_2272" type_of_pronoun="demonstrative"  split="simple antecedent"  agreement="none"  coref_class="set_125"  mmax_level="coref"  position="it (non-subject)"  type="anaphoric"  mention="pronoun"  antetype="event" />
<markable id="markable_820" span="word_2259" type_of_pronoun="demonstrative"  split="simple antecedent"  agreement="none"  coref_class="set_125"  mmax_level="coref"  position="it (non-subject)"  type="anaphoric"  mention="pronoun"  antetype="event" />
<markable id="markable_149" span="word_739" type_of_pronoun="personal"  split="simple antecedent"  agreement="they (sg.)"  coref_class="set_34"  mmax_level="coref"  position="it (subject)"  type="anaphoric"  mention="pronoun"  antetype="entity" />
<markable id="markable_816" span="word_1915..word_1919" coref_class="set_75"  mmax_level="coref"  nptype="antecedent"  mention="np" />
<markable id="markable_815" span="word_1744..word_1745" coref_class="set_73"  mmax_level="coref"  nptype="antecedent"  mention="np" />
<markable id="markable_818" span="word_2004..word_2011" coref_class="set_76"  mmax_level="coref"  nptype="antecedent"  mention="np" />
<markable id="markable_817" span="word_2019" type_of_pronoun="demonstrative"  split="simple antecedent"  agreement="they (sg.)"  coref_class="set_76"  mmax_level="coref"  position="it (non-subject)"  type="anaphoric"  mention="pronoun"  antetype="entity" />
<markable id="markable_812" span="word_1635" type_of_pronoun="demonstrative"  split="simple antecedent"  agreement="none"  coref_class="set_117"  mmax_level="coref"  position="it (subject)"  type="anaphoric"  mention="pronoun"  antetype="event" />
<markable id="markable_811" span="word_1524..word_1525" coref_class="set_59"  mmax_level="coref"  nptype="antecedent"  mention="np" />
<markable id="markable_814" span="word_1688" coref_class="set_66"  mmax_level="coref"  nptype="antecedent"  mention="np" />
<markable id="markable_813" span="word_1657..word_1662" coref_class="set_64"  mmax_level="coref"  nptype="antecedent"  mention="np" />
<markable id="markable_819" span="word_2113" type_of_pronoun="demonstrative"  split="simple antecedent"  agreement="none"  coref_class="set_124"  mmax_level="coref"  position="it (subject)"  type="anaphoric"  mention="pronoun"  antetype="event" />
<markable id="markable_17" span="word_107" audience="none"  agreement="none"  split="simple antecedent"  coref_class="empty"  mmax_level="coref"  nptype="none"  position="none"  type="speaker reference"  sub_apposition="none"  mention="pronoun" />
<markable id="markable_393" span="word_1830" type_of_pronoun="personal"  split="simple antecedent"  agreement="they (sg.)"  coref_class="set_74"  mmax_level="coref"  position="it (subject)"  type="anaphoric"  mention="pronoun"  antetype="entity" />
<markable id="markable_270" span="word_1298" coref_class="empty"  mmax_level="coref"  type="pleonastic"  mention="pronoun" />
<markable id="markable_390" span="word_1819..word_1821" coref_class="set_74"  mmax_level="coref"  nptype="antecedent"  mention="np" />
<markable id="markable_830" span="word_2741" type_of_pronoun="demonstrative"  split="simple antecedent"  agreement="none"  coref_class="set_134"  mmax_level="coref"  position="it (subject)"  type="anaphoric"  mention="pronoun"  antetype="event" />
<markable id="markable_832" span="word_137..word_138" npmod="demonstrative"  split="simple antecedent"  coref_class="set_103"  mmax_level="coref"  nptype="np"  anacata="anaphoric"  mention="np"  antetype="entity" />
<markable id="markable_831" span="word_128..word_136" coref_class="set_103"  mmax_level="coref"  nptype="antecedent"  mention="np" />
<markable id="markable_399" span="word_1855" audience="deictic you"  agreement="you (pl.)"  coref_class="empty"  mmax_level="coref"  position="you (subject)"  type="addressee reference"  mention="pronoun" />
<markable id="markable_277" span="word_1335" type_of_pronoun="personal"  split="simple antecedent"  agreement="they (sg.)"  coref_class="set_50"  mmax_level="coref"  position="it (subject)"  type="anaphoric"  mention="pronoun"  antetype="entity" />
<markable id="markable_827" span="word_2509..word_2513" coref_class="set_87"  mmax_level="coref"  nptype="antecedent"  mention="np" />
<markable id="markable_826" span="word_2371" type_of_pronoun="demonstrative"  split="simple antecedent"  agreement="none"  coref_class="set_128"  mmax_level="coref"  position="it (non-subject)"  type="anaphoric"  mention="pronoun"  antetype="event" />
<markable id="markable_829" span="word_2660" type_of_pronoun="demonstrative"  split="simple antecedent"  agreement="none"  coref_class="set_132"  mmax_level="coref"  position="it (subject)"  type="anaphoric"  mention="pronoun"  antetype="event" />
<markable id="markable_828" span="word_2545" type_of_pronoun="demonstrative"  split="simple antecedent"  agreement="none"  coref_class="set_131"  mmax_level="coref"  position="it (subject)"  type="anaphoric"  mention="pronoun"  antetype="event" />
<markable id="markable_823" span="word_2303" type_of_pronoun="demonstrative"  split="simple antecedent"  agreement="none"  coref_class="set_85"  mmax_level="coref"  position="it (subject)"  type="anaphoric"  mention="pronoun"  antetype="event" />
<markable id="markable_822" span="word_2279" type_of_pronoun="demonstrative"  split="simple antecedent"  agreement="none"  coref_class="set_126"  mmax_level="coref"  position="it (subject)"  type="anaphoric"  mention="pronoun"  antetype="event" />
<markable id="markable_825" span="word_2366" type_of_pronoun="demonstrative"  split="simple antecedent"  agreement="none"  coref_class="set_127"  mmax_level="coref"  position="it (non-subject)"  type="anaphoric"  mention="pronoun"  antetype="event" />
<markable id="markable_824" span="word_2315" type_of_pronoun="demonstrative"  split="simple antecedent"  agreement="none"  coref_class="set_85"  mmax_level="coref"  position="it (non-subject)"  type="anaphoric"  mention="pronoun"  antetype="event" />
<markable id="markable_283" span="word_1361" type_of_pronoun="personal"  split="simple antecedent"  agreement="they (sg.)"  coref_class="set_50"  mmax_level="coref"  position="it (subject)"  type="anaphoric"  mention="pronoun"  antetype="entity" />
<markable id="markable_282" span="word_1357" coref_class="empty"  mmax_level="coref"  type="pleonastic"  mention="pronoun" />
<markable id="markable_280" span="word_1344" type_of_pronoun="personal"  split="simple antecedent"  agreement="they (sg.)"  coref_class="set_50"  mmax_level="coref"  position="it (subject)"  type="anaphoric"  mention="pronoun"  antetype="entity" />
<markable id="markable_841" span="word_926..word_927" npmod="demonstrative"  split="simple antecedent"  coref_class="set_109"  mmax_level="coref"  nptype="np"  anacata="anaphoric"  mention="np"  antetype="entity" />
<markable id="markable_840" span="word_751..word_754" npmod="demonstrative"  split="simple antecedent"  coref_class="set_34"  mmax_level="coref"  nptype="np"  anacata="anaphoric"  mention="np"  antetype="entity" />
<markable id="markable_601" span="word_2769" coref_class="empty"  mmax_level="coref"  type="pleonastic"  mention="pronoun" />
<markable id="markable_843" span="word_929..word_931" coref_class="set_110"  mmax_level="coref"  nptype="antecedent"  mention="np" />
<markable id="markable_600" span="word_2767" audience="none"  agreement="none"  split="simple antecedent"  coref_class="empty"  mmax_level="coref"  nptype="none"  position="none"  type="speaker reference"  sub_apposition="none"  mention="pronoun" />
<markable id="markable_842" span="word_908..word_915" coref_class="set_109"  mmax_level="coref"  clausetype="antecedent"  mention="clause" />
<markable id="markable_286" span="word_1369" coref_class="set_51"  mmax_level="coref"  nptype="antecedent"  mention="np" />
<markable id="markable_837" span="word_495..word_505" coref_class="set_106"  mmax_level="coref"  clausetype="antecedent"  mention="clause" />
<markable id="markable_839" span="word_621..word_636" coref_class="set_107"  mmax_level="coref"  nptype="antecedent"  mention="np" />
<markable id="markable_834" span="word_331" type_of_pronoun="demonstrative"  split="simple antecedent"  agreement="none"  coref_class="set_104"  mmax_level="coref"  position="none"  type="anaphoric"  mention="pronoun"  antetype="entity" />
<markable id="markable_833" span="word_323..word_324" coref_class="set_104"  mmax_level="coref"  nptype="antecedent"  mention="np" />
<markable id="markable_74" span="word_396" type_of_pronoun="personal"  split="simple antecedent"  agreement="they (sg.)"  coref_class="set_13"  mmax_level="coref"  position="it (non-subject)"  type="anaphoric"  mention="pronoun"  antetype="entity" />
<markable id="markable_836" span="word_432" coref_class="empty"  mmax_level="coref"  type="extratextual reference"  mention="pronoun" />
<markable id="markable_835" span="word_408" type_of_pronoun="relative"  split="simple antecedent"  agreement="they (sg.)"  coref_class="set_105"  mmax_level="coref"  position="it (subject)"  type="anaphoric"  mention="pronoun"  antetype="entity" />
<markable id="markable_294" span="word_1404" audience="deictic you"  agreement="you (sg.)"  coref_class="empty"  mmax_level="coref"  position="you (subject)"  type="addressee reference"  mention="pronoun" />
<markable id="markable_293" span="word_1397..word_1400" coref_class="set_53"  mmax_level="coref"  nptype="antecedent"  mention="np" />
<markable id="markable_296" span="word_1410" audience="none"  agreement="none"  split="simple antecedent"  coref_class="empty"  mmax_level="coref"  nptype="none"  position="none"  type="speaker reference"  sub_apposition="none"  mention="pronoun" />
<markable id="markable_295" span="word_1407..word_1408" coref_class="set_52"  mmax_level="coref"  nptype="antecedent"  mention="np" />
<markable id="markable_292" span="word_1394" audience="none"  agreement="none"  split="simple antecedent"  coref_class="empty"  mmax_level="coref"  nptype="none"  position="none"  type="speaker reference"  sub_apposition="none"  mention="pronoun" />
<markable id="markable_291" span="word_1392" type_of_pronoun="possessive"  split="simple antecedent"  agreement="they (pl.)"  coref_class="set_51"  mmax_level="coref"  position="it (non-subject)"  type="anaphoric"  mention="pronoun"  antetype="entity" />
<markable id="markable_852" span="word_1215..word_1221" coref_class="set_114"  mmax_level="coref"  clausetype="antecedent"  mention="clause" />
<markable id="markable_854" span="word_1595..word_1634" coref_class="set_117"  mmax_level="coref"  clausetype="antecedent"  mention="clause" />
<markable id="markable_611" span="word_2805" audience="deictic you"  agreement="you (pl.)"  coref_class="empty"  mmax_level="coref"  position="you (subject)"  type="addressee reference"  mention="pronoun" />
<markable id="markable_853" span="word_1467..word_1497" coref_class="set_116"  mmax_level="coref"  clausetype="antecedent"  mention="clause" />
<markable id="markable_298" span="word_1417" type_of_pronoun="personal"  split="simple antecedent"  agreement="they (sg.)"  coref_class="set_52"  mmax_level="coref"  position="it (non-subject)"  type="anaphoric"  mention="pronoun"  antetype="entity" />
<markable id="markable_297" span="word_1412" audience="none"  agreement="none"  split="simple antecedent"  coref_class="empty"  mmax_level="coref"  nptype="none"  position="none"  type="speaker reference"  sub_apposition="none"  mention="pronoun" />
<markable id="markable_850" span="word_1130" type_of_pronoun="demonstrative"  split="simple antecedent"  agreement="none"  coref_class="set_113"  mmax_level="coref"  position="it (non-subject)"  type="anaphoric"  mention="pronoun"  antetype="event" />
<markable id="markable_61" span="word_328" type_of_pronoun="personal"  split="simple antecedent"  agreement="they (sg.)"  coref_class="set_11"  mmax_level="coref"  position="it (subject)"  type="anaphoric"  mention="pronoun"  antetype="entity" />
<markable id="markable_607" span="word_2790" audience="none"  agreement="none"  split="simple antecedent"  coref_class="empty"  mmax_level="coref"  nptype="none"  position="none"  type="speaker reference"  sub_apposition="none"  mention="pronoun" />
<markable id="markable_849" span="word_1112..word_1129" coref_class="set_113"  mmax_level="coref"  clausetype="antecedent"  mention="clause" />
<markable id="markable_848" span="word_1059..word_1062" npmod="demonstrative"  split="simple antecedent"  coref_class="set_112"  mmax_level="coref"  nptype="np"  anacata="anaphoric"  mention="np"  antetype="entity" />
<markable id="markable_609" span="word_2797" audience="all-inclusive we"  coref_class="empty"  mmax_level="coref"  type="speaker reference"  mention="pronoun" />
<markable id="markable_603" span="word_2778" type_of_pronoun="personal"  split="simple antecedent"  agreement="they (sg.)"  coref_class="set_102"  mmax_level="coref"  position="it (subject)"  type="anaphoric"  mention="pronoun"  antetype="entity" />
<markable id="markable_845" span="word_946..word_947" split="simple antecedent"  coref_class="set_110"  mmax_level="coref"  type="nom substitution"  mention="pronoun"  antetype="entity" />
<markable id="markable_602" span="word_2774" type_of_pronoun="personal"  split="simple antecedent"  agreement="they (sg.)"  coref_class="set_102"  mmax_level="coref"  position="it (subject)"  type="anaphoric"  mention="pronoun"  antetype="entity" />
<markable id="markable_844" span="word_935..word_936" split="simple antecedent"  coref_class="set_110"  mmax_level="coref"  type="nom substitution"  mention="pronoun"  antetype="entity" />
<markable id="markable_847" span="word_1044..word_1050" coref_class="set_112"  mmax_level="coref"  nptype="antecedent"  mention="np" />
<markable id="markable_62" span="word_335" type_of_pronoun="personal"  split="simple antecedent"  agreement="they (sg.)"  coref_class="set_11"  mmax_level="coref"  position="it (subject)"  type="anaphoric"  mention="pronoun"  antetype="entity" />
<markable id="markable_725" span="word_2726..word_2727" coref_class="set_102"  mmax_level="coref"  nptype="antecedent"  mention="np" />
<markable id="markable_846" span="word_924..word_970" coref_class="set_111"  mmax_level="coref"  clausetype="antecedent"  mention="clause" />
<markable id="markable_66" span="word_358" audience="co-present we"  coref_class="empty"  mmax_level="coref"  type="speaker reference"  mention="pronoun" />
<markable id="markable_186" span="word_889" audience="co-present we"  coref_class="empty"  mmax_level="coref"  type="speaker reference"  mention="pronoun" />
<markable id="markable_182" span="word_877" audience="none"  agreement="none"  split="simple antecedent"  coref_class="empty"  mmax_level="coref"  nptype="none"  position="none"  type="speaker reference"  sub_apposition="none"  mention="pronoun" />
<markable id="markable_181" span="word_874" audience="deictic you"  type_of_pronoun="personal"  agreement="you (pl.)"  coref_class="empty"  mmax_level="coref"  position="you (subject)"  type="addressee reference"  mention="pronoun" />
<markable id="markable_863" span="word_2059..word_2060" coref_class="set_123"  mmax_level="coref"  nptype="antecedent"  mention="np" />
<markable id="markable_620" span="word_2834" coref_class="empty"  mmax_level="coref"  type="pleonastic"  mention="pronoun" />
<markable id="markable_862" span="word_1969" type_of_pronoun="demonstrative"  split="simple antecedent"  agreement="none"  coref_class="set_122"  mmax_level="coref"  position="it (non-subject)"  type="anaphoric"  mention="pronoun"  antetype="event" />
<markable id="markable_865" span="word_2104..word_2111" coref_class="set_124"  mmax_level="coref"  clausetype="antecedent"  mention="clause" />
<markable id="markable_622" span="word_2842" type_of_pronoun="personal"  split="simple antecedent"  agreement="they (sg.)"  coref_class="set_102"  mmax_level="coref"  position="it (non-subject)"  type="anaphoric"  mention="pronoun"  antetype="entity" />
<markable id="markable_864" span="word_2061" type_of_pronoun="relative"  split="simple antecedent"  agreement="they (pl.)"  coref_class="set_123"  mmax_level="coref"  position="it (non-subject)"  type="anaphoric"  mention="pronoun"  antetype="entity" />
<markable id="markable_188" span="word_899..word_900" coref_class="set_36"  mmax_level="coref"  nptype="antecedent"  mention="np" />
<markable id="markable_861" span="word_1958..word_1968" coref_class="set_122"  mmax_level="coref"  clausetype="antecedent"  mention="clause" />
<markable id="markable_860" span="word_1958..word_1959" npmod="demonstrative"  split="simple antecedent"  coref_class="set_121"  mmax_level="coref"  nptype="np"  anacata="anaphoric"  mention="np"  antetype="entity" />
<markable id="markable_617" span="word_2827" type_of_pronoun="personal"  split="simple antecedent"  agreement="they (pl.)"  coref_class="set_100"  mmax_level="coref"  position="it (subject)"  type="anaphoric"  mention="pronoun"  antetype="entity" />
<markable id="markable_859" span="word_1905..word_1907" coref_class="set_121"  mmax_level="coref"  nptype="antecedent"  mention="np" />
<markable id="markable_619" span="word_2831" type_of_pronoun="personal"  split="simple antecedent"  agreement="they (sg.)"  coref_class="set_101"  mmax_level="coref"  position="it (non-subject)"  type="anaphoric"  mention="pronoun"  antetype="entity" />
<markable id="markable_614" span="word_2819" type_of_pronoun="personal"  split="simple antecedent"  agreement="they (pl.)"  coref_class="set_100"  mmax_level="coref"  position="it (subject)"  type="anaphoric"  mention="pronoun"  antetype="entity" />
<markable id="markable_856" span="word_1780..word_1781" coref_class="set_119"  vptype="antecedent"  mmax_level="coref"  mention="vp" />
<markable id="markable_613" span="word_2812..word_2814" coref_class="set_100"  mmax_level="coref"  nptype="antecedent"  mention="np" />
<markable id="markable_855" span="word_1701..word_1732" coref_class="set_118"  mmax_level="coref"  clausetype="antecedent"  mention="clause" />
<markable id="markable_52" span="word_282" type_of_pronoun="personal"  split="simple antecedent"  agreement="none"  coref_class="set_9"  mmax_level="coref"  position="it (subject)"  type="anaphoric"  mention="pronoun"  antetype="entity" />
<markable id="markable_858" span="word_1839" type_of_pronoun="relative"  split="simple antecedent"  agreement="they (sg.)"  coref_class="set_120"  mmax_level="coref"  position="it (non-subject)"  type="anaphoric"  mention="pronoun"  antetype="entity" />
<markable id="markable_615" span="word_2822" coref_class="set_101"  mmax_level="coref"  nptype="antecedent"  mention="np" />
<markable id="markable_857" span="word_1832..word_1837" coref_class="set_120"  mmax_level="coref"  nptype="antecedent"  mention="np" />
<markable id="markable_55" span="word_296" audience="deictic you"  agreement="you (pl.)"  coref_class="empty"  mmax_level="coref"  position="you (subject)"  type="addressee reference"  mention="pronoun" />
<markable id="markable_191" span="word_908" type_of_pronoun="personal"  split="simple antecedent"  agreement="they (sg.)"  coref_class="set_36"  mmax_level="coref"  position="it (subject)"  type="anaphoric"  mention="pronoun"  antetype="entity" />
<markable id="markable_193" span="word_912" type_of_pronoun="personal"  split="simple antecedent"  agreement="they (sg.)"  coref_class="set_37"  mmax_level="coref"  position="it (non-subject)"  type="anaphoric"  mention="pronoun"  antetype="entity" />
<markable id="markable_511" span="word_2349" audience="deictic you"  agreement="you (pl.)"  coref_class="empty"  mmax_level="coref"  position="you (subject)"  type="addressee reference"  mention="pronoun" />
<markable id="markable_874" span="word_2622..word_2658" coref_class="set_132"  mmax_level="coref"  clausetype="antecedent"  mention="clause" />
<markable id="markable_873" span="word_2518..word_2542" coref_class="set_131"  mmax_level="coref"  clausetype="antecedent"  mention="clause" />
<markable id="markable_876" span="word_2676" type_of_pronoun="personal"  split="simple antecedent"  agreement="they (pl.)"  coref_class="set_133"  mmax_level="coref"  position="it (subject)"  type="anaphoric"  mention="pronoun"  antetype="entity" />
<markable id="markable_875" span="word_2669" coref_class="set_133"  mmax_level="coref"  nptype="antecedent"  mention="np" />
<markable id="markable_870" span="word_2364..word_2366" coref_class="set_128"  vptype="antecedent"  mmax_level="coref"  mention="vp" />
<markable id="markable_872" span="word_2496..word_2497" coref_class="set_130"  mmax_level="coref"  nptype="antecedent"  mention="np" />
<markable id="markable_871" span="word_2460..word_2473" coref_class="set_129"  mmax_level="coref"  clausetype="antecedent"  mention="clause" />
<markable id="markable_508" span="word_2336" audience="co-present we"  coref_class="empty"  mmax_level="coref"  type="speaker reference"  mention="pronoun" />
<markable id="markable_509" span="word_2342" audience="co-present we"  coref_class="empty"  mmax_level="coref"  type="speaker reference"  mention="pronoun" />
<markable id="markable_43" span="word_236" type_of_pronoun="personal"  split="simple antecedent"  agreement="they (sg.)"  coref_class="set_5"  mmax_level="coref"  position="it (subject)"  type="anaphoric"  mention="pronoun"  antetype="entity" />
<markable id="markable_625" span="word_2850" audience="deictic you"  agreement="you (sg.)"  coref_class="empty"  mmax_level="coref"  position="you (non-subject)"  type="addressee reference"  mention="pronoun" />
<markable id="markable_867" span="word_2256..word_2277" coref_class="set_126"  mmax_level="coref"  clausetype="antecedent"  mention="clause" />
<markable id="markable_503" span="word_2307" audience="all-inclusive we"  coref_class="empty"  mmax_level="coref"  type="speaker reference"  mention="pronoun" />
<markable id="markable_866" span="word_2250..word_2254" coref_class="set_125"  mmax_level="coref"  clausetype="antecedent"  mention="clause" />
<markable id="markable_506" span="word_2327" audience="all-inclusive we"  coref_class="empty"  mmax_level="coref"  type="speaker reference"  mention="pronoun" />
<markable id="markable_869" span="word_2354..word_2360" coref_class="set_127"  mmax_level="coref"  clausetype="antecedent"  mention="clause" />
<markable id="markable_868" span="word_2296..word_2300" coref_class="set_85"  mmax_level="coref"  clausetype="antecedent"  mention="clause" />
<markable id="markable_45" span="word_249..word_250" coref_class="set_7"  mmax_level="coref"  nptype="antecedent"  mention="np" />
<markable id="markable_49" span="word_264" type_of_pronoun="personal"  split="simple antecedent"  agreement="they (sg.)"  coref_class="set_8"  mmax_level="coref"  position="it (subject)"  type="anaphoric"  mention="pronoun"  antetype="entity" />
<markable id="markable_764" span="word_562" type_of_pronoun="possessive"  split="simple antecedent"  agreement="they (sg.)"  coref_class="set_19"  mmax_level="coref"  position="it (non-subject)"  type="anaphoric"  mention="pronoun"  antetype="entity" />
<markable id="markable_643" span="word_234" coref_class="set_5"  mmax_level="coref"  nptype="antecedent"  mention="np" />
<markable id="markable_763" span="word_345" type_of_pronoun="possessive"  split="simple antecedent"  agreement="they (pl.)"  coref_class="set_12"  mmax_level="coref"  position="it (non-subject)"  type="anaphoric"  mention="pronoun"  antetype="entity" />
<markable id="markable_521" span="word_2404" audience="none"  agreement="none"  split="simple antecedent"  coref_class="empty"  mmax_level="coref"  nptype="none"  position="none"  type="speaker reference"  sub_apposition="none"  mention="pronoun" />
<markable id="markable_766" span="word_684" type_of_pronoun="possessive"  split="simple antecedent"  agreement="they (sg.)"  coref_class="set_27"  mmax_level="coref"  position="it (non-subject)"  type="anaphoric"  mention="pronoun"  antetype="entity" />
<markable id="markable_645" span="word_243..word_244" coref_class="set_8"  mmax_level="coref"  nptype="antecedent"  mention="np" />
<markable id="markable_524" span="word_2416" audience="none"  agreement="none"  split="simple antecedent"  coref_class="empty"  mmax_level="coref"  nptype="none"  position="none"  type="speaker reference"  sub_apposition="none"  mention="pronoun" />
<markable id="markable_765" span="word_595" type_of_pronoun="personal"  split="simple antecedent"  agreement="none"  coref_class="set_22"  mmax_level="coref"  position="none"  type="anaphoric"  mention="pronoun"  antetype="entity" />
<markable id="markable_523" span="word_2412" audience="none"  agreement="none"  split="simple antecedent"  coref_class="empty"  mmax_level="coref"  nptype="none"  position="none"  type="speaker reference"  sub_apposition="none"  mention="pronoun" />
<markable id="markable_760" span="word_210" type_of_pronoun="possessive"  split="simple antecedent"  agreement="they (sg.)"  coref_class="set_4"  mmax_level="coref"  position="it (subject)"  type="anaphoric"  mention="pronoun"  antetype="entity" />
<markable id="markable_762" span="word_261" type_of_pronoun="possessive"  split="simple antecedent"  agreement="they (pl.)"  coref_class="set_7"  mmax_level="coref"  position="it (non-subject)"  type="anaphoric"  mention="pronoun"  antetype="entity" />
<markable id="markable_761" span="word_253" type_of_pronoun="possessive"  split="simple antecedent"  agreement="they (pl.)"  coref_class="set_7"  mmax_level="coref"  position="it (non-subject)"  type="anaphoric"  mention="pronoun"  antetype="entity" />
<markable id="markable_518" span="word_2388" audience="deictic you"  agreement="you (sg.)"  coref_class="empty"  mmax_level="coref"  position="you (subject)"  type="addressee reference"  mention="pronoun" />
<markable id="markable_757" span="word_92" type_of_pronoun="possessive"  split="simple antecedent"  agreement="they (sg.)"  coref_class="set_1"  mmax_level="coref"  position="it (non-subject)"  type="anaphoric"  mention="pronoun"  antetype="entity" />
<markable id="markable_636" span="word_85..word_86" coref_class="set_1"  mmax_level="coref"  nptype="antecedent"  mention="np" />
<markable id="markable_877" span="word_2729..word_2736" coref_class="set_134"  mmax_level="coref"  clausetype="antecedent"  mention="clause" />
<markable id="markable_759" span="word_207" type_of_pronoun="possessive"  split="simple antecedent"  agreement="they (sg.)"  coref_class="set_4"  mmax_level="coref"  position="it (non-subject)"  type="anaphoric"  mention="pronoun"  antetype="entity" />
<markable id="markable_758" span="word_95" type_of_pronoun="possessive"  split="simple antecedent"  agreement="they (sg.)"  coref_class="set_1"  mmax_level="coref"  position="it (non-subject)"  type="anaphoric"  mention="pronoun"  antetype="entity" />
<markable id="markable_775" span="word_1478" type_of_pronoun="possessive"  split="simple antecedent"  agreement="they (sg.)"  coref_class="set_57"  mmax_level="coref"  position="it (non-subject)"  type="anaphoric"  mention="pronoun"  antetype="entity" />
<markable id="markable_774" span="word_1459" coref_class="empty"  mmax_level="coref"  type="speaker reference"  mention="pronoun" />
<markable id="markable_653" span="word_339..word_341" coref_class="set_12"  mmax_level="coref"  nptype="antecedent"  mention="np" />
<markable id="markable_777" span="word_1495" type_of_pronoun="possessive"  split="simple antecedent"  agreement="they (sg.)"  coref_class="set_58"  mmax_level="coref"  position="it (non-subject)"  type="anaphoric"  mention="pronoun"  antetype="entity" />
<markable id="markable_535" span="word_2456" coref_class="empty"  mmax_level="coref"  type="pleonastic"  mention="pronoun" />
<markable id="markable_776" span="word_1482" type_of_pronoun="possessive"  split="simple antecedent"  agreement="they (sg.)"  coref_class="set_57"  mmax_level="coref"  position="it (subject)"  type="anaphoric"  mention="pronoun"  antetype="entity" />
<markable id="markable_413" span="word_1932" type_of_pronoun="personal"  split="simple antecedent"  agreement="they (sg.)"  coref_class="set_75"  mmax_level="coref"  position="it (subject)"  type="anaphoric"  mention="pronoun"  antetype="entity" />
<markable id="markable_655" span="word_377..word_378" coref_class="set_13"  mmax_level="coref"  nptype="antecedent"  mention="np" />
<markable id="markable_771" span="word_1207" type_of_pronoun="possessive"  split="simple antecedent"  agreement="they (pl.)"  coref_class="set_46"  mmax_level="coref"  position="it (non-subject)"  type="anaphoric"  mention="pronoun"  antetype="entity" />
<markable id="markable_770" span="word_1164" type_of_pronoun="personal"  split="simple antecedent"  agreement="they (sg.)"  coref_class="set_45"  mmax_level="coref"  position="it (subject)"  type="anaphoric"  mention="pronoun"  antetype="entity" />
<markable id="markable_773" span="word_1446" coref_class="empty"  mmax_level="coref"  type="speaker reference"  mention="pronoun" />
<markable id="markable_772" span="word_1420" type_of_pronoun="possessive"  split="simple antecedent"  agreement="they (sg.)"  coref_class="set_53"  mmax_level="coref"  position="it (subject)"  type="anaphoric"  mention="pronoun"  antetype="entity" />
<markable id="markable_651" span="word_319..word_321" coref_class="set_11"  mmax_level="coref"  nptype="antecedent"  mention="np" />
<markable id="markable_530" span="word_2436" coref_class="empty"  mmax_level="coref"  type="pleonastic"  mention="pronoun" />
<markable id="markable_768" span="word_734" type_of_pronoun="personal"  split="simple antecedent"  agreement="they (sg.)"  coref_class="set_32"  mmax_level="coref"  position="it (subject)"  type="anaphoric"  mention="pronoun"  antetype="entity" />
<markable id="markable_405" span="word_1884" type_of_pronoun="demonstrative"  split="simple antecedent"  agreement="they (sg.)"  coref_class="set_120"  mmax_level="coref"  position="it (subject)"  type="anaphoric"  mention="pronoun"  antetype="entity" />
<markable id="markable_647" span="word_272..word_273" coref_class="set_9"  mmax_level="coref"  nptype="antecedent"  mention="np" />
<markable id="markable_526" span="word_2423..word_2424" coref_class="set_86"  mmax_level="coref"  nptype="antecedent"  mention="np" />
<markable id="markable_767" span="word_722" type_of_pronoun="possessive"  split="simple antecedent"  agreement="they (sg.)"  coref_class="set_32"  mmax_level="coref"  position="it (non-subject)"  type="anaphoric"  mention="pronoun"  antetype="entity" />
<markable id="markable_404" span="word_1882" audience="deictic you"  agreement="you (pl.)"  coref_class="empty"  mmax_level="coref"  position="you (non-subject)"  type="addressee reference"  mention="pronoun" />
<markable id="markable_528" span="word_2429" type_of_pronoun="personal"  split="simple antecedent"  agreement="they (pl.)"  coref_class="set_86"  mmax_level="coref"  position="it (subject)"  type="anaphoric"  mention="pronoun"  antetype="entity" />
<markable id="markable_769" span="word_965" type_of_pronoun="possessive"  split="simple antecedent"  agreement="they (sg.)"  coref_class="set_38"  mmax_level="coref"  position="it (subject)"  type="anaphoric"  mention="pronoun"  antetype="entity" />
<markable id="markable_780" span="word_1723" type_of_pronoun="possessive"  split="simple antecedent"  agreement="they (pl.)"  coref_class="set_69"  mmax_level="coref"  position="it (non-subject)"  type="anaphoric"  mention="pronoun"  antetype="entity" />
<markable id="markable_786" span="word_2262" audience="none"  agreement="none"  coref_class="empty"  mmax_level="coref"  position="none"  type="addressee reference"  mention="pronoun" />
<markable id="markable_785" span="word_2217" audience="none"  agreement="none"  coref_class="empty"  mmax_level="coref"  position="none"  type="addressee reference"  mention="pronoun" />
<markable id="markable_664" span="word_588..word_589" coref_class="set_22"  mmax_level="coref"  nptype="antecedent"  mention="np" />
<markable id="markable_543" span="word_2494" audience="none"  agreement="none"  split="simple antecedent"  coref_class="empty"  mmax_level="coref"  nptype="none"  position="none"  type="speaker reference"  sub_apposition="none"  mention="pronoun" />
<markable id="markable_788" span="word_2780" type_of_pronoun="possessive"  split="simple antecedent"  agreement="they (sg.)"  coref_class="set_102"  mmax_level="coref"  position="it (non-subject)"  type="anaphoric"  mention="pronoun"  antetype="entity" />
<markable id="markable_787" span="word_2275" audience="none"  agreement="none"  coref_class="empty"  mmax_level="coref"  position="none"  type="addressee reference"  mention="pronoun" />
<markable id="markable_303" span="word_1431" audience="exclusive we"  coref_class="empty"  mmax_level="coref"  type="speaker reference"  mention="pronoun" />
<markable id="markable_545" span="word_2502" coref_class="empty"  mmax_level="coref"  type="pleonastic"  mention="pronoun" />
<markable id="markable_90" span="word_472" type_of_pronoun="personal"  split="simple antecedent"  agreement="they (sg.)"  coref_class="set_15"  mmax_level="coref"  position="it (subject)"  type="anaphoric"  mention="pronoun"  antetype="entity" />
<markable id="markable_782" span="word_2038" type_of_pronoun="possessive"  split="simple antecedent"  agreement="they (sg.)"  coref_class="set_78"  mmax_level="coref"  position="it (non-subject)"  type="anaphoric"  mention="pronoun"  antetype="entity" />
<markable id="markable_661" span="word_539..word_540" coref_class="set_19"  mmax_level="coref"  nptype="antecedent"  mention="np" />
<markable id="markable_540" span="word_2476" type_of_pronoun="personal"  split="simple antecedent"  agreement="none"  coref_class="set_129"  mmax_level="coref"  position="it (subject)"  type="anaphoric"  mention="pronoun"  antetype="event" />
<markable id="markable_781" span="word_1729" type_of_pronoun="personal"  split="simple antecedent"  agreement="they (pl.)"  coref_class="set_69"  mmax_level="coref"  position="it (non-subject)"  type="anaphoric"  mention="pronoun"  antetype="entity" />
<markable id="markable_784" span="word_2188" coref_class="empty"  mmax_level="coref"  type="speaker reference"  mention="pronoun" />
<markable id="markable_300" span="word_1425" audience="exclusive we"  type_of_pronoun="personal"  coref_class="empty"  mmax_level="coref"  type="speaker reference"  mention="pronoun" />
<markable id="markable_542" span="word_2488" type_of_pronoun="personal"  split="simple antecedent"  agreement="none"  coref_class="set_129"  mmax_level="coref"  position="it (subject)"  type="anaphoric"  mention="pronoun"  antetype="event" />
<markable id="markable_783" span="word_2176" coref_class="empty"  mmax_level="coref"  type="speaker reference"  mention="pronoun" />
<markable id="markable_98" span="word_507" type_of_pronoun="demonstrative"  split="simple antecedent"  agreement="none"  coref_class="set_106"  mmax_level="coref"  position="it (subject)"  type="anaphoric"  mention="pronoun"  antetype="event" />
<markable id="markable_779" span="word_1716" type_of_pronoun="possessive"  split="simple antecedent"  agreement="they (pl.)"  coref_class="set_69"  mmax_level="coref"  position="it (non-subject)"  type="anaphoric"  mention="pronoun"  antetype="entity" />
<markable id="markable_778" span="word_1531" type_of_pronoun="possessive"  split="simple antecedent"  agreement="they (sg.)"  coref_class="set_59"  mmax_level="coref"  position="it (non-subject)"  type="anaphoric"  mention="pronoun"  antetype="entity" />
<markable id="markable_657" span="word_461..word_462" coref_class="set_15"  mmax_level="coref"  nptype="antecedent"  mention="np" />
<markable id="markable_536" span="word_2460" coref_class="empty"  mmax_level="coref"  type="pleonastic"  mention="pronoun" />
<markable id="markable_791" span="word_197..word_198" coref_class="set_4"  mmax_level="coref"  nptype="antecedent"  mention="np" />
<markable id="markable_790" span="word_194..word_198" coref_class="set_2"  mmax_level="coref"  nptype="antecedent"  mention="np" />
<markable id="markable_797" span="word_612..word_613" coref_class="set_24"  mmax_level="coref"  nptype="antecedent"  mention="np" />
<markable id="markable_555" span="word_2549" audience="none"  agreement="none"  split="simple antecedent"  coref_class="empty"  mmax_level="coref"  nptype="none"  position="none"  type="speaker reference"  sub_apposition="none"  mention="pronoun" />
<markable id="markable_796" span="word_676..word_679" coref_class="set_26"  mmax_level="coref"  nptype="antecedent"  mention="np" />
<markable id="markable_433" span="word_2033..word_2034" coref_class="set_78"  mmax_level="coref"  nptype="antecedent"  mention="np" />
<markable id="markable_799" span="word_719..word_720" coref_class="set_32"  mmax_level="coref"  nptype="antecedent"  mention="np" />
<markable id="markable_436" span="word_2044" type_of_pronoun="personal"  split="simple antecedent"  agreement="they (sg.)"  coref_class="set_78"  mmax_level="coref"  position="it (subject)"  type="anaphoric"  mention="pronoun"  antetype="entity" />
<markable id="markable_315" span="word_1480" coref_class="empty"  mmax_level="coref"  type="pleonastic"  mention="pronoun" />
<markable id="markable_557" span="word_2557" audience="deictic you"  agreement="you (sg.)"  coref_class="empty"  mmax_level="coref"  position="you (non-subject)"  type="addressee reference"  mention="pronoun" />
<markable id="markable_798" span="word_666..word_667" coref_class="set_27"  mmax_level="coref"  nptype="antecedent"  mention="np" />
<markable id="markable_435" span="word_2038..word_2040" coref_class="set_79"  mmax_level="coref"  nptype="antecedent"  mention="np" />
<markable id="markable_793" span="word_401..word_406" coref_class="set_105"  mmax_level="coref"  nptype="antecedent"  mention="np" />
<markable id="markable_792" span="word_299" coref_class="empty"  mmax_level="coref"  type="extratextual reference"  mention="pronoun" />
<markable id="markable_550" span="word_2520" type_of_pronoun="personal"  split="simple antecedent"  agreement="they (sg.)"  coref_class="set_130"  mmax_level="coref"  position="it (non-subject)"  type="anaphoric"  mention="pronoun"  antetype="entity" />
<markable id="markable_794" span="word_575" type_of_pronoun="relative"  split="simple antecedent"  agreement="they (pl.)"  coref_class="set_20"  mmax_level="coref"  position="it (subject)"  type="anaphoric"  mention="pronoun"  antetype="entity" />
<markable id="markable_82" span="word_431" type_of_pronoun="personal"  split="simple antecedent"  agreement="they (sg.)"  coref_class="set_105"  mmax_level="coref"  position="it (non-subject)"  type="anaphoric"  mention="pronoun"  antetype="entity" />
<markable id="markable_309" span="word_1451" audience="none"  agreement="none"  split="simple antecedent"  coref_class="empty"  mmax_level="coref"  nptype="none"  position="none"  type="speaker reference"  sub_apposition="none"  mention="pronoun" />
<markable id="markable_81" span="word_429" audience="deictic you"  agreement="you (pl.)"  coref_class="empty"  mmax_level="coref"  position="you (subject)"  type="addressee reference"  mention="pronoun" />
<markable id="markable_548" span="word_2515" type_of_pronoun="demonstrative"  split="simple antecedent"  agreement="they (sg.)"  coref_class="set_130"  mmax_level="coref"  position="it (non-subject)"  type="anaphoric"  mention="pronoun"  antetype="entity" />
<markable id="markable_789" span="word_2784" type_of_pronoun="personal"  split="simple antecedent"  agreement="they (sg.)"  coref_class="set_102"  mmax_level="coref"  position="it (non-subject)"  type="anaphoric"  mention="pronoun"  antetype="entity" />
<markable id="markable_305" span="word_1437" audience="deictic you"  agreement="you (sg.)"  coref_class="empty"  mmax_level="coref"  position="you (non-subject)"  type="addressee reference"  mention="pronoun" />
<markable id="markable_549" span="word_2518" type_of_pronoun="personal"  split="simple antecedent"  agreement="they (sg.)"  coref_class="set_87"  mmax_level="coref"  position="it (subject)"  type="anaphoric"  mention="pronoun"  antetype="entity" />
</markables>