<?xml version="1.0" encoding="UTF-8"?>
<!DOCTYPE words SYSTEM "words.dtd">
<words>
<word id="word_1">Russia's</word>
<word id="word_2">Putin</word>
<word id="word_3">sacks</word>
<word id="word_4">chief</word>
<word id="word_5">of</word>
<word id="word_6">staff</word>
<word id="word_7">Sergei</word>
<word id="word_8">Ivanov</word>
<word id="word_9">Russian</word>
<word id="word_10">President</word>
<word id="word_11">Vladimir</word>
<word id="word_12">Putin</word>
<word id="word_13">has</word>
<word id="word_14">unexpectedly</word>
<word id="word_15">dismissed</word>
<word id="word_16">his</word>
<word id="word_17">chief</word>
<word id="word_18">of</word>
<word id="word_19">staff</word>
<word id="word_20">Sergei</word>
<word id="word_21">Ivanov</word>
<word id="word_22">.</word>
<word id="word_23">Mr</word>
<word id="word_24">Ivanov</word>
<word id="word_25">has</word>
<word id="word_26">been</word>
<word id="word_27">part</word>
<word id="word_28">of</word>
<word id="word_29">Mr</word>
<word id="word_30">Putin's</word>
<word id="word_31">trusted</word>
<word id="word_32">inner</word>
<word id="word_33">circle</word>
<word id="word_34">for</word>
<word id="word_35">many</word>
<word id="word_36">years</word>
<word id="word_37">.</word>
<word id="word_38">The</word>
<word id="word_39">63-year-old</word>
<word id="word_40">has</word>
<word id="word_41">now</word>
<word id="word_42">been</word>
<word id="word_43">made</word>
<word id="word_44">a</word>
<word id="word_45">special</word>
<word id="word_46">representative</word>
<word id="word_47">for</word>
<word id="word_48">environmental</word>
<word id="word_49">and</word>
<word id="word_50">transport</word>
<word id="word_51">issues</word>
<word id="word_52">.</word>
<word id="word_53">A</word>
<word id="word_54">statement</word>
<word id="word_55">from</word>
<word id="word_56">the</word>
<word id="word_57">Kremlin</word>
<word id="word_58">said</word>
<word id="word_59">that</word>
<word id="word_60">Mr</word>
<word id="word_61">Putin</word>
<word id="word_62">had</word>
<word id="word_63">"</word>
<word id="word_64">decreed</word>
<word id="word_65">to</word>
<word id="word_66">relieve</word>
<word id="word_67">Ivanov</word>
<word id="word_68">of</word>
<word id="word_69">his</word>
<word id="word_70">duties</word>
<word id="word_71">as</word>
<word id="word_72">head</word>
<word id="word_73">of</word>
<word id="word_74">the</word>
<word id="word_75">Russian</word>
<word id="word_76">presidential</word>
<word id="word_77">administration</word>
<word id="word_78">,</word>
<word id="word_79">"</word>
<word id="word_80">but</word>
<word id="word_81">gave</word>
<word id="word_82">no</word>
<word id="word_83">reason</word>
<word id="word_84">.</word>
<word id="word_85">Mr</word>
<word id="word_86">Ivanov's</word>
<word id="word_87">deputy</word>
<word id="word_88">since</word>
<word id="word_89">2012</word>
<word id="word_90">,</word>
<word id="word_91">Anton</word>
<word id="word_92">Vaino</word>
<word id="word_93">,</word>
<word id="word_94">has</word>
<word id="word_95">been</word>
<word id="word_96">appointed</word>
<word id="word_97">as</word>
<word id="word_98">his</word>
<word id="word_99">successor</word>
<word id="word_100">.</word>
<word id="word_101">Mr</word>
<word id="word_102">Vaino</word>
<word id="word_103">,</word>
<word id="word_104">44</word>
<word id="word_105">,</word>
<word id="word_106">is</word>
<word id="word_107">a</word>
<word id="word_108">former</word>
<word id="word_109">diplomat</word>
<word id="word_110">.</word>
<word id="word_111">Born</word>
<word id="word_112">in</word>
<word id="word_113">the</word>
<word id="word_114">Estonian</word>
<word id="word_115">capital</word>
<word id="word_116">Tallinn</word>
<word id="word_117">in</word>
<word id="word_118">1972</word>
<word id="word_119">,</word>
<word id="word_120">he</word>
<word id="word_121">graduated</word>
<word id="word_122">from</word>
<word id="word_123">the</word>
<word id="word_124">prestigious</word>
<word id="word_125">Moscow</word>
<word id="word_126">State</word>
<word id="word_127">Institute</word>
<word id="word_128">of</word>
<word id="word_129">International</word>
<word id="word_130">Relations</word>
<word id="word_131">(</word>
<word id="word_132">MGIMO</word>
<word id="word_133">)</word>
<word id="word_134">and</word>
<word id="word_135">served</word>
<word id="word_136">in</word>
<word id="word_137">the</word>
<word id="word_138">Tokyo</word>
<word id="word_139">embassy</word>
<word id="word_140">.</word>
<word id="word_141">Later</word>
<word id="word_142">he</word>
<word id="word_143">managed</word>
<word id="word_144">presidential</word>
<word id="word_145">protocol</word>
<word id="word_146">and</word>
<word id="word_147">government</word>
<word id="word_148">staff</word>
<word id="word_149">,</word>
<word id="word_150">the</word>
<word id="word_151">Kremlin</word>
<word id="word_152">website</word>
<word id="word_153">says</word>
<word id="word_154">(</word>
<word id="word_155">in</word>
<word id="word_156">Russian</word>
<word id="word_157">)</word>
<word id="word_158">.</word>
<word id="word_159">On</word>
<word id="word_160">being</word>
<word id="word_161">appointed</word>
<word id="word_162">,</word>
<word id="word_163">he</word>
<word id="word_164">told</word>
<word id="word_165">Mr</word>
<word id="word_166">Putin</word>
<word id="word_167">:</word>
<word id="word_168">"</word>
<word id="word_169">Thank</word>
<word id="word_170">you</word>
<word id="word_171">for</word>
<word id="word_172">your</word>
<word id="word_173">trust</word>
<word id="word_174">.</word>
<word id="word_175">"</word>
<word id="word_176">I</word>
<word id="word_177">think</word>
<word id="word_178">the</word>
<word id="word_179">administration's</word>
<word id="word_180">most</word>
<word id="word_181">important</word>
<word id="word_182">task</word>
<word id="word_183">is</word>
<word id="word_184">to</word>
<word id="word_185">support</word>
<word id="word_186">your</word>
<word id="word_187">activity</word>
<word id="word_188">as</word>
<word id="word_189">head</word>
<word id="word_190">of</word>
<word id="word_191">state</word>
<word id="word_192">in</word>
<word id="word_193">terms</word>
<word id="word_194">of</word>
<word id="word_195">drafting</word>
<word id="word_196">laws</word>
<word id="word_197">and</word>
<word id="word_198">control</word>
<word id="word_199">over</word>
<word id="word_200">how</word>
<word id="word_201">your</word>
<word id="word_202">instructions</word>
<word id="word_203">are</word>
<word id="word_204">implemented</word>
<word id="word_205">.</word>
<word id="word_206">Mr</word>
<word id="word_207">Putin</word>
<word id="word_208">told</word>
<word id="word_209">a</word>
<word id="word_210">Russian</word>
<word id="word_211">TV</word>
<word id="word_212">station</word>
<word id="word_213">on</word>
<word id="word_214">Friday</word>
<word id="word_215">that</word>
<word id="word_216">Mr</word>
<word id="word_217">Ivanov</word>
<word id="word_218">had</word>
<word id="word_219">asked</word>
<word id="word_220">to</word>
<word id="word_221">leave</word>
<word id="word_222">the</word>
<word id="word_223">post</word>
<word id="word_224">,</word>
<word id="word_225">and</word>
<word id="word_226">recommended</word>
<word id="word_227">that</word>
<word id="word_228">Mr</word>
<word id="word_229">Vaino</word>
<word id="word_230">should</word>
<word id="word_231">replace</word>
<word id="word_232">him</word>
<word id="word_233">.</word>
<word id="word_234">Do</word>
<word id="word_235">the</word>
<word id="word_236">smiles</word>
<word id="word_237">convince</word>
<word id="word_238">?</word>
<word id="word_239">This</word>
<word id="word_240">is</word>
<word id="word_241">a</word>
<word id="word_242">move</word>
<word id="word_243">that</word>
<word id="word_244">has</word>
<word id="word_245">mystified</word>
<word id="word_246">Moscow</word>
<word id="word_247">.</word>
<word id="word_248">Sergei</word>
<word id="word_249">Ivanov</word>
<word id="word_250">has</word>
<word id="word_251">long</word>
<word id="word_252">been</word>
<word id="word_253">one</word>
<word id="word_254">of</word>
<word id="word_255">Vladimir</word>
<word id="word_256">Putin's</word>
<word id="word_257">closest</word>
<word id="word_258">allies</word>
<word id="word_259">and</word>
<word id="word_260">,</word>
<word id="word_261">like</word>
<word id="word_262">him</word>
<word id="word_263">,</word>
<word id="word_264">served</word>
<word id="word_265">in</word>
<word id="word_266">the</word>
<word id="word_267">Soviet</word>
<word id="word_268">security</word>
<word id="word_269">service</word>
<word id="word_270">,</word>
<word id="word_271">the</word>
<word id="word_272">KGB</word>
<word id="word_273">.</word>
<word id="word_274">As</word>
<word id="word_275">chief</word>
<word id="word_276">of</word>
<word id="word_277">staff</word>
<word id="word_278">he</word>
<word id="word_279">was</word>
<word id="word_280">one</word>
<word id="word_281">of</word>
<word id="word_282">the</word>
<word id="word_283">most</word>
<word id="word_284">powerful</word>
<word id="word_285">men</word>
<word id="word_286">in</word>
<word id="word_287">the</word>
<word id="word_288">country</word>
<word id="word_289">.</word>
<word id="word_290">In</word>
<word id="word_291">a</word>
<word id="word_292">meeting</word>
<word id="word_293">with</word>
<word id="word_294">President</word>
<word id="word_295">Putin</word>
<word id="word_296">shown</word>
<word id="word_297">on</word>
<word id="word_298">state</word>
<word id="word_299">television</word>
<word id="word_300">both</word>
<word id="word_301">men</word>
<word id="word_302">claimed</word>
<word id="word_303">that</word>
<word id="word_304">the</word>
<word id="word_305">chief</word>
<word id="word_306">of</word>
<word id="word_307">staff</word>
<word id="word_308">was</word>
<word id="word_309">stepping</word>
<word id="word_310">down</word>
<word id="word_311">at</word>
<word id="word_312">his</word>
<word id="word_313">own</word>
<word id="word_314">request</word>
<word id="word_315">.</word>
<word id="word_316">But</word>
<word id="word_317">despite</word>
<word id="word_318">the</word>
<word id="word_319">smiles</word>
<word id="word_320">for</word>
<word id="word_321">the</word>
<word id="word_322">cameras</word>
<word id="word_323">,</word>
<word id="word_324">few</word>
<word id="word_325">here</word>
<word id="word_326">are</word>
<word id="word_327">convinced</word>
<word id="word_328">-</word>
<word id="word_329">especially</word>
<word id="word_330">now</word>
<word id="word_331">,</word>
<word id="word_332">just</word>
<word id="word_333">before</word>
<word id="word_334">parliamentary</word>
<word id="word_335">elections</word>
<word id="word_336">.</word>
<word id="word_337">So</word>
<word id="word_338">is</word>
<word id="word_339">this</word>
<word id="word_340">the</word>
<word id="word_341">fall-out</word>
<word id="word_342">from</word>
<word id="word_343">some</word>
<word id="word_344">kind</word>
<word id="word_345">of</word>
<word id="word_346">power</word>
<word id="word_347">struggle</word>
<word id="word_348">?</word>
<word id="word_349">No-one</word>
<word id="word_350">knows</word>
<word id="word_351">yet</word>
<word id="word_352">.</word>
<word id="word_353">But</word>
<word id="word_354">the</word>
<word id="word_355">official</word>
<word id="word_356">claim</word>
<word id="word_357">-</word>
<word id="word_358">that</word>
<word id="word_359">a</word>
<word id="word_360">man</word>
<word id="word_361">once</word>
<word id="word_362">touted</word>
<word id="word_363">as</word>
<word id="word_364">a</word>
<word id="word_365">potential</word>
<word id="word_366">president</word>
<word id="word_367">,</word>
<word id="word_368">suddenly</word>
<word id="word_369">wanted</word>
<word id="word_370">to</word>
<word id="word_371">run</word>
<word id="word_372">Russia's</word>
<word id="word_373">environmental</word>
<word id="word_374">policy</word>
<word id="word_375">-</word>
<word id="word_376">has</word>
<word id="word_377">been</word>
<word id="word_378">met</word>
<word id="word_379">with</word>
<word id="word_380">great</word>
<word id="word_381">scepticism</word>
<word id="word_382">.</word>
<word id="word_383">In</word>
<word id="word_384">remarks</word>
<word id="word_385">to</word>
<word id="word_386">Mr</word>
<word id="word_387">Putin</word>
<word id="word_388">,</word>
<word id="word_389">quoted</word>
<word id="word_390">on</word>
<word id="word_391">the</word>
<word id="word_392">Kremlin</word>
<word id="word_393">website</word>
<word id="word_394">,</word>
<word id="word_395">Mr</word>
<word id="word_396">Ivanov</word>
<word id="word_397">said</word>
<word id="word_398">"</word>
<word id="word_399">it's</word>
<word id="word_400">true</word>
<word id="word_401">that</word>
<word id="word_402">in</word>
<word id="word_403">early</word>
<word id="word_404">2012</word>
<word id="word_405">I</word>
<word id="word_406">asked</word>
<word id="word_407">you</word>
<word id="word_408">,</word>
<word id="word_409">in</word>
<word id="word_410">a</word>
<word id="word_411">conversation</word>
<word id="word_412">,</word>
<word id="word_413">to</word>
<word id="word_414">entrust</word>
<word id="word_415">me</word>
<word id="word_416">with</word>
<word id="word_417">this</word>
<word id="word_418">very</word>
<word id="word_419">complicated</word>
<word id="word_420">post</word>
<word id="word_421">,</word>
<word id="word_422">even</word>
<word id="word_423">-</word>
<word id="word_424">you</word>
<word id="word_425">could</word>
<word id="word_426">say</word>
<word id="word_427">-</word>
<word id="word_428">troublesome</word>
<word id="word_429">post</word>
<word id="word_430">,</word>
<word id="word_431">for</word>
<word id="word_432">four</word>
<word id="word_433">years</word>
<word id="word_434">.</word>
<word id="word_435">Well</word>
<word id="word_436">,</word>
<word id="word_437">it</word>
<word id="word_438">turns</word>
<word id="word_439">out</word>
<word id="word_440">that</word>
<word id="word_441">I've</word>
<word id="word_442">been</word>
<word id="word_443">presidential</word>
<word id="word_444">chief</word>
<word id="word_445">of</word>
<word id="word_446">staff</word>
<word id="word_447">for</word>
<word id="word_448">four</word>
<word id="word_449">years</word>
<word id="word_450">and</word>
<word id="word_451">eight</word>
<word id="word_452">months</word>
<word id="word_453">.</word>
<word id="word_454">Mr</word>
<word id="word_455">Ivanov</word>
<word id="word_456">took</word>
<word id="word_457">up</word>
<word id="word_458">the</word>
<word id="word_459">post</word>
<word id="word_460">in</word>
<word id="word_461">December</word>
<word id="word_462">2011</word>
<word id="word_463">.</word>
<word id="word_464">He</word>
<word id="word_465">served</word>
<word id="word_466">previously</word>
<word id="word_467">as</word>
<word id="word_468">a</word>
<word id="word_469">deputy</word>
<word id="word_470">prime</word>
<word id="word_471">minister</word>
<word id="word_472">and</word>
<word id="word_473">defence</word>
<word id="word_474">minister</word>
<word id="word_475">.</word>
<word id="word_476">He</word>
<word id="word_477">is</word>
<word id="word_478">a</word>
<word id="word_479">member</word>
<word id="word_480">of</word>
<word id="word_481">the</word>
<word id="word_482">Russian</word>
<word id="word_483">Security</word>
<word id="word_484">Council</word>
<word id="word_485">and</word>
<word id="word_486">a</word>
<word id="word_487">former</word>
<word id="word_488">member</word>
<word id="word_489">of</word>
<word id="word_490">the</word>
<word id="word_491">KGB</word>
<word id="word_492">state</word>
<word id="word_493">security</word>
<word id="word_494">service</word>
<word id="word_495">,</word>
<word id="word_496">like</word>
<word id="word_497">Mr</word>
<word id="word_498">Putin</word>
<word id="word_499">.</word>
<word id="word_500">In</word>
<word id="word_501">the</word>
<word id="word_502">late</word>
<word id="word_503">1990s</word>
<word id="word_504">,</word>
<word id="word_505">when</word>
<word id="word_506">Mr</word>
<word id="word_507">Putin</word>
<word id="word_508">was</word>
<word id="word_509">head</word>
<word id="word_510">of</word>
<word id="word_511">the</word>
<word id="word_512">Federal</word>
<word id="word_513">Security</word>
<word id="word_514">Service</word>
<word id="word_515">(</word>
<word id="word_516">FSB</word>
<word id="word_517">)</word>
<word id="word_518">,</word>
<word id="word_519">which</word>
<word id="word_520">replaced</word>
<word id="word_521">the</word>
<word id="word_522">KGB</word>
<word id="word_523">,</word>
<word id="word_524">Mr</word>
<word id="word_525">Ivanov</word>
<word id="word_526">was</word>
<word id="word_527">appointed</word>
<word id="word_528">as</word>
<word id="word_529">his</word>
<word id="word_530">deputy</word>
<word id="word_531">.</word>
<word id="word_532">When</word>
<word id="word_533">Mr</word>
<word id="word_534">Putin</word>
<word id="word_535">came</word>
<word id="word_536">to</word>
<word id="word_537">power</word>
<word id="word_538">,</word>
<word id="word_539">he</word>
<word id="word_540">named</word>
<word id="word_541">Mr</word>
<word id="word_542">Ivanov</word>
<word id="word_543">as</word>
<word id="word_544">one</word>
<word id="word_545">of</word>
<word id="word_546">the</word>
<word id="word_547">five</word>
<word id="word_548">people</word>
<word id="word_549">he</word>
<word id="word_550">trusted</word>
<word id="word_551">most</word>
<word id="word_552">.</word>
<word id="word_553">It</word>
<word id="word_554">was</word>
<word id="word_555">once</word>
<word id="word_556">thought</word>
<word id="word_557">that</word>
<word id="word_558">Mr</word>
<word id="word_559">Ivanov</word>
<word id="word_560">might</word>
<word id="word_561">become</word>
<word id="word_562">president</word>
<word id="word_563">of</word>
<word id="word_564">Russia</word>
<word id="word_565">after</word>
<word id="word_566">Mr</word>
<word id="word_567">Putin's</word>
<word id="word_568">second</word>
<word id="word_569">term</word>
<word id="word_570">,</word>
<word id="word_571">as</word>
<word id="word_572">a</word>
<word id="word_573">third</word>
<word id="word_574">term</word>
<word id="word_575">for</word>
<word id="word_576">Mr</word>
<word id="word_577">Putin</word>
<word id="word_578">would</word>
<word id="word_579">have</word>
<word id="word_580">been</word>
<word id="word_581">unconstitutional</word>
<word id="word_582">.</word>
<word id="word_583">But</word>
<word id="word_584">that</word>
<word id="word_585">post</word>
<word id="word_586">was</word>
<word id="word_587">taken</word>
<word id="word_588">by</word>
<word id="word_589">another</word>
<word id="word_590">close</word>
<word id="word_591">Putin</word>
<word id="word_592">ally</word>
<word id="word_593">,</word>
<word id="word_594">Dmitry</word>
<word id="word_595">Medvedev</word>
<word id="word_596">.</word>
<word id="word_597">Mr</word>
<word id="word_598">Putin</word>
<word id="word_599">became</word>
<word id="word_600">prime</word>
<word id="word_601">minister</word>
<word id="word_602">,</word>
<word id="word_603">before</word>
<word id="word_604">returning</word>
<word id="word_605">to</word>
<word id="word_606">the</word>
<word id="word_607">presidency</word>
<word id="word_608">just</word>
<word id="word_609">three-and-a-half</word>
<word id="word_610">years</word>
<word id="word_611">later</word>
<word id="word_612">.</word>
</words>