<?xml version="1.0" encoding="UTF-8"?>
<!DOCTYPE words SYSTEM "words.dtd">
<words>
<word id="word_1">Queensferry</word>
<word id="word_2">Crossing</word>
<word id="word_3">:</word>
<word id="word_4">Bridge</word>
<word id="word_5">now</word>
<word id="word_6">connected</word>
<word id="word_7">to</word>
<word id="word_8">Fife</word>
<word id="word_9">The</word>
<word id="word_10">£1.35bn</word>
<word id="word_11">project</word>
<word id="word_12">is</word>
<word id="word_13">now</word>
<word id="word_14">due</word>
<word id="word_15">to</word>
<word id="word_16">be</word>
<word id="word_17">complete</word>
<word id="word_18">by</word>
<word id="word_19">May</word>
<word id="word_20">2017</word>
<word id="word_21">Engineers</word>
<word id="word_22">have</word>
<word id="word_23">joined</word>
<word id="word_24">the</word>
<word id="word_25">Queensferry</word>
<word id="word_26">Crossing's</word>
<word id="word_27">north</word>
<word id="word_28">deck</word>
<word id="word_29">and</word>
<word id="word_30">viaduct</word>
<word id="word_31">-</word>
<word id="word_32">meaning</word>
<word id="word_33">the</word>
<word id="word_34">bridge</word>
<word id="word_35">is</word>
<word id="word_36">now</word>
<word id="word_37">connected</word>
<word id="word_38">to</word>
<word id="word_39">Fife</word>
<word id="word_40">.</word>
<word id="word_41">It</word>
<word id="word_42">is</word>
<word id="word_43">the</word>
<word id="word_44">first</word>
<word id="word_45">of</word>
<word id="word_46">four</word>
<word id="word_47">closures</word>
<word id="word_48">between</word>
<word id="word_49">the</word>
<word id="word_50">"</word>
<word id="word_51">deck</word>
<word id="word_52">fans</word>
<word id="word_53">,</word>
<word id="word_54">"</word>
<word id="word_55">which</word>
<word id="word_56">are</word>
<word id="word_57">now</word>
<word id="word_58">nearing</word>
<word id="word_59">completion</word>
<word id="word_60">around</word>
<word id="word_61">each</word>
<word id="word_62">of</word>
<word id="word_63">the</word>
<word id="word_64">bridge's</word>
<word id="word_65">three</word>
<word id="word_66">towers</word>
<word id="word_67">.</word>
<word id="word_68">The</word>
<word id="word_69">bridge</word>
<word id="word_70">section</word>
<word id="word_71">from</word>
<word id="word_72">Fife</word>
<word id="word_73">is</word>
<word id="word_74">now</word>
<word id="word_75">600</word>
<word id="word_76">metres</word>
<word id="word_77">long</word>
<word id="word_78">and</word>
<word id="word_79">weighs</word>
<word id="word_80">30,000</word>
<word id="word_81">tonnes</word>
<word id="word_82">.</word>
<word id="word_83">It</word>
<word id="word_84">has</word>
<word id="word_85">10,000</word>
<word id="word_86">tonnes</word>
<word id="word_87">of</word>
<word id="word_88">steel</word>
<word id="word_89">and</word>
<word id="word_90">20,000</word>
<word id="word_91">tonnes</word>
<word id="word_92">of</word>
<word id="word_93">concrete</word>
<word id="word_94">and</word>
<word id="word_95">46</word>
<word id="word_96">stay-cables</word>
<word id="word_97">.</word>
<word id="word_98">The</word>
<word id="word_99">£1.35bn</word>
<word id="word_100">project</word>
<word id="word_101">is</word>
<word id="word_102">now</word>
<word id="word_103">due</word>
<word id="word_104">to</word>
<word id="word_105">be</word>
<word id="word_106">complete</word>
<word id="word_107">by</word>
<word id="word_108">May</word>
<word id="word_109">2017</word>
<word id="word_110">.</word>
<word id="word_111">Economy</word>
<word id="word_112">Secretary</word>
<word id="word_113">Keith</word>
<word id="word_114">Brown</word>
<word id="word_115">visited</word>
<word id="word_116">the</word>
<word id="word_117">site</word>
<word id="word_118">today</word>
<word id="word_119">and</word>
<word id="word_120">was</word>
<word id="word_121">among</word>
<word id="word_122">the</word>
<word id="word_123">first</word>
<word id="word_124">to</word>
<word id="word_125">walk</word>
<word id="word_126">from</word>
<word id="word_127">the</word>
<word id="word_128">land</word>
<word id="word_129">on</word>
<word id="word_130">to</word>
<word id="word_131">the</word>
<word id="word_132">bridge</word>
<word id="word_133">.</word>
<word id="word_134">He</word>
<word id="word_135">said</word>
<word id="word_136">:</word>
<word id="word_137">"</word>
<word id="word_138">This</word>
<word id="word_139">is</word>
<word id="word_140">a</word>
<word id="word_141">historic</word>
<word id="word_142">and</word>
<word id="word_143">symbolic</word>
<word id="word_144">moment</word>
<word id="word_145">in</word>
<word id="word_146">the</word>
<word id="word_147">building</word>
<word id="word_148">of</word>
<word id="word_149">the</word>
<word id="word_150">Queensferry</word>
<word id="word_151">Crossing</word>
<word id="word_152">.</word>
<word id="word_153">We're</word>
<word id="word_154">all</word>
<word id="word_155">witnessing</word>
<word id="word_156">engineering</word>
<word id="word_157">on</word>
<word id="word_158">a</word>
<word id="word_159">truly</word>
<word id="word_160">epic</word>
<word id="word_161">scale</word>
<word id="word_162">on</word>
<word id="word_163">this</word>
<word id="word_164">project</word>
<word id="word_165">,</word>
<word id="word_166">with</word>
<word id="word_167">over</word>
<word id="word_168">30,000</word>
<word id="word_169">tonnes</word>
<word id="word_170">of</word>
<word id="word_171">concrete</word>
<word id="word_172">and</word>
<word id="word_173">steel</word>
<word id="word_174">used</word>
<word id="word_175">just</word>
<word id="word_176">to</word>
<word id="word_177">build</word>
<word id="word_178">this</word>
<word id="word_179">part</word>
<word id="word_180">of</word>
<word id="word_181">the</word>
<word id="word_182">bridge</word>
<word id="word_183">.</word>
<word id="word_184">Despite</word>
<word id="word_185">the</word>
<word id="word_186">massive</word>
<word id="word_187">size</word>
<word id="word_188">and</word>
<word id="word_189">weight</word>
<word id="word_190">of</word>
<word id="word_191">the</word>
<word id="word_192">bridge</word>
<word id="word_193">completing</word>
<word id="word_194">the</word>
<word id="word_195">closure</word>
<word id="word_196">between</word>
<word id="word_197">the</word>
<word id="word_198">viaduct</word>
<word id="word_199">and</word>
<word id="word_200">bridge</word>
<word id="word_201">deck</word>
<word id="word_202">is</word>
<word id="word_203">a</word>
<word id="word_204">delicate</word>
<word id="word_205">operation</word>
<word id="word_206">involving</word>
<word id="word_207">extremely</word>
<word id="word_208">precise</word>
<word id="word_209">tolerances</word>
<word id="word_210">for</word>
<word id="word_211">fit</word>
<word id="word_212">up</word>
<word id="word_213">.</word>
<word id="word_214">Overall</word>
<word id="word_215">,</word>
<word id="word_216">nearly</word>
<word id="word_217">79%</word>
<word id="word_218">of</word>
<word id="word_219">the</word>
<word id="word_220">total</word>
<word id="word_221">bridge</word>
<word id="word_222">deck</word>
<word id="word_223">is</word>
<word id="word_224">now</word>
<word id="word_225">in</word>
<word id="word_226">place</word>
<word id="word_227">,</word>
<word id="word_228">the</word>
<word id="word_229">final</word>
<word id="word_230">section</word>
<word id="word_231">of</word>
<word id="word_232">deck</word>
<word id="word_233">is</word>
<word id="word_234">having</word>
<word id="word_235">its</word>
<word id="word_236">concrete</word>
<word id="word_237">deck</word>
<word id="word_238">cast</word>
<word id="word_239">in</word>
<word id="word_240">Rosyth</word>
<word id="word_241">today</word>
<word id="word_242">,</word>
<word id="word_243">meaning</word>
<word id="word_244">all</word>
<word id="word_245">the</word>
<word id="word_246">deck</word>
<word id="word_247">is</word>
<word id="word_248">ready</word>
<word id="word_249">to</word>
<word id="word_250">be</word>
<word id="word_251">lifted</word>
<word id="word_252">into</word>
<word id="word_253">place</word>
<word id="word_254">on</word>
<word id="word_255">the</word>
<word id="word_256">bridge</word>
<word id="word_257">.</word>
<word id="word_258">Michael</word>
<word id="word_259">Martin</word>
<word id="word_260">,</word>
<word id="word_261">Forth</word>
<word id="word_262">Crossing</word>
<word id="word_263">Bridge</word>
<word id="word_264">Constructors</word>
<word id="word_265">project</word>
<word id="word_266">director</word>
<word id="word_267">said</word>
<word id="word_268">:</word>
<word id="word_269">"</word>
<word id="word_270">The</word>
<word id="word_271">first</word>
<word id="word_272">closure</word>
<word id="word_273">on</word>
<word id="word_274">any</word>
<word id="word_275">bridge</word>
<word id="word_276">project</word>
<word id="word_277">is</word>
<word id="word_278">always</word>
<word id="word_279">a</word>
<word id="word_280">significant</word>
<word id="word_281">milestone</word>
<word id="word_282">.</word>
<word id="word_283">On</word>
<word id="word_284">this</word>
<word id="word_285">fantastic</word>
<word id="word_286">project</word>
<word id="word_287">,</word>
<word id="word_288">this</word>
<word id="word_289">closure</word>
<word id="word_290">represents</word>
<word id="word_291">leading</word>
<word id="word_292">edge</word>
<word id="word_293">civil</word>
<word id="word_294">engineering</word>
<word id="word_295">.</word>
<word id="word_296">After</word>
<word id="word_297">installing</word>
<word id="word_298">the</word>
<word id="word_299">last</word>
<word id="word_300">road</word>
<word id="word_301">deck</word>
<word id="word_302">section</word>
<word id="word_303">and</word>
<word id="word_304">connecting</word>
<word id="word_305">it</word>
<word id="word_306">to</word>
<word id="word_307">the</word>
<word id="word_308">expanding</word>
<word id="word_309">North</word>
<word id="word_310">Tower</word>
<word id="word_311">road</word>
<word id="word_312">deck</word>
<word id="word_313">,</word>
<word id="word_314">we</word>
<word id="word_315">then</word>
<word id="word_316">had</word>
<word id="word_317">to</word>
<word id="word_318">close</word>
<word id="word_319">the</word>
<word id="word_320">remaining</word>
<word id="word_321">gap</word>
<word id="word_322">on</word>
<word id="word_323">the</word>
<word id="word_324">north</word>
<word id="word_325">-</word>
<word id="word_326">or</word>
<word id="word_327">landward</word>
<word id="word_328">-</word>
<word id="word_329">side</word>
<word id="word_330">.</word>
<word id="word_331">This</word>
<word id="word_332">was</word>
<word id="word_333">done</word>
<word id="word_334">by</word>
<word id="word_335">pulling</word>
<word id="word_336">the</word>
<word id="word_337">northern</word>
<word id="word_338">approach</word>
<word id="word_339">viaduct</word>
<word id="word_340">700</word>
<word id="word_341">millimetres</word>
<word id="word_342">southwards</word>
<word id="word_343">.</word>
<word id="word_344">This</word>
<word id="word_345">was</word>
<word id="word_346">a</word>
<word id="word_347">massive</word>
<word id="word_348">and</word>
<word id="word_349">,</word>
<word id="word_350">at</word>
<word id="word_351">the</word>
<word id="word_352">same</word>
<word id="word_353">time</word>
<word id="word_354">,</word>
<word id="word_355">very</word>
<word id="word_356">delicate</word>
<word id="word_357">operation</word>
<word id="word_358">.</word>
<word id="word_359">Massive</word>
<word id="word_360">because</word>
<word id="word_361">the</word>
<word id="word_362">viaduct</word>
<word id="word_363">is</word>
<word id="word_364">222</word>
<word id="word_365">metres</word>
<word id="word_366">long</word>
<word id="word_367">,</word>
<word id="word_368">weighs</word>
<word id="word_369">approximately</word>
<word id="word_370">6,000</word>
<word id="word_371">tonnes</word>
<word id="word_372">and</word>
<word id="word_373">had</word>
<word id="word_374">to</word>
<word id="word_375">be</word>
<word id="word_376">pulled</word>
<word id="word_377">up</word>
<word id="word_378">a</word>
<word id="word_379">gradient</word>
<word id="word_380">of</word>
<word id="word_381">about</word>
<word id="word_382">3%</word>
<word id="word_383">.</word>
<word id="word_384">Delicate</word>
<word id="word_385">because</word>
<word id="word_386">the</word>
<word id="word_387">tolerances</word>
<word id="word_388">the</word>
<word id="word_389">team</word>
<word id="word_390">were</word>
<word id="word_391">working</word>
<word id="word_392">to</word>
<word id="word_393">were</word>
<word id="word_394">tiny</word>
<word id="word_395">-</word>
<word id="word_396">just</word>
<word id="word_397">a</word>
<word id="word_398">few</word>
<word id="word_399">millimetres</word>
<word id="word_400">either</word>
<word id="word_401">way</word>
<word id="word_402">.</word>
<word id="word_403">Happily</word>
<word id="word_404">,</word>
<word id="word_405">it</word>
<word id="word_406">all</word>
<word id="word_407">went</word>
<word id="word_408">very</word>
<word id="word_409">well</word>
<word id="word_410">.</word>
</words>