<?xml version="1.0" encoding="UTF-8"?>
<!DOCTYPE words SYSTEM "words.dtd">
<words>
<word id="word_1">Who</word>
<word id="word_2">is</word>
<word id="word_3">going</word>
<word id="word_4">to</word>
<word id="word_5">build</word>
<word id="word_6">Braunschweig's</word>
<word id="word_7">low-cost</word>
<word id="word_8">housing</word>
<word id="word_9">?</word>
<word id="word_10">The</word>
<word id="word_11">SPD</word>
<word id="word_12">and</word>
<word id="word_13">the</word>
<word id="word_14">Greens</word>
<word id="word_15">think</word>
<word id="word_16">that</word>
<word id="word_17">investors</word>
<word id="word_18">should</word>
<word id="word_19">step</word>
<word id="word_20">up</word>
<word id="word_21">to</word>
<word id="word_22">the</word>
<word id="word_23">plate</word>
<word id="word_24">much</word>
<word id="word_25">more</word>
<word id="word_26">in</word>
<word id="word_27">the</word>
<word id="word_28">future</word>
<word id="word_29">.</word>
<word id="word_30">How</word>
<word id="word_31">to</word>
<word id="word_32">react</word>
<word id="word_33">to</word>
<word id="word_34">the</word>
<word id="word_35">bad</word>
<word id="word_36">news</word>
<word id="word_37">that</word>
<word id="word_38">Braunschweig</word>
<word id="word_39">will</word>
<word id="word_40">lose</word>
<word id="word_41">almost</word>
<word id="word_42">1300</word>
<word id="word_43">low-cost</word>
<word id="word_44">homes</word>
<word id="word_45">over</word>
<word id="word_46">the</word>
<word id="word_47">next</word>
<word id="word_48">few</word>
<word id="word_49">years</word>
<word id="word_50">?</word>
<word id="word_51">At</word>
<word id="word_52">the</word>
<word id="word_53">next</word>
<word id="word_54">council</word>
<word id="word_55">meeting</word>
<word id="word_56">,</word>
<word id="word_57">the</word>
<word id="word_58">SPD</word>
<word id="word_59">is</word>
<word id="word_60">going</word>
<word id="word_61">to</word>
<word id="word_62">put</word>
<word id="word_63">forward</word>
<word id="word_64">an</word>
<word id="word_65">"</word>
<word id="word_66">action</word>
<word id="word_67">plan</word>
<word id="word_68">for</word>
<word id="word_69">homes</word>
<word id="word_70">"</word>
<word id="word_71">.</word>
<word id="word_72">But</word>
<word id="word_73">it</word>
<word id="word_74">won't</word>
<word id="word_75">be</word>
<word id="word_76">smooth</word>
<word id="word_77">sailing</word>
<word id="word_78">.</word>
<word id="word_79">Firstly</word>
<word id="word_80">,</word>
<word id="word_81">there</word>
<word id="word_82">is</word>
<word id="word_83">the</word>
<word id="word_84">question</word>
<word id="word_85">of</word>
<word id="word_86">who</word>
<word id="word_87">is</word>
<word id="word_88">actually</word>
<word id="word_89">going</word>
<word id="word_90">to</word>
<word id="word_91">build</word>
<word id="word_92">the</word>
<word id="word_93">low-cost</word>
<word id="word_94">homes</word>
<word id="word_95">?</word>
<word id="word_96">So</word>
<word id="word_97">far</word>
<word id="word_98">,</word>
<word id="word_99">no</word>
<word id="word_100">settlement</word>
<word id="word_101">has</word>
<word id="word_102">been</word>
<word id="word_103">reached</word>
<word id="word_104">on</word>
<word id="word_105">this</word>
<word id="word_106">point</word>
<word id="word_107">.</word>
<word id="word_108">SPD</word>
<word id="word_109">group</word>
<word id="word_110">chairman</word>
<word id="word_111">,</word>
<word id="word_112">Christoph</word>
<word id="word_113">Bratmann</word>
<word id="word_114">,</word>
<word id="word_115">says</word>
<word id="word_116">:</word>
<word id="word_117">"</word>
<word id="word_118">We</word>
<word id="word_119">agree</word>
<word id="word_120">with</word>
<word id="word_121">the</word>
<word id="word_122">Greens</word>
<word id="word_123">:</word>
<word id="word_124">if</word>
<word id="word_125">you</word>
<word id="word_126">want</word>
<word id="word_127">to</word>
<word id="word_128">build</word>
<word id="word_129">on</word>
<word id="word_130">municipal</word>
<word id="word_131">land</word>
<word id="word_132">,</word>
<word id="word_133">you</word>
<word id="word_134">will</word>
<word id="word_135">have</word>
<word id="word_136">to</word>
<word id="word_137">designate</word>
<word id="word_138">20</word>
<word id="word_139">percent</word>
<word id="word_140">of</word>
<word id="word_141">all</word>
<word id="word_142">homes</word>
<word id="word_143">as</word>
<word id="word_144">social</word>
<word id="word_145">housing</word>
<word id="word_146">in</word>
<word id="word_147">the</word>
<word id="word_148">future</word>
<word id="word_149">.</word>
<word id="word_150">"</word>
<word id="word_151">The</word>
<word id="word_152">low-cost</word>
<word id="word_153">homes</word>
<word id="word_154">could</word>
<word id="word_155">also</word>
<word id="word_156">be</word>
<word id="word_157">older</word>
<word id="word_158">homes</word>
<word id="word_159">that</word>
<word id="word_160">are</word>
<word id="word_161">renovated</word>
<word id="word_162">.</word>
<word id="word_163">However</word>
<word id="word_164">,</word>
<word id="word_165">the</word>
<word id="word_166">main</word>
<word id="word_167">issue</word>
<word id="word_168">for</word>
<word id="word_169">the</word>
<word id="word_170">council</word>
<word id="word_171">,</word>
<word id="word_172">according</word>
<word id="word_173">to</word>
<word id="word_174">Bratmann</word>
<word id="word_175">:</word>
<word id="word_176">"</word>
<word id="word_177">How</word>
<word id="word_178">do</word>
<word id="word_179">we</word>
<word id="word_180">handle</word>
<word id="word_181">investors</word>
<word id="word_182">who</word>
<word id="word_183">want</word>
<word id="word_184">to</word>
<word id="word_185">build</word>
<word id="word_186">on</word>
<word id="word_187">private</word>
<word id="word_188">ground</word>
<word id="word_189">?</word>
<word id="word_190">"</word>
<word id="word_191">We</word>
<word id="word_192">want</word>
<word id="word_193">investors</word>
<word id="word_194">building</word>
<word id="word_195">on</word>
<word id="word_196">those</word>
<word id="word_197">spaces</word>
<word id="word_198">to</word>
<word id="word_199">keep</word>
<word id="word_200">at</word>
<word id="word_201">least</word>
<word id="word_202">10</word>
<word id="word_203">percent</word>
<word id="word_204">,</word>
<word id="word_205">but</word>
<word id="word_206">if</word>
<word id="word_207">possible</word>
<word id="word_208">,</word>
<word id="word_209">20</word>
<word id="word_210">percent</word>
<word id="word_211">,</word>
<word id="word_212">of</word>
<word id="word_213">homes</word>
<word id="word_214">as</word>
<word id="word_215">social</word>
<word id="word_216">housing</word>
<word id="word_217">.</word>
<word id="word_218">"</word>
<word id="word_219">A</word>
<word id="word_220">new</word>
<word id="word_221">municipal</word>
<word id="word_222">programme</word>
<word id="word_223">to</word>
<word id="word_224">promote</word>
<word id="word_225">the</word>
<word id="word_226">construction</word>
<word id="word_227">of</word>
<word id="word_228">homes</word>
<word id="word_229">,</word>
<word id="word_230">which</word>
<word id="word_231">will</word>
<word id="word_232">cost</word>
<word id="word_233">millions</word>
<word id="word_234">,</word>
<word id="word_235">and</word>
<word id="word_236">which</word>
<word id="word_237">still</word>
<word id="word_238">needs</word>
<word id="word_239">to</word>
<word id="word_240">be</word>
<word id="word_241">financed</word>
<word id="word_242">,</word>
<word id="word_243">will</word>
<word id="word_244">trigger</word>
<word id="word_245">concerns</word>
<word id="word_246">.</word>
<word id="word_247">The</word>
<word id="word_248">problem</word>
<word id="word_249">,</word>
<word id="word_250">according</word>
<word id="word_251">to</word>
<word id="word_252">Bratmann</word>
<word id="word_253">:</word>
<word id="word_254">"</word>
<word id="word_255">At</word>
<word id="word_256">the</word>
<word id="word_257">moment</word>
<word id="word_258">,</word>
<word id="word_259">there</word>
<word id="word_260">is</word>
<word id="word_261">no</word>
<word id="word_262">agreement</word>
<word id="word_263">between</word>
<word id="word_264">groups</word>
<word id="word_265">.</word>
<word id="word_266">"</word>
<word id="word_267">The</word>
<word id="word_268">CDU</word>
<word id="word_269">wants</word>
<word id="word_270">to</word>
<word id="word_271">put</word>
<word id="word_272">as</word>
<word id="word_273">few</word>
<word id="word_274">rules</word>
<word id="word_275">on</word>
<word id="word_276">investors</word>
<word id="word_277">as</word>
<word id="word_278">possible</word>
<word id="word_279">.</word>
<word id="word_280">The</word>
<word id="word_281">Left</word>
<word id="word_282">wants</word>
<word id="word_283">more</word>
<word id="word_284">stringent</word>
<word id="word_285">requirements</word>
<word id="word_286">to</word>
<word id="word_287">be</word>
<word id="word_288">imposed</word>
<word id="word_289">on</word>
<word id="word_290">investors</word>
<word id="word_291">.</word>
<word id="word_292">Despite</word>
<word id="word_293">that</word>
<word id="word_294">,</word>
<word id="word_295">according</word>
<word id="word_296">to</word>
<word id="word_297">Bratman</word>
<word id="word_298">,</word>
<word id="word_299">the</word>
<word id="word_300">situation</word>
<word id="word_301">in</word>
<word id="word_302">terms</word>
<word id="word_303">of</word>
<word id="word_304">the</word>
<word id="word_305">housing</word>
<word id="word_306">market</word>
<word id="word_307">is</word>
<word id="word_308">also</word>
<word id="word_309">hotting</word>
<word id="word_310">up</word>
<word id="word_311">.</word>
<word id="word_312">If</word>
<word id="word_313">the</word>
<word id="word_314">action</word>
<word id="word_315">plan</word>
<word id="word_316">is</word>
<word id="word_317">implemented</word>
<word id="word_318">,</word>
<word id="word_319">the</word>
<word id="word_320">building</word>
<word id="word_321">authorities</word>
<word id="word_322">will</word>
<word id="word_323">be</word>
<word id="word_324">faced</word>
<word id="word_325">with</word>
<word id="word_326">additional</word>
<word id="word_327">tasks</word>
<word id="word_328">.</word>
<word id="word_329">More</word>
<word id="word_330">staff</word>
<word id="word_331">will</word>
<word id="word_332">be</word>
<word id="word_333">needed</word>
<word id="word_334">.</word>
<word id="word_335">It</word>
<word id="word_336">is</word>
<word id="word_337">not</word>
<word id="word_338">clear</word>
<word id="word_339">if</word>
<word id="word_340">we</word>
<word id="word_341">will</word>
<word id="word_342">get</word>
<word id="word_343">the</word>
<word id="word_344">specialist</word>
<word id="word_345">staff</word>
<word id="word_346">.</word>
<word id="word_347">But</word>
<word id="word_348">the</word>
<word id="word_349">program</word>
<word id="word_350">is</word>
<word id="word_351">not</word>
<word id="word_352">quite</word>
<word id="word_353">complete</word>
<word id="word_354">:</word>
<word id="word_355">because</word>
<word id="word_356">the</word>
<word id="word_357">approximately</word>
<word id="word_358">1260</word>
<word id="word_359">new</word>
<word id="word_360">homes</word>
<word id="word_361">are</word>
<word id="word_362">to</word>
<word id="word_363">be</word>
<word id="word_364">built</word>
<word id="word_365">anyway</word>
<word id="word_366">.</word>
<word id="word_367">But</word>
<word id="word_368">how</word>
<word id="word_369">do</word>
<word id="word_370">you</word>
<word id="word_371">balance</word>
<word id="word_372">out</word>
<word id="word_373">the</word>
<word id="word_374">loss</word>
<word id="word_375">of</word>
<word id="word_376">an</word>
<word id="word_377">additional</word>
<word id="word_378">1300</word>
<word id="word_379">low-cost</word>
<word id="word_380">homes</word>
<word id="word_381">(</word>
<word id="word_382">approximately</word>
<word id="word_383">)</word>
<word id="word_384">,</word>
<word id="word_385">the</word>
<word id="word_386">grants</word>
<word id="word_387">for</word>
<word id="word_388">which</word>
<word id="word_389">will</word>
<word id="word_390">run</word>
<word id="word_391">out</word>
<word id="word_392">over</word>
<word id="word_393">the</word>
<word id="word_394">next</word>
<word id="word_395">few</word>
<word id="word_396">years</word>
<word id="word_397">?</word>
<word id="word_398">This</word>
<word id="word_399">will</word>
<word id="word_400">come</word>
<word id="word_401">to</word>
<word id="word_402">500</word>
<word id="word_403">homes</word>
<word id="word_404">even</word>
<word id="word_405">by</word>
<word id="word_406">2020</word>
<word id="word_407">.</word>
<word id="word_408">To</word>
<word id="word_409">prevent</word>
<word id="word_410">this</word>
<word id="word_411">,</word>
<word id="word_412">according</word>
<word id="word_413">to</word>
<word id="word_414">Nicole</word>
<word id="word_415">Palm</word>
<word id="word_416">,</word>
<word id="word_417">spokeswoman</word>
<word id="word_418">for</word>
<word id="word_419">planning</word>
<word id="word_420">policy</word>
<word id="word_421">,</word>
<word id="word_422">bonds</word>
<word id="word_423">that</word>
<word id="word_424">are</word>
<word id="word_425">about</word>
<word id="word_426">to</word>
<word id="word_427">mature</word>
<word id="word_428">should</word>
<word id="word_429">be</word>
<word id="word_430">purchased</word>
<word id="word_431">by</word>
<word id="word_432">the</word>
<word id="word_433">municipality</word>
<word id="word_434">.</word>
<word id="word_435">In</word>
<word id="word_436">addition</word>
<word id="word_437">,</word>
<word id="word_438">thought</word>
<word id="word_439">must</word>
<word id="word_440">be</word>
<word id="word_441">given</word>
<word id="word_442">to</word>
<word id="word_443">putting</word>
<word id="word_444">homes</word>
<word id="word_445">back</word>
<word id="word_446">into</word>
<word id="word_447">a</word>
<word id="word_448">price</word>
<word id="word_449">maintenance</word>
<word id="word_450">scenario</word>
<word id="word_451">.</word>
<word id="word_452">This</word>
<word id="word_453">is</word>
<word id="word_454">possible</word>
<word id="word_455">in</word>
<word id="word_456">the</word>
<word id="word_457">west</word>
<word id="word_458">of</word>
<word id="word_459">the</word>
<word id="word_460">city</word>
<word id="word_461">.</word>
<word id="word_462">The</word>
<word id="word_463">problem</word>
<word id="word_464">could</word>
<word id="word_465">be</word>
<word id="word_466">solved</word>
<word id="word_467">in</word>
<word id="word_468">one</word>
<word id="word_469">fell</word>
<word id="word_470">swoop</word>
<word id="word_471">.</word>
<word id="word_472">This</word>
<word id="word_473">is</word>
<word id="word_474">because</word>
<word id="word_475">deadlines</word>
<word id="word_476">expire</word>
<word id="word_477">at</word>
<word id="word_478">the</word>
<word id="word_479">end</word>
<word id="word_480">of</word>
<word id="word_481">the</word>
<word id="word_482">year</word>
<word id="word_483">in</word>
<word id="word_484">the</word>
<word id="word_485">west</word>
<word id="word_486">of</word>
<word id="word_487">the</word>
<word id="word_488">city</word>
<word id="word_489">.</word>
<word id="word_490">Around</word>
<word id="word_491">1800</word>
<word id="word_492">homes</word>
<word id="word_493">could</word>
<word id="word_494">then</word>
<word id="word_495">be</word>
<word id="word_496">moved</word>
<word id="word_497">into</word>
<word id="word_498">the</word>
<word id="word_499">managed</word>
<word id="word_500">price</word>
<word id="word_501">scheme</word>
<word id="word_502">for</word>
<word id="word_503">affordable</word>
<word id="word_504">housing</word>
<word id="word_505">.</word>
<word id="word_506">The</word>
<word id="word_507">only</word>
<word id="word_508">problem</word>
<word id="word_509">is</word>
<word id="word_510">that</word>
<word id="word_511">their</word>
<word id="word_512">owners</word>
<word id="word_513">,</word>
<word id="word_514">housing</word>
<word id="word_515">companies</word>
<word id="word_516">,</word>
<word id="word_517">are</word>
<word id="word_518">against</word>
<word id="word_519">it</word>
<word id="word_520">.</word>
<word id="word_521">This</word>
<word id="word_522">would</word>
<word id="word_523">dramatically</word>
<word id="word_524">increase</word>
<word id="word_525">the</word>
<word id="word_526">amount</word>
<word id="word_527">of</word>
<word id="word_528">affordable</word>
<word id="word_529">housing</word>
<word id="word_530">in</word>
<word id="word_531">the</word>
<word id="word_532">west</word>
<word id="word_533">of</word>
<word id="word_534">the</word>
<word id="word_535">city</word>
<word id="word_536">,</word>
<word id="word_537">taking</word>
<word id="word_538">a</word>
<word id="word_539">step</word>
<word id="word_540">back</word>
<word id="word_541">from</word>
<word id="word_542">the</word>
<word id="word_543">target</word>
<word id="word_544">of</word>
<word id="word_545">"</word>
<word id="word_546">blending</word>
<word id="word_547">"</word>
<word id="word_548">.</word>
<word id="word_549">No</word>
<word id="word_550">longer</word>
<word id="word_551">are</word>
<word id="word_552">socially</word>
<word id="word_553">disadvantaged</word>
<word id="word_554">people</word>
<word id="word_555">to</word>
<word id="word_556">be</word>
<word id="word_557">concentrated</word>
<word id="word_558">in</word>
<word id="word_559">a</word>
<word id="word_560">small</word>
<word id="word_561">number</word>
<word id="word_562">of</word>
<word id="word_563">districts</word>
<word id="word_564">.</word>
<word id="word_565">The</word>
<word id="word_566">Greens</word>
<word id="word_567">think</word>
<word id="word_568">there's</word>
<word id="word_569">still</word>
<word id="word_570">room</word>
<word id="word_571">for</word>
<word id="word_572">manoeuvre</word>
<word id="word_573">in</word>
<word id="word_574">the</word>
<word id="word_575">discussions</word>
<word id="word_576">.</word>
<word id="word_577">Group</word>
<word id="word_578">chairman</word>
<word id="word_579">Holger</word>
<word id="word_580">Herlitschke</word>
<word id="word_581">thinks</word>
<word id="word_582">that</word>
<word id="word_583">"</word>
<word id="word_584">the</word>
<word id="word_585">CDU</word>
<word id="word_586">will</word>
<word id="word_587">have</word>
<word id="word_588">to</word>
<word id="word_589">get</word>
<word id="word_590">into</word>
<word id="word_591">bed</word>
<word id="word_592">with</word>
<word id="word_593">us</word>
<word id="word_594">to</word>
<word id="word_595">reach</word>
<word id="word_596">a</word>
<word id="word_597">decent</word>
<word id="word_598">majority</word>
<word id="word_599">.</word>
<word id="word_600">"</word>
<word id="word_601">However</word>
<word id="word_602">,</word>
<word id="word_603">they</word>
<word id="word_604">have</word>
<word id="word_605">focused</word>
<word id="word_606">on</word>
<word id="word_607">providing</word>
<word id="word_608">more</word>
<word id="word_609">building</word>
<word id="word_610">sites</word>
<word id="word_611">for</word>
<word id="word_612">detached</word>
<word id="word_613">homes</word>
<word id="word_614">.</word>
<word id="word_615">But</word>
<word id="word_616">that</word>
<word id="word_617">does</word>
<word id="word_618">not</word>
<word id="word_619">mean</word>
<word id="word_620">that</word>
<word id="word_621">it</word>
<word id="word_622">will</word>
<word id="word_623">be</word>
<word id="word_624">impossible</word>
<word id="word_625">to</word>
<word id="word_626">reach</word>
<word id="word_627">a</word>
<word id="word_628">compromise</word>
<word id="word_629">.</word>
</words>