<?xml version="1.0" encoding="UTF-8"?>
<!DOCTYPE words SYSTEM "words.dtd">
<words>
<word id="word_1">Pokémon</word>
<word id="word_2">Go</word>
<word id="word_3">a</word>
<word id="word_4">worthy</word>
<word id="word_5">hunt</word>
<word id="word_6">for</word>
<word id="word_7">health</word>
<word id="word_8">and</word>
<word id="word_9">happiness</word>
<word id="word_10">It</word>
<word id="word_11">is</word>
<word id="word_12">fascinating</word>
<word id="word_13">to</word>
<word id="word_14">see</word>
<word id="word_15">how</word>
<word id="word_16">the</word>
<word id="word_17">world</word>
<word id="word_18">turns</word>
<word id="word_19">.</word>
<word id="word_20">That</word>
<word id="word_21">teenagers</word>
<word id="word_22">and</word>
<word id="word_23">children</word>
<word id="word_24">do</word>
<word id="word_25">not</word>
<word id="word_26">get</word>
<word id="word_27">outside</word>
<word id="word_28">to</word>
<word id="word_29">play</word>
<word id="word_30">any</word>
<word id="word_31">more</word>
<word id="word_32">,</word>
<word id="word_33">preferring</word>
<word id="word_34">to</word>
<word id="word_35">spend</word>
<word id="word_36">their</word>
<word id="word_37">free</word>
<word id="word_38">time</word>
<word id="word_39">looking</word>
<word id="word_40">at</word>
<word id="word_41">screens</word>
<word id="word_42">,</word>
<word id="word_43">has</word>
<word id="word_44">been</word>
<word id="word_45">the</word>
<word id="word_46">lament</word>
<word id="word_47">of</word>
<word id="word_48">many</word>
<word id="word_49">for</word>
<word id="word_50">the</word>
<word id="word_51">the</word>
<word id="word_52">past</word>
<word id="word_53">decade</word>
<word id="word_54">.</word>
<word id="word_55">Pokemon</word>
<word id="word_56">Go</word>
<word id="word_57">is</word>
<word id="word_58">getting</word>
<word id="word_59">people</word>
<word id="word_60">off</word>
<word id="word_61">the</word>
<word id="word_62">couch</word>
<word id="word_63">and</word>
<word id="word_64">into</word>
<word id="word_65">some</word>
<word id="word_66">activity</word>
<word id="word_67">.</word>
<word id="word_68">Screen</word>
<word id="word_69">time</word>
<word id="word_70">was</word>
<word id="word_71">initially</word>
<word id="word_72">limited</word>
<word id="word_73">to</word>
<word id="word_74">the</word>
<word id="word_75">television</word>
<word id="word_76">then</word>
<word id="word_77">video</word>
<word id="word_78">games</word>
<word id="word_79">and</word>
<word id="word_80">more</word>
<word id="word_81">recently</word>
<word id="word_82">smartphones</word>
<word id="word_83">.</word>
<word id="word_84">So</word>
<word id="word_85">it</word>
<word id="word_86">is</word>
<word id="word_87">great</word>
<word id="word_88">to</word>
<word id="word_89">see</word>
<word id="word_90">that</word>
<word id="word_91">technology</word>
<word id="word_92">and</word>
<word id="word_93">being</word>
<word id="word_94">active</word>
<word id="word_95">outdoors</word>
<word id="word_96">are</word>
<word id="word_97">not</word>
<word id="word_98">mutually</word>
<word id="word_99">exclusive</word>
<word id="word_100">.</word>
<word id="word_101">I</word>
<word id="word_102">am</word>
<word id="word_103">of</word>
<word id="word_104">course</word>
<word id="word_105">referring</word>
<word id="word_106">to</word>
<word id="word_107">the</word>
<word id="word_108">craze</word>
<word id="word_109">that</word>
<word id="word_110">is</word>
<word id="word_111">Pokémon</word>
<word id="word_112">Go</word>
<word id="word_113">,</word>
<word id="word_114">an</word>
<word id="word_115">app</word>
<word id="word_116">based</word>
<word id="word_117">on</word>
<word id="word_118">the</word>
<word id="word_119">characters</word>
<word id="word_120">first</word>
<word id="word_121">created</word>
<word id="word_122">for</word>
<word id="word_123">video</word>
<word id="word_124">games</word>
<word id="word_125">in</word>
<word id="word_126">the</word>
<word id="word_127">1990s</word>
<word id="word_128">(</word>
<word id="word_129">it</word>
<word id="word_130">later</word>
<word id="word_131">spawned</word>
<word id="word_132">a</word>
<word id="word_133">cartoon</word>
<word id="word_134">series</word>
<word id="word_135">,</word>
<word id="word_136">playing</word>
<word id="word_137">cards</word>
<word id="word_138">and</word>
<word id="word_139">other</word>
<word id="word_140">spin</word>
<word id="word_141">offs</word>
<word id="word_142">)</word>
<word id="word_143">.</word>
<word id="word_144">Like</word>
<word id="word_145">many</word>
<word id="word_146">pop</word>
<word id="word_147">cultural</word>
<word id="word_148">phenomena</word>
<word id="word_149">it</word>
<word id="word_150">had</word>
<word id="word_151">gone</word>
<word id="word_152">off</word>
<word id="word_153">the</word>
<word id="word_154">boil</word>
<word id="word_155">somewhat</word>
<word id="word_156">before</word>
<word id="word_157">this</word>
<word id="word_158">new</word>
<word id="word_159">game</word>
<word id="word_160">was</word>
<word id="word_161">made</word>
<word id="word_162">available</word>
<word id="word_163">in</word>
<word id="word_164">the</word>
<word id="word_165">US</word>
<word id="word_166">,</word>
<word id="word_167">Australia</word>
<word id="word_168">and</word>
<word id="word_169">New</word>
<word id="word_170">Zealand</word>
<word id="word_171">in</word>
<word id="word_172">early</word>
<word id="word_173">July</word>
<word id="word_174">.</word>
<word id="word_175">The</word>
<word id="word_176">launch</word>
<word id="word_177">in</word>
<word id="word_178">other</word>
<word id="word_179">countries</word>
<word id="word_180">was</word>
<word id="word_181">then</word>
<word id="word_182">delayed</word>
<word id="word_183">by</word>
<word id="word_184">the</word>
<word id="word_185">massive</word>
<word id="word_186">response</word>
<word id="word_187">,</word>
<word id="word_188">which</word>
<word id="word_189">overloaded</word>
<word id="word_190">servers</word>
<word id="word_191">.</word>
<word id="word_192">Within</word>
<word id="word_193">days</word>
<word id="word_194">,</word>
<word id="word_195">Pokémon</word>
<word id="word_196">Go</word>
<word id="word_197">had</word>
<word id="word_198">more</word>
<word id="word_199">users</word>
<word id="word_200">than</word>
<word id="word_201">Tinder</word>
<word id="word_202">and</word>
<word id="word_203">nearly</word>
<word id="word_204">as</word>
<word id="word_205">many</word>
<word id="word_206">as</word>
<word id="word_207">Twitter</word>
<word id="word_208">.</word>
<word id="word_209">So</word>
<word id="word_210">how</word>
<word id="word_211">does</word>
<word id="word_212">it</word>
<word id="word_213">work</word>
<word id="word_214">?</word>
<word id="word_215">In</word>
<word id="word_216">a</word>
<word id="word_217">nutshell</word>
<word id="word_218">,</word>
<word id="word_219">players</word>
<word id="word_220">on</word>
<word id="word_221">smartphones</word>
<word id="word_222">go</word>
<word id="word_223">out</word>
<word id="word_224">looking</word>
<word id="word_225">for</word>
<word id="word_226">Pokémons</word>
<word id="word_227">,</word>
<word id="word_228">which</word>
<word id="word_229">are</word>
<word id="word_230">tracked</word>
<word id="word_231">with</word>
<word id="word_232">a</word>
<word id="word_233">GPS</word>
<word id="word_234">and</word>
<word id="word_235">,</word>
<word id="word_236">once</word>
<word id="word_237">found</word>
<word id="word_238">,</word>
<word id="word_239">can</word>
<word id="word_240">be</word>
<word id="word_241">'photographed'</word>
<word id="word_242">(</word>
<word id="word_243">via</word>
<word id="word_244">a</word>
<word id="word_245">screenshot</word>
<word id="word_246">on</word>
<word id="word_247">your</word>
<word id="word_248">phone</word>
<word id="word_249">)</word>
<word id="word_250">or</word>
<word id="word_251">'captured'</word>
<word id="word_252">.</word>
<word id="word_253">A</word>
<word id="word_254">generation</word>
<word id="word_255">who</word>
<word id="word_256">played</word>
<word id="word_257">the</word>
<word id="word_258">game</word>
<word id="word_259">when</word>
<word id="word_260">younger</word>
<word id="word_261">have</word>
<word id="word_262">joined</word>
<word id="word_263">the</word>
<word id="word_264">craze</word>
<word id="word_265">,</word>
<word id="word_266">jumping</word>
<word id="word_267">off</word>
<word id="word_268">the</word>
<word id="word_269">couch</word>
<word id="word_270">for</word>
<word id="word_271">the</word>
<word id="word_272">search</word>
<word id="word_273">.</word>
<word id="word_274">In</word>
<word id="word_275">the</word>
<word id="word_276">US</word>
<word id="word_277">,</word>
<word id="word_278">the</word>
<word id="word_279">game</word>
<word id="word_280">has</word>
<word id="word_281">led</word>
<word id="word_282">to</word>
<word id="word_283">a</word>
<word id="word_284">significant</word>
<word id="word_285">increase</word>
<word id="word_286">in</word>
<word id="word_287">the</word>
<word id="word_288">number</word>
<word id="word_289">of</word>
<word id="word_290">steps</word>
<word id="word_291">taken</word>
<word id="word_292">by</word>
<word id="word_293">the</word>
<word id="word_294">"</word>
<word id="word_295">average</word>
<word id="word_296">"</word>
<word id="word_297">person</word>
<word id="word_298">each</word>
<word id="word_299">day</word>
<word id="word_300">.</word>
<word id="word_301">Cardiogram</word>
<word id="word_302">,</word>
<word id="word_303">an</word>
<word id="word_304">app</word>
<word id="word_305">for</word>
<word id="word_306">the</word>
<word id="word_307">Apple</word>
<word id="word_308">Watch</word>
<word id="word_309">that</word>
<word id="word_310">tracks</word>
<word id="word_311">35,000</word>
<word id="word_312">users</word>
<word id="word_313">,</word>
<word id="word_314">told</word>
<word id="word_315">the</word>
<word id="word_316">Washington</word>
<word id="word_317">Post</word>
<word id="word_318">recently</word>
<word id="word_319">that</word>
<word id="word_320">within</word>
<word id="word_321">two</word>
<word id="word_322">days</word>
<word id="word_323">of</word>
<word id="word_324">the</word>
<word id="word_325">game</word>
<word id="word_326">launching</word>
<word id="word_327">,</word>
<word id="word_328">the</word>
<word id="word_329">number</word>
<word id="word_330">of</word>
<word id="word_331">people</word>
<word id="word_332">it</word>
<word id="word_333">tracked</word>
<word id="word_334">who</word>
<word id="word_335">did</word>
<word id="word_336">30</word>
<word id="word_337">minutes</word>
<word id="word_338">of</word>
<word id="word_339">exercise</word>
<word id="word_340">each</word>
<word id="word_341">day</word>
<word id="word_342">jumped</word>
<word id="word_343">from</word>
<word id="word_344">45</word>
<word id="word_345">per</word>
<word id="word_346">cent</word>
<word id="word_347">to</word>
<word id="word_348">53</word>
<word id="word_349">per</word>
<word id="word_350">cent</word>
<word id="word_351">.</word>
<word id="word_352">The</word>
<word id="word_353">company</word>
<word id="word_354">does</word>
<word id="word_355">not</word>
<word id="word_356">know</word>
<word id="word_357">who</word>
<word id="word_358">is</word>
<word id="word_359">playing</word>
<word id="word_360">Pokémon</word>
<word id="word_361">Go</word>
<word id="word_362">-</word>
<word id="word_363">it</word>
<word id="word_364">just</word>
<word id="word_365">sees</word>
<word id="word_366">raw</word>
<word id="word_367">data</word>
<word id="word_368">on</word>
<word id="word_369">exercise</word>
<word id="word_370">levels</word>
<word id="word_371">.</word>
<word id="word_372">Many</word>
<word id="word_373">public</word>
<word id="word_374">health</word>
<word id="word_375">campaigns</word>
<word id="word_376">to</word>
<word id="word_377">get</word>
<word id="word_378">people</word>
<word id="word_379">to</word>
<word id="word_380">"</word>
<word id="word_381">find</word>
<word id="word_382">30</word>
<word id="word_383">,</word>
<word id="word_384">"</word>
<word id="word_385">"</word>
<word id="word_386">get</word>
<word id="word_387">off</word>
<word id="word_388">the</word>
<word id="word_389">couch</word>
<word id="word_390">"</word>
<word id="word_391">and</word>
<word id="word_392">"</word>
<word id="word_393">be</word>
<word id="word_394">active</word>
<word id="word_395">everyday</word>
<word id="word_396">"</word>
<word id="word_397">have</word>
<word id="word_398">fallen</word>
<word id="word_399">on</word>
<word id="word_400">deaf</word>
<word id="word_401">ears</word>
<word id="word_402">because</word>
<word id="word_403">most</word>
<word id="word_404">public</word>
<word id="word_405">health</word>
<word id="word_406">messages</word>
<word id="word_407">are</word>
<word id="word_408">boring</word>
<word id="word_409">and</word>
<word id="word_410">delivered</word>
<word id="word_411">by</word>
<word id="word_412">people</word>
<word id="word_413">who</word>
<word id="word_414">look</word>
<word id="word_415">miserable</word>
<word id="word_416">.</word>
<word id="word_417">Yet</word>
<word id="word_418">the</word>
<word id="word_419">importance</word>
<word id="word_420">of</word>
<word id="word_421">exercise</word>
<word id="word_422">cannot</word>
<word id="word_423">be</word>
<word id="word_424">understated</word>
<word id="word_425">.</word>
<word id="word_426">Those</word>
<word id="word_427">who</word>
<word id="word_428">exercise</word>
<word id="word_429">regularly</word>
<word id="word_430">reduce</word>
<word id="word_431">their</word>
<word id="word_432">chances</word>
<word id="word_433">of</word>
<word id="word_434">getting</word>
<word id="word_435">cancer</word>
<word id="word_436">or</word>
<word id="word_437">depression</word>
<word id="word_438">.</word>
<word id="word_439">Activity</word>
<word id="word_440">helps</word>
<word id="word_441">with</word>
<word id="word_442">weight</word>
<word id="word_443">management</word>
<word id="word_444">,</word>
<word id="word_445">high</word>
<word id="word_446">blood</word>
<word id="word_447">pressure</word>
<word id="word_448">,</word>
<word id="word_449">diabetes</word>
<word id="word_450">and</word>
<word id="word_451">a</word>
<word id="word_452">long</word>
<word id="word_453">list</word>
<word id="word_454">of</word>
<word id="word_455">benefits</word>
<word id="word_456">too</word>
<word id="word_457">long</word>
<word id="word_458">to</word>
<word id="word_459">list</word>
<word id="word_460">here</word>
<word id="word_461">.</word>
<word id="word_462">But</word>
<word id="word_463">the</word>
<word id="word_464">beauty</word>
<word id="word_465">of</word>
<word id="word_466">Pokémon</word>
<word id="word_467">Go</word>
<word id="word_468">is</word>
<word id="word_469">it</word>
<word id="word_470">gets</word>
<word id="word_471">people</word>
<word id="word_472">outside</word>
<word id="word_473">doing</word>
<word id="word_474">something</word>
<word id="word_475">they</word>
<word id="word_476">enjoy</word>
<word id="word_477">.</word>
<word id="word_478">Thus</word>
<word id="word_479">you</word>
<word id="word_480">are</word>
<word id="word_481">covering</word>
<word id="word_482">three</word>
<word id="word_483">pillars</word>
<word id="word_484">of</word>
<word id="word_485">health</word>
<word id="word_486">-</word>
<word id="word_487">movement</word>
<word id="word_488">,</word>
<word id="word_489">fresh</word>
<word id="word_490">air</word>
<word id="word_491">and</word>
<word id="word_492">sunshine</word>
<word id="word_493">,</word>
<word id="word_494">and</word>
<word id="word_495">fun</word>
<word id="word_496">.</word>
<word id="word_497">Some</word>
<word id="word_498">people</word>
<word id="word_499">are</word>
<word id="word_500">even</word>
<word id="word_501">making</word>
<word id="word_502">new</word>
<word id="word_503">friends</word>
<word id="word_504">on</word>
<word id="word_505">the</word>
<word id="word_506">hunt</word>
<word id="word_507">.</word>
<word id="word_508">As</word>
<word id="word_509">usual</word>
<word id="word_510">there</word>
<word id="word_511">are</word>
<word id="word_512">po-faced</word>
<word id="word_513">killjoys</word>
<word id="word_514">looking</word>
<word id="word_515">for</word>
<word id="word_516">something</word>
<word id="word_517">to</word>
<word id="word_518">complain</word>
<word id="word_519">about</word>
<word id="word_520">.</word>
<word id="word_521">And</word>
<word id="word_522">yes</word>
<word id="word_523">somebody</word>
<word id="word_524">might</word>
<word id="word_525">walk</word>
<word id="word_526">into</word>
<word id="word_527">a</word>
<word id="word_528">door</word>
<word id="word_529">.</word>
<word id="word_530">So</word>
<word id="word_531">what</word>
<word id="word_532">?</word>
<word id="word_533">A</word>
<word id="word_534">breakthrough</word>
<word id="word_535">has</word>
<word id="word_536">occurred</word>
<word id="word_537">.</word>
<word id="word_538">For</word>
<word id="word_539">while</word>
<word id="word_540">smartphone</word>
<word id="word_541">apps</word>
<word id="word_542">like</word>
<word id="word_543">Fitbit</word>
<word id="word_544">could</word>
<word id="word_545">previously</word>
<word id="word_546">track</word>
<word id="word_547">our</word>
<word id="word_548">activity</word>
<word id="word_549">,</word>
<word id="word_550">they</word>
<word id="word_551">didn't</word>
<word id="word_552">give</word>
<word id="word_553">us</word>
<word id="word_554">a</word>
<word id="word_555">reason</word>
<word id="word_556">to</word>
<word id="word_557">exercise</word>
<word id="word_558">like</word>
<word id="word_559">this</word>
<word id="word_560">game</word>
<word id="word_561">does</word>
<word id="word_562">.</word>
<word id="word_563">The</word>
<word id="word_564">novelty</word>
<word id="word_565">will</word>
<word id="word_566">wear</word>
<word id="word_567">off</word>
<word id="word_568">and</word>
<word id="word_569">use</word>
<word id="word_570">will</word>
<word id="word_571">subside</word>
<word id="word_572">in</word>
<word id="word_573">due</word>
<word id="word_574">course</word>
<word id="word_575">.</word>
<word id="word_576">However</word>
<word id="word_577">because</word>
<word id="word_578">of</word>
<word id="word_579">Pokmeon's</word>
<word id="word_580">success</word>
<word id="word_581">there</word>
<word id="word_582">will</word>
<word id="word_583">be</word>
<word id="word_584">more</word>
<word id="word_585">games</word>
<word id="word_586">that</word>
<word id="word_587">combine</word>
<word id="word_588">apps</word>
<word id="word_589">and</word>
<word id="word_590">virtual</word>
<word id="word_591">reality</word>
<word id="word_592">with</word>
<word id="word_593">being</word>
<word id="word_594">active</word>
<word id="word_595">in</word>
<word id="word_596">the</word>
<word id="word_597">real</word>
<word id="word_598">world</word>
<word id="word_599">,</word>
<word id="word_600">helping</word>
<word id="word_601">many</word>
<word id="word_602">people</word>
<word id="word_603">on</word>
<word id="word_604">the</word>
<word id="word_605">hunt</word>
<word id="word_606">to</word>
<word id="word_607">be</word>
<word id="word_608">more</word>
<word id="word_609">active</word>
<word id="word_610">,</word>
<word id="word_611">fitter</word>
<word id="word_612">and</word>
<word id="word_613">healthier</word>
<word id="word_614">.</word>
<word id="word_615">Read</word>
<word id="word_616">Dr</word>
<word id="word_617">Joe's</word>
<word id="word_618">blogs</word>
<word id="word_619">at</word>
<word id="word_620">www.drjoetoday.com</word>
</words>