<?xml version="1.0" encoding="UTF-8"?>
<!DOCTYPE words SYSTEM "words.dtd">
<words>
<word id="word_1">Simone</word>
<word id="word_2">Biles</word>
<word id="word_3">nails</word>
<word id="word_4">all-around</word>
<word id="word_5">gold</word>
<word id="word_6">in</word>
<word id="word_7">women's</word>
<word id="word_8">gymnastics</word>
<word id="word_9">Forget</word>
<word id="word_10">the</word>
<word id="word_11">pressure</word>
<word id="word_12">.</word>
<word id="word_13">Forget</word>
<word id="word_14">the</word>
<word id="word_15">hype</word>
<word id="word_16">.</word>
<word id="word_17">Simone</word>
<word id="word_18">Biles</word>
<word id="word_19">is</word>
<word id="word_20">immune</word>
<word id="word_21">to</word>
<word id="word_22">all</word>
<word id="word_23">of</word>
<word id="word_24">it</word>
<word id="word_25">.</word>
<word id="word_26">Dynamic</word>
<word id="word_27">on</word>
<word id="word_28">vault</word>
<word id="word_29">.</word>
<word id="word_30">Effortless</word>
<word id="word_31">on</word>
<word id="word_32">beam</word>
<word id="word_33">.</word>
<word id="word_34">Jaw-dropping</word>
<word id="word_35">on</word>
<word id="word_36">floor</word>
<word id="word_37">.</word>
<word id="word_38">Brilliant</word>
<word id="word_39">all</word>
<word id="word_40">over</word>
<word id="word_41">.</word>
<word id="word_42">And</word>
<word id="word_43">now</word>
<word id="word_44">,</word>
<word id="word_45">finally</word>
<word id="word_46">,</word>
<word id="word_47">an</word>
<word id="word_48">Olympic</word>
<word id="word_49">champion</word>
<word id="word_50">.</word>
<word id="word_51">The</word>
<word id="word_52">19-year-old</word>
<word id="word_53">American</word>
<word id="word_54">gymnast</word>
<word id="word_55">soared</word>
<word id="word_56">to</word>
<word id="word_57">the</word>
<word id="word_58">all-around</word>
<word id="word_59">title</word>
<word id="word_60">on</word>
<word id="word_61">Thursday</word>
<word id="word_62">,</word>
<word id="word_63">putting</word>
<word id="word_64">the</word>
<word id="word_65">gap</word>
<word id="word_66">between</word>
<word id="word_67">herself</word>
<word id="word_68">and</word>
<word id="word_69">the</word>
<word id="word_70">rest</word>
<word id="word_71">of</word>
<word id="word_72">the</word>
<word id="word_73">world</word>
<word id="word_74">on</word>
<word id="word_75">full</word>
<word id="word_76">display</word>
<word id="word_77">under</word>
<word id="word_78">the</word>
<word id="word_79">Olympic</word>
<word id="word_80">spotlight</word>
<word id="word_81">.</word>
<word id="word_82">Her</word>
<word id="word_83">total</word>
<word id="word_84">of</word>
<word id="word_85">62.198</word>
<word id="word_86">was</word>
<word id="word_87">well</word>
<word id="word_88">clear</word>
<word id="word_89">of</word>
<word id="word_90">silver</word>
<word id="word_91">medalist</word>
<word id="word_92">and</word>
<word id="word_93">"</word>
<word id="word_94">Final</word>
<word id="word_95">Five</word>
<word id="word_96">"</word>
<word id="word_97">teammate</word>
<word id="word_98">Aly</word>
<word id="word_99">Raisman</word>
<word id="word_100">and</word>
<word id="word_101">Russian</word>
<word id="word_102">bronze</word>
<word id="word_103">medalist</word>
<word id="word_104">Aliya</word>
<word id="word_105">Mustafina</word>
<word id="word_106">.</word>
<word id="word_107">United</word>
<word id="word_108">States'</word>
<word id="word_109">Simone</word>
<word id="word_110">Biles</word>
<word id="word_111">performs</word>
<word id="word_112">on</word>
<word id="word_113">the</word>
<word id="word_114">balance</word>
<word id="word_115">beam</word>
<word id="word_116">during</word>
<word id="word_117">the</word>
<word id="word_118">artistic</word>
<word id="word_119">gymnastics</word>
<word id="word_120">women's</word>
<word id="word_121">individual</word>
<word id="word_122">all-around</word>
<word id="word_123">final</word>
<word id="word_124">at</word>
<word id="word_125">the</word>
<word id="word_126">2016</word>
<word id="word_127">Summer</word>
<word id="word_128">Olympics</word>
<word id="word_129">in</word>
<word id="word_130">Rio</word>
<word id="word_131">de</word>
<word id="word_132">Janeiro</word>
<word id="word_133">,</word>
<word id="word_134">Brazil</word>
<word id="word_135">,</word>
<word id="word_136">Thursday</word>
<word id="word_137">.</word>
<word id="word_138">Biles</word>
<word id="word_139">became</word>
<word id="word_140">the</word>
<word id="word_141">fourth</word>
<word id="word_142">straight</word>
<word id="word_143">American</word>
<word id="word_144">woman</word>
<word id="word_145">to</word>
<word id="word_146">win</word>
<word id="word_147">the</word>
<word id="word_148">all-around</word>
<word id="word_149">title</word>
<word id="word_150">and</word>
<word id="word_151">fifth</word>
<word id="word_152">overall</word>
<word id="word_153">while</word>
<word id="word_154">cementing</word>
<word id="word_155">her</word>
<word id="word_156">reputation</word>
<word id="word_157">as</word>
<word id="word_158">the</word>
<word id="word_159">best</word>
<word id="word_160">of</word>
<word id="word_161">her</word>
<word id="word_162">generation</word>
<word id="word_163">and</word>
<word id="word_164">perhaps</word>
<word id="word_165">ever</word>
<word id="word_166">.</word>
<word id="word_167">She</word>
<word id="word_168">burst</word>
<word id="word_169">into</word>
<word id="word_170">tears</word>
<word id="word_171">when</word>
<word id="word_172">her</word>
<word id="word_173">final</word>
<word id="word_174">total</word>
<word id="word_175">was</word>
<word id="word_176">posted</word>
<word id="word_177">and</word>
<word id="word_178">her</word>
<word id="word_179">long</word>
<word id="word_180">journey</word>
<word id="word_181">to</word>
<word id="word_182">this</word>
<word id="word_183">moment</word>
<word id="word_184">ended</word>
<word id="word_185">.</word>
<word id="word_186">The</word>
<word id="word_187">achievement</word>
<word id="word_188">puts</word>
<word id="word_189">her</word>
<word id="word_190">in</word>
<word id="word_191">the</word>
<word id="word_192">same</word>
<word id="word_193">league</word>
<word id="word_194">as</word>
<word id="word_195">once-in-a-generation</word>
<word id="word_196">athletes</word>
<word id="word_197">like</word>
<word id="word_198">Michael</word>
<word id="word_199">Phelps</word>
<word id="word_200">who</word>
<word id="word_201">have</word>
<word id="word_202">taken</word>
<word id="word_203">their</word>
<word id="word_204">sports</word>
<word id="word_205">to</word>
<word id="word_206">new</word>
<word id="word_207">heights</word>
<word id="word_208">:</word>
<word id="word_209">Biles</word>
<word id="word_210">has</word>
<word id="word_211">spent</word>
<word id="word_212">the</word>
<word id="word_213">last</word>
<word id="word_214">three</word>
<word id="word_215">years</word>
<word id="word_216">dominating</word>
<word id="word_217">her</word>
<word id="word_218">sport</word>
<word id="word_219">,</word>
<word id="word_220">winning</word>
<word id="word_221">15</word>
<word id="word_222">world</word>
<word id="word_223">championship</word>
<word id="word_224">medals</word>
<word id="word_225">-</word>
<word id="word_226">including</word>
<word id="word_227">10</word>
<word id="word_228">gold</word>
<word id="word_229">-</word>
<word id="word_230">with</word>
<word id="word_231">routines</word>
<word id="word_232">so</word>
<word id="word_233">astonishing</word>
<word id="word_234">in</word>
<word id="word_235">their</word>
<word id="word_236">mix</word>
<word id="word_237">of</word>
<word id="word_238">ambition</word>
<word id="word_239">and</word>
<word id="word_240">precision</word>
<word id="word_241">that</word>
<word id="word_242">1984</word>
<word id="word_243">Olympic</word>
<word id="word_244">champion</word>
<word id="word_245">Mary</word>
<word id="word_246">Lou</word>
<word id="word_247">Retton</word>
<word id="word_248">called</word>
<word id="word_249">her</word>
<word id="word_250">"</word>
<word id="word_251">the</word>
<word id="word_252">greatest</word>
<word id="word_253">gymnast</word>
<word id="word_254">I've</word>
<word id="word_255">ever</word>
<word id="word_256">seen</word>
<word id="word_257">.</word>
<word id="word_258">"</word>
<word id="word_259">One</word>
<word id="word_260">last</word>
<word id="word_261">test</word>
<word id="word_262">awaited</word>
<word id="word_263">in</word>
<word id="word_264">Brazil</word>
<word id="word_265">,</word>
<word id="word_266">a</word>
<word id="word_267">contest</word>
<word id="word_268">not</word>
<word id="word_269">so</word>
<word id="word_270">much</word>
<word id="word_271">between</word>
<word id="word_272">Biles</word>
<word id="word_273">and</word>
<word id="word_274">the</word>
<word id="word_275">rest</word>
<word id="word_276">of</word>
<word id="word_277">the</word>
<word id="word_278">field</word>
<word id="word_279">but</word>
<word id="word_280">between</word>
<word id="word_281">herself</word>
<word id="word_282">and</word>
<word id="word_283">the</word>
<word id="word_284">burden</word>
<word id="word_285">of</word>
<word id="word_286">oversized</word>
<word id="word_287">expectations</word>
<word id="word_288">.</word>
<word id="word_289">Anything</word>
<word id="word_290">less</word>
<word id="word_291">than</word>
<word id="word_292">heading</word>
<word id="word_293">back</word>
<word id="word_294">to</word>
<word id="word_295">her</word>
<word id="word_296">family's</word>
<word id="word_297">home</word>
<word id="word_298">in</word>
<word id="word_299">Spring</word>
<word id="word_300">,</word>
<word id="word_301">Texas</word>
<word id="word_302">,</word>
<word id="word_303">with</word>
<word id="word_304">a</word>
<word id="word_305">fistful</word>
<word id="word_306">of</word>
<word id="word_307">golds</word>
<word id="word_308">would</word>
<word id="word_309">be</word>
<word id="word_310">seen</word>
<word id="word_311">as</word>
<word id="word_312">a</word>
<word id="word_313">disappointment</word>
<word id="word_314">.</word>
<word id="word_315">United</word>
<word id="word_316">States'</word>
<word id="word_317">Simone</word>
<word id="word_318">Biles</word>
<word id="word_319">,</word>
<word id="word_320">left</word>
<word id="word_321">,</word>
<word id="word_322">and</word>
<word id="word_323">Aly</word>
<word id="word_324">Raisman</word>
<word id="word_325">embrace</word>
<word id="word_326">after</word>
<word id="word_327">winning</word>
<word id="word_328">gold</word>
<word id="word_329">and</word>
<word id="word_330">silver</word>
<word id="word_331">respectively</word>
<word id="word_332">for</word>
<word id="word_333">the</word>
<word id="word_334">artistic</word>
<word id="word_335">gymnastics</word>
<word id="word_336">women's</word>
<word id="word_337">individual</word>
<word id="word_338">all-around</word>
<word id="word_339">final</word>
<word id="word_340">at</word>
<word id="word_341">the</word>
<word id="word_342">2016</word>
<word id="word_343">Summer</word>
<word id="word_344">Olympics</word>
<word id="word_345">in</word>
<word id="word_346">Rio</word>
<word id="word_347">de</word>
<word id="word_348">Janeiro</word>
<word id="word_349">,</word>
<word id="word_350">Brazil</word>
<word id="word_351">,</word>
<word id="word_352">Thursday</word>
<word id="word_353">,</word>
<word id="word_354">Aug</word>
<word id="word_355">.</word>
<word id="word_356">Biles</word>
<word id="word_357">earned</word>
<word id="word_358">the</word>
<word id="word_359">first</word>
<word id="word_360">one</word>
<word id="word_361">on</word>
<word id="word_362">Tuesday</word>
<word id="word_363">while</word>
<word id="word_364">serving</word>
<word id="word_365">as</word>
<word id="word_366">the</word>
<word id="word_367">exclamation</word>
<word id="word_368">point</word>
<word id="word_369">to</word>
<word id="word_370">retiring</word>
<word id="word_371">national</word>
<word id="word_372">team</word>
<word id="word_373">coordinator</word>
<word id="word_374">Martha</word>
<word id="word_375">Karolyi's</word>
<word id="word_376">going</word>
<word id="word_377">away</word>
<word id="word_378">party</word>
<word id="word_379">.</word>
<word id="word_380">While</word>
<word id="word_381">Biles</word>
<word id="word_382">insisted</word>
<word id="word_383">she's</word>
<word id="word_384">never</word>
<word id="word_385">looked</word>
<word id="word_386">ahead</word>
<word id="word_387">during</word>
<word id="word_388">her</word>
<word id="word_389">long</word>
<word id="word_390">run</word>
<word id="word_391">at</word>
<word id="word_392">the</word>
<word id="word_393">top</word>
<word id="word_394">,</word>
<word id="word_395">that's</word>
<word id="word_396">not</word>
<word id="word_397">exactly</word>
<word id="word_398">true</word>
<word id="word_399">.</word>
<word id="word_400">A</word>
<word id="word_401">portion</word>
<word id="word_402">of</word>
<word id="word_403">her</word>
<word id="word_404">floor</word>
<word id="word_405">exercise</word>
<word id="word_406">routine</word>
<word id="word_407">-</word>
<word id="word_408">the</word>
<word id="word_409">one</word>
<word id="word_410">that</word>
<word id="word_411">includes</word>
<word id="word_412">her</word>
<word id="word_413">signature</word>
<word id="word_414">tumbling</word>
<word id="word_415">pass</word>
<word id="word_416">-</word>
<word id="word_417">is</word>
<word id="word_418">set</word>
<word id="word_419">to</word>
<word id="word_420">Latin</word>
<word id="word_421">music</word>
<word id="word_422">that</word>
<word id="word_423">would</word>
<word id="word_424">fit</word>
<word id="word_425">right</word>
<word id="word_426">at</word>
<word id="word_427">home</word>
<word id="word_428">in</word>
<word id="word_429">the</word>
<word id="word_430">street</word>
<word id="word_431">right</word>
<word id="word_432">outside</word>
<word id="word_433">the</word>
<word id="word_434">Rio</word>
<word id="word_435">Olympic</word>
<word id="word_436">Arena</word>
<word id="word_437">.</word>
<word id="word_438">It's</word>
<word id="word_439">not</word>
<word id="word_440">a</word>
<word id="word_441">coincidence</word>
<word id="word_442">.</word>
<word id="word_443">The</word>
<word id="word_444">girl</word>
<word id="word_445">adopted</word>
<word id="word_446">by</word>
<word id="word_447">her</word>
<word id="word_448">grandparents</word>
<word id="word_449">as</word>
<word id="word_450">a</word>
<word id="word_451">toddler</word>
<word id="word_452">and</word>
<word id="word_453">discovered</word>
<word id="word_454">by</word>
<word id="word_455">coach</word>
<word id="word_456">Aimee</word>
<word id="word_457">Boorman's</word>
<word id="word_458">mother</word>
<word id="word_459">during</word>
<word id="word_460">a</word>
<word id="word_461">field</word>
<word id="word_462">trip</word>
<word id="word_463">to</word>
<word id="word_464">the</word>
<word id="word_465">gym</word>
<word id="word_466">where</word>
<word id="word_467">Boorman</word>
<word id="word_468">was</word>
<word id="word_469">coaching</word>
<word id="word_470">has</word>
<word id="word_471">become</word>
<word id="word_472">a</word>
<word id="word_473">force</word>
<word id="word_474">.</word>
<word id="word_475">She</word>
<word id="word_476">hasn't</word>
<word id="word_477">lost</word>
<word id="word_478">an</word>
<word id="word_479">all-around</word>
<word id="word_480">competition</word>
<word id="word_481">since</word>
<word id="word_482">the</word>
<word id="word_483">summer</word>
<word id="word_484">of</word>
<word id="word_485">2013</word>
<word id="word_486">,</word>
<word id="word_487">a</word>
<word id="word_488">winning</word>
<word id="word_489">streak</word>
<word id="word_490">that</word>
<word id="word_491">should</word>
<word id="word_492">go</word>
<word id="word_493">for</word>
<word id="word_494">as</word>
<word id="word_495">long</word>
<word id="word_496">as</word>
<word id="word_497">Biles</word>
<word id="word_498">wants</word>
<word id="word_499">it</word>
<word id="word_500">to</word>
<word id="word_501">.</word>
<word id="word_502">Though</word>
<word id="word_503">Mustafina</word>
<word id="word_504">took</word>
<word id="word_505">a</word>
<word id="word_506">small</word>
<word id="word_507">lead</word>
<word id="word_508">through</word>
<word id="word_509">two</word>
<word id="word_510">rotations</word>
<word id="word_511">,</word>
<word id="word_512">it</word>
<word id="word_513">was</word>
<word id="word_514">a</word>
<word id="word_515">mirage</word>
<word id="word_516">.</word>
<word id="word_517">Balance</word>
<word id="word_518">beam</word>
<word id="word_519">and</word>
<word id="word_520">floor</word>
<word id="word_521">exercise</word>
<word id="word_522">-</word>
<word id="word_523">where</word>
<word id="word_524">Biles</word>
<word id="word_525">is</word>
<word id="word_526">the</word>
<word id="word_527">defending</word>
<word id="word_528">world</word>
<word id="word_529">champion</word>
<word id="word_530">-</word>
<word id="word_531">lay</word>
<word id="word_532">in</word>
<word id="word_533">wait</word>
<word id="word_534">.</word>
<word id="word_535">She</word>
<word id="word_536">went</word>
<word id="word_537">back</word>
<word id="word_538">in</word>
<word id="word_539">front</word>
<word id="word_540">with</word>
<word id="word_541">a</word>
<word id="word_542">15.433</word>
<word id="word_543">on</word>
<word id="word_544">beam</word>
<word id="word_545">-</word>
<word id="word_546">and</word>
<word id="word_547">capped</word>
<word id="word_548">it</word>
<word id="word_549">with</word>
<word id="word_550">a</word>
<word id="word_551">15.933</word>
<word id="word_552">on</word>
<word id="word_553">floor</word>
<word id="word_554">.</word>
<word id="word_555">Raisman</word>
<word id="word_556">hugged</word>
<word id="word_557">her</word>
<word id="word_558">gently</word>
<word id="word_559">as</word>
<word id="word_560">they</word>
<word id="word_561">awaited</word>
<word id="word_562">the</word>
<word id="word_563">final</word>
<word id="word_564">score</word>
<word id="word_565">-</word>
<word id="word_566">a</word>
<word id="word_567">mere</word>
<word id="word_568">formality</word>
<word id="word_569">-</word>
<word id="word_570">and</word>
<word id="word_571">tears</word>
<word id="word_572">appeared</word>
<word id="word_573">around</word>
<word id="word_574">Biles'</word>
<word id="word_575">glittery</word>
<word id="word_576">red</word>
<word id="word_577">,</word>
<word id="word_578">white</word>
<word id="word_579">and</word>
<word id="word_580">blue</word>
<word id="word_581">eyeliner</word>
<word id="word_582">when</word>
<word id="word_583">the</word>
<word id="word_584">vision</word>
<word id="word_585">she</word>
<word id="word_586">once</word>
<word id="word_587">wrote</word>
<word id="word_588">in</word>
<word id="word_589">a</word>
<word id="word_590">scrapbook</word>
<word id="word_591">became</word>
<word id="word_592">a</word>
<word id="word_593">reality</word>
<word id="word_594">.</word>
<word id="word_595">Raisman's</word>
<word id="word_596">performance</word>
<word id="word_597">was</word>
<word id="word_598">a</word>
<word id="word_599">bit</word>
<word id="word_600">of</word>
<word id="word_601">revenge</word>
<word id="word_602">from</word>
<word id="word_603">four</word>
<word id="word_604">years</word>
<word id="word_605">ago</word>
<word id="word_606">,</word>
<word id="word_607">when</word>
<word id="word_608">she</word>
<word id="word_609">tied</word>
<word id="word_610">for</word>
<word id="word_611">third</word>
<word id="word_612">but</word>
<word id="word_613">lost</word>
<word id="word_614">the</word>
<word id="word_615">bronze</word>
<word id="word_616">to</word>
<word id="word_617">Mustafina</word>
<word id="word_618">on</word>
<word id="word_619">a</word>
<word id="word_620">tiebreaker</word>
<word id="word_621">.</word>
<word id="word_622">This</word>
<word id="word_623">time</word>
<word id="word_624">,</word>
<word id="word_625">the</word>
<word id="word_626">22-year-old</word>
<word id="word_627">team</word>
<word id="word_628">captain</word>
<word id="word_629">the</word>
<word id="word_630">Americans</word>
<word id="word_631">call</word>
<word id="word_632">"</word>
<word id="word_633">grandma</word>
<word id="word_634">"</word>
<word id="word_635">was</word>
<word id="word_636">well</word>
<word id="word_637">ahead</word>
<word id="word_638">.</word>
<word id="word_639">She</word>
<word id="word_640">blew</word>
<word id="word_641">kisses</word>
<word id="word_642">to</word>
<word id="word_643">the</word>
<word id="word_644">crowd</word>
<word id="word_645">after</word>
<word id="word_646">her</word>
<word id="word_647">floor</word>
<word id="word_648">exercise</word>
<word id="word_649">,</word>
<word id="word_650">overcome</word>
<word id="word_651">by</word>
<word id="word_652">a</word>
<word id="word_653">comeback</word>
<word id="word_654">that</word>
<word id="word_655">at</word>
<word id="word_656">times</word>
<word id="word_657">seemed</word>
<word id="word_658">in</word>
<word id="word_659">doubt</word>
<word id="word_660">.</word>
<word id="word_661">As</word>
<word id="word_662">for</word>
<word id="word_663">Biles</word>
<word id="word_664">,</word>
<word id="word_665">the</word>
<word id="word_666">19-year-old's</word>
<word id="word_667">viral</word>
<word id="word_668">tweet</word>
<word id="word_669">from</word>
<word id="word_670">earlier</word>
<word id="word_671">this</word>
<word id="word_672">week</word>
<word id="word_673">now</word>
<word id="word_674">carries</word>
<word id="word_675">a</word>
<word id="word_676">whole</word>
<word id="word_677">new</word>
<word id="word_678">meaning</word>
<word id="word_679">:</word>
</words>