<?xml version="1.0" encoding="UTF-8"?>
<!DOCTYPE words SYSTEM "words.dtd">
<words>
<word id="word_1">Heavy</word>
<word id="word_2">rain</word>
<word id="word_3">,</word>
<word id="word_4">flooding</word>
<word id="word_5">prompts</word>
<word id="word_6">rescues</word>
<word id="word_7">in</word>
<word id="word_8">Louisiana</word>
<word id="word_9">,</word>
<word id="word_10">Mississippi</word>
<word id="word_11">Heavy</word>
<word id="word_12">rain</word>
<word id="word_13">and</word>
<word id="word_14">widespread</word>
<word id="word_15">flooding</word>
<word id="word_16">in</word>
<word id="word_17">Louisiana</word>
<word id="word_18">lead</word>
<word id="word_19">the</word>
<word id="word_20">governor</word>
<word id="word_21">to</word>
<word id="word_22">declare</word>
<word id="word_23">a</word>
<word id="word_24">state</word>
<word id="word_25">of</word>
<word id="word_26">emergency</word>
<word id="word_27">on</word>
<word id="word_28">Friday</word>
<word id="word_29">,</word>
<word id="word_30">with</word>
<word id="word_31">more</word>
<word id="word_32">rain</word>
<word id="word_33">expected</word>
<word id="word_34">over</word>
<word id="word_35">the</word>
<word id="word_36">state</word>
<word id="word_37">through</word>
<word id="word_38">Saturday</word>
<word id="word_39">.</word>
<word id="word_40">Numerous</word>
<word id="word_41">rivers</word>
<word id="word_42">in</word>
<word id="word_43">southeast</word>
<word id="word_44">Louisiana</word>
<word id="word_45">and</word>
<word id="word_46">southern</word>
<word id="word_47">Mississippi</word>
<word id="word_48">were</word>
<word id="word_49">overflowing</word>
<word id="word_50">their</word>
<word id="word_51">banks</word>
<word id="word_52">and</word>
<word id="word_53">threatening</word>
<word id="word_54">widespread</word>
<word id="word_55">flooding</word>
<word id="word_56">after</word>
<word id="word_57">extreme</word>
<word id="word_58">rainfall</word>
<word id="word_59">,</word>
<word id="word_60">the</word>
<word id="word_61">National</word>
<word id="word_62">Weather</word>
<word id="word_63">Service</word>
<word id="word_64">reported</word>
<word id="word_65">.</word>
<word id="word_66">Louisiana</word>
<word id="word_67">Gov</word>
<word id="word_68">.</word>
<word id="word_69">John</word>
<word id="word_70">Bel</word>
<word id="word_71">Edwards</word>
<word id="word_72">said</word>
<word id="word_73">state</word>
<word id="word_74">officials</word>
<word id="word_75">are</word>
<word id="word_76">in</word>
<word id="word_77">constant</word>
<word id="word_78">contact</word>
<word id="word_79">with</word>
<word id="word_80">local</word>
<word id="word_81">officials</word>
<word id="word_82">,</word>
<word id="word_83">and</word>
<word id="word_84">assistance</word>
<word id="word_85">is</word>
<word id="word_86">already</word>
<word id="word_87">on</word>
<word id="word_88">the</word>
<word id="word_89">move</word>
<word id="word_90">to</word>
<word id="word_91">affected</word>
<word id="word_92">parishes</word>
<word id="word_93">.</word>
<word id="word_94">Mike</word>
<word id="word_95">Steele</word>
<word id="word_96">,</word>
<word id="word_97">a</word>
<word id="word_98">spokesman</word>
<word id="word_99">for</word>
<word id="word_100">the</word>
<word id="word_101">Governor's</word>
<word id="word_102">Office</word>
<word id="word_103">of</word>
<word id="word_104">Homeland</word>
<word id="word_105">Security</word>
<word id="word_106">and</word>
<word id="word_107">Emergency</word>
<word id="word_108">Preparedness</word>
<word id="word_109">,</word>
<word id="word_110">said</word>
<word id="word_111">requests</word>
<word id="word_112">were</word>
<word id="word_113">coming</word>
<word id="word_114">in</word>
<word id="word_115">for</word>
<word id="word_116">high-water</word>
<word id="word_117">vehicles</word>
<word id="word_118">,</word>
<word id="word_119">boats</word>
<word id="word_120">and</word>
<word id="word_121">sandbags</word>
<word id="word_122">.</word>
<word id="word_123">Steele</word>
<word id="word_124">said</word>
<word id="word_125">Tangipahoa</word>
<word id="word_126">Parish</word>
<word id="word_127">alone</word>
<word id="word_128">requested</word>
<word id="word_129">tens</word>
<word id="word_130">of</word>
<word id="word_131">thousands</word>
<word id="word_132">of</word>
<word id="word_133">sandbags</word>
<word id="word_134">.</word>
<word id="word_135">A</word>
<word id="word_136">flood</word>
<word id="word_137">watch</word>
<word id="word_138">remains</word>
<word id="word_139">in</word>
<word id="word_140">effect</word>
<word id="word_141">until</word>
<word id="word_142">Saturday</word>
<word id="word_143">across</word>
<word id="word_144">most</word>
<word id="word_145">of</word>
<word id="word_146">south</word>
<word id="word_147">Louisiana</word>
<word id="word_148">.</word>
<word id="word_149">The</word>
<word id="word_150">weather</word>
<word id="word_151">service</word>
<word id="word_152">said</word>
<word id="word_153">in</word>
<word id="word_154">a</word>
<word id="word_155">statement</word>
<word id="word_156">that</word>
<word id="word_157">an</word>
<word id="word_158">additional</word>
<word id="word_159">3</word>
<word id="word_160">to</word>
<word id="word_161">5</word>
<word id="word_162">inches</word>
<word id="word_163">could</word>
<word id="word_164">fall</word>
<word id="word_165">over</word>
<word id="word_166">the</word>
<word id="word_167">area</word>
<word id="word_168">.</word>
<word id="word_169">In</word>
<word id="word_170">south</word>
<word id="word_171">Alabama</word>
<word id="word_172">,</word>
<word id="word_173">a</word>
<word id="word_174">flood</word>
<word id="word_175">watch</word>
<word id="word_176">was</word>
<word id="word_177">in</word>
<word id="word_178">effect</word>
<word id="word_179">Friday</word>
<word id="word_180">as</word>
<word id="word_181">rain</word>
<word id="word_182">continued</word>
<word id="word_183">in</word>
<word id="word_184">the</word>
<word id="word_185">Mobile</word>
<word id="word_186">area</word>
<word id="word_187">.</word>
<word id="word_188">The</word>
<word id="word_189">Comite</word>
<word id="word_190">River</word>
<word id="word_191">near</word>
<word id="word_192">Baton</word>
<word id="word_193">Rouge</word>
<word id="word_194">and</word>
<word id="word_195">Amite</word>
<word id="word_196">River</word>
<word id="word_197">near</word>
<word id="word_198">Denham</word>
<word id="word_199">Springs</word>
<word id="word_200">,</word>
<word id="word_201">both</word>
<word id="word_202">in</word>
<word id="word_203">Louisiana</word>
<word id="word_204">,</word>
<word id="word_205">were</word>
<word id="word_206">predicted</word>
<word id="word_207">to</word>
<word id="word_208">set</word>
<word id="word_209">record</word>
<word id="word_210">crests</word>
<word id="word_211">over</word>
<word id="word_212">the</word>
<word id="word_213">weekend</word>
<word id="word_214">.</word>
<word id="word_215">Forecaster</word>
<word id="word_216">Alek</word>
<word id="word_217">Krautmann</word>
<word id="word_218">said</word>
<word id="word_219">both</word>
<word id="word_220">rivers</word>
<word id="word_221">could</word>
<word id="word_222">flood</word>
<word id="word_223">many</word>
<word id="word_224">houses</word>
<word id="word_225">in</word>
<word id="word_226">suburban</word>
<word id="word_227">areas</word>
<word id="word_228">near</word>
<word id="word_229">Baton</word>
<word id="word_230">Rouge</word>
<word id="word_231">.</word>
<word id="word_232">He</word>
<word id="word_233">also</word>
<word id="word_234">said</word>
<word id="word_235">that</word>
<word id="word_236">flooding</word>
<word id="word_237">downstream</word>
<word id="word_238">in</word>
<word id="word_239">Ascension</word>
<word id="word_240">Parish</word>
<word id="word_241">is</word>
<word id="word_242">a</word>
<word id="word_243">threat</word>
<word id="word_244">,</word>
<word id="word_245">as</word>
<word id="word_246">those</word>
<word id="word_247">swollen</word>
<word id="word_248">rivers</word>
<word id="word_249">will</word>
<word id="word_250">be</word>
<word id="word_251">slow</word>
<word id="word_252">to</word>
<word id="word_253">drain</word>
<word id="word_254">into</word>
<word id="word_255">Lake</word>
<word id="word_256">Maurepas</word>
<word id="word_257">.</word>
<word id="word_258">The</word>
<word id="word_259">Tickfaw</word>
<word id="word_260">River</word>
<word id="word_261">,</word>
<word id="word_262">just</word>
<word id="word_263">south</word>
<word id="word_264">of</word>
<word id="word_265">the</word>
<word id="word_266">Mississippi</word>
<word id="word_267">state</word>
<word id="word_268">line</word>
<word id="word_269">in</word>
<word id="word_270">Liverpool</word>
<word id="word_271">,</word>
<word id="word_272">Louisiana</word>
<word id="word_273">,</word>
<word id="word_274">was</word>
<word id="word_275">already</word>
<word id="word_276">at</word>
<word id="word_277">the</word>
<word id="word_278">highest</word>
<word id="word_279">level</word>
<word id="word_280">ever</word>
<word id="word_281">recorded</word>
<word id="word_282">at</word>
<word id="word_283">9</word>
<word id="word_284">a.m</word>
<word id="word_285">.</word>
<word id="word_286">Friday</word>
<word id="word_287">.</word>
<word id="word_288">Rescuers</word>
<word id="word_289">were</word>
<word id="word_290">still</word>
<word id="word_291">plucking</word>
<word id="word_292">people</word>
<word id="word_293">from</word>
<word id="word_294">floodwaters</word>
<word id="word_295">in</word>
<word id="word_296">Amite</word>
<word id="word_297">and</word>
<word id="word_298">Wilkinson</word>
<word id="word_299">counties</word>
<word id="word_300">in</word>
<word id="word_301">southwest</word>
<word id="word_302">Mississippi</word>
<word id="word_303">.</word>
<word id="word_304">Leroy</word>
<word id="word_305">Hansford</word>
<word id="word_306">,</word>
<word id="word_307">his</word>
<word id="word_308">wife</word>
<word id="word_309">and</word>
<word id="word_310">stepson</word>
<word id="word_311">were</word>
<word id="word_312">among</word>
<word id="word_313">those</word>
<word id="word_314">rescued</word>
<word id="word_315">earlier</word>
<word id="word_316">Friday</word>
<word id="word_317">near</word>
<word id="word_318">Gloster</word>
<word id="word_319">.</word>
<word id="word_320">Hansford</word>
<word id="word_321">,</word>
<word id="word_322">62</word>
<word id="word_323">,</word>
<word id="word_324">says</word>
<word id="word_325">waters</word>
<word id="word_326">from</word>
<word id="word_327">Beaver</word>
<word id="word_328">Creek</word>
<word id="word_329">,</word>
<word id="word_330">which</word>
<word id="word_331">is</word>
<word id="word_332">normally</word>
<word id="word_333">more</word>
<word id="word_334">than</word>
<word id="word_335">400</word>
<word id="word_336">feet</word>
<word id="word_337">away</word>
<word id="word_338">from</word>
<word id="word_339">his</word>
<word id="word_340">house</word>
<word id="word_341">,</word>
<word id="word_342">rose</word>
<word id="word_343">quickly</word>
<word id="word_344">overnight</word>
<word id="word_345">.</word>
<word id="word_346">He</word>
<word id="word_347">said</word>
<word id="word_348">another</word>
<word id="word_349">stepson</word>
<word id="word_350">who</word>
<word id="word_351">lives</word>
<word id="word_352">nearby</word>
<word id="word_353">alerted</word>
<word id="word_354">him</word>
<word id="word_355">.</word>
<word id="word_356">"</word>
<word id="word_357">We</word>
<word id="word_358">woke</word>
<word id="word_359">up</word>
<word id="word_360">and</word>
<word id="word_361">the</word>
<word id="word_362">water</word>
<word id="word_363">kept</word>
<word id="word_364">on</word>
<word id="word_365">coming</word>
<word id="word_366">,</word>
<word id="word_367">"</word>
<word id="word_368">Hansford</word>
<word id="word_369">said</word>
<word id="word_370">.</word>
<word id="word_371">It</word>
<word id="word_372">came</word>
<word id="word_373">up</word>
<word id="word_374">to</word>
<word id="word_375">my</word>
<word id="word_376">waist</word>
<word id="word_377">.</word>
<word id="word_378">His</word>
<word id="word_379">wife</word>
<word id="word_380">told</word>
<word id="word_381">Hansford</word>
<word id="word_382">that</word>
<word id="word_383">it's</word>
<word id="word_384">the</word>
<word id="word_385">highest</word>
<word id="word_386">she's</word>
<word id="word_387">seen</word>
<word id="word_388">the</word>
<word id="word_389">creek</word>
<word id="word_390">in</word>
<word id="word_391">the</word>
<word id="word_392">48</word>
<word id="word_393">years</word>
<word id="word_394">she's</word>
<word id="word_395">lived</word>
<word id="word_396">there</word>
<word id="word_397">.</word>
<word id="word_398">Hansford</word>
<word id="word_399">said</word>
<word id="word_400">he</word>
<word id="word_401">and</word>
<word id="word_402">his</word>
<word id="word_403">family</word>
<word id="word_404">members</word>
<word id="word_405">all</word>
<word id="word_406">have</word>
<word id="word_407">disabilities</word>
<word id="word_408">,</word>
<word id="word_409">and</word>
<word id="word_410">he's</word>
<word id="word_411">the</word>
<word id="word_412">only</word>
<word id="word_413">one</word>
<word id="word_414">who</word>
<word id="word_415">can</word>
<word id="word_416">swim</word>
<word id="word_417">.</word>
<word id="word_418">Hansford</word>
<word id="word_419">said</word>
<word id="word_420">emergency</word>
<word id="word_421">workers</word>
<word id="word_422">rescued</word>
<word id="word_423">all</word>
<word id="word_424">three</word>
<word id="word_425">in</word>
<word id="word_426">a</word>
<word id="word_427">large</word>
<word id="word_428">military-style</word>
<word id="word_429">truck</word>
<word id="word_430">and</word>
<word id="word_431">took</word>
<word id="word_432">them</word>
<word id="word_433">to</word>
<word id="word_434">the</word>
<word id="word_435">fire</word>
<word id="word_436">station</word>
<word id="word_437">in</word>
<word id="word_438">Gloster</word>
<word id="word_439">,</word>
<word id="word_440">where</word>
<word id="word_441">they</word>
<word id="word_442">were</word>
<word id="word_443">sheltering</word>
<word id="word_444">Friday</word>
<word id="word_445">.</word>
<word id="word_446">Krautmann</word>
<word id="word_447">says</word>
<word id="word_448">flooding</word>
<word id="word_449">is</word>
<word id="word_450">"</word>
<word id="word_451">quickly</word>
<word id="word_452">becoming</word>
<word id="word_453">widespread</word>
<word id="word_454">"</word>
<word id="word_455">as</word>
<word id="word_456">heavy</word>
<word id="word_457">rains</word>
<word id="word_458">continue</word>
<word id="word_459">,</word>
<word id="word_460">saying</word>
<word id="word_461">officials</word>
<word id="word_462">are</word>
<word id="word_463">considering</word>
<word id="word_464">evacuation</word>
<word id="word_465">orders</word>
<word id="word_466">.</word>
<word id="word_467">Krautmann</word>
<word id="word_468">says</word>
<word id="word_469">one</word>
<word id="word_470">observer</word>
<word id="word_471">near</word>
<word id="word_472">Livingston</word>
<word id="word_473">reported</word>
<word id="word_474">13.75</word>
<word id="word_475">inches</word>
<word id="word_476">of</word>
<word id="word_477">rain</word>
<word id="word_478">from</word>
<word id="word_479">midnight</word>
<word id="word_480">to</word>
<word id="word_481">Friday</word>
<word id="word_482">morning</word>
<word id="word_483">.</word>
<word id="word_484">Krautmann</word>
<word id="word_485">said</word>
<word id="word_486">the</word>
<word id="word_487">ground</word>
<word id="word_488">was</word>
<word id="word_489">heavily</word>
<word id="word_490">saturated</word>
<word id="word_491">by</word>
<word id="word_492">rainfall</word>
<word id="word_493">since</word>
<word id="word_494">Wednesday</word>
<word id="word_495">.</word>
<word id="word_496">Heavy</word>
<word id="word_497">rain</word>
<word id="word_498">and</word>
<word id="word_499">street</word>
<word id="word_500">flooding</word>
<word id="word_501">prompted</word>
<word id="word_502">the</word>
<word id="word_503">rescue</word>
<word id="word_504">of</word>
<word id="word_505">residents</word>
<word id="word_506">from</word>
<word id="word_507">their</word>
<word id="word_508">homes</word>
<word id="word_509">in</word>
<word id="word_510">Tangipahoa</word>
<word id="word_511">Parish</word>
<word id="word_512">and</word>
<word id="word_513">the</word>
<word id="word_514">cancellation</word>
<word id="word_515">of</word>
<word id="word_516">classes</word>
<word id="word_517">in</word>
<word id="word_518">five</word>
<word id="word_519">school</word>
<word id="word_520">districts</word>
<word id="word_521">,</word>
<word id="word_522">authorities</word>
<word id="word_523">said</word>
<word id="word_524">.</word>
<word id="word_525">CBS</word>
<word id="word_526">affiliate</word>
<word id="word_527">WWL</word>
<word id="word_528">reports</word>
<word id="word_529">that</word>
<word id="word_530">an</word>
<word id="word_531">alderwoman</word>
<word id="word_532">in</word>
<word id="word_533">Tangipahoa</word>
<word id="word_534">said</word>
<word id="word_535">200</word>
<word id="word_536">homes</word>
<word id="word_537">flooded</word>
<word id="word_538">.</word>
<word id="word_539">Residents</word>
<word id="word_540">had</word>
<word id="word_541">been</word>
<word id="word_542">evacuated</word>
<word id="word_543">to</word>
<word id="word_544">two</word>
<word id="word_545">churches</word>
<word id="word_546">but</word>
<word id="word_547">both</word>
<word id="word_548">are</word>
<word id="word_549">now</word>
<word id="word_550">flooding</word>
<word id="word_551">.</word>
<word id="word_552">Parish</word>
<word id="word_553">President</word>
<word id="word_554">Robby</word>
<word id="word_555">Miller</word>
<word id="word_556">said</word>
<word id="word_557">authorities</word>
<word id="word_558">rescued</word>
<word id="word_559">72</word>
<word id="word_560">people</word>
<word id="word_561">and</word>
<word id="word_562">seven</word>
<word id="word_563">pets</word>
<word id="word_564">stranded</word>
<word id="word_565">by</word>
<word id="word_566">high</word>
<word id="word_567">water</word>
<word id="word_568">.</word>
<word id="word_569">Shelters</word>
<word id="word_570">have</word>
<word id="word_571">been</word>
<word id="word_572">opened</word>
<word id="word_573">in</word>
<word id="word_574">the</word>
<word id="word_575">town</word>
<word id="word_576">of</word>
<word id="word_577">Amite</word>
<word id="word_578">and</word>
<word id="word_579">the</word>
<word id="word_580">city</word>
<word id="word_581">of</word>
<word id="word_582">Hammond</word>
<word id="word_583">to</word>
<word id="word_584">house</word>
<word id="word_585">those</word>
<word id="word_586">who</word>
<word id="word_587">were</word>
<word id="word_588">evacuated</word>
<word id="word_589">.</word>
<word id="word_590">"</word>
<word id="word_591">They</word>
<word id="word_592">will</word>
<word id="word_593">be</word>
<word id="word_594">allowed</word>
<word id="word_595">to</word>
<word id="word_596">return</word>
<word id="word_597">home</word>
<word id="word_598">once</word>
<word id="word_599">the</word>
<word id="word_600">water</word>
<word id="word_601">starts</word>
<word id="word_602">to</word>
<word id="word_603">recede</word>
<word id="word_604">,</word>
<word id="word_605">"</word>
<word id="word_606">he</word>
<word id="word_607">said</word>
<word id="word_608">.</word>
<word id="word_609">In</word>
<word id="word_610">the</word>
<word id="word_611">Tangipahoa</word>
<word id="word_612">Parish</word>
<word id="word_613">city</word>
<word id="word_614">of</word>
<word id="word_615">Hammond</word>
<word id="word_616">,</word>
<word id="word_617">close</word>
<word id="word_618">to</word>
<word id="word_619">two</word>
<word id="word_620">dozen</word>
<word id="word_621">streets</word>
<word id="word_622">were</word>
<word id="word_623">closed</word>
<word id="word_624">because</word>
<word id="word_625">of</word>
<word id="word_626">high</word>
<word id="word_627">water</word>
<word id="word_628">,</word>
<word id="word_629">and</word>
<word id="word_630">sandbags</word>
<word id="word_631">were</word>
<word id="word_632">made</word>
<word id="word_633">available</word>
<word id="word_634">for</word>
<word id="word_635">pickup</word>
<word id="word_636">by</word>
<word id="word_637">residents</word>
<word id="word_638">hoping</word>
<word id="word_639">to</word>
<word id="word_640">keep</word>
<word id="word_641">water</word>
<word id="word_642">out</word>
<word id="word_643">of</word>
<word id="word_644">homes</word>
<word id="word_645">and</word>
<word id="word_646">businesses</word>
<word id="word_647">.</word>
<word id="word_648">"</word>
<word id="word_649">The</word>
<word id="word_650">last</word>
<word id="word_651">major</word>
<word id="word_652">flood</word>
<word id="word_653">we</word>
<word id="word_654">had</word>
<word id="word_655">was</word>
<word id="word_656">in</word>
<word id="word_657">March</word>
<word id="word_658">,</word>
<word id="word_659">"</word>
<word id="word_660">said</word>
<word id="word_661">city</word>
<word id="word_662">administrator</word>
<word id="word_663">Lacy</word>
<word id="word_664">Landrum</word>
<word id="word_665">.</word>
<word id="word_666">This</word>
<word id="word_667">one</word>
<word id="word_668">is</word>
<word id="word_669">on</word>
<word id="word_670">track</word>
<word id="word_671">to</word>
<word id="word_672">be</word>
<word id="word_673">a</word>
<word id="word_674">similar</word>
<word id="word_675">event</word>
<word id="word_676">.</word>
<word id="word_677">In</word>
<word id="word_678">Mississippi</word>
<word id="word_679">,</word>
<word id="word_680">Harrison</word>
<word id="word_681">County</word>
<word id="word_682">Emergency</word>
<word id="word_683">Manager</word>
<word id="word_684">Rupert</word>
<word id="word_685">Lacy</word>
<word id="word_686">said</word>
<word id="word_687">steady</word>
<word id="word_688">rain</word>
<word id="word_689">continued</word>
<word id="word_690">on</word>
<word id="word_691">the</word>
<word id="word_692">Gulf</word>
<word id="word_693">Coast</word>
<word id="word_694">.</word>
<word id="word_695">He</word>
<word id="word_696">said</word>
<word id="word_697">a</word>
<word id="word_698">handful</word>
<word id="word_699">of</word>
<word id="word_700">houses</word>
<word id="word_701">were</word>
<word id="word_702">reported</word>
<word id="word_703">as</word>
<word id="word_704">flooded</word>
<word id="word_705">Thursday</word>
<word id="word_706">,</word>
<word id="word_707">but</word>
<word id="word_708">none</word>
<word id="word_709">have</word>
<word id="word_710">been</word>
<word id="word_711">reported</word>
<word id="word_712">so</word>
<word id="word_713">far</word>
<word id="word_714">Friday</word>
<word id="word_715">.</word>
<word id="word_716">Keith</word>
<word id="word_717">Townson</word>
<word id="word_718">,</word>
<word id="word_719">manager</word>
<word id="word_720">of</word>
<word id="word_721">Shopper</word>
<word id="word_722">Value</word>
<word id="word_723">Foods</word>
<word id="word_724">in</word>
<word id="word_725">Amite</word>
<word id="word_726">,</word>
<word id="word_727">has</word>
<word id="word_728">lived</word>
<word id="word_729">in</word>
<word id="word_730">the</word>
<word id="word_731">area</word>
<word id="word_732">for</word>
<word id="word_733">40</word>
<word id="word_734">years</word>
<word id="word_735">.</word>
<word id="word_736">"</word>
<word id="word_737">I've</word>
<word id="word_738">seen</word>
<word id="word_739">water</word>
<word id="word_740">in</word>
<word id="word_741">some</word>
<word id="word_742">places</word>
<word id="word_743">I</word>
<word id="word_744">have</word>
<word id="word_745">never</word>
<word id="word_746">seen</word>
<word id="word_747">before</word>
<word id="word_748">,</word>
<word id="word_749">"</word>
<word id="word_750">Townson</word>
<word id="word_751">said</word>
<word id="word_752">,</word>
<word id="word_753">"</word>
<word id="word_754">and</word>
<word id="word_755">it's</word>
<word id="word_756">still</word>
<word id="word_757">coming</word>
<word id="word_758">down</word>
<word id="word_759">.</word>
<word id="word_760">"</word>
</words>