<?xml version="1.0" encoding="UTF-8"?>
<!DOCTYPE words SYSTEM "words.dtd">
<words>
<word id="word_1">Why</word>
<word id="word_2">we</word>
<word id="word_3">need</word>
<word id="word_4">Simone</word>
<word id="word_5">,</word>
<word id="word_6">Gabby</word>
<word id="word_7">and</word>
<word id="word_8">Laurie</word>
<word id="word_9">That's</word>
<word id="word_10">what</word>
<word id="word_11">I</word>
<word id="word_12">call</word>
<word id="word_13">this</word>
<word id="word_14">year's</word>
<word id="word_15">Women's</word>
<word id="word_16">Olympic</word>
<word id="word_17">Gymnastics</word>
<word id="word_18">Team</word>
<word id="word_19">and</word>
<word id="word_20">for</word>
<word id="word_21">more</word>
<word id="word_22">reasons</word>
<word id="word_23">than</word>
<word id="word_24">one</word>
<word id="word_25">.</word>
<word id="word_26">First</word>
<word id="word_27">,</word>
<word id="word_28">I</word>
<word id="word_29">have</word>
<word id="word_30">been</word>
<word id="word_31">to</word>
<word id="word_32">every</word>
<word id="word_33">Summer</word>
<word id="word_34">Olympics</word>
<word id="word_35">since</word>
<word id="word_36">1984</word>
<word id="word_37">and</word>
<word id="word_38">the</word>
<word id="word_39">USA</word>
<word id="word_40">has</word>
<word id="word_41">never</word>
<word id="word_42">been</word>
<word id="word_43">so</word>
<word id="word_44">dominant</word>
<word id="word_45">.</word>
<word id="word_46">And</word>
<word id="word_47">second</word>
<word id="word_48">:</word>
<word id="word_49">This</word>
<word id="word_50">team</word>
<word id="word_51">features</word>
<word id="word_52">three</word>
<word id="word_53">gymnasts</word>
<word id="word_54">,</word>
<word id="word_55">Simone</word>
<word id="word_56">Biles</word>
<word id="word_57">,</word>
<word id="word_58">Gabby</word>
<word id="word_59">Douglas</word>
<word id="word_60">and</word>
<word id="word_61">Lauren</word>
<word id="word_62">"</word>
<word id="word_63">Laurie</word>
<word id="word_64">"</word>
<word id="word_65">Hernandez</word>
<word id="word_66">,</word>
<word id="word_67">who</word>
<word id="word_68">have</word>
<word id="word_69">been</word>
<word id="word_70">inspiring</word>
<word id="word_71">so</word>
<word id="word_72">many</word>
<word id="word_73">young</word>
<word id="word_74">girls</word>
<word id="word_75">of</word>
<word id="word_76">color</word>
<word id="word_77">.</word>
<word id="word_78">The</word>
<word id="word_79">make-up</word>
<word id="word_80">of</word>
<word id="word_81">this</word>
<word id="word_82">team</word>
<word id="word_83">,</word>
<word id="word_84">rounded</word>
<word id="word_85">out</word>
<word id="word_86">by</word>
<word id="word_87">Aly</word>
<word id="word_88">Raisman</word>
<word id="word_89">,</word>
<word id="word_90">who</word>
<word id="word_91">is</word>
<word id="word_92">Jewish</word>
<word id="word_93">,</word>
<word id="word_94">and</word>
<word id="word_95">Madison</word>
<word id="word_96">Kocian</word>
<word id="word_97">,</word>
<word id="word_98">who</word>
<word id="word_99">is</word>
<word id="word_100">Catholic</word>
<word id="word_101">,</word>
<word id="word_102">is</word>
<word id="word_103">making</word>
<word id="word_104">everyone</word>
<word id="word_105">proud</word>
<word id="word_106">.</word>
<word id="word_107">This</word>
<word id="word_108">team</word>
<word id="word_109">looks</word>
<word id="word_110">,</word>
<word id="word_111">finally</word>
<word id="word_112">,</word>
<word id="word_113">like</word>
<word id="word_114">America</word>
<word id="word_115">.</word>
<word id="word_116">It</word>
<word id="word_117">also</word>
<word id="word_118">has</word>
<word id="word_119">solidified</word>
<word id="word_120">the</word>
<word id="word_121">black</word>
<word id="word_122">and</word>
<word id="word_123">Latina</word>
<word id="word_124">female</word>
<word id="word_125">presence</word>
<word id="word_126">at</word>
<word id="word_127">the</word>
<word id="word_128">top</word>
<word id="word_129">of</word>
<word id="word_130">this</word>
<word id="word_131">sport</word>
<word id="word_132">.</word>
<word id="word_133">For</word>
<word id="word_134">the</word>
<word id="word_135">past</word>
<word id="word_136">four</word>
<word id="word_137">years</word>
<word id="word_138">,</word>
<word id="word_139">the</word>
<word id="word_140">number</word>
<word id="word_141">one</word>
<word id="word_142">female</word>
<word id="word_143">gymnast</word>
<word id="word_144">has</word>
<word id="word_145">been</word>
<word id="word_146">African-American</word>
<word id="word_147">.</word>
<word id="word_148">Last</word>
<word id="word_149">year</word>
<word id="word_150">,</word>
<word id="word_151">Simone</word>
<word id="word_152">and</word>
<word id="word_153">Gabby</word>
<word id="word_154">were</word>
<word id="word_155">#1</word>
<word id="word_156">and</word>
<word id="word_157">#2</word>
<word id="word_158">.</word>
<word id="word_159">This</word>
<word id="word_160">is</word>
<word id="word_161">powerful</word>
<word id="word_162">.</word>
<word id="word_163">Last</word>
<word id="word_164">Olympics</word>
<word id="word_165">,</word>
<word id="word_166">Gabby</word>
<word id="word_167">Douglas</word>
<word id="word_168">was</word>
<word id="word_169">a</word>
<word id="word_170">surprise</word>
<word id="word_171">Olympic</word>
<word id="word_172">champion</word>
<word id="word_173">,</word>
<word id="word_174">and</word>
<word id="word_175">America</word>
<word id="word_176">cheered</word>
<word id="word_177">.</word>
<word id="word_178">Now</word>
<word id="word_179">the</word>
<word id="word_180">world</word>
<word id="word_181">has</word>
<word id="word_182">been</word>
<word id="word_183">able</word>
<word id="word_184">to</word>
<word id="word_185">witness</word>
<word id="word_186">the</word>
<word id="word_187">incredible</word>
<word id="word_188">performances</word>
<word id="word_189">of</word>
<word id="word_190">three-time</word>
<word id="word_191">World</word>
<word id="word_192">Champion</word>
<word id="word_193">Simone</word>
<word id="word_194">Biles</word>
<word id="word_195">,</word>
<word id="word_196">Douglas</word>
<word id="word_197">and</word>
<word id="word_198">Laurie</word>
<word id="word_199">Hernandez</word>
<word id="word_200">delivering</word>
<word id="word_201">the</word>
<word id="word_202">unexpected</word>
<word id="word_203">,</word>
<word id="word_204">yet</word>
<word id="word_205">masterful</word>
<word id="word_206">gymnastics</word>
<word id="word_207">routines</word>
<word id="word_208">.</word>
<word id="word_209">On</word>
<word id="word_210">Thursday</word>
<word id="word_211">,</word>
<word id="word_212">Simone</word>
<word id="word_213">became</word>
<word id="word_214">the</word>
<word id="word_215">fourth</word>
<word id="word_216">straight</word>
<word id="word_217">American</word>
<word id="word_218">to</word>
<word id="word_219">win</word>
<word id="word_220">gold</word>
<word id="word_221">in</word>
<word id="word_222">the</word>
<word id="word_223">women's</word>
<word id="word_224">individual</word>
<word id="word_225">all-around</word>
<word id="word_226">event</word>
<word id="word_227">.</word>
<word id="word_228">And</word>
<word id="word_229">teammate</word>
<word id="word_230">Aly</word>
<word id="word_231">Raisman</word>
<word id="word_232">earned</word>
<word id="word_233">silver</word>
<word id="word_234">.</word>
<word id="word_235">We</word>
<word id="word_236">are</word>
<word id="word_237">witnessing</word>
<word id="word_238">the</word>
<word id="word_239">top</word>
<word id="word_240">of</word>
<word id="word_241">the</word>
<word id="word_242">sport</word>
<word id="word_243">,</word>
<word id="word_244">but</word>
<word id="word_245">it</word>
<word id="word_246">does</word>
<word id="word_247">not</word>
<word id="word_248">look</word>
<word id="word_249">like</word>
<word id="word_250">this</word>
<word id="word_251">at</word>
<word id="word_252">gymnastics</word>
<word id="word_253">classes</word>
<word id="word_254">across</word>
<word id="word_255">the</word>
<word id="word_256">country</word>
<word id="word_257">.</word>
<word id="word_258">Simone</word>
<word id="word_259">,</word>
<word id="word_260">Gabby</word>
<word id="word_261">and</word>
<word id="word_262">Laurie</word>
<word id="word_263">all</word>
<word id="word_264">took</word>
<word id="word_265">the</word>
<word id="word_266">same</word>
<word id="word_267">path</word>
<word id="word_268">as</word>
<word id="word_269">Aly</word>
<word id="word_270">and</word>
<word id="word_271">Madison</word>
<word id="word_272">to</word>
<word id="word_273">make</word>
<word id="word_274">the</word>
<word id="word_275">Olympic</word>
<word id="word_276">team</word>
<word id="word_277">.</word>
<word id="word_278">They</word>
<word id="word_279">are</word>
<word id="word_280">the</word>
<word id="word_281">"</word>
<word id="word_282">Final</word>
<word id="word_283">Five</word>
<word id="word_284">"</word>
<word id="word_285">because</word>
<word id="word_286">the</word>
<word id="word_287">next</word>
<word id="word_288">Olympic</word>
<word id="word_289">gymnastics</word>
<word id="word_290">team</word>
<word id="word_291">will</word>
<word id="word_292">only</word>
<word id="word_293">have</word>
<word id="word_294">four</word>
<word id="word_295">gymnasts</word>
<word id="word_296">on</word>
<word id="word_297">the</word>
<word id="word_298">team</word>
<word id="word_299">,</word>
<word id="word_300">and</word>
<word id="word_301">this</word>
<word id="word_302">is</word>
<word id="word_303">Marta</word>
<word id="word_304">Karolyi's</word>
<word id="word_305">last</word>
<word id="word_306">year</word>
<word id="word_307">coaching</word>
<word id="word_308">.</word>
<word id="word_309">But</word>
<word id="word_310">the</word>
<word id="word_311">reality</word>
<word id="word_312">is</word>
<word id="word_313">that</word>
<word id="word_314">gymnastics</word>
<word id="word_315">is</word>
<word id="word_316">an</word>
<word id="word_317">expensive</word>
<word id="word_318">sport</word>
<word id="word_319">,</word>
<word id="word_320">and</word>
<word id="word_321">gymnasts</word>
<word id="word_322">primarily</word>
<word id="word_323">train</word>
<word id="word_324">in</word>
<word id="word_325">private</word>
<word id="word_326">gymnastics</word>
<word id="word_327">clubs</word>
<word id="word_328">that</word>
<word id="word_329">are</word>
<word id="word_330">maintained</word>
<word id="word_331">by</word>
<word id="word_332">parents</word>
<word id="word_333">paying</word>
<word id="word_334">the</word>
<word id="word_335">cost</word>
<word id="word_336">of</word>
<word id="word_337">the</word>
<word id="word_338">training</word>
<word id="word_339">,</word>
<word id="word_340">facility</word>
<word id="word_341">,</word>
<word id="word_342">travel</word>
<word id="word_343">,</word>
<word id="word_344">uniforms</word>
<word id="word_345">,</word>
<word id="word_346">competition</word>
<word id="word_347">fees</word>
<word id="word_348">,</word>
<word id="word_349">hotel</word>
<word id="word_350">fees</word>
<word id="word_351">(</word>
<word id="word_352">for</word>
<word id="word_353">the</word>
<word id="word_354">coaches</word>
<word id="word_355">and</word>
<word id="word_356">their</word>
<word id="word_357">gymnasts</word>
<word id="word_358">and</word>
<word id="word_359">families</word>
<word id="word_360">)</word>
<word id="word_361">and</word>
<word id="word_362">the</word>
<word id="word_363">list</word>
<word id="word_364">goes</word>
<word id="word_365">on</word>
<word id="word_366">.</word>
<word id="word_367">Most</word>
<word id="word_368">of</word>
<word id="word_369">these</word>
<word id="word_370">gymnastics</word>
<word id="word_371">clubs</word>
<word id="word_372">are</word>
<word id="word_373">located</word>
<word id="word_374">in</word>
<word id="word_375">affluent</word>
<word id="word_376">suburban</word>
<word id="word_377">neighborhoods</word>
<word id="word_378">that</word>
<word id="word_379">can</word>
<word id="word_380">support</word>
<word id="word_381">the</word>
<word id="word_382">business</word>
<word id="word_383">.</word>
<word id="word_384">These</word>
<word id="word_385">clubs</word>
<word id="word_386">are</word>
<word id="word_387">where</word>
<word id="word_388">the</word>
<word id="word_389">gymnasts</word>
<word id="word_390">get</word>
<word id="word_391">all</word>
<word id="word_392">of</word>
<word id="word_393">their</word>
<word id="word_394">training</word>
<word id="word_395">,</word>
<word id="word_396">and</word>
<word id="word_397">it's</word>
<word id="word_398">a</word>
<word id="word_399">costly</word>
<word id="word_400">and</word>
<word id="word_401">long-term</word>
<word id="word_402">commitment</word>
<word id="word_403">for</word>
<word id="word_404">the</word>
<word id="word_405">gymnasts'</word>
<word id="word_406">families</word>
<word id="word_407">.</word>
<word id="word_408">Aimee</word>
<word id="word_409">Boorman</word>
<word id="word_410">,</word>
<word id="word_411">coach</word>
<word id="word_412">of</word>
<word id="word_413">Simone</word>
<word id="word_414">Biles</word>
<word id="word_415">,</word>
<word id="word_416">and</word>
<word id="word_417">Maggie</word>
<word id="word_418">Haney</word>
<word id="word_419">,</word>
<word id="word_420">coach</word>
<word id="word_421">of</word>
<word id="word_422">Laurie</word>
<word id="word_423">Hernandez</word>
<word id="word_424">,</word>
<word id="word_425">have</word>
<word id="word_426">both</word>
<word id="word_427">coached</word>
<word id="word_428">their</word>
<word id="word_429">athletes</word>
<word id="word_430">since</word>
<word id="word_431">they</word>
<word id="word_432">started</word>
<word id="word_433">in</word>
<word id="word_434">gymnastics</word>
<word id="word_435">.</word>
<word id="word_436">We</word>
<word id="word_437">must</word>
<word id="word_438">bring</word>
<word id="word_439">more</word>
<word id="word_440">affordable</word>
<word id="word_441">and</word>
<word id="word_442">accessible</word>
<word id="word_443">gymnastics</word>
<word id="word_444">training</word>
<word id="word_445">to</word>
<word id="word_446">the</word>
<word id="word_447">communities</word>
<word id="word_448">of</word>
<word id="word_449">countless</word>
<word id="word_450">young</word>
<word id="word_451">girls</word>
<word id="word_452">who</word>
<word id="word_453">are</word>
<word id="word_454">inspired</word>
<word id="word_455">by</word>
<word id="word_456">Simone</word>
<word id="word_457">,</word>
<word id="word_458">Gabby</word>
<word id="word_459">and</word>
<word id="word_460">Laurie</word>
<word id="word_461">.</word>
<word id="word_462">I</word>
<word id="word_463">founded</word>
<word id="word_464">my</word>
<word id="word_465">gymnastics</word>
<word id="word_466">foundation</word>
<word id="word_467">20</word>
<word id="word_468">years</word>
<word id="word_469">ago</word>
<word id="word_470">.</word>
<word id="word_471">At</word>
<word id="word_472">my</word>
<word id="word_473">organizations</word>
<word id="word_474">,</word>
<word id="word_475">we</word>
<word id="word_476">have</word>
<word id="word_477">provided</word>
<word id="word_478">free</word>
<word id="word_479">and</word>
<word id="word_480">low-cost</word>
<word id="word_481">gymnastics</word>
<word id="word_482">,</word>
<word id="word_483">based</word>
<word id="word_484">in</word>
<word id="word_485">Harlem</word>
<word id="word_486">,</word>
<word id="word_487">for</word>
<word id="word_488">over</word>
<word id="word_489">15,000</word>
<word id="word_490">urban</word>
<word id="word_491">youth</word>
<word id="word_492">(</word>
<word id="word_493">primarily</word>
<word id="word_494">black</word>
<word id="word_495">and</word>
<word id="word_496">Hispanic</word>
<word id="word_497">)</word>
<word id="word_498">and</word>
<word id="word_499">have</word>
<word id="word_500">trained</word>
<word id="word_501">national</word>
<word id="word_502">and</word>
<word id="word_503">international</word>
<word id="word_504">champions</word>
<word id="word_505">.</word>
<word id="word_506">In</word>
<word id="word_507">September</word>
<word id="word_508">,</word>
<word id="word_509">we</word>
<word id="word_510">will</word>
<word id="word_511">be</word>
<word id="word_512">expanding</word>
<word id="word_513">to</word>
<word id="word_514">Detroit</word>
<word id="word_515">(</word>
<word id="word_516">my</word>
<word id="word_517">hometown</word>
<word id="word_518">)</word>
<word id="word_519">to</word>
<word id="word_520">provide</word>
<word id="word_521">high</word>
<word id="word_522">quality</word>
<word id="word_523">gymnastics</word>
<word id="word_524">to</word>
<word id="word_525">the</word>
<word id="word_526">youth</word>
<word id="word_527">that</word>
<word id="word_528">deserve</word>
<word id="word_529">the</word>
<word id="word_530">opportunity</word>
<word id="word_531">to</word>
<word id="word_532">learn</word>
<word id="word_533">and</word>
<word id="word_534">benefit</word>
<word id="word_535">from</word>
<word id="word_536">this</word>
<word id="word_537">great</word>
<word id="word_538">Olympic</word>
<word id="word_539">sport</word>
<word id="word_540">.</word>
<word id="word_541">Gymnastics</word>
<word id="word_542">develops</word>
<word id="word_543">strength</word>
<word id="word_544">,</word>
<word id="word_545">flexibility</word>
<word id="word_546">and</word>
<word id="word_547">coordination</word>
<word id="word_548">for</word>
<word id="word_549">the</word>
<word id="word_550">body</word>
<word id="word_551">and</word>
<word id="word_552">hard</word>
<word id="word_553">work</word>
<word id="word_554">,</word>
<word id="word_555">discipline</word>
<word id="word_556">and</word>
<word id="word_557">determination</word>
<word id="word_558">for</word>
<word id="word_559">the</word>
<word id="word_560">mind</word>
<word id="word_561">.</word>
<word id="word_562">This</word>
<word id="word_563">combination</word>
<word id="word_564">provides</word>
<word id="word_565">life-long</word>
<word id="word_566">benefits</word>
<word id="word_567">for</word>
<word id="word_568">good</word>
<word id="word_569">health</word>
<word id="word_570">,</word>
<word id="word_571">success</word>
<word id="word_572">in</word>
<word id="word_573">school</word>
<word id="word_574">and</word>
<word id="word_575">work</word>
<word id="word_576">.</word>
<word id="word_577">It</word>
<word id="word_578">is</word>
<word id="word_579">the</word>
<word id="word_580">inspiration</word>
<word id="word_581">of</word>
<word id="word_582">this</word>
<word id="word_583">team</word>
<word id="word_584">that</word>
<word id="word_585">will</word>
<word id="word_586">send</word>
<word id="word_587">thousands</word>
<word id="word_588">of</word>
<word id="word_589">young</word>
<word id="word_590">girls</word>
<word id="word_591">to</word>
<word id="word_592">take</word>
<word id="word_593">gymnastics</word>
<word id="word_594">and</word>
<word id="word_595">that</word>
<word id="word_596">is</word>
<word id="word_597">great</word>
<word id="word_598">.</word>
<word id="word_599">To</word>
<word id="word_600">participate</word>
<word id="word_601">in</word>
<word id="word_602">sport</word>
<word id="word_603">is</word>
<word id="word_604">so</word>
<word id="word_605">important</word>
<word id="word_606">,</word>
<word id="word_607">especially</word>
<word id="word_608">for</word>
<word id="word_609">girls</word>
<word id="word_610">.</word>
<word id="word_611">This</word>
<word id="word_612">is</word>
<word id="word_613">such</word>
<word id="word_614">an</word>
<word id="word_615">exciting</word>
<word id="word_616">time</word>
<word id="word_617">.</word>
<word id="word_618">Thank</word>
<word id="word_619">you</word>
<word id="word_620">Simone</word>
<word id="word_621">,</word>
<word id="word_622">Aly</word>
<word id="word_623">,</word>
<word id="word_624">Laurie</word>
<word id="word_625">,</word>
<word id="word_626">Gabby</word>
<word id="word_627">and</word>
<word id="word_628">Madison</word>
<word id="word_629">for</word>
<word id="word_630">that</word>
<word id="word_631">serious</word>
<word id="word_632">showcase</word>
<word id="word_633">of</word>
<word id="word_634">"</word>
<word id="word_635">Girl</word>
<word id="word_636">Power</word>
<word id="word_637">"</word>
<word id="word_638">in</word>
<word id="word_639">winning</word>
<word id="word_640">the</word>
<word id="word_641">Olympic</word>
<word id="word_642">team</word>
<word id="word_643">gold</word>
<word id="word_644">and</word>
<word id="word_645">for</word>
<word id="word_646">motivating</word>
<word id="word_647">so</word>
<word id="word_648">many</word>
<word id="word_649">young</word>
<word id="word_650">girls</word>
<word id="word_651">of</word>
<word id="word_652">all</word>
<word id="word_653">backgrounds</word>
<word id="word_654">to</word>
<word id="word_655">begin</word>
<word id="word_656">their</word>
<word id="word_657">path</word>
<word id="word_658">to</word>
<word id="word_659">be</word>
<word id="word_660">healthy</word>
<word id="word_661">,</word>
<word id="word_662">strong</word>
<word id="word_663">and</word>
<word id="word_664">successful</word>
<word id="word_665">young</word>
<word id="word_666">women</word>
<word id="word_667">.</word>
</words>