<?xml version="1.0" encoding="UTF-8"?>
<!DOCTYPE words SYSTEM "words.dtd">
<words>
<word id="word_1">Junior</word>
<word id="word_2">doctors</word>
<word id="word_3">set</word>
<word id="word_4">to</word>
<word id="word_5">mount</word>
<word id="word_6">further</word>
<word id="word_7">strikes</word>
<word id="word_8">after</word>
<word id="word_9">rejecting</word>
<word id="word_10">Jeremy</word>
<word id="word_11">Hunt's</word>
<word id="word_12">proposal</word>
<word id="word_13">Ministers</word>
<word id="word_14">had</word>
<word id="word_15">hoped</word>
<word id="word_16">to</word>
<word id="word_17">end</word>
<word id="word_18">the</word>
<word id="word_19">dispute</word>
<word id="word_20">over</word>
<word id="word_21">the</word>
<word id="word_22">changes</word>
<word id="word_23">by</word>
<word id="word_24">agreeing</word>
<word id="word_25">to</word>
<word id="word_26">a</word>
<word id="word_27">reformed</word>
<word id="word_28">contract</word>
<word id="word_29">with</word>
<word id="word_30">British</word>
<word id="word_31">Medical</word>
<word id="word_32">Association</word>
<word id="word_33">officials</word>
<word id="word_34">,</word>
<word id="word_35">but</word>
<word id="word_36">58</word>
<word id="word_37">per</word>
<word id="word_38">cent</word>
<word id="word_39">of</word>
<word id="word_40">the</word>
<word id="word_41">37,000</word>
<word id="word_42">junior</word>
<word id="word_43">doctors</word>
<word id="word_44">who</word>
<word id="word_45">took</word>
<word id="word_46">part</word>
<word id="word_47">in</word>
<word id="word_48">a</word>
<word id="word_49">ballot</word>
<word id="word_50">had</word>
<word id="word_51">rejected</word>
<word id="word_52">it</word>
<word id="word_53">.</word>
<word id="word_54">In</word>
<word id="word_55">July</word>
<word id="word_56">,</word>
<word id="word_57">Mr</word>
<word id="word_58">Hunt</word>
<word id="word_59">revealed</word>
<word id="word_60">plans</word>
<word id="word_61">to</word>
<word id="word_62">impose</word>
<word id="word_63">the</word>
<word id="word_64">contract</word>
<word id="word_65">saying</word>
<word id="word_66">the</word>
<word id="word_67">NHS</word>
<word id="word_68">was</word>
<word id="word_69">in</word>
<word id="word_70">"</word>
<word id="word_71">no</word>
<word id="word_72">man's</word>
<word id="word_73">land</word>
<word id="word_74">"</word>
<word id="word_75">and</word>
<word id="word_76">any</word>
<word id="word_77">further</word>
<word id="word_78">delay</word>
<word id="word_79">would</word>
<word id="word_80">be</word>
<word id="word_81">damaging</word>
<word id="word_82">for</word>
<word id="word_83">staff</word>
<word id="word_84">and</word>
<word id="word_85">patients</word>
<word id="word_86">.</word>
<word id="word_87">The</word>
<word id="word_88">first</word>
<word id="word_89">junior</word>
<word id="word_90">doctors</word>
<word id="word_91">are</word>
<word id="word_92">moved</word>
<word id="word_93">onto</word>
<word id="word_94">the</word>
<word id="word_95">new</word>
<word id="word_96">contract</word>
<word id="word_97">,</word>
<word id="word_98">which</word>
<word id="word_99">includes</word>
<word id="word_100">changes</word>
<word id="word_101">to</word>
<word id="word_102">overnight</word>
<word id="word_103">and</word>
<word id="word_104">weekend</word>
<word id="word_105">working</word>
<word id="word_106">practices</word>
<word id="word_107">to</word>
<word id="word_108">improve</word>
<word id="word_109">care</word>
<word id="word_110">at</word>
<word id="word_111">unsociable</word>
<word id="word_112">hours</word>
<word id="word_113">.</word>
<word id="word_114">Dr</word>
<word id="word_115">Ellen</word>
<word id="word_116">McCourt</word>
<word id="word_117">,</word>
<word id="word_118">the</word>
<word id="word_119">BMA's</word>
<word id="word_120">junior</word>
<word id="word_121">doctors</word>
<word id="word_122">"</word>
<word id="word_123">committee</word>
<word id="word_124">chair</word>
<word id="word_125">,</word>
<word id="word_126">said</word>
<word id="word_127">in</word>
<word id="word_128">a</word>
<word id="word_129">statement</word>
<word id="word_130">last</word>
<word id="word_131">night</word>
<word id="word_132">:</word>
<word id="word_133">"</word>
<word id="word_134">Junior</word>
<word id="word_135">doctors</word>
<word id="word_136">still</word>
<word id="word_137">have</word>
<word id="word_138">serious</word>
<word id="word_139">concerns</word>
<word id="word_140">about</word>
<word id="word_141">the</word>
<word id="word_142">proposed</word>
<word id="word_143">contract</word>
<word id="word_144">,</word>
<word id="word_145">particularly</word>
<word id="word_146">that</word>
<word id="word_147">it</word>
<word id="word_148">will</word>
<word id="word_149">fuel</word>
<word id="word_150">the</word>
<word id="word_151">current</word>
<word id="word_152">workforce</word>
<word id="word_153">crisis</word>
<word id="word_154">,</word>
<word id="word_155">and</word>
<word id="word_156">that</word>
<word id="word_157">it</word>
<word id="word_158">fails</word>
<word id="word_159">to</word>
<word id="word_160">treat</word>
<word id="word_161">all</word>
<word id="word_162">doctors</word>
<word id="word_163">fairly</word>
<word id="word_164">.</word>
<word id="word_165">"</word>
<word id="word_166">With</word>
<word id="word_167">just</word>
<word id="word_168">eight</word>
<word id="word_169">weeks</word>
<word id="word_170">before</word>
<word id="word_171">the</word>
<word id="word_172">first</word>
<word id="word_173">group</word>
<word id="word_174">of</word>
<word id="word_175">doctors</word>
<word id="word_176">are</word>
<word id="word_177">moved</word>
<word id="word_178">onto</word>
<word id="word_179">the</word>
<word id="word_180">new</word>
<word id="word_181">contract</word>
<word id="word_182">,</word>
<word id="word_183">progress</word>
<word id="word_184">needs</word>
<word id="word_185">to</word>
<word id="word_186">be</word>
<word id="word_187">made</word>
<word id="word_188">and</word>
<word id="word_189">time</word>
<word id="word_190">is</word>
<word id="word_191">running</word>
<word id="word_192">out</word>
<word id="word_193">.</word>
<word id="word_194">Efforts</word>
<word id="word_195">by</word>
<word id="word_196">the</word>
<word id="word_197">BMA</word>
<word id="word_198">to</word>
<word id="word_199">resolve</word>
<word id="word_200">the</word>
<word id="word_201">dispute</word>
<word id="word_202">through</word>
<word id="word_203">talks</word>
<word id="word_204">have</word>
<word id="word_205">been</word>
<word id="word_206">met</word>
<word id="word_207">with</word>
<word id="word_208">an</word>
<word id="word_209">unwillingness</word>
<word id="word_210">to</word>
<word id="word_211">engage</word>
<word id="word_212">and</word>
<word id="word_213">,</word>
<word id="word_214">at</word>
<word id="word_215">times</word>
<word id="word_216">,</word>
<word id="word_217">deafening</word>
<word id="word_218">silence</word>
<word id="word_219">from</word>
<word id="word_220">the</word>
<word id="word_221">government</word>
<word id="word_222">.</word>
<word id="word_223">This</word>
<word id="word_224">is</word>
<word id="word_225">despite</word>
<word id="word_226">a</word>
<word id="word_227">promise</word>
<word id="word_228">from</word>
<word id="word_229">Jeremy</word>
<word id="word_230">Hunt</word>
<word id="word_231">just</word>
<word id="word_232">last</word>
<word id="word_233">month</word>
<word id="word_234">that</word>
<word id="word_235">his</word>
<word id="word_236">door</word>
<word id="word_237">is</word>
<word id="word_238">always</word>
<word id="word_239">open</word>
<word id="word_240">.</word>
<word id="word_241">"</word>
<word id="word_242">Jeremy</word>
<word id="word_243">Hunt</word>
<word id="word_244">needs</word>
<word id="word_245">to</word>
<word id="word_246">act</word>
<word id="word_247">now</word>
<word id="word_248">,</word>
<word id="word_249">lift</word>
<word id="word_250">the</word>
<word id="word_251">imposition</word>
<word id="word_252">and</word>
<word id="word_253">address</word>
<word id="word_254">junior</word>
<word id="word_255">doctors</word>
<word id="word_256">"</word>
<word id="word_257">concerns</word>
<word id="word_258">.</word>
<word id="word_259">If</word>
<word id="word_260">he</word>
<word id="word_261">does</word>
<word id="word_262">not</word>
<word id="word_263">then</word>
<word id="word_264">junior</word>
<word id="word_265">doctors</word>
<word id="word_266">are</word>
<word id="word_267">clear</word>
<word id="word_268">that</word>
<word id="word_269">they</word>
<word id="word_270">are</word>
<word id="word_271">prepared</word>
<word id="word_272">to</word>
<word id="word_273">take</word>
<word id="word_274">further</word>
<word id="word_275">industrial</word>
<word id="word_276">action</word>
<word id="word_277">.</word>
<word id="word_278">The</word>
<word id="word_279">last</word>
<word id="word_280">strike</word>
<word id="word_281">at</word>
<word id="word_282">the</word>
<word id="word_283">end</word>
<word id="word_284">of</word>
<word id="word_285">April</word>
<word id="word_286">saw</word>
<word id="word_287">the</word>
<word id="word_288">postponement</word>
<word id="word_289">of</word>
<word id="word_290">nearly</word>
<word id="word_291">13,000</word>
<word id="word_292">routine</word>
<word id="word_293">operations</word>
<word id="word_294">and</word>
<word id="word_295">100,000</word>
<word id="word_296">appointments</word>
<word id="word_297">as</word>
<word id="word_298">nurses</word>
<word id="word_299">and</word>
<word id="word_300">consultants</word>
<word id="word_301">were</word>
<word id="word_302">drafted</word>
<word id="word_303">in</word>
<word id="word_304">to</word>
<word id="word_305">provide</word>
<word id="word_306">cover</word>
<word id="word_307">for</word>
<word id="word_308">doctors</word>
<word id="word_309">on</word>
<word id="word_310">the</word>
<word id="word_311">picket</word>
<word id="word_312">line</word>
<word id="word_313">.</word>
<word id="word_314">Ministers</word>
<word id="word_315">had</word>
<word id="word_316">hoped</word>
<word id="word_317">to</word>
<word id="word_318">end</word>
<word id="word_319">the</word>
<word id="word_320">dispute</word>
<word id="word_321">over</word>
<word id="word_322">the</word>
<word id="word_323">changes</word>
<word id="word_324">by</word>
<word id="word_325">agreeing</word>
<word id="word_326">to</word>
<word id="word_327">a</word>
<word id="word_328">reformed</word>
<word id="word_329">contract</word>
<word id="word_330">with</word>
<word id="word_331">British</word>
<word id="word_332">Medical</word>
<word id="word_333">Association</word>
<word id="word_334">officials</word>
<word id="word_335">.</word>
<word id="word_336">The</word>
<word id="word_337">BMA</word>
<word id="word_338">wants</word>
<word id="word_339">better</word>
<word id="word_340">weekend</word>
<word id="word_341">pay</word>
<word id="word_342">for</word>
<word id="word_343">the</word>
<word id="word_344">54,000</word>
<word id="word_345">junior</word>
<word id="word_346">doctors</word>
<word id="word_347">who</word>
<word id="word_348">would</word>
<word id="word_349">be</word>
<word id="word_350">subject</word>
<word id="word_351">of</word>
<word id="word_352">the</word>
<word id="word_353">contract</word>
<word id="word_354">.</word>
<word id="word_355">Daniel</word>
<word id="word_356">Mortimer</word>
<word id="word_357">,</word>
<word id="word_358">chief</word>
<word id="word_359">executive</word>
<word id="word_360">of</word>
<word id="word_361">NHS</word>
<word id="word_362">Employers</word>
<word id="word_363">,</word>
<word id="word_364">called</word>
<word id="word_365">on</word>
<word id="word_366">junior</word>
<word id="word_367">doctors</word>
<word id="word_368">not</word>
<word id="word_369">to</word>
<word id="word_370">go</word>
<word id="word_371">ahead</word>
<word id="word_372">with</word>
<word id="word_373">any</word>
<word id="word_374">strikes</word>
<word id="word_375">.</word>
<word id="word_376">Mr</word>
<word id="word_377">Mortimer</word>
<word id="word_378">said</word>
<word id="word_379">:</word>
<word id="word_380">"</word>
<word id="word_381">Industrial</word>
<word id="word_382">action</word>
<word id="word_383">achieves</word>
<word id="word_384">little</word>
<word id="word_385">or</word>
<word id="word_386">nothing</word>
<word id="word_387">,</word>
<word id="word_388">but</word>
<word id="word_389">places</word>
<word id="word_390">pressure</word>
<word id="word_391">on</word>
<word id="word_392">already</word>
<word id="word_393">stretched</word>
<word id="word_394">teams</word>
<word id="word_395">and</word>
<word id="word_396">services</word>
<word id="word_397">and</word>
<word id="word_398">causes</word>
<word id="word_399">worry</word>
<word id="word_400">,</word>
<word id="word_401">distress</word>
<word id="word_402">and</word>
<word id="word_403">disruption</word>
<word id="word_404">for</word>
<word id="word_405">patients</word>
<word id="word_406">,</word>
<word id="word_407">carers</word>
<word id="word_408">and</word>
<word id="word_409">their</word>
<word id="word_410">families</word>
<word id="word_411">.</word>
<word id="word_412">"</word>
<word id="word_413">Over</word>
<word id="word_414">the</word>
<word id="word_415">last</word>
<word id="word_416">two</word>
<word id="word_417">months</word>
<word id="word_418">we</word>
<word id="word_419">have</word>
<word id="word_420">been</word>
<word id="word_421">talking</word>
<word id="word_422">with</word>
<word id="word_423">the</word>
<word id="word_424">Junior</word>
<word id="word_425">Doctors</word>
<word id="word_426">Committee</word>
<word id="word_427">and</word>
<word id="word_428">have</word>
<word id="word_429">,</word>
<word id="word_430">along</word>
<word id="word_431">with</word>
<word id="word_432">the</word>
<word id="word_433">Department</word>
<word id="word_434">of</word>
<word id="word_435">Health</word>
<word id="word_436">and</word>
<word id="word_437">others</word>
<word id="word_438">,</word>
<word id="word_439">responded</word>
<word id="word_440">positively</word>
<word id="word_441">to</word>
<word id="word_442">their</word>
<word id="word_443">concerns</word>
<word id="word_444">regarding</word>
<word id="word_445">the</word>
<word id="word_446">Guardian</word>
<word id="word_447">Role</word>
<word id="word_448">and</word>
<word id="word_449">Whistleblowing</word>
<word id="word_450">.</word>
<word id="word_451">Employers</word>
<word id="word_452">were</word>
<word id="word_453">hopeful</word>
<word id="word_454">that</word>
<word id="word_455">the</word>
<word id="word_456">continued</word>
<word id="word_457">positive</word>
<word id="word_458">engagement</word>
<word id="word_459">on</word>
<word id="word_460">other</word>
<word id="word_461">important</word>
<word id="word_462">topics</word>
<word id="word_463">-</word>
<word id="word_464">such</word>
<word id="word_465">as</word>
<word id="word_466">deployment</word>
<word id="word_467">,</word>
<word id="word_468">flexibility</word>
<word id="word_469">in</word>
<word id="word_470">training</word>
<word id="word_471">,</word>
<word id="word_472">additional</word>
<word id="word_473">training</word>
<word id="word_474">for</word>
<word id="word_475">those</word>
<word id="word_476">returning</word>
<word id="word_477">from</word>
<word id="word_478">career</word>
<word id="word_479">breaks</word>
<word id="word_480">,</word>
<word id="word_481">costs</word>
<word id="word_482">of</word>
<word id="word_483">training</word>
<word id="word_484">,</word>
<word id="word_485">mutual</word>
<word id="word_486">recognition</word>
<word id="word_487">of</word>
<word id="word_488">syllabus</word>
<word id="word_489">,</word>
<word id="word_490">study</word>
<word id="word_491">leave</word>
<word id="word_492">and</word>
<word id="word_493">the</word>
<word id="word_494">gender</word>
<word id="word_495">pay</word>
<word id="word_496">gap</word>
<word id="word_497">in</word>
<word id="word_498">medicine</word>
<word id="word_499">-</word>
<word id="word_500">were</word>
<word id="word_501">a</word>
<word id="word_502">sign</word>
<word id="word_503">of</word>
<word id="word_504">how</word>
<word id="word_505">serious</word>
<word id="word_506">employers</word>
<word id="word_507">,</word>
<word id="word_508">Health</word>
<word id="word_509">Education</word>
<word id="word_510">England</word>
<word id="word_511">and</word>
<word id="word_512">the</word>
<word id="word_513">Department</word>
<word id="word_514">of</word>
<word id="word_515">Health</word>
<word id="word_516">were</word>
<word id="word_517">about</word>
<word id="word_518">honouring</word>
<word id="word_519">the</word>
<word id="word_520">agreements</word>
<word id="word_521">reached</word>
<word id="word_522">with</word>
<word id="word_523">the</word>
<word id="word_524">BMA</word>
<word id="word_525">in</word>
<word id="word_526">November</word>
<word id="word_527">,</word>
<word id="word_528">February</word>
<word id="word_529">and</word>
<word id="word_530">May</word>
<word id="word_531">.</word>
</words>