<?xml version="1.0" encoding="UTF-8"?>
<!DOCTYPE words SYSTEM "words.dtd">
<words>
<word id="word_1">The</word>
<word id="word_2">£2-a-day</word>
<word id="word_3">drug</word>
<word id="word_4">that</word>
<word id="word_5">can</word>
<word id="word_6">cut</word>
<word id="word_7">heart</word>
<word id="word_8">attack</word>
<word id="word_9">threat</word>
<word id="word_10">Thousands</word>
<word id="word_11">of</word>
<word id="word_12">heart</word>
<word id="word_13">attack</word>
<word id="word_14">patients</word>
<word id="word_15">are</word>
<word id="word_16">to</word>
<word id="word_17">benefit</word>
<word id="word_18">from</word>
<word id="word_19">a</word>
<word id="word_20">£2-a-day</word>
<word id="word_21">drug</word>
<word id="word_22">,</word>
<word id="word_23">after</word>
<word id="word_24">officials</word>
<word id="word_25">recommended</word>
<word id="word_26">it</word>
<word id="word_27">be</word>
<word id="word_28">given</word>
<word id="word_29">to</word>
<word id="word_30">more</word>
<word id="word_31">people</word>
<word id="word_32">for</word>
<word id="word_33">longer</word>
<word id="word_34">.</word>
<word id="word_35">Anti-clotting</word>
<word id="word_36">drug</word>
<word id="word_37">ticagrelor</word>
<word id="word_38">slashes</word>
<word id="word_39">the</word>
<word id="word_40">risk</word>
<word id="word_41">of</word>
<word id="word_42">repeat</word>
<word id="word_43">attacks</word>
<word id="word_44">for</word>
<word id="word_45">people</word>
<word id="word_46">with</word>
<word id="word_47">heart</word>
<word id="word_48">disease</word>
<word id="word_49">.</word>
<word id="word_50">The</word>
<word id="word_51">drug</word>
<word id="word_52">is</word>
<word id="word_53">already</word>
<word id="word_54">given</word>
<word id="word_55">for</word>
<word id="word_56">12</word>
<word id="word_57">months</word>
<word id="word_58">after</word>
<word id="word_59">a</word>
<word id="word_60">heart</word>
<word id="word_61">attack</word>
<word id="word_62">,</word>
<word id="word_63">reducing</word>
<word id="word_64">the</word>
<word id="word_65">risk</word>
<word id="word_66">of</word>
<word id="word_67">a</word>
<word id="word_68">stroke</word>
<word id="word_69">or</word>
<word id="word_70">another</word>
<word id="word_71">attack</word>
<word id="word_72">.</word>
<word id="word_73">NHS</word>
<word id="word_74">watchdog</word>
<word id="word_75">NICE</word>
<word id="word_76">has</word>
<word id="word_77">advised</word>
<word id="word_78">that</word>
<word id="word_79">it</word>
<word id="word_80">should</word>
<word id="word_81">be</word>
<word id="word_82">given</word>
<word id="word_83">to</word>
<word id="word_84">people</word>
<word id="word_85">for</word>
<word id="word_86">four</word>
<word id="word_87">years</word>
<word id="word_88">,</word>
<word id="word_89">to</word>
<word id="word_90">further</word>
<word id="word_91">reduce</word>
<word id="word_92">the</word>
<word id="word_93">risk</word>
<word id="word_94">of</word>
<word id="word_95">cardiovascular</word>
<word id="word_96">problems</word>
<word id="word_97">.</word>
<word id="word_98">But</word>
<word id="word_99">now</word>
<word id="word_100">NHS</word>
<word id="word_101">watchdog</word>
<word id="word_102">NICE</word>
<word id="word_103">has</word>
<word id="word_104">advised</word>
<word id="word_105">that</word>
<word id="word_106">it</word>
<word id="word_107">should</word>
<word id="word_108">be</word>
<word id="word_109">given</word>
<word id="word_110">to</word>
<word id="word_111">people</word>
<word id="word_112">for</word>
<word id="word_113">four</word>
<word id="word_114">years</word>
<word id="word_115">,</word>
<word id="word_116">to</word>
<word id="word_117">further</word>
<word id="word_118">reduce</word>
<word id="word_119">the</word>
<word id="word_120">risk</word>
<word id="word_121">of</word>
<word id="word_122">cardiovascular</word>
<word id="word_123">problems</word>
<word id="word_124">.</word>
<word id="word_125">Some</word>
<word id="word_126">140,000</word>
<word id="word_127">people</word>
<word id="word_128">have</word>
<word id="word_129">a</word>
<word id="word_130">heart</word>
<word id="word_131">attack</word>
<word id="word_132">in</word>
<word id="word_133">England</word>
<word id="word_134">every</word>
<word id="word_135">year</word>
<word id="word_136">,</word>
<word id="word_137">and</word>
<word id="word_138">a</word>
<word id="word_139">quarter</word>
<word id="word_140">of</word>
<word id="word_141">these</word>
<word id="word_142">go</word>
<word id="word_143">on</word>
<word id="word_144">to</word>
<word id="word_145">have</word>
<word id="word_146">another</word>
<word id="word_147">attack</word>
<word id="word_148">or</word>
<word id="word_149">a</word>
<word id="word_150">stroke</word>
<word id="word_151">.</word>
<word id="word_152">Heart</word>
<word id="word_153">attacks</word>
<word id="word_154">and</word>
<word id="word_155">strokes</word>
<word id="word_156">are</word>
<word id="word_157">caused</word>
<word id="word_158">by</word>
<word id="word_159">the</word>
<word id="word_160">build-up</word>
<word id="word_161">of</word>
<word id="word_162">fatty</word>
<word id="word_163">material</word>
<word id="word_164">in</word>
<word id="word_165">artery</word>
<word id="word_166">walls</word>
<word id="word_167">to</word>
<word id="word_168">form</word>
<word id="word_169">a</word>
<word id="word_170">plaque</word>
<word id="word_171">.</word>
<word id="word_172">If</word>
<word id="word_173">the</word>
<word id="word_174">plaque</word>
<word id="word_175">breaks</word>
<word id="word_176">apart</word>
<word id="word_177">it</word>
<word id="word_178">can</word>
<word id="word_179">cause</word>
<word id="word_180">a</word>
<word id="word_181">blood</word>
<word id="word_182">clot</word>
<word id="word_183">,</word>
<word id="word_184">blocking</word>
<word id="word_185">blood</word>
<word id="word_186">to</word>
<word id="word_187">the</word>
<word id="word_188">heart</word>
<word id="word_189">causing</word>
<word id="word_190">a</word>
<word id="word_191">heart</word>
<word id="word_192">attack</word>
<word id="word_193">.</word>
<word id="word_194">And</word>
<word id="word_195">if</word>
<word id="word_196">the</word>
<word id="word_197">clot</word>
<word id="word_198">dislodges</word>
<word id="word_199">it</word>
<word id="word_200">can</word>
<word id="word_201">travel</word>
<word id="word_202">in</word>
<word id="word_203">the</word>
<word id="word_204">blood</word>
<word id="word_205">stream</word>
<word id="word_206">and</word>
<word id="word_207">block</word>
<word id="word_208">blood</word>
<word id="word_209">flow</word>
<word id="word_210">to</word>
<word id="word_211">the</word>
<word id="word_212">brain</word>
<word id="word_213">,</word>
<word id="word_214">causing</word>
<word id="word_215">a</word>
<word id="word_216">stroke</word>
<word id="word_217">.</word>
<word id="word_218">People</word>
<word id="word_219">who</word>
<word id="word_220">have</word>
<word id="word_221">already</word>
<word id="word_222">have</word>
<word id="word_223">one</word>
<word id="word_224">attack</word>
<word id="word_225">are</word>
<word id="word_226">at</word>
<word id="word_227">a</word>
<word id="word_228">higher</word>
<word id="word_229">risk</word>
<word id="word_230">of</word>
<word id="word_231">having</word>
<word id="word_232">another</word>
<word id="word_233">.</word>
<word id="word_234">Ticagrelor</word>
<word id="word_235">,</word>
<word id="word_236">which</word>
<word id="word_237">is</word>
<word id="word_238">made</word>
<word id="word_239">by</word>
<word id="word_240">UK</word>
<word id="word_241">firm</word>
<word id="word_242">AstraZeneca</word>
<word id="word_243">and</word>
<word id="word_244">sold</word>
<word id="word_245">under</word>
<word id="word_246">the</word>
<word id="word_247">trade</word>
<word id="word_248">name</word>
<word id="word_249">Brilique</word>
<word id="word_250">,</word>
<word id="word_251">reduces</word>
<word id="word_252">this</word>
<word id="word_253">risk</word>
<word id="word_254">by</word>
<word id="word_255">making</word>
<word id="word_256">clots</word>
<word id="word_257">less</word>
<word id="word_258">likely</word>
<word id="word_259">.</word>
<word id="word_260">The</word>
<word id="word_261">draft</word>
<word id="word_262">NICE</word>
<word id="word_263">guidance</word>
<word id="word_264">,</word>
<word id="word_265">published</word>
<word id="word_266">today</word>
<word id="word_267">,</word>
<word id="word_268">recommends</word>
<word id="word_269">that</word>
<word id="word_270">people</word>
<word id="word_271">be</word>
<word id="word_272">given</word>
<word id="word_273">90</word>
<word id="word_274">mg</word>
<word id="word_275">of</word>
<word id="word_276">ticagrelor</word>
<word id="word_277">for</word>
<word id="word_278">12</word>
<word id="word_279">months</word>
<word id="word_280">,</word>
<word id="word_281">followed</word>
<word id="word_282">by</word>
<word id="word_283">60mg</word>
<word id="word_284">along</word>
<word id="word_285">with</word>
<word id="word_286">aspirin</word>
<word id="word_287">twice</word>
<word id="word_288">a</word>
<word id="word_289">day</word>
<word id="word_290">for</word>
<word id="word_291">another</word>
<word id="word_292">three</word>
<word id="word_293">years</word>
<word id="word_294">.</word>
<word id="word_295">Professor</word>
<word id="word_296">Carole</word>
<word id="word_297">Longson</word>
<word id="word_298">,</word>
<word id="word_299">director</word>
<word id="word_300">at</word>
<word id="word_301">the</word>
<word id="word_302">NICE</word>
<word id="word_303">health</word>
<word id="word_304">technology</word>
<word id="word_305">evaluation</word>
<word id="word_306">centre</word>
<word id="word_307">,</word>
<word id="word_308">said</word>
<word id="word_309">:</word>
<word id="word_310">"</word>
<word id="word_311">Despite</word>
<word id="word_312">the</word>
<word id="word_313">availability</word>
<word id="word_314">of</word>
<word id="word_315">effective</word>
<word id="word_316">secondary</word>
<word id="word_317">prevention</word>
<word id="word_318">treatments</word>
<word id="word_319">,</word>
<word id="word_320">as</word>
<word id="word_321">many</word>
<word id="word_322">as</word>
<word id="word_323">a</word>
<word id="word_324">quarter</word>
<word id="word_325">of</word>
<word id="word_326">people</word>
<word id="word_327">who</word>
<word id="word_328">have</word>
<word id="word_329">had</word>
<word id="word_330">a</word>
<word id="word_331">heart</word>
<word id="word_332">attack</word>
<word id="word_333">go</word>
<word id="word_334">on</word>
<word id="word_335">to</word>
<word id="word_336">have</word>
<word id="word_337">another</word>
<word id="word_338">heart</word>
<word id="word_339">attack</word>
<word id="word_340">or</word>
<word id="word_341">stroke</word>
<word id="word_342">-</word>
<word id="word_343">often</word>
<word id="word_344">with</word>
<word id="word_345">devastating</word>
<word id="word_346">consequences</word>
<word id="word_347">.</word>
<word id="word_348">"</word>
<word id="word_349">Fear</word>
<word id="word_350">of</word>
<word id="word_351">a</word>
<word id="word_352">recurrence</word>
<word id="word_353">can</word>
<word id="word_354">have</word>
<word id="word_355">a</word>
<word id="word_356">significant</word>
<word id="word_357">negative</word>
<word id="word_358">impact</word>
<word id="word_359">on</word>
<word id="word_360">a</word>
<word id="word_361">person's</word>
<word id="word_362">quality</word>
<word id="word_363">of</word>
<word id="word_364">life</word>
<word id="word_365">.</word>
<word id="word_366">The</word>
<word id="word_367">evidence</word>
<word id="word_368">shows</word>
<word id="word_369">that</word>
<word id="word_370">ticagrelor</word>
<word id="word_371">,</word>
<word id="word_372">in</word>
<word id="word_373">combination</word>
<word id="word_374">with</word>
<word id="word_375">aspirin</word>
<word id="word_376">,</word>
<word id="word_377">is</word>
<word id="word_378">effective</word>
<word id="word_379">at</word>
<word id="word_380">reducing</word>
<word id="word_381">the</word>
<word id="word_382">risk</word>
<word id="word_383">of</word>
<word id="word_384">further</word>
<word id="word_385">heart</word>
<word id="word_386">attacks</word>
<word id="word_387">and</word>
<word id="word_388">strokes</word>
<word id="word_389">in</word>
<word id="word_390">people</word>
<word id="word_391">who</word>
<word id="word_392">have</word>
<word id="word_393">already</word>
<word id="word_394">had</word>
<word id="word_395">a</word>
<word id="word_396">heart</word>
<word id="word_397">attack</word>
<word id="word_398">.</word>
<word id="word_399">In</word>
<word id="word_400">provisionally</word>
<word id="word_401">recommending</word>
<word id="word_402">ticagrelor</word>
<word id="word_403">we</word>
<word id="word_404">are</word>
<word id="word_405">pleased</word>
<word id="word_406">to</word>
<word id="word_407">be</word>
<word id="word_408">able</word>
<word id="word_409">to</word>
<word id="word_410">increase</word>
<word id="word_411">the</word>
<word id="word_412">treatment</word>
<word id="word_413">options</word>
<word id="word_414">available</word>
<word id="word_415">to</word>
<word id="word_416">the</word>
<word id="word_417">many</word>
<word id="word_418">thousands</word>
<word id="word_419">of</word>
<word id="word_420">people</word>
<word id="word_421">who</word>
<word id="word_422">stand</word>
<word id="word_423">to</word>
<word id="word_424">benefit</word>
<word id="word_425">from</word>
<word id="word_426">it</word>
<word id="word_427">.</word>
<word id="word_428">Because</word>
<word id="word_429">information</word>
<word id="word_430">on</word>
<word id="word_431">the</word>
<word id="word_432">efficacy</word>
<word id="word_433">and</word>
<word id="word_434">safety</word>
<word id="word_435">of</word>
<word id="word_436">ticagrelor</word>
<word id="word_437">-</word>
<word id="word_438">particularly</word>
<word id="word_439">the</word>
<word id="word_440">risk</word>
<word id="word_441">of</word>
<word id="word_442">bleeding</word>
<word id="word_443">-</word>
<word id="word_444">beyond</word>
<word id="word_445">three</word>
<word id="word_446">years</word>
<word id="word_447">is</word>
<word id="word_448">limited</word>
<word id="word_449">,</word>
<word id="word_450">the</word>
<word id="word_451">draft</word>
<word id="word_452">guidance</word>
<word id="word_453">does</word>
<word id="word_454">not</word>
<word id="word_455">recommend</word>
<word id="word_456">treatment</word>
<word id="word_457">with</word>
<word id="word_458">it</word>
<word id="word_459">beyond</word>
<word id="word_460">that</word>
<word id="word_461">period</word>
<word id="word_462">.</word>
</words>