<?xml version="1.0" encoding="UTF-8"?>
<!DOCTYPE words SYSTEM "words.dtd">
<words>
<word id="word_1">Comparing</word>
<word id="word_2">Clinton's</word>
<word id="word_3">and</word>
<word id="word_4">Trump's</word>
<word id="word_5">economic</word>
<word id="word_6">policies</word>
<word id="word_7">:</word>
<word id="word_8">It's</word>
<word id="word_9">all</word>
<word id="word_10">about</word>
<word id="word_11">the</word>
<word id="word_12">money</word>
<word id="word_13">Both</word>
<word id="word_14">Clinton</word>
<word id="word_15">and</word>
<word id="word_16">Trump</word>
<word id="word_17">want</word>
<word id="word_18">to</word>
<word id="word_19">invest</word>
<word id="word_20">in</word>
<word id="word_21">infrastructure</word>
<word id="word_22">and</word>
<word id="word_23">prevent</word>
<word id="word_24">the</word>
<word id="word_25">TTP</word>
<word id="word_26">trade</word>
<word id="word_27">agreement</word>
<word id="word_28">.</word>
<word id="word_29">But</word>
<word id="word_30">the</word>
<word id="word_31">two</word>
<word id="word_32">candidates</word>
<word id="word_33">for</word>
<word id="word_34">the</word>
<word id="word_35">US</word>
<word id="word_36">presidency</word>
<word id="word_37">disagree</word>
<word id="word_38">on</word>
<word id="word_39">taxes</word>
<word id="word_40">and</word>
<word id="word_41">energy</word>
<word id="word_42">policies</word>
<word id="word_43">,</word>
<word id="word_44">as</word>
<word id="word_45">well</word>
<word id="word_46">as</word>
<word id="word_47">on</word>
<word id="word_48">one</word>
<word id="word_49">fundamental</word>
<word id="word_50">issue</word>
<word id="word_51">.</word>
<word id="word_52">There</word>
<word id="word_53">is</word>
<word id="word_54">a</word>
<word id="word_55">fundamental</word>
<word id="word_56">philosophical</word>
<word id="word_57">reason</word>
<word id="word_58">for</word>
<word id="word_59">the</word>
<word id="word_60">differences</word>
<word id="word_61">between</word>
<word id="word_62">Donald</word>
<word id="word_63">Trump's</word>
<word id="word_64">and</word>
<word id="word_65">Hillary</word>
<word id="word_66">Clinton's</word>
<word id="word_67">economic</word>
<word id="word_68">policies</word>
<word id="word_69">.</word>
<word id="word_70">This</word>
<word id="word_71">is</word>
<word id="word_72">the</word>
<word id="word_73">role</word>
<word id="word_74">of</word>
<word id="word_75">the</word>
<word id="word_76">state</word>
<word id="word_77">.</word>
<word id="word_78">If</word>
<word id="word_79">in</word>
<word id="word_80">doubt</word>
<word id="word_81">,</word>
<word id="word_82">Trump</word>
<word id="word_83">wants</word>
<word id="word_84">the</word>
<word id="word_85">state's</word>
<word id="word_86">role</word>
<word id="word_87">to</word>
<word id="word_88">be</word>
<word id="word_89">minor</word>
<word id="word_90">,</word>
<word id="word_91">and</word>
<word id="word_92">warns</word>
<word id="word_93">of</word>
<word id="word_94">how</word>
<word id="word_95">the</word>
<word id="word_96">state</word>
<word id="word_97">can</word>
<word id="word_98">damage</word>
<word id="word_99">the</word>
<word id="word_100">economy</word>
<word id="word_101">with</word>
<word id="word_102">taxes</word>
<word id="word_103">and</word>
<word id="word_104">regulations</word>
<word id="word_105">.</word>
<word id="word_106">Clinton</word>
<word id="word_107">wants</word>
<word id="word_108">to</word>
<word id="word_109">lead</word>
<word id="word_110">the</word>
<word id="word_111">economy</word>
<word id="word_112">to</word>
<word id="word_113">its</word>
<word id="word_114">death</word>
<word id="word_115">and</word>
<word id="word_116">regulate</word>
<word id="word_117">it</word>
<word id="word_118">to</word>
<word id="word_119">its</word>
<word id="word_120">death</word>
<word id="word_121">,</word>
<word id="word_122">he</word>
<word id="word_123">says</word>
<word id="word_124">.</word>
<word id="word_125">He</word>
<word id="word_126">would</word>
<word id="word_127">do</word>
<word id="word_128">things</word>
<word id="word_129">totally</word>
<word id="word_130">differently</word>
<word id="word_131">,</word>
<word id="word_132">Trump</word>
<word id="word_133">says</word>
<word id="word_134">.</word>
<word id="word_135">He</word>
<word id="word_136">would</word>
<word id="word_137">repeal</word>
<word id="word_138">regulations</word>
<word id="word_139">,</word>
<word id="word_140">and</word>
<word id="word_141">lead</word>
<word id="word_142">a</word>
<word id="word_143">wide-reaching</word>
<word id="word_144">tax</word>
<word id="word_145">reform</word>
<word id="word_146">with</word>
<word id="word_147">low</word>
<word id="word_148">rates</word>
<word id="word_149">for</word>
<word id="word_150">private</word>
<word id="word_151">individuals</word>
<word id="word_152">and</word>
<word id="word_153">companies</word>
<word id="word_154">.</word>
<word id="word_155">Conversely</word>
<word id="word_156">,</word>
<word id="word_157">Clinton</word>
<word id="word_158">says</word>
<word id="word_159">that</word>
<word id="word_160">the</word>
<word id="word_161">state</word>
<word id="word_162">has</word>
<word id="word_163">particular</word>
<word id="word_164">tasks</word>
<word id="word_165">to</word>
<word id="word_166">fulfil</word>
<word id="word_167">,</word>
<word id="word_168">giving</word>
<word id="word_169">disadvantaged</word>
<word id="word_170">people</word>
<word id="word_171">opportunities</word>
<word id="word_172">-</word>
<word id="word_173">and</word>
<word id="word_174">it</word>
<word id="word_175">needs</word>
<word id="word_176">money</word>
<word id="word_177">to</word>
<word id="word_178">do</word>
<word id="word_179">so</word>
<word id="word_180">.</word>
<word id="word_181">This</word>
<word id="word_182">would</word>
<word id="word_183">increase</word>
<word id="word_184">taxes</word>
<word id="word_185">for</word>
<word id="word_186">the</word>
<word id="word_187">rich</word>
<word id="word_188">,</word>
<word id="word_189">she</word>
<word id="word_190">says</word>
<word id="word_191">.</word>
<word id="word_192">Interestingly</word>
<word id="word_193">,</word>
<word id="word_194">they</word>
<word id="word_195">have</word>
<word id="word_196">similar</word>
<word id="word_197">views</word>
<word id="word_198">on</word>
<word id="word_199">infrastructure</word>
<word id="word_200">.</word>
<word id="word_201">There</word>
<word id="word_202">has</word>
<word id="word_203">to</word>
<word id="word_204">be</word>
<word id="word_205">investment</word>
<word id="word_206">in</word>
<word id="word_207">infrastructure</word>
<word id="word_208">,</word>
<word id="word_209">Trump</word>
<word id="word_210">and</word>
<word id="word_211">Clinton</word>
<word id="word_212">say</word>
<word id="word_213">almost</word>
<word id="word_214">verbatim</word>
<word id="word_215">.</word>
<word id="word_216">The</word>
<word id="word_217">Democratic</word>
<word id="word_218">candidate</word>
<word id="word_219">has</word>
<word id="word_220">even</word>
<word id="word_221">announced</word>
<word id="word_222">the</word>
<word id="word_223">largest</word>
<word id="word_224">investment</word>
<word id="word_225">in</word>
<word id="word_226">jobs</word>
<word id="word_227">since</word>
<word id="word_228">the</word>
<word id="word_229">Second</word>
<word id="word_230">World</word>
<word id="word_231">War</word>
<word id="word_232">.</word>
<word id="word_233">State</word>
<word id="word_234">programs</word>
<word id="word_235">investing</word>
<word id="word_236">in</word>
<word id="word_237">infrastructure</word>
<word id="word_238">are</word>
<word id="word_239">classic</word>
<word id="word_240">Democrat</word>
<word id="word_241">policies</word>
<word id="word_242">,</word>
<word id="word_243">and</word>
<word id="word_244">are</word>
<word id="word_245">rejected</word>
<word id="word_246">by</word>
<word id="word_247">the</word>
<word id="word_248">tea</word>
<word id="word_249">party</word>
<word id="word_250">wing</word>
<word id="word_251">of</word>
<word id="word_252">the</word>
<word id="word_253">Republican</word>
<word id="word_254">party</word>
<word id="word_255">,</word>
<word id="word_256">which</word>
<word id="word_257">is</word>
<word id="word_258">critical</word>
<word id="word_259">of</word>
<word id="word_260">the</word>
<word id="word_261">state</word>
<word id="word_262">.</word>
<word id="word_263">Consequently</word>
<word id="word_264">,</word>
<word id="word_265">Trump</word>
<word id="word_266">could</word>
<word id="word_267">lead</word>
<word id="word_268">to</word>
<word id="word_269">discussions</word>
<word id="word_270">within</word>
<word id="word_271">the</word>
<word id="word_272">party</word>
<word id="word_273">.</word>
<word id="word_274">There</word>
<word id="word_275">are</word>
<word id="word_276">clearer</word>
<word id="word_277">differences</word>
<word id="word_278">to</word>
<word id="word_279">be</word>
<word id="word_280">seen</word>
<word id="word_281">in</word>
<word id="word_282">terms</word>
<word id="word_283">of</word>
<word id="word_284">energy</word>
<word id="word_285">and</word>
<word id="word_286">climate</word>
<word id="word_287">policies</word>
<word id="word_288">.</word>
<word id="word_289">Trump</word>
<word id="word_290">wants</word>
<word id="word_291">to</word>
<word id="word_292">build</word>
<word id="word_293">coal-fired</word>
<word id="word_294">power</word>
<word id="word_295">stations</word>
<word id="word_296">and</word>
<word id="word_297">bring</word>
<word id="word_298">coal</word>
<word id="word_299">production</word>
<word id="word_300">in</word>
<word id="word_301">the</word>
<word id="word_302">USA</word>
<word id="word_303">back</word>
<word id="word_304">up</word>
<word id="word_305">.</word>
<word id="word_306">Drilling</word>
<word id="word_307">for</word>
<word id="word_308">oil</word>
<word id="word_309">should</word>
<word id="word_310">be</word>
<word id="word_311">permitted</word>
<word id="word_312">in</word>
<word id="word_313">protected</word>
<word id="word_314">areas</word>
<word id="word_315">,</word>
<word id="word_316">and</word>
<word id="word_317">he</word>
<word id="word_318">wants</word>
<word id="word_319">to</word>
<word id="word_320">withdraw</word>
<word id="word_321">from</word>
<word id="word_322">the</word>
<word id="word_323">Paris</word>
<word id="word_324">Climate</word>
<word id="word_325">Change</word>
<word id="word_326">Treaty</word>
<word id="word_327">.</word>
<word id="word_328">On</word>
<word id="word_329">the</word>
<word id="word_330">other</word>
<word id="word_331">hand</word>
<word id="word_332">,</word>
<word id="word_333">Clinton</word>
<word id="word_334">wants</word>
<word id="word_335">to</word>
<word id="word_336">use</word>
<word id="word_337">her</word>
<word id="word_338">investment</word>
<word id="word_339">program</word>
<word id="word_340">to</word>
<word id="word_341">extend</word>
<word id="word_342">renewable</word>
<word id="word_343">energies</word>
<word id="word_344">,</word>
<word id="word_345">saying</word>
<word id="word_346">:</word>
<word id="word_347">"</word>
<word id="word_348">One</word>
<word id="word_349">country</word>
<word id="word_350">will</word>
<word id="word_351">become</word>
<word id="word_352">the</word>
<word id="word_353">superpower</word>
<word id="word_354">of</word>
<word id="word_355">renewable</word>
<word id="word_356">energies</word>
<word id="word_357">,</word>
<word id="word_358">and</word>
<word id="word_359">create</word>
<word id="word_360">millions</word>
<word id="word_361">of</word>
<word id="word_362">jobs</word>
<word id="word_363">.</word>
<word id="word_364">"</word>
<word id="word_365">"</word>
<word id="word_366">It</word>
<word id="word_367">will</word>
<word id="word_368">either</word>
<word id="word_369">be</word>
<word id="word_370">China</word>
<word id="word_371">,</word>
<word id="word_372">Germany</word>
<word id="word_373">or</word>
<word id="word_374">America</word>
<word id="word_375">-</word>
<word id="word_376">and</word>
<word id="word_377">I</word>
<word id="word_378">want</word>
<word id="word_379">it</word>
<word id="word_380">to</word>
<word id="word_381">be</word>
<word id="word_382">us</word>
<word id="word_383">.</word>
<word id="word_384">"</word>
<word id="word_385">But</word>
<word id="word_386">it's</word>
<word id="word_387">not</word>
<word id="word_388">just</word>
<word id="word_389">infrastructure</word>
<word id="word_390">that</word>
<word id="word_391">sees</word>
<word id="word_392">the</word>
<word id="word_393">two</word>
<word id="word_394">candidates</word>
<word id="word_395">taking</word>
<word id="word_396">a</word>
<word id="word_397">rather</word>
<word id="word_398">similar</word>
<word id="word_399">stance</word>
<word id="word_400">-</word>
<word id="word_401">they</word>
<word id="word_402">agree</word>
<word id="word_403">in</word>
<word id="word_404">terms</word>
<word id="word_405">of</word>
<word id="word_406">international</word>
<word id="word_407">trade</word>
<word id="word_408">agreements</word>
<word id="word_409">as</word>
<word id="word_410">well</word>
<word id="word_411">.</word>
<word id="word_412">Neither</word>
<word id="word_413">want</word>
<word id="word_414">to</word>
<word id="word_415">sign</word>
<word id="word_416">TTP</word>
<word id="word_417">,</word>
<word id="word_418">the</word>
<word id="word_419">trans-Pacific</word>
<word id="word_420">trade</word>
<word id="word_421">agreement</word>
<word id="word_422">.</word>
<word id="word_423">At</word>
<word id="word_424">the</word>
<word id="word_425">same</word>
<word id="word_426">time</word>
<word id="word_427">,</word>
<word id="word_428">neither</word>
<word id="word_429">want</word>
<word id="word_430">to</word>
<word id="word_431">cut</word>
<word id="word_432">the</word>
<word id="word_433">USA</word>
<word id="word_434">off</word>
<word id="word_435">from</word>
<word id="word_436">international</word>
<word id="word_437">trade</word>
<word id="word_438">-</word>
<word id="word_439">they</word>
<word id="word_440">just</word>
<word id="word_441">want</word>
<word id="word_442">to</word>
<word id="word_443">protect</word>
<word id="word_444">American</word>
<word id="word_445">jobs</word>
<word id="word_446">better</word>
<word id="word_447">.</word>
<word id="word_448">They</word>
<word id="word_449">should</word>
<word id="word_450">then</word>
<word id="word_451">also</word>
<word id="word_452">be</word>
<word id="word_453">better</word>
<word id="word_454">paid</word>
<word id="word_455">,</word>
<word id="word_456">Clinton</word>
<word id="word_457">demands</word>
<word id="word_458">.</word>
<word id="word_459">The</word>
<word id="word_460">current</word>
<word id="word_461">minimum</word>
<word id="word_462">wage</word>
<word id="word_463">of</word>
<word id="word_464">7.25</word>
<word id="word_465">US</word>
<word id="word_466">dollars</word>
<word id="word_467">is</word>
<word id="word_468">a</word>
<word id="word_469">pittance</word>
<word id="word_470">,</word>
<word id="word_471">she</word>
<word id="word_472">says</word>
<word id="word_473">.</word>
<word id="word_474">She</word>
<word id="word_475">wants</word>
<word id="word_476">to</word>
<word id="word_477">raise</word>
<word id="word_478">it</word>
<word id="word_479">to</word>
<word id="word_480">15</word>
<word id="word_481">dollars</word>
<word id="word_482">an</word>
<word id="word_483">hour</word>
<word id="word_484">.</word>
<word id="word_485">It</word>
<word id="word_486">is</word>
<word id="word_487">not</word>
<word id="word_488">quite</word>
<word id="word_489">clear</word>
<word id="word_490">what</word>
<word id="word_491">Trump</word>
<word id="word_492">wants</word>
<word id="word_493">to</word>
<word id="word_494">do</word>
<word id="word_495">on</word>
<word id="word_496">this</word>
<word id="word_497">score</word>
<word id="word_498">:</word>
<word id="word_499">Once</word>
<word id="word_500">he</word>
<word id="word_501">said</word>
<word id="word_502">that</word>
<word id="word_503">the</word>
<word id="word_504">minimum</word>
<word id="word_505">wage</word>
<word id="word_506">had</word>
<word id="word_507">to</word>
<word id="word_508">be</word>
<word id="word_509">raised</word>
<word id="word_510">,</word>
<word id="word_511">then</word>
<word id="word_512">he</word>
<word id="word_513">said</word>
<word id="word_514">it</word>
<word id="word_515">should</word>
<word id="word_516">stay</word>
<word id="word_517">the</word>
<word id="word_518">same</word>
<word id="word_519">.</word>
<word id="word_520">But</word>
<word id="word_521">the</word>
<word id="word_522">big</word>
<word id="word_523">discussion</word>
<word id="word_524">of</word>
<word id="word_525">the</word>
<word id="word_526">months</word>
<word id="word_527">to</word>
<word id="word_528">come</word>
<word id="word_529">will</word>
<word id="word_530">likely</word>
<word id="word_531">revolve</word>
<word id="word_532">around</word>
<word id="word_533">both</word>
<word id="word_534">parties'</word>
<word id="word_535">tax</word>
<word id="word_536">policies</word>
<word id="word_537">.</word>
<word id="word_538">Trump</word>
<word id="word_539">is</word>
<word id="word_540">on</word>
<word id="word_541">one</word>
<word id="word_542">side</word>
<word id="word_543">,</word>
<word id="word_544">wanting</word>
<word id="word_545">to</word>
<word id="word_546">relieve</word>
<word id="word_547">the</word>
<word id="word_548">burden</word>
<word id="word_549">on</word>
<word id="word_550">the</word>
<word id="word_551">economy</word>
<word id="word_552">and</word>
<word id="word_553">citizens</word>
<word id="word_554">to</word>
<word id="word_555">boost</word>
<word id="word_556">growth</word>
<word id="word_557">.</word>
<word id="word_558">His</word>
<word id="word_559">critics</word>
<word id="word_560">state</word>
<word id="word_561">that</word>
<word id="word_562">this</word>
<word id="word_563">will</word>
<word id="word_564">just</word>
<word id="word_565">increase</word>
<word id="word_566">the</word>
<word id="word_567">budgetary</word>
<word id="word_568">deficit</word>
<word id="word_569">.</word>
<word id="word_570">Clinton</word>
<word id="word_571">is</word>
<word id="word_572">on</word>
<word id="word_573">the</word>
<word id="word_574">opposite</word>
<word id="word_575">side</word>
<word id="word_576">:</word>
<word id="word_577">as</word>
<word id="word_578">a</word>
<word id="word_579">minimum</word>
<word id="word_580">,</word>
<word id="word_581">she</word>
<word id="word_582">wants</word>
<word id="word_583">the</word>
<word id="word_584">rich</word>
<word id="word_585">to</word>
<word id="word_586">pay</word>
<word id="word_587">more</word>
<word id="word_588">taxes</word>
<word id="word_589">,</word>
<word id="word_590">and</word>
<word id="word_591">her</word>
<word id="word_592">critics</word>
<word id="word_593">say</word>
<word id="word_594">that</word>
<word id="word_595">more</word>
<word id="word_596">taxes</word>
<word id="word_597">are</word>
<word id="word_598">not</word>
<word id="word_599">the</word>
<word id="word_600">solution</word>
<word id="word_601">either</word>
<word id="word_602">.</word>
</words>