<?xml version="1.0" encoding="UTF-8"?>
<!DOCTYPE words SYSTEM "words.dtd">
<words>
<word id="word_1">Seeking</word>
<word id="word_2">refuge</word>
<word id="word_3">:</word>
<word id="word_4">"</word>
<word id="word_5">Every</word>
<word id="word_6">refugee</word>
<word id="word_7">woman</word>
<word id="word_8">has</word>
<word id="word_9">dealt</word>
<word id="word_10">with</word>
<word id="word_11">sexual</word>
<word id="word_12">violence</word>
<word id="word_13">"</word>
<word id="word_14">For</word>
<word id="word_15">women</word>
<word id="word_16">fleeing</word>
<word id="word_17">a</word>
<word id="word_18">country</word>
<word id="word_19">on</word>
<word id="word_20">their</word>
<word id="word_21">own</word>
<word id="word_22">,</word>
<word id="word_23">sexual</word>
<word id="word_24">violence</word>
<word id="word_25">is</word>
<word id="word_26">almost</word>
<word id="word_27">part</word>
<word id="word_28">of</word>
<word id="word_29">daily</word>
<word id="word_30">life</word>
<word id="word_31">.</word>
<word id="word_32">When</word>
<word id="word_33">they</word>
<word id="word_34">arrive</word>
<word id="word_35">in</word>
<word id="word_36">Germany</word>
<word id="word_37">,</word>
<word id="word_38">they</word>
<word id="word_39">are</word>
<word id="word_40">often</word>
<word id="word_41">traumatised</word>
<word id="word_42">.</word>
<word id="word_43">One</word>
<word id="word_44">house</word>
<word id="word_45">offers</word>
<word id="word_46">refuge</word>
<word id="word_47">.</word>
<word id="word_48">Four</word>
<word id="word_49">women</word>
<word id="word_50">are</word>
<word id="word_51">sitting</word>
<word id="word_52">in</word>
<word id="word_53">a</word>
<word id="word_54">large</word>
<word id="word_55">kitchen</word>
<word id="word_56">.</word>
<word id="word_57">Every</word>
<word id="word_58">one</word>
<word id="word_59">of</word>
<word id="word_60">them</word>
<word id="word_61">has</word>
<word id="word_62">a</word>
<word id="word_63">baby</word>
<word id="word_64">with</word>
<word id="word_65">them</word>
<word id="word_66">,</word>
<word id="word_67">the</word>
<word id="word_68">oldest</word>
<word id="word_69">of</word>
<word id="word_70">which</word>
<word id="word_71">is</word>
<word id="word_72">one</word>
<word id="word_73">year</word>
<word id="word_74">old</word>
<word id="word_75">.</word>
<word id="word_76">One</word>
<word id="word_77">woman</word>
<word id="word_78">holds</word>
<word id="word_79">her</word>
<word id="word_80">little</word>
<word id="word_81">son</word>
<word id="word_82">in</word>
<word id="word_83">her</word>
<word id="word_84">arms</word>
<word id="word_85">.</word>
<word id="word_86">He</word>
<word id="word_87">looks</word>
<word id="word_88">around</word>
<word id="word_89">the</word>
<word id="word_90">room</word>
<word id="word_91">inquisitively</word>
<word id="word_92">,</word>
<word id="word_93">his</word>
<word id="word_94">eyes</word>
<word id="word_95">wide</word>
<word id="word_96">.</word>
<word id="word_97">His</word>
<word id="word_98">mother</word>
<word id="word_99">stares</word>
<word id="word_100">at</word>
<word id="word_101">the</word>
<word id="word_102">tabletop</word>
<word id="word_103">.</word>
<word id="word_104">Until</word>
<word id="word_105">she</word>
<word id="word_106">realises</word>
<word id="word_107">she's</word>
<word id="word_108">being</word>
<word id="word_109">watched</word>
<word id="word_110">.</word>
<word id="word_111">She</word>
<word id="word_112">smiles</word>
<word id="word_113">briefly</word>
<word id="word_114">and</word>
<word id="word_115">kisses</word>
<word id="word_116">the</word>
<word id="word_117">child</word>
<word id="word_118">.</word>
<word id="word_119">The</word>
<word id="word_120">scene</word>
<word id="word_121">looks</word>
<word id="word_122">normal</word>
<word id="word_123">.</word>
<word id="word_124">Until</word>
<word id="word_125">you</word>
<word id="word_126">start</word>
<word id="word_127">talking</word>
<word id="word_128">to</word>
<word id="word_129">Katrin</word>
<word id="word_130">Bahr</word>
<word id="word_131">.</word>
<word id="word_132">She</word>
<word id="word_133">is</word>
<word id="word_134">the</word>
<word id="word_135">field</word>
<word id="word_136">manager</word>
<word id="word_137">for</word>
<word id="word_138">Condrobs</word>
<word id="word_139">,</word>
<word id="word_140">a</word>
<word id="word_141">provider</word>
<word id="word_142">of</word>
<word id="word_143">social</word>
<word id="word_144">assistance</word>
<word id="word_145">within</word>
<word id="word_146">Bavaria</word>
<word id="word_147">.</word>
<word id="word_148">One</word>
<word id="word_149">of</word>
<word id="word_150">the</word>
<word id="word_151">issues</word>
<word id="word_152">she</word>
<word id="word_153">deals</word>
<word id="word_154">with</word>
<word id="word_155">is</word>
<word id="word_156">refugee</word>
<word id="word_157">women</word>
<word id="word_158">.</word>
<word id="word_159">The</word>
<word id="word_160">four</word>
<word id="word_161">women</word>
<word id="word_162">in</word>
<word id="word_163">the</word>
<word id="word_164">kitchen</word>
<word id="word_165">are</word>
<word id="word_166">refugees</word>
<word id="word_167">.</word>
<word id="word_168">They</word>
<word id="word_169">live</word>
<word id="word_170">in</word>
<word id="word_171">the</word>
<word id="word_172">north</word>
<word id="word_173">of</word>
<word id="word_174">Munich</word>
<word id="word_175">,</word>
<word id="word_176">in</word>
<word id="word_177">one</word>
<word id="word_178">of</word>
<word id="word_179">the</word>
<word id="word_180">few</word>
<word id="word_181">decentralised</word>
<word id="word_182">accommodation</word>
<word id="word_183">centres</word>
<word id="word_184">in</word>
<word id="word_185">Bavaria</word>
<word id="word_186">for</word>
<word id="word_187">refugee</word>
<word id="word_188">women</word>
<word id="word_189">and</word>
<word id="word_190">their</word>
<word id="word_191">children</word>
<word id="word_192">who</word>
<word id="word_193">have</word>
<word id="word_194">made</word>
<word id="word_195">the</word>
<word id="word_196">journey</word>
<word id="word_197">alone</word>
<word id="word_198">.</word>
<word id="word_199">Condrobs</word>
<word id="word_200">opened</word>
<word id="word_201">the</word>
<word id="word_202">centre</word>
<word id="word_203">in</word>
<word id="word_204">January</word>
<word id="word_205">,</word>
<word id="word_206">in</word>
<word id="word_207">collaboration</word>
<word id="word_208">with</word>
<word id="word_209">Pro</word>
<word id="word_210">Familia</word>
<word id="word_211">and</word>
<word id="word_212">the</word>
<word id="word_213">Munich</word>
<word id="word_214">Women's</word>
<word id="word_215">Help</word>
<word id="word_216">organisation</word>
<word id="word_217">.</word>
<word id="word_218">It</word>
<word id="word_219">recently</word>
<word id="word_220">had</word>
<word id="word_221">its</word>
<word id="word_222">official</word>
<word id="word_223">opening</word>
<word id="word_224">.</word>
<word id="word_225">60</word>
<word id="word_226">people</word>
<word id="word_227">live</word>
<word id="word_228">there</word>
<word id="word_229">-</word>
<word id="word_230">around</word>
<word id="word_231">40</word>
<word id="word_232">women</word>
<word id="word_233">and</word>
<word id="word_234">20</word>
<word id="word_235">children</word>
<word id="word_236">.</word>
<word id="word_237">There</word>
<word id="word_238">are</word>
<word id="word_239">no</word>
<word id="word_240">men</word>
<word id="word_241">-</word>
<word id="word_242">not</word>
<word id="word_243">even</word>
<word id="word_244">male</word>
<word id="word_245">visitors</word>
<word id="word_246">.</word>
<word id="word_247">The</word>
<word id="word_248">exception</word>
<word id="word_249">is</word>
<word id="word_250">a</word>
<word id="word_251">bodyguard</word>
<word id="word_252">on</word>
<word id="word_253">the</word>
<word id="word_254">door</word>
<word id="word_255">.</word>
<word id="word_256">"</word>
<word id="word_257">I'm</word>
<word id="word_258">not</word>
<word id="word_259">exaggerating</word>
<word id="word_260">when</word>
<word id="word_261">I</word>
<word id="word_262">say</word>
<word id="word_263">that</word>
<word id="word_264">every</word>
<word id="word_265">woman</word>
<word id="word_266">who</word>
<word id="word_267">arrives</word>
<word id="word_268">here</word>
<word id="word_269">has</word>
<word id="word_270">dealt</word>
<word id="word_271">with</word>
<word id="word_272">sexual</word>
<word id="word_273">violence</word>
<word id="word_274">on</word>
<word id="word_275">her</word>
<word id="word_276">way</word>
<word id="word_277">to</word>
<word id="word_278">find</word>
<word id="word_279">refuge</word>
<word id="word_280">,</word>
<word id="word_281">"</word>
<word id="word_282">said</word>
<word id="word_283">Bahr</word>
<word id="word_284">.</word>
<word id="word_285">"</word>
<word id="word_286">Men</word>
<word id="word_287">flee</word>
<word id="word_288">because</word>
<word id="word_289">of</word>
<word id="word_290">war</word>
<word id="word_291">,</word>
<word id="word_292">because</word>
<word id="word_293">they</word>
<word id="word_294">are</word>
<word id="word_295">politically</word>
<word id="word_296">persecuted</word>
<word id="word_297">,</word>
<word id="word_298">because</word>
<word id="word_299">they</word>
<word id="word_300">are</word>
<word id="word_301">threatened</word>
<word id="word_302">with</word>
<word id="word_303">torture</word>
<word id="word_304">or</word>
<word id="word_305">death</word>
<word id="word_306">,</word>
<word id="word_307">or</word>
<word id="word_308">because</word>
<word id="word_309">their</word>
<word id="word_310">families</word>
<word id="word_311">pin</word>
<word id="word_312">their</word>
<word id="word_313">hopes</word>
<word id="word_314">on</word>
<word id="word_315">them</word>
<word id="word_316">and</word>
<word id="word_317">send</word>
<word id="word_318">them</word>
<word id="word_319">to</word>
<word id="word_320">Europe</word>
<word id="word_321">,</word>
<word id="word_322">"</word>
<word id="word_323">she</word>
<word id="word_324">explains</word>
<word id="word_325">.</word>
<word id="word_326">When</word>
<word id="word_327">women</word>
<word id="word_328">flee</word>
<word id="word_329">,</word>
<word id="word_330">other</word>
<word id="word_331">reasons</word>
<word id="word_332">are</word>
<word id="word_333">in</word>
<word id="word_334">the</word>
<word id="word_335">foreground</word>
<word id="word_336">:</word>
<word id="word_337">"</word>
<word id="word_338">Many</word>
<word id="word_339">women</word>
<word id="word_340">sneak</word>
<word id="word_341">away</word>
<word id="word_342">secretly</word>
<word id="word_343">,</word>
<word id="word_344">because</word>
<word id="word_345">they</word>
<word id="word_346">see</word>
<word id="word_347">no</word>
<word id="word_348">other</word>
<word id="word_349">way</word>
<word id="word_350">out</word>
<word id="word_351">"</word>
<word id="word_352">.</word>
<word id="word_353">In</word>
<word id="word_354">their</word>
<word id="word_355">home</word>
<word id="word_356">countries</word>
<word id="word_357">,</word>
<word id="word_358">they</word>
<word id="word_359">experienced</word>
<word id="word_360">sexual</word>
<word id="word_361">violence</word>
<word id="word_362">,</word>
<word id="word_363">forced</word>
<word id="word_364">marriage</word>
<word id="word_365">,</word>
<word id="word_366">honour</word>
<word id="word_367">killings</word>
<word id="word_368">,</word>
<word id="word_369">slavery</word>
<word id="word_370">or</word>
<word id="word_371">forced</word>
<word id="word_372">prostitution</word>
<word id="word_373">.</word>
<word id="word_374">That</word>
<word id="word_375">propels</word>
<word id="word_376">them</word>
<word id="word_377">forward</word>
<word id="word_378">.</word>
<word id="word_379">And</word>
<word id="word_380">it</word>
<word id="word_381">continues</word>
<word id="word_382">even</word>
<word id="word_383">while</word>
<word id="word_384">they're</word>
<word id="word_385">on</word>
<word id="word_386">the</word>
<word id="word_387">run</word>
<word id="word_388">.</word>
<word id="word_389">"</word>
<word id="word_390">It</word>
<word id="word_391">is</word>
<word id="word_392">not</word>
<word id="word_393">a</word>
<word id="word_394">rare</word>
<word id="word_395">occurrence</word>
<word id="word_396">that</word>
<word id="word_397">traffickers</word>
<word id="word_398">request</word>
<word id="word_399">a</word>
<word id="word_400">sexual</word>
<word id="word_401">act</word>
<word id="word_402">in</word>
<word id="word_403">exchange</word>
<word id="word_404">for</word>
<word id="word_405">a</word>
<word id="word_406">bottle</word>
<word id="word_407">of</word>
<word id="word_408">water</word>
<word id="word_409">,</word>
<word id="word_410">for</word>
<word id="word_411">example</word>
<word id="word_412">,</word>
<word id="word_413">"</word>
<word id="word_414">says</word>
<word id="word_415">Bahr</word>
<word id="word_416">.</word>
<word id="word_417">And</word>
<word id="word_418">the</word>
<word id="word_419">woman</word>
<word id="word_420">are</word>
<word id="word_421">alone</word>
<word id="word_422">,</word>
<word id="word_423">unprotected</word>
<word id="word_424">by</word>
<word id="word_425">their</word>
<word id="word_426">families</word>
<word id="word_427">.</word>
<word id="word_428">If</word>
<word id="word_429">you</word>
<word id="word_430">think</word>
<word id="word_431">that</word>
<word id="word_432">this</word>
<word id="word_433">stops</word>
<word id="word_434">as</word>
<word id="word_435">soon</word>
<word id="word_436">as</word>
<word id="word_437">they</word>
<word id="word_438">arrive</word>
<word id="word_439">in</word>
<word id="word_440">Germany</word>
<word id="word_441">,</word>
<word id="word_442">you'd</word>
<word id="word_443">be</word>
<word id="word_444">wrong</word>
<word id="word_445">,</word>
<word id="word_446">says</word>
<word id="word_447">Bahr</word>
<word id="word_448">.</word>
<word id="word_449">Even</word>
<word id="word_450">in</word>
<word id="word_451">Germany</word>
<word id="word_452">,</word>
<word id="word_453">lone</word>
<word id="word_454">women</word>
<word id="word_455">are</word>
<word id="word_456">often</word>
<word id="word_457">seen</word>
<word id="word_458">as</word>
<word id="word_459">inferior</word>
<word id="word_460">in</word>
<word id="word_461">refugee</word>
<word id="word_462">accommodation</word>
<word id="word_463">,</word>
<word id="word_464">and</word>
<word id="word_465">,</word>
<word id="word_466">in</word>
<word id="word_467">the</word>
<word id="word_468">worst</word>
<word id="word_469">cases</word>
<word id="word_470">,</word>
<word id="word_471">they</word>
<word id="word_472">are</word>
<word id="word_473">abused</word>
<word id="word_474">.</word>
<word id="word_475">As</word>
<word id="word_476">a</word>
<word id="word_477">result</word>
<word id="word_478">,</word>
<word id="word_479">around</word>
<word id="word_480">90</word>
<word id="word_481">percent</word>
<word id="word_482">of</word>
<word id="word_483">the</word>
<word id="word_484">women</word>
<word id="word_485">living</word>
<word id="word_486">in</word>
<word id="word_487">accommodation</word>
<word id="word_488">in</word>
<word id="word_489">the</word>
<word id="word_490">north</word>
<word id="word_491">of</word>
<word id="word_492">Munich</word>
<word id="word_493">are</word>
<word id="word_494">traumatised</word>
<word id="word_495">,</word>
<word id="word_496">she</word>
<word id="word_497">estimates</word>
<word id="word_498">.</word>
<word id="word_499">"</word>
<word id="word_500">Some</word>
<word id="word_501">of</word>
<word id="word_502">the</word>
<word id="word_503">children</word>
<word id="word_504">were</word>
<word id="word_505">certainly</word>
<word id="word_506">not</word>
<word id="word_507">conceived</word>
<word id="word_508">with</word>
<word id="word_509">the</word>
<word id="word_510">woman's</word>
<word id="word_511">consent</word>
<word id="word_512">"</word>
<word id="word_513">.</word>
<word id="word_514">Many</word>
<word id="word_515">women</word>
<word id="word_516">are</word>
<word id="word_517">so</word>
<word id="word_518">used</word>
<word id="word_519">to</word>
<word id="word_520">it</word>
<word id="word_521">that</word>
<word id="word_522">they</word>
<word id="word_523">do</word>
<word id="word_524">not</word>
<word id="word_525">say</word>
<word id="word_526">anything</word>
<word id="word_527">,</word>
<word id="word_528">she</word>
<word id="word_529">says</word>
<word id="word_530">.</word>
<word id="word_531">"</word>
<word id="word_532">Or</word>
<word id="word_533">they</word>
<word id="word_534">can't</word>
<word id="word_535">bring</word>
<word id="word_536">themselves</word>
<word id="word_537">to</word>
<word id="word_538">talk</word>
<word id="word_539">about</word>
<word id="word_540">what</word>
<word id="word_541">they</word>
<word id="word_542">experienced</word>
<word id="word_543">because</word>
<word id="word_544">they</word>
<word id="word_545">are</word>
<word id="word_546">too</word>
<word id="word_547">ashamed</word>
<word id="word_548">"</word>
<word id="word_549">.</word>
<word id="word_550">Because</word>
<word id="word_551">they</word>
<word id="word_552">often</word>
<word id="word_553">don't</word>
<word id="word_554">know</word>
<word id="word_555">how</word>
<word id="word_556">to</word>
<word id="word_557">get</word>
<word id="word_558">help</word>
<word id="word_559">,</word>
<word id="word_560">there</word>
<word id="word_561">needs</word>
<word id="word_562">to</word>
<word id="word_563">be</word>
<word id="word_564">more</word>
<word id="word_565">accommodation</word>
<word id="word_566">just</word>
<word id="word_567">for</word>
<word id="word_568">them</word>
<word id="word_569">,</word>
<word id="word_570">says</word>
<word id="word_571">Bahr</word>
<word id="word_572">.</word>
<word id="word_573">In</word>
<word id="word_574">Bavaria</word>
<word id="word_575">,</word>
<word id="word_576">the</word>
<word id="word_577">seven</word>
<word id="word_578">district</word>
<word id="word_579">governments</word>
<word id="word_580">are</word>
<word id="word_581">responsible</word>
<word id="word_582">for</word>
<word id="word_583">providing</word>
<word id="word_584">accommodation</word>
<word id="word_585">for</word>
<word id="word_586">refugees</word>
<word id="word_587">.</word>
<word id="word_588">When</word>
<word id="word_589">asked</word>
<word id="word_590">if</word>
<word id="word_591">they</word>
<word id="word_592">knew</word>
<word id="word_593">of</word>
<word id="word_594">projects</word>
<word id="word_595">like</word>
<word id="word_596">the</word>
<word id="word_597">one</word>
<word id="word_598">in</word>
<word id="word_599">Munich</word>
<word id="word_600">operating</word>
<word id="word_601">within</word>
<word id="word_602">the</word>
<word id="word_603">areas</word>
<word id="word_604">they</word>
<word id="word_605">covered</word>
<word id="word_606">,</word>
<word id="word_607">some</word>
<word id="word_608">answered</word>
<word id="word_609">with</word>
<word id="word_610">"</word>
<word id="word_611">no</word>
<word id="word_612">"</word>
<word id="word_613">.</word>
<word id="word_614">In</word>
<word id="word_615">Upper</word>
<word id="word_616">Palatinate</word>
<word id="word_617">and</word>
<word id="word_618">Upper</word>
<word id="word_619">Franconia</word>
<word id="word_620">regions</word>
<word id="word_621">,</word>
<word id="word_622">for</word>
<word id="word_623">example</word>
<word id="word_624">,</word>
<word id="word_625">there</word>
<word id="word_626">is</word>
<word id="word_627">no</word>
<word id="word_628">similar</word>
<word id="word_629">accommodation</word>
<word id="word_630">offered</word>
<word id="word_631">by</word>
<word id="word_632">the</word>
<word id="word_633">government</word>
<word id="word_634">.</word>
<word id="word_635">Even</word>
<word id="word_636">in</word>
<word id="word_637">Swabia</word>
<word id="word_638">,</word>
<word id="word_639">women</word>
<word id="word_640">who</word>
<word id="word_641">come</word>
<word id="word_642">as</word>
<word id="word_643">lone</word>
<word id="word_644">refugees</word>
<word id="word_645">are</word>
<word id="word_646">not</word>
<word id="word_647">given</word>
<word id="word_648">separate</word>
<word id="word_649">accommodation</word>
<word id="word_650">,</word>
<word id="word_651">says</word>
<word id="word_652">Karl-Heinz</word>
<word id="word_653">Meyer</word>
<word id="word_654">,</word>
<word id="word_655">press</word>
<word id="word_656">spokesperson</word>
<word id="word_657">for</word>
<word id="word_658">the</word>
<word id="word_659">region</word>
<word id="word_660">.</word>
<word id="word_661">In</word>
<word id="word_662">Upper</word>
<word id="word_663">Bavaria</word>
<word id="word_664">,</word>
<word id="word_665">Lower</word>
<word id="word_666">Franconia</word>
<word id="word_667">and</word>
<word id="word_668">Middle</word>
<word id="word_669">Franconia</word>
<word id="word_670">,</word>
<word id="word_671">floors</word>
<word id="word_672">,</word>
<word id="word_673">or</word>
<word id="word_674">individual</word>
<word id="word_675">houses</word>
<word id="word_676">,</word>
<word id="word_677">are</word>
<word id="word_678">set</word>
<word id="word_679">aside</word>
<word id="word_680">in</word>
<word id="word_681">some</word>
<word id="word_682">shared</word>
<word id="word_683">accommodation</word>
<word id="word_684">for</word>
<word id="word_685">lone</word>
<word id="word_686">women</word>
<word id="word_687">and</word>
<word id="word_688">their</word>
<word id="word_689">children</word>
<word id="word_690">.</word>
<word id="word_691">The</word>
<word id="word_692">exception</word>
<word id="word_693">is</word>
<word id="word_694">Lower</word>
<word id="word_695">Bavaria</word>
<word id="word_696">:</word>
<word id="word_697">there</word>
<word id="word_698">,</word>
<word id="word_699">there</word>
<word id="word_700">are</word>
<word id="word_701">two</word>
<word id="word_702">central</word>
<word id="word_703">accommodation</word>
<word id="word_704">centres</word>
<word id="word_705">exclusively</word>
<word id="word_706">for</word>
<word id="word_707">women</word>
<word id="word_708">.</word>
<word id="word_709">Even</word>
<word id="word_710">the</word>
<word id="word_711">European</word>
<word id="word_712">Parliament's</word>
<word id="word_713">Committee</word>
<word id="word_714">on</word>
<word id="word_715">"</word>
<word id="word_716">Women's</word>
<word id="word_717">Rights</word>
<word id="word_718">and</word>
<word id="word_719">Gender</word>
<word id="word_720">Equality</word>
<word id="word_721">"</word>
<word id="word_722">stresses</word>
<word id="word_723">that</word>
<word id="word_724">women</word>
<word id="word_725">must</word>
<word id="word_726">be</word>
<word id="word_727">provided</word>
<word id="word_728">with</word>
<word id="word_729">accommodation</word>
<word id="word_730">separate</word>
<word id="word_731">from</word>
<word id="word_732">that</word>
<word id="word_733">of</word>
<word id="word_734">the</word>
<word id="word_735">men</word>
<word id="word_736">.</word>
<word id="word_737">In</word>
<word id="word_738">a</word>
<word id="word_739">study</word>
<word id="word_740">published</word>
<word id="word_741">on</word>
<word id="word_742">behalf</word>
<word id="word_743">of</word>
<word id="word_744">the</word>
<word id="word_745">Committee</word>
<word id="word_746">,</word>
<word id="word_747">it</word>
<word id="word_748">was</word>
<word id="word_749">stated</word>
<word id="word_750">that</word>
<word id="word_751">"</word>
<word id="word_752">it</word>
<word id="word_753">is</word>
<word id="word_754">very</word>
<word id="word_755">important</word>
<word id="word_756">that</word>
<word id="word_757">men</word>
<word id="word_758">and</word>
<word id="word_759">women</word>
<word id="word_760">are</word>
<word id="word_761">given</word>
<word id="word_762">separate</word>
<word id="word_763">accommodation</word>
<word id="word_764">.</word>
<word id="word_765">"</word>
<word id="word_766">"</word>
<word id="word_767">If</word>
<word id="word_768">there</word>
<word id="word_769">is</word>
<word id="word_770">a</word>
<word id="word_771">lack</word>
<word id="word_772">of</word>
<word id="word_773">private</word>
<word id="word_774">space</word>
<word id="word_775">,</word>
<word id="word_776">or</word>
<word id="word_777">if</word>
<word id="word_778">men</word>
<word id="word_779">and</word>
<word id="word_780">women</word>
<word id="word_781">are</word>
<word id="word_782">provided</word>
<word id="word_783">with</word>
<word id="word_784">accommodation</word>
<word id="word_785">together</word>
<word id="word_786">,</word>
<word id="word_787">this</word>
<word id="word_788">can</word>
<word id="word_789">result</word>
<word id="word_790">in</word>
<word id="word_791">(</word>
<word id="word_792">perpetual</word>
<word id="word_793">)</word>
<word id="word_794">violence</word>
<word id="word_795">against</word>
<word id="word_796">women</word>
<word id="word_797">"</word>
<word id="word_798">.</word>
<word id="word_799">Washing</word>
<word id="word_800">facilities</word>
<word id="word_801">,</word>
<word id="word_802">above</word>
<word id="word_803">all</word>
<word id="word_804">,</word>
<word id="word_805">should</word>
<word id="word_806">be</word>
<word id="word_807">separate</word>
<word id="word_808">,</word>
<word id="word_809">and</word>
<word id="word_810">easily</word>
<word id="word_811">accessible</word>
<word id="word_812">for</word>
<word id="word_813">women</word>
<word id="word_814">,</word>
<word id="word_815">according</word>
<word id="word_816">to</word>
<word id="word_817">the</word>
<word id="word_818">study</word>
<word id="word_819">.</word>
<word id="word_820">The</word>
<word id="word_821">extent</word>
<word id="word_822">to</word>
<word id="word_823">which</word>
<word id="word_824">women</word>
<word id="word_825">need</word>
<word id="word_826">this</word>
<word id="word_827">protection</word>
<word id="word_828">can</word>
<word id="word_829">be</word>
<word id="word_830">seen</word>
<word id="word_831">in</word>
<word id="word_832">the</word>
<word id="word_833">sheer</word>
<word id="word_834">number</word>
<word id="word_835">of</word>
<word id="word_836">people</word>
<word id="word_837">interested</word>
<word id="word_838">in</word>
<word id="word_839">the</word>
<word id="word_840">house</word>
<word id="word_841">in</word>
<word id="word_842">Munich</word>
<word id="word_843">.</word>
<word id="word_844">"</word>
<word id="word_845">Since</word>
<word id="word_846">word</word>
<word id="word_847">has</word>
<word id="word_848">got</word>
<word id="word_849">around</word>
<word id="word_850">that</word>
<word id="word_851">we</word>
<word id="word_852">exist</word>
<word id="word_853">,</word>
<word id="word_854">we</word>
<word id="word_855">have</word>
<word id="word_856">developed</word>
<word id="word_857">a</word>
<word id="word_858">long</word>
<word id="word_859">waiting</word>
<word id="word_860">list</word>
<word id="word_861">,</word>
<word id="word_862">"</word>
<word id="word_863">says</word>
<word id="word_864">Bahr</word>
<word id="word_865">.</word>
<word id="word_866">It</word>
<word id="word_867">would</word>
<word id="word_868">be</word>
<word id="word_869">easy</word>
<word id="word_870">to</word>
<word id="word_871">open</word>
<word id="word_872">a</word>
<word id="word_873">second</word>
<word id="word_874">house</word>
<word id="word_875">.</word>
</words>