<?xml version="1.0" encoding="UTF-8"?>
<!DOCTYPE words SYSTEM "words.dtd">
<words>
<word id="word_1">Royal</word>
<word id="word_2">Bank</word>
<word id="word_3">of</word>
<word id="word_4">Scotland</word>
<word id="word_5">to</word>
<word id="word_6">disappear</word>
<word id="word_7">for</word>
<word id="word_8">customers</word>
<word id="word_9">outside</word>
<word id="word_10">Scotland</word>
<word id="word_11">The</word>
<word id="word_12">brand</word>
<word id="word_13">RBS</word>
<word id="word_14">is</word>
<word id="word_15">to</word>
<word id="word_16">be</word>
<word id="word_17">reduced</word>
<word id="word_18">to</word>
<word id="word_19">a</word>
<word id="word_20">back</word>
<word id="word_21">office</word>
<word id="word_22">role</word>
<word id="word_23">,</word>
<word id="word_24">according</word>
<word id="word_25">to</word>
<word id="word_26">the</word>
<word id="word_27">bank's</word>
<word id="word_28">chief</word>
<word id="word_29">executive</word>
<word id="word_30">.</word>
<word id="word_31">Royal</word>
<word id="word_32">Bank</word>
<word id="word_33">of</word>
<word id="word_34">Scotland</word>
<word id="word_35">will</word>
<word id="word_36">disappear</word>
<word id="word_37">for</word>
<word id="word_38">customers</word>
<word id="word_39">outside</word>
<word id="word_40">Scotland</word>
<word id="word_41">.</word>
<word id="word_42">Ross</word>
<word id="word_43">McEwan</word>
<word id="word_44">told</word>
<word id="word_45">BBC</word>
<word id="word_46">Scotland</word>
<word id="word_47">that</word>
<word id="word_48">the</word>
<word id="word_49">RBS</word>
<word id="word_50">brand</word>
<word id="word_51">was</word>
<word id="word_52">associated</word>
<word id="word_53">with</word>
<word id="word_54">the</word>
<word id="word_55">bank's</word>
<word id="word_56">global</word>
<word id="word_57">ambitions</word>
<word id="word_58">.</word>
<word id="word_59">It</word>
<word id="word_60">has</word>
<word id="word_61">retreated</word>
<word id="word_62">from</word>
<word id="word_63">them</word>
<word id="word_64">since</word>
<word id="word_65">it</word>
<word id="word_66">nearly</word>
<word id="word_67">collapsed</word>
<word id="word_68">eight</word>
<word id="word_69">years</word>
<word id="word_70">ago</word>
<word id="word_71">and</word>
<word id="word_72">had</word>
<word id="word_73">to</word>
<word id="word_74">be</word>
<word id="word_75">bailed</word>
<word id="word_76">out</word>
<word id="word_77">.</word>
<word id="word_78">During</word>
<word id="word_79">that</word>
<word id="word_80">time</word>
<word id="word_81">,</word>
<word id="word_82">brand</word>
<word id="word_83">strategists</word>
<word id="word_84">have</word>
<word id="word_85">used</word>
<word id="word_86">'RBS'</word>
<word id="word_87">to</word>
<word id="word_88">protect</word>
<word id="word_89">other</word>
<word id="word_90">consumer</word>
<word id="word_91">finance</word>
<word id="word_92">brands</word>
<word id="word_93">.</word>
<word id="word_94">It</word>
<word id="word_95">was</word>
<word id="word_96">backed</word>
<word id="word_97">with</word>
<word id="word_98">millions</word>
<word id="word_99">of</word>
<word id="word_100">pounds</word>
<word id="word_101">in</word>
<word id="word_102">sponsorship</word>
<word id="word_103">of</word>
<word id="word_104">international</word>
<word id="word_105">sport</word>
<word id="word_106">,</word>
<word id="word_107">from</word>
<word id="word_108">Six</word>
<word id="word_109">Nations</word>
<word id="word_110">rugby</word>
<word id="word_111">to</word>
<word id="word_112">Wimbledon</word>
<word id="word_113">champion</word>
<word id="word_114">Andy</word>
<word id="word_115">Murray</word>
<word id="word_116">.</word>
<word id="word_117">But</word>
<word id="word_118">now</word>
<word id="word_119">,</word>
<word id="word_120">it</word>
<word id="word_121">has</word>
<word id="word_122">been</word>
<word id="word_123">judged</word>
<word id="word_124">right</word>
<word id="word_125">to</word>
<word id="word_126">let</word>
<word id="word_127">more</word>
<word id="word_128">national</word>
<word id="word_129">brands</word>
<word id="word_130">come</word>
<word id="word_131">to</word>
<word id="word_132">the</word>
<word id="word_133">fore</word>
<word id="word_134">.</word>
<word id="word_135">Royal</word>
<word id="word_136">Bank</word>
<word id="word_137">of</word>
<word id="word_138">Scotland</word>
<word id="word_139">will</word>
<word id="word_140">be</word>
<word id="word_141">used</word>
<word id="word_142">with</word>
<word id="word_143">Scottish</word>
<word id="word_144">customers</word>
<word id="word_145">,</word>
<word id="word_146">but</word>
<word id="word_147">will</word>
<word id="word_148">not</word>
<word id="word_149">be</word>
<word id="word_150">initialised</word>
<word id="word_151">.</word>
<word id="word_152">In</word>
<word id="word_153">England</word>
<word id="word_154">and</word>
<word id="word_155">Wales</word>
<word id="word_156">,</word>
<word id="word_157">all</word>
<word id="word_158">RBS</word>
<word id="word_159">references</word>
<word id="word_160">,</word>
<word id="word_161">outside</word>
<word id="word_162">head</word>
<word id="word_163">office</word>
<word id="word_164">and</word>
<word id="word_165">the</word>
<word id="word_166">stock</word>
<word id="word_167">exchange</word>
<word id="word_168">listing</word>
<word id="word_169">,</word>
<word id="word_170">will</word>
<word id="word_171">be</word>
<word id="word_172">changed</word>
<word id="word_173">to</word>
<word id="word_174">NatWest</word>
<word id="word_175">.</word>
<word id="word_176">The</word>
<word id="word_177">Ulster</word>
<word id="word_178">Bank</word>
<word id="word_179">brand</word>
<word id="word_180">is</word>
<word id="word_181">already</word>
<word id="word_182">used</word>
<word id="word_183">for</word>
<word id="word_184">customers</word>
<word id="word_185">in</word>
<word id="word_186">the</word>
<word id="word_187">Republic</word>
<word id="word_188">of</word>
<word id="word_189">Ireland</word>
<word id="word_190">and</word>
<word id="word_191">Northern</word>
<word id="word_192">Ireland</word>
<word id="word_193">.</word>
<word id="word_194">There</word>
<word id="word_195">are</word>
<word id="word_196">other</word>
<word id="word_197">,</word>
<word id="word_198">smaller</word>
<word id="word_199">brands</word>
<word id="word_200">for</word>
<word id="word_201">private</word>
<word id="word_202">banking</word>
<word id="word_203">,</word>
<word id="word_204">which</word>
<word id="word_205">will</word>
<word id="word_206">get</word>
<word id="word_207">more</word>
<word id="word_208">prominence</word>
<word id="word_209">-</word>
<word id="word_210">Coutts</word>
<word id="word_211">,</word>
<word id="word_212">Adam</word>
<word id="word_213">&amp;</word>
<word id="word_214">Co</word>
<word id="word_215">,</word>
<word id="word_216">Drummond</word>
<word id="word_217">,</word>
<word id="word_218">and</word>
<word id="word_219">Holt's</word>
<word id="word_220">Military</word>
<word id="word_221">Bank</word>
<word id="word_222">.</word>
<word id="word_223">Mr</word>
<word id="word_224">McEwan</word>
<word id="word_225">was</word>
<word id="word_226">interviewed</word>
<word id="word_227">during</word>
<word id="word_228">a</word>
<word id="word_229">tour</word>
<word id="word_230">of</word>
<word id="word_231">customers</word>
<word id="word_232">and</word>
<word id="word_233">staff</word>
<word id="word_234">in</word>
<word id="word_235">Inverness-shire</word>
<word id="word_236">.</word>
<word id="word_237">He</word>
<word id="word_238">told</word>
<word id="word_239">BBC</word>
<word id="word_240">Scotland</word>
<word id="word_241">:</word>
<word id="word_242">"</word>
<word id="word_243">The</word>
<word id="word_244">RBS</word>
<word id="word_245">brand</word>
<word id="word_246">will</word>
<word id="word_247">end</word>
<word id="word_248">up</word>
<word id="word_249">becoming</word>
<word id="word_250">our</word>
<word id="word_251">investor</word>
<word id="word_252">brand</word>
<word id="word_253">and</word>
<word id="word_254">the</word>
<word id="word_255">one</word>
<word id="word_256">that</word>
<word id="word_257">our</word>
<word id="word_258">staff</word>
<word id="word_259">are</word>
<word id="word_260">employed</word>
<word id="word_261">with</word>
<word id="word_262">,</word>
<word id="word_263">because</word>
<word id="word_264">we</word>
<word id="word_265">are</word>
<word id="word_266">now</word>
<word id="word_267">becoming</word>
<word id="word_268">much</word>
<word id="word_269">more</word>
<word id="word_270">a</word>
<word id="word_271">bank</word>
<word id="word_272">of</word>
<word id="word_273">brands</word>
<word id="word_274">.</word>
<word id="word_275">"</word>
<word id="word_276">As</word>
<word id="word_277">the</word>
<word id="word_278">bank</word>
<word id="word_279">itself</word>
<word id="word_280">became</word>
<word id="word_281">a</word>
<word id="word_282">global</word>
<word id="word_283">brand</word>
<word id="word_284">,</word>
<word id="word_285">RBS</word>
<word id="word_286">became</word>
<word id="word_287">the</word>
<word id="word_288">global</word>
<word id="word_289">brand</word>
<word id="word_290">.</word>
<word id="word_291">I'm</word>
<word id="word_292">now</word>
<word id="word_293">saying</word>
<word id="word_294">we</word>
<word id="word_295">no</word>
<word id="word_296">longer</word>
<word id="word_297">have</word>
<word id="word_298">global</word>
<word id="word_299">aspirations</word>
<word id="word_300">,</word>
<word id="word_301">we</word>
<word id="word_302">have</word>
<word id="word_303">local</word>
<word id="word_304">aspirations</word>
<word id="word_305">.</word>
<word id="word_306">Each</word>
<word id="word_307">one</word>
<word id="word_308">of</word>
<word id="word_309">those</word>
<word id="word_310">brands</word>
<word id="word_311">will</word>
<word id="word_312">stand</word>
<word id="word_313">for</word>
<word id="word_314">something</word>
<word id="word_315">quite</word>
<word id="word_316">different</word>
<word id="word_317">in</word>
<word id="word_318">their</word>
<word id="word_319">own</word>
<word id="word_320">communities</word>
<word id="word_321">,</word>
<word id="word_322">and</word>
<word id="word_323">our</word>
<word id="word_324">staff</word>
<word id="word_325">will</word>
<word id="word_326">work</word>
<word id="word_327">with</word>
<word id="word_328">customers</word>
<word id="word_329">under</word>
<word id="word_330">those</word>
<word id="word_331">brands</word>
<word id="word_332">.</word>
<word id="word_333">RBS</word>
<word id="word_334">had</word>
<word id="word_335">already</word>
<word id="word_336">stated</word>
<word id="word_337">that</word>
<word id="word_338">it</word>
<word id="word_339">would</word>
<word id="word_340">not</word>
<word id="word_341">to</word>
<word id="word_342">continue</word>
<word id="word_343">its</word>
<word id="word_344">Six</word>
<word id="word_345">Nations</word>
<word id="word_346">sponsorship</word>
<word id="word_347">,</word>
<word id="word_348">and</word>
<word id="word_349">it</word>
<word id="word_350">has</word>
<word id="word_351">been</word>
<word id="word_352">raising</word>
<word id="word_353">the</word>
<word id="word_354">profile</word>
<word id="word_355">of</word>
<word id="word_356">different</word>
<word id="word_357">brands</word>
<word id="word_358">in</word>
<word id="word_359">its</word>
<word id="word_360">sports</word>
<word id="word_361">sponsorship</word>
<word id="word_362">.</word>
<word id="word_363">"</word>
<word id="word_364">The</word>
<word id="word_365">time</word>
<word id="word_366">is</word>
<word id="word_367">right</word>
<word id="word_368">for</word>
<word id="word_369">us</word>
<word id="word_370">to</word>
<word id="word_371">move</word>
<word id="word_372">to</word>
<word id="word_373">the</word>
<word id="word_374">bank</word>
<word id="word_375">of</word>
<word id="word_376">brands</word>
<word id="word_377">,</word>
<word id="word_378">because</word>
<word id="word_379">underneath</word>
<word id="word_380">(</word>
<word id="word_381">we've</word>
<word id="word_382">been</word>
<word id="word_383">asking</word>
<word id="word_384">)</word>
<word id="word_385">how</word>
<word id="word_386">do</word>
<word id="word_387">we</word>
<word id="word_388">focus</word>
<word id="word_389">on</word>
<word id="word_390">making</word>
<word id="word_391">this</word>
<word id="word_392">a</word>
<word id="word_393">better</word>
<word id="word_394">bank</word>
<word id="word_395">for</word>
<word id="word_396">customers</word>
<word id="word_397">?</word>
<word id="word_398">"</word>
<word id="word_399">said</word>
<word id="word_400">the</word>
<word id="word_401">chief</word>
<word id="word_402">executive</word>
<word id="word_403">.</word>
<word id="word_404">It</word>
<word id="word_405">would</word>
<word id="word_406">have</word>
<word id="word_407">been</word>
<word id="word_408">very</word>
<word id="word_409">cynical</word>
<word id="word_410">three</word>
<word id="word_411">years</word>
<word id="word_412">ago</word>
<word id="word_413">if</word>
<word id="word_414">we'd</word>
<word id="word_415">said</word>
<word id="word_416">we're</word>
<word id="word_417">going</word>
<word id="word_418">to</word>
<word id="word_419">be</word>
<word id="word_420">a</word>
<word id="word_421">great</word>
<word id="word_422">bank</word>
<word id="word_423">for</word>
<word id="word_424">customers</word>
<word id="word_425">and</word>
<word id="word_426">put</word>
<word id="word_427">those</word>
<word id="word_428">brands</word>
<word id="word_429">out</word>
<word id="word_430">there</word>
<word id="word_431">.</word>
<word id="word_432">But</word>
<word id="word_433">with</word>
<word id="word_434">the</word>
<word id="word_435">work</word>
<word id="word_436">we've</word>
<word id="word_437">been</word>
<word id="word_438">doing</word>
<word id="word_439">,</word>
<word id="word_440">focussing</word>
<word id="word_441">on</word>
<word id="word_442">the</word>
<word id="word_443">customers</word>
<word id="word_444">needs</word>
<word id="word_445">,</word>
<word id="word_446">not</word>
<word id="word_447">our</word>
<word id="word_448">own</word>
<word id="word_449">,</word>
<word id="word_450">I</word>
<word id="word_451">think</word>
<word id="word_452">you're</word>
<word id="word_453">seeing</word>
<word id="word_454">a</word>
<word id="word_455">lot</word>
<word id="word_456">of</word>
<word id="word_457">change</word>
<word id="word_458">.</word>
<word id="word_459">We</word>
<word id="word_460">can</word>
<word id="word_461">bring</word>
<word id="word_462">those</word>
<word id="word_463">brands</word>
<word id="word_464">back</word>
<word id="word_465">up</word>
<word id="word_466">again</word>
<word id="word_467">,</word>
<word id="word_468">so</word>
<word id="word_469">I</word>
<word id="word_470">think</word>
<word id="word_471">the</word>
<word id="word_472">time</word>
<word id="word_473">is</word>
<word id="word_474">right</word>
<word id="word_475">.</word>
</words>