<?xml version="1.0" encoding="UTF-8"?>
<!DOCTYPE words SYSTEM "words.dtd">
<words>
<word id="word_1">Frankie</word>
<word id="word_2">Dettori</word>
<word id="word_3">reaches</word>
<word id="word_4">3,000</word>
<word id="word_5">winners</word>
<word id="word_6">with</word>
<word id="word_7">victory</word>
<word id="word_8">at</word>
<word id="word_9">Newmarket</word>
<word id="word_10">on</word>
<word id="word_11">Predilection</word>
<word id="word_12">Dettori</word>
<word id="word_13">sprays</word>
<word id="word_14">champagne</word>
<word id="word_15">after</word>
<word id="word_16">a</word>
<word id="word_17">double</word>
<word id="word_18">at</word>
<word id="word_19">Newmarket</word>
<word id="word_20">takes</word>
<word id="word_21">him</word>
<word id="word_22">to</word>
<word id="word_23">3,000</word>
<word id="word_24">wins</word>
<word id="word_25">Jockey</word>
<word id="word_26">Frankie</word>
<word id="word_27">Dettori</word>
<word id="word_28">secured</word>
<word id="word_29">his</word>
<word id="word_30">3,000th</word>
<word id="word_31">British</word>
<word id="word_32">winner</word>
<word id="word_33">at</word>
<word id="word_34">Newmarket</word>
<word id="word_35">on</word>
<word id="word_36">Friday</word>
<word id="word_37">.</word>
<word id="word_38">He</word>
<word id="word_39">brought</word>
<word id="word_40">up</word>
<word id="word_41">the</word>
<word id="word_42">landmark</word>
<word id="word_43">with</word>
<word id="word_44">his</word>
<word id="word_45">second</word>
<word id="word_46">winner</word>
<word id="word_47">of</word>
<word id="word_48">the</word>
<word id="word_49">night</word>
<word id="word_50">at</word>
<word id="word_51">his</word>
<word id="word_52">local</word>
<word id="word_53">track</word>
<word id="word_54">-</word>
<word id="word_55">on</word>
<word id="word_56">Predilection</word>
<word id="word_57">,</word>
<word id="word_58">trained</word>
<word id="word_59">by</word>
<word id="word_60">John</word>
<word id="word_61">Gosden</word>
<word id="word_62">.</word>
<word id="word_63">The</word>
<word id="word_64">45-year-old</word>
<word id="word_65">Italian</word>
<word id="word_66">is</word>
<word id="word_67">the</word>
<word id="word_68">sixth</word>
<word id="word_69">jockey</word>
<word id="word_70">to</word>
<word id="word_71">reach</word>
<word id="word_72">the</word>
<word id="word_73">landmark</word>
<word id="word_74">in</word>
<word id="word_75">Flat</word>
<word id="word_76">racing</word>
<word id="word_77">.</word>
<word id="word_78">He</word>
<word id="word_79">follows</word>
<word id="word_80">Sir</word>
<word id="word_81">Gordon</word>
<word id="word_82">Richards</word>
<word id="word_83">,</word>
<word id="word_84">Doug</word>
<word id="word_85">Smith</word>
<word id="word_86">,</word>
<word id="word_87">Lester</word>
<word id="word_88">Piggott</word>
<word id="word_89">,</word>
<word id="word_90">Pat</word>
<word id="word_91">Eddery</word>
<word id="word_92">and</word>
<word id="word_93">Willie</word>
<word id="word_94">Carson</word>
<word id="word_95">.</word>
<word id="word_96">Three-time</word>
<word id="word_97">champion</word>
<word id="word_98">jockey</word>
<word id="word_99">Dettori</word>
<word id="word_100">,</word>
<word id="word_101">who</word>
<word id="word_102">earlier</word>
<word id="word_103">won</word>
<word id="word_104">on</word>
<word id="word_105">Ghayyar</word>
<word id="word_106">,</word>
<word id="word_107">said</word>
<word id="word_108">:</word>
<word id="word_109">"</word>
<word id="word_110">It's</word>
<word id="word_111">special</word>
<word id="word_112">.</word>
<word id="word_113">"</word>
<word id="word_114">I'm</word>
<word id="word_115">very</word>
<word id="word_116">emotional</word>
<word id="word_117">because</word>
<word id="word_118">my</word>
<word id="word_119">family</word>
<word id="word_120">are</word>
<word id="word_121">here</word>
<word id="word_122">as</word>
<word id="word_123">well</word>
<word id="word_124">I'm</word>
<word id="word_125">very</word>
<word id="word_126">pleased</word>
<word id="word_127">for</word>
<word id="word_128">it</word>
<word id="word_129">to</word>
<word id="word_130">have</word>
<word id="word_131">happened</word>
<word id="word_132">at</word>
<word id="word_133">Newmarket</word>
<word id="word_134">because</word>
<word id="word_135">this</word>
<word id="word_136">is</word>
<word id="word_137">where</word>
<word id="word_138">I</word>
<word id="word_139">landed</word>
<word id="word_140">30</word>
<word id="word_141">years</word>
<word id="word_142">ago</word>
<word id="word_143">.</word>
<word id="word_144">It's</word>
<word id="word_145">not</word>
<word id="word_146">a</word>
<word id="word_147">big</word>
<word id="word_148">meeting</word>
<word id="word_149">,</word>
<word id="word_150">it's</word>
<word id="word_151">not</word>
<word id="word_152">a</word>
<word id="word_153">Royal</word>
<word id="word_154">Ascot</word>
<word id="word_155">-</word>
<word id="word_156">it's</word>
<word id="word_157">a</word>
<word id="word_158">mundane</word>
<word id="word_159">Friday</word>
<word id="word_160">night</word>
<word id="word_161">with</word>
<word id="word_162">20,000</word>
<word id="word_163">people</word>
<word id="word_164">.</word>
<word id="word_165">I'm</word>
<word id="word_166">relieved</word>
<word id="word_167">and</word>
<word id="word_168">very</word>
<word id="word_169">humble</word>
<word id="word_170">.</word>
<word id="word_171">Dettori</word>
<word id="word_172">soaks</word>
<word id="word_173">up</word>
<word id="word_174">the</word>
<word id="word_175">cheers</word>
<word id="word_176">as</word>
<word id="word_177">he</word>
<word id="word_178">brings</word>
<word id="word_179">in</word>
<word id="word_180">Predilection</word>
<word id="word_181">after</word>
<word id="word_182">victory</word>
<word id="word_183">Two</word>
<word id="word_184">jockeys</word>
<word id="word_185">have</word>
<word id="word_186">reached</word>
<word id="word_187">the</word>
<word id="word_188">milestone</word>
<word id="word_189">in</word>
<word id="word_190">jump</word>
<word id="word_191">racing</word>
<word id="word_192">-</word>
<word id="word_193">champion</word>
<word id="word_194">jockey</word>
<word id="word_195">Richard</word>
<word id="word_196">Johnson</word>
<word id="word_197">and</word>
<word id="word_198">retired</word>
<word id="word_199">20-time</word>
<word id="word_200">champion</word>
<word id="word_201">Sir</word>
<word id="word_202">Anthony</word>
<word id="word_203">McCoy</word>
<word id="word_204">,</word>
<word id="word_205">who</word>
<word id="word_206">had</word>
<word id="word_207">more</word>
<word id="word_208">than</word>
<word id="word_209">4,300</word>
<word id="word_210">victories</word>
<word id="word_211">in</word>
<word id="word_212">a</word>
<word id="word_213">record-breaking</word>
<word id="word_214">career</word>
<word id="word_215">.</word>
<word id="word_216">Lester</word>
<word id="word_217">Piggott</word>
<word id="word_218">,</word>
<word id="word_219">nine-time</word>
<word id="word_220">Derby</word>
<word id="word_221">winner</word>
<word id="word_222">,</word>
<word id="word_223">4,493</word>
<word id="word_224">career</word>
<word id="word_225">wins</word>
<word id="word_226">Frankie</word>
<word id="word_227">is</word>
<word id="word_228">one</word>
<word id="word_229">of</word>
<word id="word_230">the</word>
<word id="word_231">best</word>
<word id="word_232">jockeys</word>
<word id="word_233">of</word>
<word id="word_234">the</word>
<word id="word_235">modern</word>
<word id="word_236">era</word>
<word id="word_237">and</word>
<word id="word_238">it</word>
<word id="word_239">is</word>
<word id="word_240">no</word>
<word id="word_241">surprise</word>
<word id="word_242">he</word>
<word id="word_243">has</word>
<word id="word_244">reached</word>
<word id="word_245">this</word>
<word id="word_246">landmark</word>
<word id="word_247">so</word>
<word id="word_248">few</word>
<word id="word_249">have</word>
<word id="word_250">achieved</word>
<word id="word_251">before</word>
<word id="word_252">him</word>
<word id="word_253">.</word>
<word id="word_254">He</word>
<word id="word_255">is</word>
<word id="word_256">stylish</word>
<word id="word_257">and</word>
<word id="word_258">strong</word>
<word id="word_259">,</word>
<word id="word_260">but</word>
<word id="word_261">it</word>
<word id="word_262">is</word>
<word id="word_263">his</word>
<word id="word_264">tactical</word>
<word id="word_265">nous</word>
<word id="word_266">that</word>
<word id="word_267">sets</word>
<word id="word_268">him</word>
<word id="word_269">apart</word>
<word id="word_270">from</word>
<word id="word_271">others</word>
<word id="word_272">in</word>
<word id="word_273">the</word>
<word id="word_274">weighing</word>
<word id="word_275">room</word>
<word id="word_276">.</word>
<word id="word_277">He</word>
<word id="word_278">is</word>
<word id="word_279">a</word>
<word id="word_280">fantastic</word>
<word id="word_281">ambassador</word>
<word id="word_282">for</word>
<word id="word_283">racing</word>
<word id="word_284">,</word>
<word id="word_285">his</word>
<word id="word_286">enthusiasm</word>
<word id="word_287">and</word>
<word id="word_288">charisma</word>
<word id="word_289">have</word>
<word id="word_290">been</word>
<word id="word_291">drawing</word>
<word id="word_292">fans</word>
<word id="word_293">to</word>
<word id="word_294">the</word>
<word id="word_295">sport</word>
<word id="word_296">for</word>
<word id="word_297">years</word>
<word id="word_298">.</word>
<word id="word_299">I</word>
<word id="word_300">said</word>
<word id="word_301">to</word>
<word id="word_302">Frankie</word>
<word id="word_303">a</word>
<word id="word_304">few</word>
<word id="word_305">weeks</word>
<word id="word_306">ago</word>
<word id="word_307">at</word>
<word id="word_308">Epsom</word>
<word id="word_309">he'd</word>
<word id="word_310">have</word>
<word id="word_311">ridden</word>
<word id="word_312">6,000</word>
<word id="word_313">winners</word>
<word id="word_314">if</word>
<word id="word_315">he</word>
<word id="word_316">wasn't</word>
<word id="word_317">just</word>
<word id="word_318">a</word>
<word id="word_319">weekend</word>
<word id="word_320">and</word>
<word id="word_321">big-race</word>
<word id="word_322">jockey</word>
<word id="word_323">!</word>
<word id="word_324">Seriously</word>
<word id="word_325">though</word>
<word id="word_326">,</word>
<word id="word_327">Frankie's</word>
<word id="word_328">been</word>
<word id="word_329">riding</word>
<word id="word_330">winners</word>
<word id="word_331">in</word>
<word id="word_332">the</word>
<word id="word_333">UK</word>
<word id="word_334">for</word>
<word id="word_335">the</word>
<word id="word_336">best</word>
<word id="word_337">part</word>
<word id="word_338">of</word>
<word id="word_339">30</word>
<word id="word_340">years</word>
<word id="word_341">which</word>
<word id="word_342">is</word>
<word id="word_343">great</word>
<word id="word_344">to</word>
<word id="word_345">see</word>
<word id="word_346">.</word>
<word id="word_347">He's</word>
<word id="word_348">a</word>
<word id="word_349">lively</word>
<word id="word_350">character</word>
<word id="word_351">which</word>
<word id="word_352">is</word>
<word id="word_353">good</word>
<word id="word_354">for</word>
<word id="word_355">British</word>
<word id="word_356">racing</word>
<word id="word_357">but</word>
<word id="word_358">more</word>
<word id="word_359">than</word>
<word id="word_360">that</word>
<word id="word_361">,</word>
<word id="word_362">he's</word>
<word id="word_363">an</word>
<word id="word_364">incredible</word>
<word id="word_365">jockey</word>
<word id="word_366">.</word>
<word id="word_367">Frankie</word>
<word id="word_368">Dettori</word>
<word id="word_369">celebrated</word>
<word id="word_370">the</word>
<word id="word_371">milestone</word>
<word id="word_372">with</word>
<word id="word_373">a</word>
<word id="word_374">trademark</word>
<word id="word_375">flying</word>
<word id="word_376">dismount</word>
<word id="word_377">From</word>
<word id="word_378">flying</word>
<word id="word_379">finishes</word>
<word id="word_380">to</word>
<word id="word_381">flying</word>
<word id="word_382">dismounts</word>
<word id="word_383">,</word>
<word id="word_384">Frankie</word>
<word id="word_385">Dettori</word>
<word id="word_386">has</word>
<word id="word_387">been</word>
<word id="word_388">the</word>
<word id="word_389">poster</word>
<word id="word_390">boy</word>
<word id="word_391">of</word>
<word id="word_392">British</word>
<word id="word_393">Flat</word>
<word id="word_394">racing</word>
<word id="word_395">for</word>
<word id="word_396">two</word>
<word id="word_397">decades</word>
<word id="word_398">.</word>
<word id="word_399">It</word>
<word id="word_400">has</word>
<word id="word_401">been</word>
<word id="word_402">a</word>
<word id="word_403">rollercoaster</word>
<word id="word_404">ride</word>
<word id="word_405">.</word>
<word id="word_406">Stacks</word>
<word id="word_407">of</word>
<word id="word_408">big-race</word>
<word id="word_409">winners</word>
<word id="word_410">,</word>
<word id="word_411">including</word>
<word id="word_412">his</word>
<word id="word_413">famous</word>
<word id="word_414">1996</word>
<word id="word_415">'Magnificent</word>
<word id="word_416">Seven'</word>
<word id="word_417">at</word>
<word id="word_418">Ascot</word>
<word id="word_419">,</word>
<word id="word_420">but</word>
<word id="word_421">he</word>
<word id="word_422">also</word>
<word id="word_423">survived</word>
<word id="word_424">a</word>
<word id="word_425">plane</word>
<word id="word_426">crash</word>
<word id="word_427">and</word>
<word id="word_428">served</word>
<word id="word_429">a</word>
<word id="word_430">drugs</word>
<word id="word_431">ban</word>
<word id="word_432">.</word>
<word id="word_433">Three</word>
<word id="word_434">years</word>
<word id="word_435">ago</word>
<word id="word_436">he</word>
<word id="word_437">initially</word>
<word id="word_438">struggled</word>
<word id="word_439">when</word>
<word id="word_440">returning</word>
<word id="word_441">from</word>
<word id="word_442">that</word>
<word id="word_443">six-month</word>
<word id="word_444">suspension</word>
<word id="word_445">,</word>
<word id="word_446">but</word>
<word id="word_447">he</word>
<word id="word_448">showed</word>
<word id="word_449">formidable</word>
<word id="word_450">strength</word>
<word id="word_451">of</word>
<word id="word_452">character</word>
<word id="word_453">to</word>
<word id="word_454">defy</word>
<word id="word_455">the</word>
<word id="word_456">doubters</word>
<word id="word_457">and</word>
<word id="word_458">return</word>
<word id="word_459">to</word>
<word id="word_460">his</word>
<word id="word_461">best</word>
<word id="word_462">.</word>
<word id="word_463">And</word>
<word id="word_464">he</word>
<word id="word_465">may</word>
<word id="word_466">not</word>
<word id="word_467">be</word>
<word id="word_468">done</word>
<word id="word_469">for</word>
<word id="word_470">some</word>
<word id="word_471">time</word>
<word id="word_472">-</word>
<word id="word_473">Dettori</word>
<word id="word_474">has</word>
<word id="word_475">previously</word>
<word id="word_476">said</word>
<word id="word_477">he</word>
<word id="word_478">would</word>
<word id="word_479">like</word>
<word id="word_480">to</word>
<word id="word_481">carry</word>
<word id="word_482">on</word>
<word id="word_483">competing</word>
<word id="word_484">until</word>
<word id="word_485">the</word>
<word id="word_486">age</word>
<word id="word_487">of</word>
<word id="word_488">50</word>
<word id="word_489">,</word>
<word id="word_490">at</word>
<word id="word_491">least</word>
<word id="word_492">.</word>
</words>