<refset setid="newstest2017" srclang="any" trglang="de">
<doc sysid="ref" docid="abcnews.199762" genre="news" origlang="en" topic="crime">
<p>
<seg id="1">28-jähriger Koch in San Francisco Mall tot aufgefunden</seg>
<seg id="2">Ein 28-jähriger Koch, der vor kurzem nach San Francisco gezogen ist, wurde im Treppenhaus eines örtlichen Einkaufzentrums tot aufgefunden.</seg>
<seg id="3">Der Bruder des Opfers sagte aus, dass er sich niemanden vorstellen kann, der ihm schaden wollen würde, "Endlich ging es bei ihm wieder bergauf."</seg>
<seg id="4">Der am Mittwoch morgen in der Westfield Mall gefundene Leichnam wurde als der 28 Jahre alte Frank Galicia aus San Francisco identifiziert, teilte die gerichtsmedizinische Abteilung in San Francisco mit.</seg>
<seg id="5">Das San Francisco Police Department sagte, dass der Tod als Mord eingestuft wurde und die Ermittlungen am Laufen sind.</seg>
<seg id="6">Der Bruder des Opfers, Louis Galicia, teilte dem ABS Sender KGO in San Francisco mit, dass Frank, der früher als Koch in Boston gearbeitet hat, vor sechs Monaten seinen Traumjob als Koch im Sons & Daughters Restaurant in San Francisco ergattert hatte.</seg>
<seg id="7">Ein Sprecher des Sons & Daughters sagte, dass sie über seinen Tod "schockiert und am Boden zerstört seien".</seg>
<seg id="8">"Wir sind ein kleines Team, das wie eine enge Familie arbeitet und wir werden ihn schmerzlich vermissen," sagte der Sprecher weiter.</seg>
<seg id="9">Unsere Gedanken und unser Beileid sind in dieser schweren Zeit bei Franks Familie und Freunden.</seg>
<seg id="10">Louis Galicia gab an, dass Frank zunächst in Hostels lebte, aber dass, "die Dinge für ihn endlich bergauf gingen."</seg>
<seg id="11">"Er fand eine Wohnung, er hatte eine Freundin," teilte Louis Garcia KGO mit.</seg>
<seg id="12">Louis Galicia sagte, dass er sich niemanden vorstellen könne, der seinem jüngeren Bruder schaden wollen würde.</seg>
<seg id="13">Er war ein freundlicher Mensch mit einem großen Herzen.</seg>
<seg id="14">Seine Art mit seiner Familie zu verbinden war es, uns immer etwas zu kochen, uns das Abendessen zuzubereiten," sagte Louis Galicia.</seg>
<seg id="15">Er wollte nie an irgendeiner Art von Auseinandersetzung teilnehmen.</seg>
<seg id="16">Er war der Bruder, der mit dem Strom schwamm.</seg>
<seg id="17">"Bei allem, was in der Welt schief läuft, war er dieser ungeschliffene Diamant, der jeden Tag hell leuchtete," sagte er.</seg>
<seg id="18">Jeder, der Informationen zu dem Fall hat, wird gebeten das Hinweistelefon des SFPD unter der Nummer 415-575-4444 anzurufen.</seg>
</p>
</doc>
