
<doc sysid="ref" docid="bbc.242436" genre="news" origlang="en" topic="politics">
<p>
<seg id="1">Russlands Putin feuert Stabschef Sergei Ivanov</seg>
<seg id="2">Der russische Präsident Vladimir Putin hat unerwarteterweise seinen Stabschef Sergei Ivanov entlassen.</seg>
<seg id="3">Ivanov war viele Jahre Teil des engsten Vertrauenskreises von Putin.</seg>
<seg id="4">Der 63-Jährige wurde zum Sonderbeauftragten für Umwelt- und Transportangelegenheiten ernannt.</seg>
<seg id="5">In einer Stellungnahme des Kreml lautet es, dass Putin ohne Angabe von Gründen "die Entlassung Ivanovs von seinen Pflichten als Vorsitzender der russischen Präsidialverwaltung angeordnet habe".</seg>
<seg id="6">Anton Vaino, der seit 2012 Ivanovs Stellvertreter war, wurde zu seinem Nachfolger ernannt.</seg>
<seg id="7">Vaino, 44, ist ehemaliger Diplomat.</seg>
<seg id="8">1972 in der estnischen Hauptstadt Tallinn geboren, machte er seinen Abschluss am renommierten Staatlichen Moskauer Institut für Internationale Beziehungen (MGIMO) und arbeitete in der Botschaft in Tokyo.</seg>
<seg id="9">Auf der Website des Kreml heißt es (auf Russisch), dass er später Protokollchef und Stabsleiter des Regierungspersonals war.</seg>
<seg id="10">Über seine Ernennung sagte er zu Putin:"Danke für Ihr Vertrauen."</seg>
<seg id="11">Ich denke, dass es die wichtigste Aufgabe der Regierung ist, Ihre Tätigkeit als Staatschef bezüglich Gesetzesentwürfen und Kontrollen zur Umsetzung Ihrer Anweisungen zu unterstützen.</seg>
<seg id="12">Putin teilte dem russischen TV Sender am Freitag mit, dass Ivanov darum gebeten habe, seinen Posten zu verlassen und Vaino als seinen Nachfolger empfohlen habe.</seg>
<seg id="13">Überzeugen die lächelnden Gesichter?</seg>
<seg id="14">Dieser Schritt hat Moskau geheimnisumwoben gemacht.</seg>
<seg id="15">Sergei Ivanov war lange Zeit einer der engsten Vertrauten Vladimir Putins und arbeitet wie er für den sowjetischen Geheimdienst, dem KGB.</seg>
<seg id="16">Als Stabschef war er einer der mächtigsten Männer der Landes.</seg>
<seg id="17">Bei einem Treffen mit Präsident Putin, das im Fernsehen ausgestrahlt wurde, behaupteten beide Männer, dass der Stabschef auf eigenen Wunsch zurücktritt.</seg>
<seg id="18">Aber trotz des Lächelns für die Kameras, sind hier nur wenige davon überzeugt - vor allem jetzt, kurz vor den Parlamentswahlen.</seg>
<seg id="19">Liegt hier also die Folge einer Art Machtkampf vor?</seg>
<seg id="20">Das weiß derzeit niemand.</seg>
<seg id="21">Aber die offizielle Behauptung - dass ein Mann, der einst als potenzieller Präsident angepriesen wurde, auf einmal die russische Umweltpolitik leiten möchte - stieß auf große Skepsis.</seg>
<seg id="22">In seinen Bemerkungen an Putin, die auf der Website des Kreml zitiert werden, sagte Ivanov "es ist wahr, dass ich Sie Anfang 2012 in einem Gespräch gebeten habe, mir diesen sehr komplizierten Posten - man könnte beinahe sagen - beschwerlichen Posten vier Jahre lang anzuvertrauen.</seg>
<seg id="23">Wie es sich herausstellt, bin ich seit vier Jahren und acht Monaten Vorsitzender der russischen Präsidialverwaltung.</seg>
<seg id="24">Ivanov nahm den Posten im Dezember 2011 an.</seg>
<seg id="25">Zuvor war er stellvertretender Ministerpräsident und Verteidigungsminister.</seg>
<seg id="26">Er ist Mitglied des russischen Sicherheitsrates und wie Putin ehemaliges Mitglied des Staatssicherheitsdienstes KGB.</seg>
<seg id="27">In den späten 1990er Jahren, als Putin Vorsitzender des Bundessicherheitsdienstes (FSB) war, der den KGB ersetzte, wurde Ivanov zu seinem Stellvertreter ernannt.</seg>
<seg id="28">Als Putin an die Macht gelangte nannte er Ivanov als einen von fünf Leuten, denen er am meisten vertraute.</seg>
<seg id="29">Einst wurde angenommen, dass Ivanov nach Putins zweiter Amtszeit Präsident von Russland werden könnte, da eine dritte Amtszeit Putins gegen die Verfassung verstoßen hätte.</seg>
<seg id="30">Aber dieser Posten wurde von einem weiteren, nahestehenden Verbündeten Putins eingenommen, Dmitry Medvedev.</seg>
<seg id="31">Putin wurde Ministerpräsident, bevor er dreieinhalb Jahre später wieder zum Präsidenten wurde.</seg>
</p>
</doc>
