
<doc sysid="ref" docid="brisbanetimes.com.au.130272" genre="news" origlang="en" topic="society">
<p>
<seg id="1">Pokémon Go, eine Jagd nach Gesundheit und Glück, die sich lohnt</seg>
<seg id="2">Es ist faszinierend zuzusehen, wie sich die Welt verändert.</seg>
<seg id="3">Dass Teenager und Kind zum Spielen nicht mehr nach draußen gehen, sondern es vielmehr bevorzugen, ihre Freizeit damit zu verbringen, auf Bildschirme zu starren, wurde im letzten Jahrzehnt von vielen beklagt.</seg>
<seg id="4">Bei Pokemon Go geht es darum, Leute vom Sofa zu holen und aktiver werden zu lassen.</seg>
<seg id="5">Die Zeit am Bildschirm war anfangs auf den Fernseher, dann auf Videospiele und zuletzt auf Smartphones beschränkt.</seg>
<seg id="6">Daher ist es toll zu sehen, dass sich Technologie und Aktivitäten im Freien nicht gegenseitig ausschließen.</seg>
<seg id="7">Ich beziehe mich dabei selbstverständlich auf den Pokémon Go-Wahn, eine App, die auf den Charakteren beruht, die zunächst für die Videospiele in den 1990ern erschaffen wurden (später entstanden daraus eine Zeichentrickserie, Spielkarten und andere Spin-Offs).</seg>
<seg id="8">Wie viele Phänomene der Popkultur sank das Interesse vor der Veröffentlichung des Spiels in den USA, Australien und Neuseeland Anfang Juli etwas.</seg>
<seg id="9">Die Markteinführung in anderen Ländern wurde durch die massive Nachfrage verschoben, die die Server überlastete.</seg>
<seg id="10">Innerhalb weniger Tage hatte Pokémon Go mehr Benutzer als Tinder und fast so viele wie Twitter.</seg>
<seg id="11">Wie funktioniert es?</seg>
<seg id="12">Kurz gesagt gehen die Spieler mit ihren Smartphones nach draußen und suchen nach Pokémons, die mit einem GPS nachverfolgt werden und, sobald sie einmal gefunden wurden, "fotografiert" (über einen Screenshot auf dem Handy) oder "gefangen genommen" werden können.</seg>
<seg id="13">Eine Generation, die das Spiel spielte, als sie noch jünger war, schloss sich dem Wahn an und sprang für die Suche vom Sofa.</seg>
<seg id="14">In den USA führte das Spiel zu einem beträchtlichen Anstieg an Schritten, die die "durchschnittliche" Person jeden Tag zurücklegt.</seg>
<seg id="15">Cardiogram, eine App für Apple Watch, die 35.000 Benutzer nachverfolgt, teilte der Washington Post vor kurzem mit, dass innerhalb von zwei Tagen nach Markteinführung des Spiels, die Anzahl der nachverfolgten Leute, die jeden Tag 30 Minuten trainieren, von 45 Prozent auf 53 Prozent ansprang.</seg>
<seg id="16">Das Unternehmen weiß nicht, wer davon Pokémon Go spielt - es sieht lediglich die Rohdaten zur Leistungssteigerung.</seg>
<seg id="17">Viele öffentliche Aufklärungskampagnen zur Gesundheit, die Leute dazu bringen wollen "sich 30 Minuten Zeit zu nehmen," "vom Sofa zu kommen" und "jeden Tag aktiv zu sein" stießen auf taube Ohren, weil viele öffentliche Botschaften zur Gesundheit langweilig sind und von Leuten kommen, die elend aussehen.</seg>
<seg id="18">Dennoch kann die Bedeutung von Sport nicht überbewertet werden.</seg>
<seg id="19">Wer regelmäßig Sport treibt, reduziert seine Chancen, an Krebs oder Depressionen zu erkranken.</seg>
<seg id="20">Körperliche Betätigung hilft bei der Gewichtskontrolle, hohem Blutdruck, Diabetes und einer langen Liste an Vorteilen, die zu lange ist, um sie hier anzuführen.</seg>
<seg id="21">Aber das Wundervolle an Pokémon Go ist, dass es die Leute dazu bringt, etwas im Freien zu tun, dass ihnen Spaß macht.</seg>
<seg id="22">Somit werden drei Säulen der Gesundheit abgedeckt - Bewegung, frische Luft und Sonnenschein sowie Spaß.</seg>
<seg id="23">Manche Leute schließen auf der Jagd sogar neue Freundschaften.</seg>
<seg id="24">Wie immer gibt es auch mürrische Spielverderber, die sich immer über etwas beschweren müssen.</seg>
<seg id="25">Und ja, jemand könnte gegen eine Tür laufen.</seg>
<seg id="26">Was soll's?</seg>
<seg id="27">Es hat sich ein Durchbruch ereignet.</seg>
<seg id="28">Auch wenn Smartphone-Apps wie Fitbit bereits früher unsere Aktivität nachverfolgen konnten, gaben sie uns keinen Grund, Sport zu treiben, wie es dieses Spiel tut.</seg>
<seg id="29">Das Neue wird seinen Reiz verlieren und die Verwendung wird mit der Zeit nachlassen.</seg>
<seg id="30">Aufgrund von Pokemons Erfolg wird es jedoch mehr Spiele geben, die Apps und virtuelle Realität mit dem Aktivwerden in der realen Welt vereinen werden und dabei vielen Leuten auf der Jagd helfen werden, aktiver, fitter und gesünder zu sein.</seg>
<seg id="31">Lesen Sie Dr. Joes Blog auf www.drjoetoday.com</seg>
</p>
</doc>
