
<doc sysid="ref" docid="cbsnews.146291" genre="news" origlang="en" topic="other,local">
<p>
<seg id="1">Heftige Regenfälle, Überschwemmung gibt Anlass zu Rettungen in Louisiana, Mississippi</seg>
<seg id="2">Heftige Regenfälle und großflächige Überschwemmungen in Louisiana zwangen den Gouverneur dazu, am Freitag den Notstand auszurufen. Es wird den ganzen Samstag über mit mehr Regenfällen gerechnet.</seg>
<seg id="3">Zahlreiche Flüsse im Südosten Louisianas und dem Süden des Mississippis überfluteten ihre Ufer und drohten mit großflächigen Überschwemmungen nach extremen Regenfällen, berichtete der Nationale Wetterdienst.</seg>
<seg id="4">Der Gouverneur von Louisiana John Bel Edwards teilte mit, dass Staatsbeamte im ständigen Kontakt mit den örtlichen Behörden stehen und Hilfe zu den betroffenen Gemeinden bereits unterwegs sei.</seg>
<seg id="5">Mike Steele, ein Sprecher für das Office of Homeland Security and Emergency Preparedness des Gouverneurs, teilte mit, dass sich die Anfragen für Hochwasserfahrzeuge, Boote und Sandsäcke mehrten.</seg>
<seg id="6">Steele sagte, dass allein die Gemeinde Tangipahoa zehntausend Sandsäcke angefordert hätte.</seg>
<seg id="7">Ein Überschwemmungswarnsystem wird über weite Teile im Süden Louisianas bis Samstag eingesetzt.</seg>
<seg id="8">Der Wetterdienst ließ verlautbaren, dass in diesem Gebiet zusätzliche 3 bis 5 Zoll an Regen fallen könnten.</seg>
<seg id="9">Im Süden Alabamas wurde am Freitag ein Flutfrühwarnsystem eingesetzt, während es im Gebiet Mobile weiterhin regnete.</seg>
<seg id="10">Der Fluss Comite in der Nähe Baton Rouges und der Fluss Amite in der Nähe Denham Springs, die sich beide in Louisiana befinden, werden aller Wahrscheinlichkeit nach über das Wochenende Rekordpegel erreichen.</seg>
<seg id="11">Der Metereologe Alek Krautmann sagt, dass beide Flüsse viele Häuser in den Vorortgegenden nahe Baton Rouge überschwemmen könnten.</seg>
<seg id="12">Er sagte auch, dass eine stromabwärts gerichtete Überschwemmung in Ascension Parish eine Gefahr darstellt, da diese über die getretenen Flüsse nur langsam in den Lake Maurepas fließen werden.</seg>
<seg id="13">Der Fluss Tickfaw, südlich der Mississippi Staatsgrenze in Liverpool, Louisiana, erreichte am Freitag bereits um 09.00 den höchsten Stand, der jemals aufgezeichnet wurde.</seg>
<seg id="14">Rettungsteams zupften noch immer Leute aus dem Flutwasser in den Bezirken Amite und Wilkinson im Südwesten von Mississippi.</seg>
<seg id="15">Leroy Hansford, seine Frau und sein Stiefsohn befanden sich unter denjenigen, die am Freitag in der Nähe von Gloster gerettet wurden.</seg>
<seg id="16">Hansford, 62, sagt, dass Wasser von Beaver Creek, das normalerweise mehr als 400 Fuß von seinem Haus entfernt liegt, über Nacht stark anstieg.</seg>
<seg id="17">Er sagte, dass ihn ein weiterer Stiefsohn, der in der Nähe wohnt, gewarnt hätte.</seg>
<seg id="18">"Wir sind aufgewacht und das Wasser strömte und strömte herein," sagte Hansford.</seg>
<seg id="19">Es erreichte meine Taille.</seg>
<seg id="20">Seine Frau sagte Hansford, dass sie in den 48 Jahren, in denen sie dort lebte, noch nie einen solchen Hochstand des Flusses gesehen hätte.</seg>
<seg id="21">Hansford sagte, dass er und seine Familienmitglieder alle Behinderungen hätten und er der Einzige wäre, der schwimmen kann.</seg>
<seg id="22">Hansford sagte, dass Nothelfer alle drei in einem großen Militär-LKW gerettet hätten und sie zu der nächsten Feuerwache in Gloster gebracht hätten, wo sie bis zum Freitag untergebracht waren.</seg>
<seg id="23">Krautmann sagte, dass die Überschwemmung "sich schnell ausgebreitet" hatte, da es weiterhin schwere Regenfälle gab und, dass die Behörden Evakuierungsanweisungen in Betracht zögen.</seg>
<seg id="24">Laut Krautmann meldete ein Beobachter in der Nähe von Livingstone von Mitternacht bis Freitag morgen von 13,75 Zoll Regen.</seg>
<seg id="25">Krautmann sagte, dass der Boden durch die Regenfälle seit Mittwoch erheblich vollgesogen sei.</seg>
<seg id="26">Die Behörden gaben an, dass schwere Regenfälle und Straßenüberschwemmungen die Rettung von Einwohnern aus ihren Häusern in Tangipahoa Parish und Unterrichtsausfall in fünf Schulbezirken verursachten.</seg>
<seg id="27">Der CBS-Tochtersender WWL berichtete, dass eine Beigeordnete in Tangipahoa 200 überschwemmte Häuser angab.</seg>
<seg id="28">Die Einwohner wurden in zwei Kirchen evakuiert, die jetzt beide überschwemmt wurden.</seg>
<seg id="29">Der Vorsteher der Gemeinde Robby Miller sagte, dass die Behörden 72 Leute und sieben Haustiere gerettet hätten, die vom Hochwasser angespült wurden.</seg>
<seg id="30">In den Städten Amite und Hammond wurden Notunterkünfte eingerichtet, um die Evakuierten zu beherbergen.</seg>
<seg id="31">"Sobald das Wasser anfängt zurückzugehen, werden sie wieder in ihre Häuser zurückgehen können," sagte er.</seg>
<seg id="32">In der Stadt Hammond der Gemeinde Tangipahoa wurden fast zwei dutzend Straßen aufgrund des Hochwassers geschlossen und Sandsäcke für die Bewohner zur Mitnahme bereitgestellt, die hoffen, das Wasser aus ihren Häusern und Geschäften halten zu können.</seg>
<seg id="33">"Die letzte große Überschwemmung, die wir hatten, war im März," sagte Lacy Landrum von der Stadtverwaltung.</seg>
<seg id="34">Dies scheint ein ähnlicher Vorfall zu werden.</seg>
<seg id="35">In Mississipp sagte der Notfallmanager Rupert Lacy des Harrison Countys, dass es an der Golfküste weiterhin regnete.</seg>
<seg id="36">Laut seinen Angaben sollen eine Handvoll Häuser am Donnerstag als überschwemmt gemeldet worden sein, aber am Freitag wurden bis jetzt keine gemeldet.</seg>
<seg id="37">Keith Townson, Manager bei Shopper Value Foods in Amite, lebt bereits seit 40 Jahren in der Gegend.</seg>
<seg id="38">"Ich habe Wasser an Orten gesehen, an denen ich es nie zuvor gesehen habe," sagte Townson, "und es kommt noch immer."</seg>
</p>
</doc>
