
<doc sysid="ref" docid="dailymail.co.uk.170661" genre="news" origlang="en" topic="other,society,economy">
<p>
<seg id="1">Assistenzärzte möchten weitere Streiks organisieren, nachdem sie Jeremy Hunts Vorschlag abgelehnt haben</seg>
<seg id="2">Die Minister hatten gehofft, den Streit über die Änderungen durch Annahme eines reformierten Vertrages mit den Funktionären der British Medical Association beenden zu können, aber 58 Prozent der 37.000 Assistenzärzte, die bei einer Wahl abstimmten, lehnten ihn ab.</seg>
<seg id="3">Im Juli hatte Hunt Pläne enthüllt, den Vertrag zwangsweise einzuführen und sagte, dass die NHS sich in einem "Niemandsland" befände und jede weitere Verzögerung für die Mitarbeiter und Patienten schädlich wäre.</seg>
<seg id="4">Die ersten Assistenzärzte sollen einen neuen Vertrag erhalten, der Änderungen zu Nacht- und Wochenendarbeiten enthält, um die Pflege zu ungastlichen Uhrzeiten zu verbessern.</seg>
<seg id="5">Dr Ellen McCourt, die Vorsitzende des BMA Kommittees für Assistenzärzte teilte letzte Nacht in einer Mitteilung mit: "Assistenzärzte haben zu dem vorgeschlagenen Vertrag nach wie vor ernsthafte Bedenken, insbesondere, dass es die derzeitige Belegschaftskrise anheizen und es verabsäumen wird, alle Ärzte gerecht zu behandeln."</seg>
<seg id="6">Bei nur acht Wochen, die noch verbleiben, bis die erste Gruppe von Ärzten unter den neuen Vertrag fallen, müssen Fortschritte gemacht werden und die Zeit läuft aus.</seg>
<seg id="7">Bemühungen seitens des BMA zur Lösung der Streitigkeiten durch Gespräche stießen bei der Regierung auf Widerwillen sich zu beteiligen und manchmal auf ohrenbetäubendes Schweigen.</seg>
<seg id="8">Das geschah des eines Versprechens, das Jeremy Hunt erst letzten Monat darüber gemacht hatte, dass seine Tür immer offenstehen würde.</seg>
<seg id="9">"Jeremy Hunt muss jetzt handeln, die Aufzwingung aufheben und die Sorgen der Assistenzärzte ansprechen".</seg>
<seg id="10">Sollte er dies nicht tun, so haben es die Assistenzärzte deutlich gemacht, dass sie bereit sind, weitere Arbeitskampfmaßnahmen durchzuführen.</seg>
<seg id="11">Der letzte Streik Ende April sah einen Aufschub von beinahe 13.000 Routineoperationen und 100.000 Terminen vor, da Krankenschwestern und Fachärzte einbezogen wurden, um Ärzten auf der Streikpostenkette Deckung zu gewähren.</seg>
<seg id="12">Die Minister hatten gehofft, den Streit über die Änderungen durch eine Annahme des reformierten Vertrages mit den Funktionären der British Medical Association beenden zu können.</seg>
<seg id="13">Die BMA möchte eine bessere Wochendentlohnung für die 54.000 Assistenzärzte, die dem Vertrag unterliegen werden.</seg>
<seg id="14">Daniel Mortimer, Generaldirektor der NHS Mitarbeiter, forderte die Assistenzärzte dazu auf, den Streik zu beenden.</seg>
<seg id="15">Mortimer sagte: "Arbeitskampfmaßnahmen erreichen nichts der nur wenig, belasten aber bereits überbelastete Teams und Dienstleister und bereiten den Patienten, Pflegern und ihren Familien nur Sorgen, Not und Unterbrechung."</seg>
<seg id="16">In den letzten zwei Monaten haben wir mir dem Kommittee der Assistenzärzte gesprochen und mit dem Gesundheitsministerium sowie anderen Ministerien positiv auf die Bedenken hinsichtlich der Vormundschaft und des Whistleblowings geantwortet.</seg>
<seg id="17">Die Arbeitgeber hofften, dass das fortgeführte positive Engagement zu anderen wichtigen Themen - wie Entsendung, Flexibilität bei Schulungen, zusätzliche Schulungen für diejenigen, die von einer beruflichen Auszeit zurückkehren, Schulungsksten, gegenseitige Anerkennung des Lehrplans, Fortbildungsurlaub und das geschlechtsspezifische Lohngefälle in der Medizin - ein Zeichen dafür waren, wie ernst es die Arbeitgeber, das Health Education England und das Gesundheitsministerium bezüglich der Einhaltung der Vereinbarungen mit der BMA im November, Februar und Mai waren.</seg>
</p>
</doc>
