
<doc sysid="ref" docid="dailymail.co.uk.170665" genre="news" origlang="en" topic="other,society">
<p>
<seg id="1">Das £2-pro Tag- Medikament, das Herzinfarktrisiko senken kann</seg>
<seg id="2">Tausende von Herzinfarktpatienten werden von einem £2-pro Tag-Medikament profitieren, nachdem von den Behörden empfohlen wurde, dieses mehr Leuten für einen längeren Zeitraum zu verabreichen.</seg>
<seg id="3">Das gerinnungshemmende Medikament Ticagrelor reduziert das Risiko wiederholter Herzinfarkte für Personen mit einer Herzerkrankung.</seg>
<seg id="4">Das Medikament wird bereits 12 Monate lang nach einem Herzinfarkt verabreicht, wodurch das Risiko eines Schlaganfalls oder eines weiteren Herzinfarkts reduziert wird.</seg>
<seg id="5">Die Regulierungsbehörde NICE des NHS hat eine vier Jahre lange Einnahme empfohlen, um das Risiko kardiovaskulärer Probleme weiter zu reduzieren.</seg>
<seg id="6">Die Regulierungsbehörde NICE des NHS hat eine vier Jahre lange Einnahme empfohlen, um das Risiko kardiovaskulärer Probleme weiter zu reduzieren.</seg>
<seg id="7">Rund 140.000 Leute erleiden jedes Jahr einen Herzinfarkt und ein Viertel davon erleiden einen weiteren Herzinfarkt oder einen Schlaganfall.</seg>
<seg id="8">Herzinfarkte und Schlaganfälle werden durch Ansammlungen fetthaltigen Materials in den Arterienwänden verursacht, die Beläge bilden.</seg>
<seg id="9">Wenn der Belag auseinanderbricht, kann es ein Blutgerinnsel verursachen, das den Blutfluss bis zum Herzen verstopft und dadurch einen Herzinfarkt verursacht.</seg>
<seg id="10">Wenn sich das Blutgerinnsel löst, kann es durch den Blutstrom fließen und den Blutfluss zum Gehirn verstopfen, was einen Schlaganfall verursacht.</seg>
<seg id="11">Personen, die bereits einen Herzinfarkt hatten, unterliegen einem höheren Risiko einen weiteren zu haben.</seg>
<seg id="12">Ticagrelor, das von dem britischen Unternehmen AstraZeneca hergestellt wird und unter dem Handelsnamen Brilique vertrieben wird, reduziert dieses Risiko, indem es die Bildung von Blutgerinnseln unwahrscheinlicher macht.</seg>
<seg id="13">Der Anleitungsentwurf von NICE, der heute veröffentlicht wurde, empfiehlt eine 12-monatige Einnahme von 90mg Ticagrelor, gefolgt von 60mg mit einer zweimal täglichen Einnahme von Aspirin für die nächsten drei Jahre.</seg>
<seg id="14">Professor Carole Longson, Direktorin des NICE Gesundheitstechnologieevaluierungszentrums sagte: "Trotz der Verfügbarkeit von Sekundärprävention haben ein Viertel aller Personen, die einen Herzinfarkt erlitten haben, einen weiteren Herzinfarkt oder einen Schlaganfall - oft mit desaströsen Folgen."</seg>
<seg id="15">Die Angst vor einem erneuten Herzinfarkt kann erhebliche negative Auswirkungen auf die Lebensqualität einer Person haben.</seg>
<seg id="16">Die Erfahrung zeigt, dass Ticagrelor in Kombination mit Aspirin effektiv bei der Reduzierung weiterer Herzinfarkte und Schlaganfälle bei Leuten ist, die bereits einen Herzinfarkt hatten.</seg>
<seg id="17">Durch eine vorläufige Empfehlung von Ticagrelor freuen wir uns, dass wir in der Lage sind, verfügbare Behandlungsoptionen an tausende von Menschen zu erweitern, die davon profitieren können.</seg>
<seg id="18">Die Information über die Wirksamkeit und Sicherheit von Ticagrelor - vor allem das Blutungsrisiko - ist auf einen Zeitraum von bis zu drei Jahren beschränkt. Der Anleitungsentwurf empfiehlt keine Behandlung, die über diesen Zeitraum hinausgeht.</seg>
</p>
</doc>
