
<doc sysid="ref" docid="an-online.de.224441" genre="news" origlang="de" topic="sports,celebrities >
<p>
<seg id="1">Golfer Langer erhält die Sportpyramide</seg>
<seg id="2">Seine Erfahrungen auf dem Pferd sind überschaubar.</seg>
<seg id="3">Am Ende eines Golfturniers in Südafrika suchte Bernhard Langer mit einigen Kollegen ein bisschen Abwechslung mit einem Ausritt am Strand.</seg>
<seg id="4">Für den 58-Jährigen war es eine Premiere.</seg>
<seg id="5">CHIO: "Goldene Sportpyramide" für Bernhard Langer</seg>
<seg id="6">Nach einigen Minuten erinnerten sich die Pferde an ihren Feierabend, sie jagten im schnellen Galopp nach Hause zu den Futtertrögen.</seg>
<seg id="7">Ein Kilometer bei diesem Tempo, ich habe Angst gehabt.</seg>
<seg id="8">"Es war kein gutes Erlebnis", sagt Langer.</seg>
<seg id="9">Und damit endete die Reitkarriere dann auch schon wieder.</seg>
<seg id="10">Am Samstag war Deutschlands bester Golfer aller Zeiten - 101 Turniersiege - wieder in der Nähe von Pferden.</seg>
<seg id="11">Er ließ sich mit seiner Familie über die Anlage des ALRV führen, auf ein Pferd schwang er sich nicht mal zu Fotozwecken.</seg>
<seg id="12">Langer war das erste Mal in Aachen und damit auch beim CHIO.</seg>
<seg id="13">Der Grund war durchaus überzeugend.</seg>
<seg id="14">Die deutsche Sporthilfe überreichte dem Mann aus Anhausen im Rahmen einer kleinen Gala die Goldene Sportpyramide.</seg>
<seg id="15">An Auszeichnungen mangelt es dem sympathischen Sportler nicht.</seg>
<seg id="16">Bundesverdienstkreuz, Silbernes Lorbeerblatt, Champions-Tour-Player of the year...</seg>
<seg id="17">Selbst die britische Queen hat ihn schon geadelt.</seg>
<seg id="18">Langer ist der 18. Preisträger der Sportpyramide.</seg>
<seg id="19">In Aachen traf er am Samstag den ersten Preisträger Hans Günter Winkler.</seg>
<seg id="20">"Diese Auszeichnung bedeutet mir sehr viel", sagt Langer, "denn sie wird nicht nur für sportliche Erfolge, sondern auch für gesellschaftliches Engagement vergeben".</seg>
<seg id="21">Seit Jahrzehnten fördert Langer den Nachwuchs.</seg>
<seg id="22">Und so gab er auch das Preisgeld von 25.000 Euro gleich weiter.</seg>
<seg id="23">Mit 15 weiteren herausragenden Sportlern wurde der zweifache US-Masterssieger am Samstag in die "Hall of Fame des deutschen Sports" aufgenommen.</seg>
<seg id="24">Zu den Ausgezeichneten gehören die Leichtathleten Hartwig Gauder und Harald Schmitt, der Turner Eberhard Gienger, die Fechter Cornelia Hanisch, Alexander Pusch und Arnd Schmitt, der Ruderer Peter-Michael Kolbe, Bob-Fahrer Meinhard Nehmer, der Judoka Frank Wieneke, der Springreiter Alwin Schockemöhle und posthum der Handballer Erhard Wunderlich.</seg>
<seg id="25">Viele dieser Sportlegenden waren am Samstag nach Aachen gekommen.</seg>
<seg id="26">Nach dem offiziellen Teil wanderte die illustre Gesellschaft ins Springstadion, wo der Lavazza-Preis lief.</seg>
<seg id="27">Bernhard Langer hielt Abstand zu den großen Tieren.</seg>
</p>
</doc>
