
<doc sysid="ref" docid="ard.27823" genre="news" origlang="de" topic="politics,economy">
<p>
<seg id="1">Clintons und Trumps Wirtschaftspolitik im Vergleich: It's all about the money</seg>
<seg id="2">In Infrastruktur investieren und das Handelsabkommen TTP verhindern - das wollen sowohl Clinton als auch Trump.</seg>
<seg id="3">Uneins sind sich die beiden US-Präsidentschaftsbewerber jedoch bei der Steuer- und Energiepolitik sowie in einer Grundsatzfrage.</seg>
<seg id="4">Den Unterschieden in der Wirtschaftspolitik zwischen Donald Trump und Hillary Clinton liegt ein grundsätzlicher, eher philosophischer Unterschied zugrunde.</seg>
<seg id="5">Der, über die Rolle des Staates.</seg>
<seg id="6">Trump will die im Zweifel eher klein halten und warnt davor, wie der Staat der Wirtschaft schaden kann - mit Steuern und Regulierungen.</seg>
<seg id="7">Clinton wolle die Wirtschaft zu Tode besteuern und zu Tode regulieren, sagt er.</seg>
<seg id="8">Er selber dagegen wäre ganz anders, behauptet Trump.</seg>
<seg id="9">Er werde Regulierungen massiv zurückfahren, und er macht sich für eine weitreichende Steuerreform mit niedrigeren Steuersätzen stark - für Privatleute und für Unternehmen.</seg>
<seg id="10">Clinton dagegen sagt: Der Staat hat bestimmte Aufgaben zu erfüllen, er hat Benachteiligten Chancen zu eröffnen und braucht dafür Geld.</seg>
<seg id="11">Deshalb würden die Steuern für die Reichen erhöht, sagt sie.</seg>
<seg id="12">Interessanterweise sind sich beide sehr nahe beim Thema Infrastruktur.</seg>
<seg id="13">In die müsse investiert werden, sagen Trump und Clinton fast wortgleich.</seg>
<seg id="14">Die demokratische Bewerberin kündigt gar die größte Investition in neue Arbeitsplätze seit dem Zweiten Weltkrieg an.</seg>
<seg id="15">Staatliche Investitionsprogramme in die Infrastruktur sind klassische demokratische Politik und werden etwa vom staatskritischen Teaparty-Flügel der Republikaner strikt abgelehnt.</seg>
<seg id="16">Auf Trump könnten also noch parteiinterne Diskussionen zukommen.</seg>
<seg id="17">Deutlicher sind die Unterschiede in der Energie- und Klimapolitik.</seg>
<seg id="18">Trump will Kohlekraftwerke bauen und die Kohleförderung in den USA wieder hochfahren.</seg>
<seg id="19">Ölförderung soll auch in bislang geschützten Gebieten möglich sein, das Pariser Klimaschutzabkommen will er aufkündigen.</seg>
<seg id="20">Clinton dagegen will mit ihrem Investitionsprogramm ausdrücklich die Erneuerbaren Energien ausbauen und fordert: "Ein Land wird die Supermacht der sauberen Energien werden und Millionen Jobs schaffen."</seg>
<seg id="21">"Es wird wohl entweder China, Deutschland oder Amerika sein - ich will, dass wir es sind."</seg>
<seg id="22">Doch nicht nur bei der Infrastruktur - auch bei internationalen Handelsabkommen sind die beiden Konkurrenten nicht allzu weit voneinander entfernt.</seg>
<seg id="23">TPP, das transpazifische Handelsabkommen, wollen beide nicht unterzeichnen.</seg>
<seg id="24">Gleichzeitig wollen beide aber die USA nicht vom internationalen Handel isolieren - sondern einfach nur amerikanische Jobs besser schützen.</seg>
<seg id="25">Die sollen dann auch besser bezahlt werden, fordert etwa Clinton.</seg>
<seg id="26">Der derzeitige Mindestlohn von 7,25 US-Dollar sei ein Hungerlohn.</seg>
<seg id="27">Ihn will sie auf 15 Dollar pro Stunde erhöhen.</seg>
<seg id="28">Was Trump in dieser Frage tun will, ist nicht ganz klar: Einmal sagt er: Der Mindestlohn muss rauf, dann sagt er, er dürfe nicht verändert werden.</seg>
<seg id="29">Doch die große Diskussion der kommenden Monate dürfte sich wohl eher um die Steuerpolitik der beiden Lager entwickeln.</seg>
<seg id="30">Auf der einen Seite steht Trump, der die Wirtschaft und die Bürger entlasten will, um das Wachstum anzukurbeln.</seg>
<seg id="31">Seine Kritiker halten ihm vor, damit würde das Haushaltsdefizit nur noch größer.</seg>
<seg id="32">Auf der anderen Seite steht Clinton, die zumindest von den Reichen verlangen will, dass sie mehr Steuern zahlen, und deren Kritiker sagen: Mehr Steuern sind auch nicht die Lösung.</seg>
</p>
</doc>
