
<doc sysid="ref" docid="augsburger-allgemeine.de.44740" genre="news" origlang="de" topic="society">
<p>
<seg id="1">Flucht: "Jede geflüchtete Frau hat Erfahrungen mit sexueller Gewalt"</seg>
<seg id="2">Sexuelle Gewalt gehört für Frauen, die alleine fliehen, fast schon zum Alltag.</seg>
<seg id="3">Wenn sie in Deutschland ankommen, sind sie oft traumatisiert.</seg>
<seg id="4">Ein Haus bietet Zuflucht.</seg>
<seg id="5">In einer großen Küche sitzen vier Frauen.</seg>
<seg id="6">Jede hat ein Baby dabei, das höchstens ein Jahr alt ist.</seg>
<seg id="7">Eine hat ihren kleinen Sohn in den Arm gelegt.</seg>
<seg id="8">Er guckt mit großen Augen neugierig in den Raum.</seg>
<seg id="9">Seine Mutter starrt auf die Tischplatte.</seg>
<seg id="10">Bis sie merkt, dass sie beobachtet wird.</seg>
<seg id="11">Sie lächelt kurz und küsst den Kleinen.</seg>
<seg id="12">Die Szene wirkt normal.</seg>
<seg id="13">Bis man mit Katrin Bahr spricht.</seg>
<seg id="14">Sie ist Bereichs-Geschäftsführerin von Condrobs, einem Träger für soziale Hilfsangebote in Bayern, und beschäftigt sich unter anderem mit dem Thema Frauen auf der Flucht.</seg>
<seg id="15">Die vier Frauen in der Küche sind Geflüchtete.</seg>
<seg id="16">Sie leben im Münchner Norden in einer der wenigen dezentralen Unterkünfte für alleingeflüchtete Frauen und ihre Kinder in Bayern.</seg>
<seg id="17">Im Januar hat Condrobs die Einrichtung zusammen mit Pro Familia und der Münchner Frauenhilfe aufgemacht.</seg>
<seg id="18">Unlängst wurde sie offiziell eröffnet.</seg>
<seg id="19">60 Personen leben dort - etwa 40 Frauen und 20 Kinder.</seg>
<seg id="20">Männer gibt es keine - auch nicht als Besucher.</seg>
<seg id="21">Die Ausnahme ist ein Wachmann vor der Tür.</seg>
<seg id="22">"Es ist nicht übertrieben zu sagen: Jede Frau, die hier ankommt, hat auf ihrer Flucht Erfahrungen mit sexueller Gewalt gemacht", sagt Bahr.</seg>
<seg id="23">"Männer fliehen wegen Kriegen, weil sie politisch verfolgt werden, weil ihnen Folter oder der Tod drohen oder weil ihre Familien sie als Hoffnungsträger nach Europa schicken", erzählt sie.</seg>
<seg id="24">Bei Frauen überwiegen andere Gründe für die Flucht: "Viele stehlen sich heimlich davon, weil sie keinen anderen Ausweg sehen".</seg>
<seg id="25">In ihrer Heimat haben sie Erfahrung mit sexueller Gewalt, Zwangsehen, Ehrenmorden, Sklaverei oder Zwangsprostitution gemacht.</seg>
<seg id="26">Das treibt sie fort.</seg>
<seg id="27">Auf der Flucht geht das weiter.</seg>
<seg id="28">"Dass Schlepper zum Beispiel für eine Flasche Wasser eine sexuelle Handlung fordern, ist keine Seltenheit", sagt Bahr.</seg>
<seg id="29">Und die Frauen sind alleine, sie werden nicht von ihren Familien geschützt.</seg>
<seg id="30">Wer glaube, dass das ende, sobald sie in Deutschland ankämen, irre, erzählt Bahr.</seg>
<seg id="31">Auch hier würden alleinstehende Frauen in Flüchtlingsunterkünften oft als minderwertig betrachtet und schlimmstenfalls missbraucht.</seg>
<seg id="32">Das führt dazu, dass etwa 90 Prozent der Frauen, die in der Unterkunft im Münchner Norden wohnen, traumatisiert sind, schätzt sie.</seg>
<seg id="33">"Einige der Kinder sind sicher nicht freiwillig entstanden".</seg>
<seg id="34">Viele Frauen seien es so gewohnt, dass sie nichts sagen.</seg>
<seg id="35">"Oder sie trauen sich nicht, offen über das Erlebte zu sprechen, weil die Scham zu groß ist".</seg>
<seg id="36">Da sie sich oft nicht zu helfen wüssten, brauche es mehr Unterkünfte nur für sie, fordert Bahr.</seg>
<seg id="37">In Bayern sind die sieben Bezirksregierungen für die Unterbringung von Flüchtlingen zuständig.</seg>
<seg id="38">Auf die Frage, ob sie von einem ähnlichen Projekt wie in München in ihrem Zuständigkeitsbereich wüssten, antworten einige mit Nein.</seg>
<seg id="39">In der Oberpfalz und Oberfranken etwa gibt es so etwas in Unterkünften der Regierungen nicht.</seg>
<seg id="40">Auch in Schwaben werden allein geflüchtete Frauen nicht getrennt untergebracht, sagt Karl-Heinz Meyer, Pressesprecher der Regierung.</seg>
<seg id="41">In Oberbayern, Unter- und Mittelfranken gibt es in manchen Gemeinschaftsunterkünften Stockwerke oder eigene Häuser nur für alleinstehende Frauen und deren Kinder.</seg>
<seg id="42">Die Ausnahme ist Niederbayern, dort gibt es zwei zentrale Unterkünfte ausschließlich für Frauen.</seg>
<seg id="43">Auch der Ausschuss "Rechte der Frau und Gleichstellung der Geschlechter" im Europaparlament fordert, dass Frauen getrennt von Männern untergebracht werden müssen.</seg>
<seg id="44">In einer Studie, die für den Ausschuss veröffentlicht wurde, heißt es: "Es ist sehr wichtig, dass Männer und Frauen getrennt beherbergt werden."</seg>
<seg id="45">"Fehlt die Privatsphäre oder werden Männer und Frauen zusammen untergebracht, kann es zu - fortwährender - Gewalt gegen Frauen kommen".</seg>
<seg id="46">Vor allem die Waschräume sollten getrennt und für Frauen leicht zugänglich sein, steht in der Studie.</seg>
<seg id="47">Wie sehr die Frauen dieses Schutzbedürfnis verspüren, kann man am Andrang ablesen, den es auf das Haus in München gibt.</seg>
<seg id="48">"Seit sich herumgesprochen hat, dass es uns gibt, haben wir eine lange Warteliste", sagt Bahr.</seg>
<seg id="49">Man könnte leicht ein zweites Haus aufmachen.</seg>
</p>
</doc>
