
<doc sysid="ref" docid="bbc.242334" genre="news" origlang="en" topic="politics">
<p>
<seg id="1">Russland und Türkei: Eine "Allianz von Außenseitern"?</seg>
<seg id="2">Es war eine Geste, die eine Krise beendete.</seg>
<seg id="3">Die Anführer Russlands und der Türkei trafen sich am Dienstag, um sich die Hände zu geben und ein offizielles Ende des acht Monate lang andauernden Krieges der Worte und wirtschaftlichen Sanktionen zu verkünden.</seg>
<seg id="4">Aber als Vladimir Putin seinen türkischen Gegenspieler im vergoldeten Saal des St. Petersburger Palastes in Empfang nimmt, kann ich mich nicht des Eindrucks verwehren, dass Ankara diese Versöhnung am meisten will.</seg>
<seg id="5">Es gab den Handschlag, ja.</seg>
<seg id="6">Aber Putins Lächeln wirkte schmallippig und er strahlte kaum Wärme aus, selbst für seine zurückhaltenden Verhältnisse.</seg>
<seg id="7">Recep Tayyip Erdogan hingegen sprach wiederholt von seinem "lieben Freund" Putin - laut einem Bericht ganze fünf Male.</seg>
<seg id="8">Ich konnte es nicht mehr zählen.</seg>
<seg id="9">Er versprach auch, dass die Beziehungen zu Russland nicht nur zu ihrem alten Niveau vor der Krise zurückkehren würden, sondern sich sogar noch verbessern werden.</seg>
<seg id="10">Am nächsten Tag beschrieb eine Zeitung, dass sich Erdogan so benommen hätte, als wäre nie etwas Schlimmes geschehen.</seg>
<seg id="11">Mir schien sein Enthusiasmus eher das Gegenteil anzudeuten.</seg>
<seg id="12">Aber eine von Putin ausstrahlende, nachhaltige Kühle zeigte, dass der Staatschef Russlands nichts vergessen hatte.</seg>
<seg id="13">Vielmehr war die Ursache der Krise das Erste, was er in seinen Einführungsworten erwähnte: der Abschuss eines russischen Kampfflugzeugs an der syrischen Grenze durch die Türkei.</seg>
<seg id="14">Moskaus Reaktion zu der Zeit war wutentbrannt.</seg>
<seg id="15">Putin teilte aus und beschuldigte Ankara, Russland in den Rücken gefallen zu sein.</seg>
<seg id="16">Das Vergehen war sogar noch größer, da es von einem vermeintlichen Freund begangen wurde.</seg>
<seg id="17">Das Vetrauen wieder aufzubauen wird schwierig, wenn nicht sogar unmöglich werden.</seg>
<seg id="18">Die öffentliche Meinung in Russland hat sich seit November gewandelt.</seg>
<seg id="19">Monate lang führten die staatlich kontrollierten Medien einen heftigen, uneingeschränkten Angriff auf Ankara aus.</seg>
<seg id="20">Auf einmal schien es, als würden die Türken für alles die Schuld tragen.</seg>
<seg id="21">Am ernsthaftesten waren die Anschuldigungen von leitenden Beamten, dass Erdogans eigene Familie vom illegalen Ölhandel in Gebieten Syriens profitiert hätte, die vom sogenannten Islamischen Staat kontrolliert werden.</seg>
<seg id="22">Er hat dies vehement bestritten.</seg>
<seg id="23">Aber in St.Petersburg lautete die offizielle Botschaft, dass es Zeit sei, nach vorne zu blicken.</seg>
<seg id="24">Schließlich fand dieses Treffen nur deshalb statt, weil Putin vom Präsidenten Erdogan die Entschuldigung erhielt, die er hören wollte.</seg>
<seg id="25">Russland konnte eine Art Sieg verbuchen.</seg>
<seg id="26">Für Ankara liegen die Vorteile eines Waffenstillstands klar auf der Hand.</seg>
<seg id="27">Erdogan benötigt in erster Linie alle Freunde, die er bekommen kann, nachdem er letzten Monat bei einem gescheiterten Staatsstreich fast seines Amtes enthoben wurde.</seg>
<seg id="28">Wiederholte Terrorangriffe auf die Türkei haben ihn ebenfalls erschüttert.</seg>
<seg id="29">Aber es gibt auch wirtschaftliche Motive.</seg>
<seg id="30">Russische Sanktionen haben die Türkei hart getroffen - insbesondere das Verbot von Charterflügen, die jedes Jahr üblicherweise mehrere Millionen russische Touristen an die türkische Küste bringen.</seg>
<seg id="31">Die Anzahl ist um fast 90 % zurückgegangen.</seg>
<seg id="32">In Russland werden Reiseveranstalter und Chartergesellschaften erleichtert sein, wenn die Flüge wieder aufgenommen werden.</seg>
<seg id="33">Sie zählen auf einen spätsaisonalen Ansturm ans Mittelmeer.</seg>
<seg id="34">Diese Woche prognostizierte das Staatsfernsehen billigeres Obst und Gemüse, sobald die türkischen Agrarimporte wieder erlaubt werden.</seg>
<seg id="35">Ein Bericht in Vedemosti formulierte es folgendermaßen: "Touristen dort lang, Tomaten hier lang."</seg>
<seg id="36">Aber der Besuch hatte einen zusätzlichen politischen Wert für Moskau.</seg>
<seg id="37">Ankara ist auf den Westen wütend, da es dessen Reaktion auf die versuchte Machtübernahme als schwache Antwort betrachtet.</seg>
<seg id="38">Dazu kommen der anhaltende Groll über das Schneckentempo der EU-Beitrittsverhandlungen und Putin - der erpicht darauf ist, aus der kühlen Stimmung Nutzen zu ziehen und die Beziehung der Türkei zum Westen zu verringern.</seg>
<seg id="39">Der russische Staatschef gewann in Ankara mit Sicherheit einen Bonus dafür, dass er nach dem versuchten Staatsstreich Unterstützung für die gewählten Staatsorgane forderte.</seg>
<seg id="40">Das ist für Moskau wohlgemerkt eine Selbstverständlichkeit, das selbst eine tiefsitzende Angst vor Regimewechseln hat.</seg>
<seg id="41">Das Gipfeltreffen in diesem glanzvollen Palast am Meer ermöglichte es Russland und der Türkei, eine, wie es mir ein Analytiker einst beschrieb, "Allianz von Außenseitern" darzustellen: zwei Länder, die sich vom Westen verstoßen und schlecht behandelt fühlen und sich nun verbünden.</seg>
<seg id="42">Dennoch, trotz der öffentlichen Versöhnung, bestehen zwischen den beiden noch immer große Differenzen.</seg>
<seg id="43">Die größte Differenz ist Syrien, wo sich Moskau vor kurzem die Rolle als Friedensstifter gab, aber wo Russland und die Türkei gegensätzliche Seiten unterstützen.</seg>
<seg id="44">Es könnte bezeichnend sein, dass nach fast drei Stunden an Erstgesprächen beide Präsidenten auf der Pressekonferenz aussagten, dass sie das Thema nicht einmal gestreift hätten.</seg>
<seg id="45">Der Präsident der Türkei vermied es absichtlich auf eine Frage über ihre Differenzen zu antworten, während Putin sich dazu entschied diese zu betonen.</seg>
<seg id="46">Es liegt kein eindeutiger Konsens darüber vor, wo ein gemeinsamer Nenner zu Syrien gefunden werden kann.</seg>
<seg id="47">Aber nach Monaten offener Feindseligkeiten - und angesichts des Potenzials für ein vollkommenes Disaster, als das NATO-Mitglied Türkei den russischen Kampfjet abschoss - ist es sicherlich besser, dass die zwei Staatschefs zumindest wieder miteinander reden.</seg>
</p>
</doc>
