<?xml version="1.0" encoding="UTF-8"?>
<!DOCTYPE words SYSTEM "words.dtd">
<words>
<word id="word_1">Seit</word>
<word id="word_2">einiger</word>
<word id="word_3">Zeit</word>
<word id="word_4">interessiere</word>
<word id="word_5">ich</word>
<word id="word_6">mich</word>
<word id="word_7">für</word>
<word id="word_8">den</word>
<word id="word_9">Placebo-Effekt</word>
<word id="word_10">.</word>
<word id="word_11">Es</word>
<word id="word_12">mag</word>
<word id="word_13">merkwürdig</word>
<word id="word_14">erscheinen</word>
<word id="word_15">,</word>
<word id="word_16">dass</word>
<word id="word_17">sich</word>
<word id="word_18">ein</word>
<word id="word_19">Magier</word>
<word id="word_20">dafür</word>
<word id="word_21">interessiert</word>
<word id="word_22">,</word>
<word id="word_23">es</word>
<word id="word_24">sei</word>
<word id="word_25">denn</word>
<word id="word_26">,</word>
<word id="word_27">Sie</word>
<word id="word_28">betrachten</word>
<word id="word_29">es</word>
<word id="word_30">so</word>
<word id="word_31">wie</word>
<word id="word_32">ich</word>
<word id="word_33">,</word>
<word id="word_34">als</word>
<word id="word_35">"</word>
<word id="word_36">eine</word>
<word id="word_37">Täuschung</word>
<word id="word_38">,</word>
<word id="word_39">die</word>
<word id="word_40">zu</word>
<word id="word_41">etwas</word>
<word id="word_42">Echtem</word>
<word id="word_43">wird</word>
<word id="word_44">,</word>
<word id="word_45">wenn</word>
<word id="word_46">jemand</word>
<word id="word_47">nur</word>
<word id="word_48">fest</word>
<word id="word_49">genug</word>
<word id="word_50">daran</word>
<word id="word_51">glaubt</word>
<word id="word_52">.</word>
<word id="word_53">"</word>
<word id="word_54">Mit</word>
<word id="word_55">anderen</word>
<word id="word_56">Worten</word>
<word id="word_57">,</word>
<word id="word_58">Zuckerpillen</word>
<word id="word_59">haben</word>
<word id="word_60">in</word>
<word id="word_61">einigen</word>
<word id="word_62">Studien</word>
<word id="word_63">eine</word>
<word id="word_64">messbare</word>
<word id="word_65">Wirkung</word>
<word id="word_66">gezeigt</word>
<word id="word_67">,</word>
<word id="word_68">den</word>
<word id="word_69">Placebo-Effekt</word>
<word id="word_70">,</word>
<word id="word_71">und</word>
<word id="word_72">zwar</word>
<word id="word_73">nur</word>
<word id="word_74">deswegen</word>
<word id="word_75">,</word>
<word id="word_76">weil</word>
<word id="word_77">die</word>
<word id="word_78">Person</word>
<word id="word_79">denkt</word>
<word id="word_80">,</word>
<word id="word_81">was</word>
<word id="word_82">mit</word>
<word id="word_83">ihr</word>
<word id="word_84">geschieht</word>
<word id="word_85">,</word>
<word id="word_86">sei</word>
<word id="word_87">eine</word>
<word id="word_88">pharmazeutische</word>
<word id="word_89">oder</word>
<word id="word_90">eine</word>
<word id="word_91">Art</word>
<word id="word_92">von</word>
<word id="word_93">...</word>
<word id="word_94">Im</word>
<word id="word_95">Schmerzmanagement</word>
<word id="word_96">,</word>
<word id="word_97">zum</word>
<word id="word_98">Beispiel</word>
<word id="word_99">,</word>
<word id="word_100">gibt</word>
<word id="word_101">es</word>
<word id="word_102">,</word>
<word id="word_103">wenn</word>
<word id="word_104">der</word>
<word id="word_105">Patient</word>
<word id="word_106">nur</word>
<word id="word_107">fest</word>
<word id="word_108">genug</word>
<word id="word_109">daran</word>
<word id="word_110">glaubt</word>
<word id="word_111">,</word>
<word id="word_112">eine</word>
<word id="word_113">messbare</word>
<word id="word_114">Wirkung</word>
<word id="word_115">im</word>
<word id="word_116">Körper</word>
<word id="word_117">,</word>
<word id="word_118">die</word>
<word id="word_119">man</word>
<word id="word_120">den</word>
<word id="word_121">Placebo-Effekt</word>
<word id="word_122">nennt</word>
<word id="word_123">.</word>
<word id="word_124">Eine</word>
<word id="word_125">Täuschung</word>
<word id="word_126">wird</word>
<word id="word_127">zu</word>
<word id="word_128">etwas</word>
<word id="word_129">Echtem</word>
<word id="word_130">,</word>
<word id="word_131">weil</word>
<word id="word_132">jemand</word>
<word id="word_133">es</word>
<word id="word_134">so</word>
<word id="word_135">wahrnimmt</word>
<word id="word_136">.</word>
<word id="word_137">Damit</word>
<word id="word_138">wir</word>
<word id="word_139">uns</word>
<word id="word_140">gegenseitig</word>
<word id="word_141">auch</word>
<word id="word_142">verstehen</word>
<word id="word_143">,</word>
<word id="word_144">möchte</word>
<word id="word_145">ich</word>
<word id="word_146">Ihnen</word>
<word id="word_147">jetzt</word>
<word id="word_148">einen</word>
<word id="word_149">elementaren</word>
<word id="word_150">,</word>
<word id="word_151">ganz</word>
<word id="word_152">einfachen</word>
<word id="word_153">Zaubertrick</word>
<word id="word_154">zeigen</word>
<word id="word_155">.</word>
<word id="word_156">Und</word>
<word id="word_157">ich</word>
<word id="word_158">werde</word>
<word id="word_159">Ihnen</word>
<word id="word_160">zeigen</word>
<word id="word_161">,</word>
<word id="word_162">wie</word>
<word id="word_163">er</word>
<word id="word_164">funktioniert</word>
<word id="word_165">.</word>
<word id="word_166">Das</word>
<word id="word_167">ist</word>
<word id="word_168">ein</word>
<word id="word_169">Trick</word>
<word id="word_170">,</word>
<word id="word_171">der</word>
<word id="word_172">mindestens</word>
<word id="word_173">seit</word>
<word id="word_174">den</word>
<word id="word_175">1950ern</word>
<word id="word_176">in</word>
<word id="word_177">jedem</word>
<word id="word_178">Zauberbuch</word>
<word id="word_179">für</word>
<word id="word_180">Kinder</word>
<word id="word_181">steht</word>
<word id="word_182">.</word>
<word id="word_183">Ich</word>
<word id="word_184">selbst</word>
<word id="word_185">habe</word>
<word id="word_186">ihn</word>
<word id="word_187">vom</word>
<word id="word_188">Cub</word>
<word id="word_189">Scout</word>
<word id="word_190">Magic</word>
<word id="word_191">der</word>
<word id="word_192">Pfadfinder</word>
<word id="word_193">in</word>
<word id="word_194">den</word>
<word id="word_195">1970ern</word>
<word id="word_196">gelernt</word>
<word id="word_197">.</word>
<word id="word_198">Ich</word>
<word id="word_199">werde</word>
<word id="word_200">ihn</word>
<word id="word_201">für</word>
<word id="word_202">Sie</word>
<word id="word_203">ausführen</word>
<word id="word_204">und</word>
<word id="word_205">ihn</word>
<word id="word_206">dann</word>
<word id="word_207">erklären</word>
<word id="word_208">.</word>
<word id="word_209">Und</word>
<word id="word_210">dann</word>
<word id="word_211">werde</word>
<word id="word_212">ich</word>
<word id="word_213">erklären</word>
<word id="word_214">,</word>
<word id="word_215">warum</word>
<word id="word_216">ich</word>
<word id="word_217">ihn</word>
<word id="word_218">erkläre</word>
<word id="word_219">.</word>
<word id="word_220">Also</word>
<word id="word_221">,</word>
<word id="word_222">sehen</word>
<word id="word_223">Sie</word>
<word id="word_224">,</word>
<word id="word_225">was</word>
<word id="word_226">passiert</word>
<word id="word_227">.</word>
<word id="word_228">Das</word>
<word id="word_229">Messer</word>
<word id="word_230">,</word>
<word id="word_231">das</word>
<word id="word_232">Sie</word>
<word id="word_233">untersuchen</word>
<word id="word_234">können</word>
<word id="word_235">;</word>
<word id="word_236">meine</word>
<word id="word_237">Hand</word>
<word id="word_238">,</word>
<word id="word_239">die</word>
<word id="word_240">Sie</word>
<word id="word_241">untersuchen</word>
<word id="word_242">können</word>
<word id="word_243">.</word>
<word id="word_244">Ich</word>
<word id="word_245">werde</word>
<word id="word_246">das</word>
<word id="word_247">Messer</word>
<word id="word_248">einfach</word>
<word id="word_249">so</word>
<word id="word_250">in</word>
<word id="word_251">meiner</word>
<word id="word_252">Faust</word>
<word id="word_253">halten</word>
<word id="word_254">.</word>
<word id="word_255">Ich</word>
<word id="word_256">schiebe</word>
<word id="word_257">meinen</word>
<word id="word_258">Ärmel</word>
<word id="word_259">zurück</word>
<word id="word_260">.</word>
<word id="word_261">Und</word>
<word id="word_262">um</word>
<word id="word_263">sicherzustellen</word>
<word id="word_264">,</word>
<word id="word_265">dass</word>
<word id="word_266">nichts</word>
<word id="word_267">in</word>
<word id="word_268">meinem</word>
<word id="word_269">Ärmel</word>
<word id="word_270">verschwindet</word>
<word id="word_271">oder</word>
<word id="word_272">aus</word>
<word id="word_273">ihm</word>
<word id="word_274">herauskommt</word>
<word id="word_275">,</word>
<word id="word_276">werde</word>
<word id="word_277">ich</word>
<word id="word_278">einfach</word>
<word id="word_279">mein</word>
<word id="word_280">Handgelenk</word>
<word id="word_281">genau</word>
<word id="word_282">hier</word>
<word id="word_283">zusammendrücken</word>
<word id="word_284">.</word>
<word id="word_285">Auf</word>
<word id="word_286">diese</word>
<word id="word_287">Weise</word>
<word id="word_288">können</word>
<word id="word_289">Sie</word>
<word id="word_290">sehen</word>
<word id="word_291">,</word>
<word id="word_292">dass</word>
<word id="word_293">sich</word>
<word id="word_294">zu</word>
<word id="word_295">keiner</word>
<word id="word_296">Zeit</word>
<word id="word_297">irgendetwas</word>
<word id="word_298">bewegt</word>
<word id="word_299">.</word>
<word id="word_300">Solange</word>
<word id="word_301">ich</word>
<word id="word_302">hier</word>
<word id="word_303">zudrücke</word>
<word id="word_304">,</word>
<word id="word_305">kann</word>
<word id="word_306">nichts</word>
<word id="word_307">in</word>
<word id="word_308">meinen</word>
<word id="word_309">Ärmel</word>
<word id="word_310">wandern</word>
<word id="word_311">oder</word>
<word id="word_312">herauskommen</word>
<word id="word_313">.</word>
<word id="word_314">Und</word>
<word id="word_315">das</word>
<word id="word_316">Ziel</word>
<word id="word_317">dabei</word>
<word id="word_318">ist</word>
<word id="word_319">ganz</word>
<word id="word_320">einfach</word>
<word id="word_321">.</word>
<word id="word_322">Ich</word>
<word id="word_323">werde</word>
<word id="word_324">meine</word>
<word id="word_325">Hand</word>
<word id="word_326">öffnen</word>
<word id="word_327">,</word>
<word id="word_328">und</word>
<word id="word_329">hoffentlich</word>
<word id="word_330">,</word>
<word id="word_331">wenn</word>
<word id="word_332">alles</word>
<word id="word_333">gut</word>
<word id="word_334">geht</word>
<word id="word_335">,</word>
<word id="word_336">wird</word>
<word id="word_337">das</word>
<word id="word_338">Messer</word>
<word id="word_339">durch</word>
<word id="word_340">meinen</word>
<word id="word_341">bloßen</word>
<word id="word_342">körperlichen</word>
<word id="word_343">Magnetismus</word>
<word id="word_344">festgehalten</word>
<word id="word_345">.</word>
<word id="word_346">Es</word>
<word id="word_347">sitzt</word>
<word id="word_348">tatsächlich</word>
<word id="word_349">so</word>
<word id="word_350">fest</word>
<word id="word_351">an</word>
<word id="word_352">seinem</word>
<word id="word_353">Platz</word>
<word id="word_354">,</word>
<word id="word_355">dass</word>
<word id="word_356">ich</word>
<word id="word_357">es</word>
<word id="word_358">schütteln</word>
<word id="word_359">kann</word>
<word id="word_360">,</word>
<word id="word_361">ohne</word>
<word id="word_362">dass</word>
<word id="word_363">das</word>
<word id="word_364">Messer</word>
<word id="word_365">herunterfällt</word>
<word id="word_366">.</word>
<word id="word_367">Nichts</word>
<word id="word_368">wandert</word>
<word id="word_369">in</word>
<word id="word_370">meinen</word>
<word id="word_371">Ärmel</word>
<word id="word_372">oder</word>
<word id="word_373">kommt</word>
<word id="word_374">heraus</word>
<word id="word_375">,</word>
<word id="word_376">keine</word>
<word id="word_377">Trickserei</word>
<word id="word_378">.</word>
<word id="word_379">Und</word>
<word id="word_380">Sie</word>
<word id="word_381">können</word>
<word id="word_382">alles</word>
<word id="word_383">untersuchen</word>
<word id="word_384">.</word>
<word id="word_385">Ta-da</word>
<word id="word_386">!</word>
<word id="word_387">Nun</word>
<word id="word_388">,</word>
<word id="word_389">das</word>
<word id="word_390">ist</word>
<word id="word_391">ein</word>
<word id="word_392">Trick</word>
<word id="word_393">,</word>
<word id="word_394">den</word>
<word id="word_395">ich</word>
<word id="word_396">oft</word>
<word id="word_397">kleinen</word>
<word id="word_398">Kindern</word>
<word id="word_399">beibringe</word>
<word id="word_400">,</word>
<word id="word_401">die</word>
<word id="word_402">sich</word>
<word id="word_403">für</word>
<word id="word_404">Zauberei</word>
<word id="word_405">interessieren</word>
<word id="word_406">,</word>
<word id="word_407">denn</word>
<word id="word_408">man</word>
<word id="word_409">kann</word>
<word id="word_410">dabei</word>
<word id="word_411">sehr</word>
<word id="word_412">viel</word>
<word id="word_413">über</word>
<word id="word_414">Täuschung</word>
<word id="word_415">lernen</word>
<word id="word_416">,</word>
<word id="word_417">wenn</word>
<word id="word_418">man</word>
<word id="word_419">genauer</word>
<word id="word_420">hinsieht</word>
<word id="word_421">,</word>
<word id="word_422">obwohl</word>
<word id="word_423">es</word>
<word id="word_424">ein</word>
<word id="word_425">sehr</word>
<word id="word_426">einfach</word>
<word id="word_427">auszuführender</word>
<word id="word_428">Trick</word>
<word id="word_429">ist</word>
<word id="word_430">.</word>
<word id="word_431">Vermutlich</word>
<word id="word_432">kennen</word>
<word id="word_433">viele</word>
<word id="word_434">von</word>
<word id="word_435">Ihnen</word>
<word id="word_436">hier</word>
<word id="word_437">im</word>
<word id="word_438">Saal</word>
<word id="word_439">diesen</word>
<word id="word_440">Trick</word>
<word id="word_441">.</word>
<word id="word_442">Er</word>
<word id="word_443">funktioniert</word>
<word id="word_444">folgendermaßen</word>
<word id="word_445">:</word>
<word id="word_446">Ich</word>
<word id="word_447">halte</word>
<word id="word_448">das</word>
<word id="word_449">Messer</word>
<word id="word_450">in</word>
<word id="word_451">meiner</word>
<word id="word_452">Hand</word>
<word id="word_453">.</word>
<word id="word_454">Ich</word>
<word id="word_455">sage</word>
<word id="word_456">,</word>
<word id="word_457">dass</word>
<word id="word_458">ich</word>
<word id="word_459">mein</word>
<word id="word_460">Handgelenk</word>
<word id="word_461">umschließe</word>
<word id="word_462">,</word>
<word id="word_463">um</word>
<word id="word_464">sicherzustellen</word>
<word id="word_465">,</word>
<word id="word_466">dass</word>
<word id="word_467">nichts</word>
<word id="word_468">in</word>
<word id="word_469">meinem</word>
<word id="word_470">Ärmel</word>
<word id="word_471">verschwindet</word>
<word id="word_472">oder</word>
<word id="word_473">herauskommt</word>
<word id="word_474">,</word>
<word id="word_475">und</word>
<word id="word_476">das</word>
<word id="word_477">ist</word>
<word id="word_478">eine</word>
<word id="word_479">Lüge</word>
<word id="word_480">.</word>
<word id="word_481">Der</word>
<word id="word_482">Grund</word>
<word id="word_483">,</word>
<word id="word_484">warum</word>
<word id="word_485">ich</word>
<word id="word_486">mein</word>
<word id="word_487">Handgelenk</word>
<word id="word_488">festhalte</word>
<word id="word_489">,</word>
<word id="word_490">ist</word>
<word id="word_491">der</word>
<word id="word_492">,</word>
<word id="word_493">dass</word>
<word id="word_494">darin</word>
<word id="word_495">das</word>
<word id="word_496">eigentliche</word>
<word id="word_497">Geheimnis</word>
<word id="word_498">der</word>
<word id="word_499">Illusion</word>
<word id="word_500">besteht</word>
<word id="word_501">.</word>
<word id="word_502">In</word>
<word id="word_503">dem</word>
<word id="word_504">Moment</word>
<word id="word_505">nämlich</word>
<word id="word_506">,</word>
<word id="word_507">wo</word>
<word id="word_508">ich</word>
<word id="word_509">meine</word>
<word id="word_510">Hand</word>
<word id="word_511">von</word>
<word id="word_512">Ihnen</word>
<word id="word_513">wegdrehe</word>
<word id="word_514">,</word>
<word id="word_515">damit</word>
<word id="word_516">Sie</word>
<word id="word_517">sie</word>
<word id="word_518">von</word>
<word id="word_519">hinten</word>
<word id="word_520">sehen</word>
<word id="word_521">,</word>
<word id="word_522">bewegt</word>
<word id="word_523">sich</word>
<word id="word_524">dieser</word>
<word id="word_525">Finger</word>
<word id="word_526">hier</word>
<word id="word_527">,</word>
<word id="word_528">mein</word>
<word id="word_529">Zeigefinger</word>
<word id="word_530">,</word>
<word id="word_531">einfach</word>
<word id="word_532">von</word>
<word id="word_533">dort</word>
<word id="word_534">,</word>
<word id="word_535">wo</word>
<word id="word_536">er</word>
<word id="word_537">war</word>
<word id="word_538">,</word>
<word id="word_539">in</word>
<word id="word_540">eine</word>
<word id="word_541">Position</word>
<word id="word_542">,</word>
<word id="word_543">in</word>
<word id="word_544">der</word>
<word id="word_545">er</word>
<word id="word_546">so</word>
<word id="word_547">ausgestreckt</word>
<word id="word_548">ist</word>
<word id="word_549">.</word>
<word id="word_550">Toller</word>
<word id="word_551">Trick</word>
<word id="word_552">?</word>
<word id="word_553">Da</word>
<word id="word_554">hinten</word>
<word id="word_555">sitzt</word>
<word id="word_556">jemand</word>
<word id="word_557">,</word>
<word id="word_558">der</word>
<word id="word_559">keine</word>
<word id="word_560">Kindheit</word>
<word id="word_561">hatte</word>
<word id="word_562">.</word>
<word id="word_563">Also</word>
<word id="word_564">,</word>
<word id="word_565">er</word>
<word id="word_566">befindet</word>
<word id="word_567">sich</word>
<word id="word_568">hier</word>
<word id="word_569">.</word>
<word id="word_570">Genau</word>
<word id="word_571">.</word>
<word id="word_572">Und</word>
<word id="word_573">wenn</word>
<word id="word_574">ich</word>
<word id="word_575">mich</word>
<word id="word_576">umdrehe</word>
<word id="word_577">,</word>
<word id="word_578">ändert</word>
<word id="word_579">der</word>
<word id="word_580">Finger</word>
<word id="word_581">seine</word>
<word id="word_582">Position</word>
<word id="word_583">.</word>
<word id="word_584">Und</word>
<word id="word_585">jetzt</word>
<word id="word_586">könnte</word>
<word id="word_587">man</word>
<word id="word_588">darüber</word>
<word id="word_589">reden</word>
<word id="word_590">,</word>
<word id="word_591">warum</word>
<word id="word_592">das</word>
<word id="word_593">eine</word>
<word id="word_594">Täuschung</word>
<word id="word_595">ist</word>
<word id="word_596">,</word>
<word id="word_597">warum</word>
<word id="word_598">man</word>
<word id="word_599">nicht</word>
<word id="word_600">wahrnimmt</word>
<word id="word_601">,</word>
<word id="word_602">dass</word>
<word id="word_603">hier</word>
<word id="word_604">unten</word>
<word id="word_605">nur</word>
<word id="word_606">drei</word>
<word id="word_607">Finger</word>
<word id="word_608">zu</word>
<word id="word_609">sehen</word>
<word id="word_610">sind</word>
<word id="word_611">:</word>
<word id="word_612">Weil</word>
<word id="word_613">der</word>
<word id="word_614">Verstand</word>
<word id="word_615">und</word>
<word id="word_616">die</word>
<word id="word_617">Art</word>
<word id="word_618">,</word>
<word id="word_619">wie</word>
<word id="word_620">er</word>
<word id="word_621">Informationen</word>
<word id="word_622">verarbeitet</word>
<word id="word_623">,</word>
<word id="word_624">sie</word>
<word id="word_625">nicht</word>
<word id="word_626">einzeln</word>
<word id="word_627">zählt</word>
<word id="word_628">,</word>
<word id="word_629">eins</word>
<word id="word_630">,</word>
<word id="word_631">zwei</word>
<word id="word_632">,</word>
<word id="word_633">drei</word>
<word id="word_634">,</word>
<word id="word_635">sondern</word>
<word id="word_636">sie</word>
<word id="word_637">als</word>
<word id="word_638">Gruppe</word>
<word id="word_639">sieht</word>
<word id="word_640">.</word>
<word id="word_641">Aber</word>
<word id="word_642">darum</word>
<word id="word_643">geht</word>
<word id="word_644">es</word>
<word id="word_645">jetzt</word>
<word id="word_646">hier</word>
<word id="word_647">eigentlich</word>
<word id="word_648">gar</word>
<word id="word_649">nicht</word>
<word id="word_650">.</word>
<word id="word_651">Und</word>
<word id="word_652">dann</word>
<word id="word_653">öffne</word>
<word id="word_654">ich</word>
<word id="word_655">meine</word>
<word id="word_656">Hand</word>
<word id="word_657">.</word>
<word id="word_658">Natürlich</word>
<word id="word_659">wird</word>
<word id="word_660">es</word>
<word id="word_661">dort</word>
<word id="word_662">festgehalten</word>
<word id="word_663">,</word>
<word id="word_664">aber</word>
<word id="word_665">nicht</word>
<word id="word_666">durch</word>
<word id="word_667">den</word>
<word id="word_668">Magnetismus</word>
<word id="word_669">meines</word>
<word id="word_670">Körpers</word>
<word id="word_671">,</word>
<word id="word_672">sondern</word>
<word id="word_673">durch</word>
<word id="word_674">einen</word>
<word id="word_675">Trick</word>
<word id="word_676">,</word>
<word id="word_677">durch</word>
<word id="word_678">meinen</word>
<word id="word_679">Zeigefinger</word>
<word id="word_680">,</word>
<word id="word_681">der</word>
<word id="word_682">jetzt</word>
<word id="word_683">dort</word>
<word id="word_684">ist</word>
<word id="word_685">.</word>
<word id="word_686">Und</word>
<word id="word_687">wenn</word>
<word id="word_688">ich</word>
<word id="word_689">meine</word>
<word id="word_690">Hand</word>
<word id="word_691">schließe</word>
<word id="word_692">,</word>
<word id="word_693">passiert</word>
<word id="word_694">dasselbe</word>
<word id="word_695">,</word>
<word id="word_696">indem</word>
<word id="word_697">ich</word>
<word id="word_698">mich</word>
<word id="word_699">zurückdrehe</word>
<word id="word_700">,</word>
<word id="word_701">wird</word>
<word id="word_702">durch</word>
<word id="word_703">diese</word>
<word id="word_704">Bewegung</word>
<word id="word_705">verborgen</word>
<word id="word_706">,</word>
<word id="word_707">dass</word>
<word id="word_708">der</word>
<word id="word_709">Finger</word>
<word id="word_710">sich</word>
<word id="word_711">wieder</word>
<word id="word_712">zurückbewegt</word>
<word id="word_713">.</word>
<word id="word_714">Ich</word>
<word id="word_715">nehme</word>
<word id="word_716">diese</word>
<word id="word_717">Hand</word>
<word id="word_718">weg</word>
<word id="word_719">.</word>
<word id="word_720">Und</word>
<word id="word_721">hier</word>
<word id="word_722">ist</word>
<word id="word_723">das</word>
<word id="word_724">Messer</word>
<word id="word_725">.</word>
<word id="word_726">Diesen</word>
<word id="word_727">Trick</word>
<word id="word_728">können</word>
<word id="word_729">Sie</word>
<word id="word_730">Ihren</word>
<word id="word_731">Freunden</word>
<word id="word_732">und</word>
<word id="word_733">Nachbarn</word>
<word id="word_734">vorführen</word>
<word id="word_735">.</word>
<word id="word_736">Danke</word>
<word id="word_737">.</word>
<word id="word_738">Nun</word>
<word id="word_739">,</word>
<word id="word_740">was</word>
<word id="word_741">hat</word>
<word id="word_742">das</word>
<word id="word_743">mit</word>
<word id="word_744">dem</word>
<word id="word_745">Placebo-Effekt</word>
<word id="word_746">zu</word>
<word id="word_747">tun</word>
<word id="word_748">?</word>
<word id="word_749">Vor</word>
<word id="word_750">einem</word>
<word id="word_751">Jahr</word>
<word id="word_752">oder</word>
<word id="word_753">so</word>
<word id="word_754">,</word>
<word id="word_755">las</word>
<word id="word_756">ich</word>
<word id="word_757">eine</word>
<word id="word_758">Studie</word>
<word id="word_759">,</word>
<word id="word_760">die</word>
<word id="word_761">mich</word>
<word id="word_762">wirklich</word>
<word id="word_763">richtig</word>
<word id="word_764">umgehauen</word>
<word id="word_765">hat</word>
<word id="word_766">.</word>
<word id="word_767">Ich</word>
<word id="word_768">bin</word>
<word id="word_769">kein</word>
<word id="word_770">Arzt</word>
<word id="word_771">oder</word>
<word id="word_772">Forscher</word>
<word id="word_773">,</word>
<word id="word_774">und</word>
<word id="word_775">deshalb</word>
<word id="word_776">war</word>
<word id="word_777">das</word>
<word id="word_778">für</word>
<word id="word_779">mich</word>
<word id="word_780">eine</word>
<word id="word_781">erstaunliche</word>
<word id="word_782">Sache</word>
<word id="word_783">.</word>
<word id="word_784">Es</word>
<word id="word_785">hat</word>
<word id="word_786">sich</word>
<word id="word_787">nämlich</word>
<word id="word_788">Folgendes</word>
<word id="word_789">herausgestellt</word>
<word id="word_790">:</word>
<word id="word_791">Wenn</word>
<word id="word_792">Sie</word>
<word id="word_793">ein</word>
<word id="word_794">Placebo</word>
<word id="word_795">in</word>
<word id="word_796">Form</word>
<word id="word_797">einer</word>
<word id="word_798">weißen</word>
<word id="word_799">Pille</word>
<word id="word_800">anbieten</word>
<word id="word_801">,</word>
<word id="word_802">in</word>
<word id="word_803">der</word>
<word id="word_804">Form</word>
<word id="word_805">einer</word>
<word id="word_806">Aspirintablette</word>
<word id="word_807">,</word>
<word id="word_808">ist</word>
<word id="word_809">das</word>
<word id="word_810">einfach</word>
<word id="word_811">eine</word>
<word id="word_812">runde</word>
<word id="word_813">,</word>
<word id="word_814">weiße</word>
<word id="word_815">Pille</word>
<word id="word_816">,</word>
<word id="word_817">die</word>
<word id="word_818">einen</word>
<word id="word_819">bestimmten</word>
<word id="word_820">messbaren</word>
<word id="word_821">Effekt</word>
<word id="word_822">hat</word>
<word id="word_823">.</word>
<word id="word_824">Aber</word>
<word id="word_825">wenn</word>
<word id="word_826">Sie</word>
<word id="word_827">die</word>
<word id="word_828">Form</word>
<word id="word_829">,</word>
<word id="word_830">in</word>
<word id="word_831">der</word>
<word id="word_832">Sie</word>
<word id="word_833">das</word>
<word id="word_834">Placebo</word>
<word id="word_835">verabreichen</word>
<word id="word_836">,</word>
<word id="word_837">zum</word>
<word id="word_838">Beispiel</word>
<word id="word_839">in</word>
<word id="word_840">eine</word>
<word id="word_841">kleinere</word>
<word id="word_842">Pille</word>
<word id="word_843">verändern</word>
<word id="word_844">,</word>
<word id="word_845">und</word>
<word id="word_846">diese</word>
<word id="word_847">blau</word>
<word id="word_848">färben</word>
<word id="word_849">und</word>
<word id="word_850">einen</word>
<word id="word_851">Buchstaben</word>
<word id="word_852">darauf</word>
<word id="word_853">prägen</word>
<word id="word_854">,</word>
<word id="word_855">ist</word>
<word id="word_856">sie</word>
<word id="word_857">tatsächlich</word>
<word id="word_858">messbar</word>
<word id="word_859">effektiver</word>
<word id="word_860">.</word>
<word id="word_861">Und</word>
<word id="word_862">das</word>
<word id="word_863">,</word>
<word id="word_864">obwohl</word>
<word id="word_865">keine</word>
<word id="word_866">davon</word>
<word id="word_867">irgendeine</word>
<word id="word_868">pharmazeutische</word>
<word id="word_869">...</word>
<word id="word_870">es</word>
<word id="word_871">sind</word>
<word id="word_872">bloß</word>
<word id="word_873">Zuckerpillen</word>
<word id="word_874">.</word>
<word id="word_875">Aber</word>
<word id="word_876">eine</word>
<word id="word_877">weiße</word>
<word id="word_878">Pille</word>
<word id="word_879">ist</word>
<word id="word_880">nicht</word>
<word id="word_881">so</word>
<word id="word_882">gut</word>
<word id="word_883">wie</word>
<word id="word_884">eine</word>
<word id="word_885">blaue</word>
<word id="word_886">Pille</word>
<word id="word_887">.</word>
<word id="word_888">Was</word>
<word id="word_889">?</word>
<word id="word_890">Das</word>
<word id="word_891">ließ</word>
<word id="word_892">mich</word>
<word id="word_893">wirklich</word>
<word id="word_894">ausflippen</word>
<word id="word_895">.</word>
<word id="word_896">Es</word>
<word id="word_897">stellte</word>
<word id="word_898">sich</word>
<word id="word_899">aber</word>
<word id="word_900">heraus</word>
<word id="word_901">,</word>
<word id="word_902">dass</word>
<word id="word_903">das</word>
<word id="word_904">noch</word>
<word id="word_905">nicht</word>
<word id="word_906">alles</word>
<word id="word_907">ist</word>
<word id="word_908">.</word>
<word id="word_909">Wenn</word>
<word id="word_910">man</word>
<word id="word_911">Kapseln</word>
<word id="word_912">nimmt</word>
<word id="word_913">,</word>
<word id="word_914">sind</word>
<word id="word_915">die</word>
<word id="word_916">noch</word>
<word id="word_917">wirksamer</word>
<word id="word_918">als</word>
<word id="word_919">Tabletten</word>
<word id="word_920">jeder</word>
<word id="word_921">Form</word>
<word id="word_922">.</word>
<word id="word_923">Eine</word>
<word id="word_924">farbige</word>
<word id="word_925">Kapsel</word>
<word id="word_926">,</word>
<word id="word_927">die</word>
<word id="word_928">an</word>
<word id="word_929">einem</word>
<word id="word_930">Ende</word>
<word id="word_931">gelb</word>
<word id="word_932">und</word>
<word id="word_933">am</word>
<word id="word_934">anderen</word>
<word id="word_935">rot</word>
<word id="word_936">ist</word>
<word id="word_937">,</word>
<word id="word_938">ist</word>
<word id="word_939">besser</word>
<word id="word_940">als</word>
<word id="word_941">eine</word>
<word id="word_942">weiße</word>
<word id="word_943">Kapsel</word>
<word id="word_944">.</word>
<word id="word_945">Auch</word>
<word id="word_946">die</word>
<word id="word_947">Dosierung</word>
<word id="word_948">spielt</word>
<word id="word_949">eine</word>
<word id="word_950">Rolle</word>
<word id="word_951">.</word>
<word id="word_952">Eine</word>
<word id="word_953">Pille</word>
<word id="word_954">zweimal</word>
<word id="word_955">täglich</word>
<word id="word_956">ist</word>
<word id="word_957">nicht</word>
<word id="word_958">so</word>
<word id="word_959">gut</word>
<word id="word_960">wie</word>
<word id="word_961">drei</word>
<word id="word_962">Pillen</word>
<word id="word_963">-</word>
<word id="word_964">ich</word>
<word id="word_965">kann</word>
<word id="word_966">mich</word>
<word id="word_967">jetzt</word>
<word id="word_968">nicht</word>
<word id="word_969">an</word>
<word id="word_970">die</word>
<word id="word_971">genaue</word>
<word id="word_972">Statistik</word>
<word id="word_973">erinnern</word>
<word id="word_974">.</word>
<word id="word_975">Tut</word>
<word id="word_976">mir</word>
<word id="word_977">leid</word>
<word id="word_978">.</word>
<word id="word_979">Das</word>
<word id="word_980">Entscheidende</word>
<word id="word_981">aber</word>
<word id="word_982">ist</word>
<word id="word_983">,</word>
<word id="word_984">...</word>
<word id="word_985">...</word>
<word id="word_986">dass</word>
<word id="word_987">auch</word>
<word id="word_988">die</word>
<word id="word_989">Dosierungen</word>
<word id="word_990">eine</word>
<word id="word_991">Rolle</word>
<word id="word_992">spielen</word>
<word id="word_993">.</word>
<word id="word_994">Und</word>
<word id="word_995">die</word>
<word id="word_996">Form</word>
<word id="word_997">spielt</word>
<word id="word_998">eine</word>
<word id="word_999">Rolle</word>
<word id="word_1000">.</word>
<word id="word_1001">Und</word>
<word id="word_1002">wenn</word>
<word id="word_1003">man</word>
<word id="word_1004">den</word>
<word id="word_1005">ultimativen</word>
<word id="word_1006">Placebo-Effekt</word>
<word id="word_1007">haben</word>
<word id="word_1008">möchte</word>
<word id="word_1009">,</word>
<word id="word_1010">muss</word>
<word id="word_1011">man</word>
<word id="word_1012">zur</word>
<word id="word_1013">Nadel</word>
<word id="word_1014">greifen</word>
<word id="word_1015">.</word>
<word id="word_1016">Richtig</word>
<word id="word_1017">?</word>
<word id="word_1018">Eine</word>
<word id="word_1019">Spritze</word>
<word id="word_1020">mit</word>
<word id="word_1021">einer</word>
<word id="word_1022">wirkungslosen</word>
<word id="word_1023">-</word>
<word id="word_1024">ein</word>
<word id="word_1025">paar</word>
<word id="word_1026">Milliliter</word>
<word id="word_1027">einer</word>
<word id="word_1028">wirkungslosen</word>
<word id="word_1029">Substanz</word>
<word id="word_1030">,</word>
<word id="word_1031">die</word>
<word id="word_1032">man</word>
<word id="word_1033">einem</word>
<word id="word_1034">Patienten</word>
<word id="word_1035">injiziert</word>
<word id="word_1036">.</word>
<word id="word_1037">Das</word>
<word id="word_1038">erzeugt</word>
<word id="word_1039">ein</word>
<word id="word_1040">sehr</word>
<word id="word_1041">starkes</word>
<word id="word_1042">Bild</word>
<word id="word_1043">im</word>
<word id="word_1044">Kopf</word>
<word id="word_1045">.</word>
<word id="word_1046">Das</word>
<word id="word_1047">ist</word>
<word id="word_1048">sehr</word>
<word id="word_1049">viel</word>
<word id="word_1050">stärker</word>
<word id="word_1051">als</word>
<word id="word_1052">eine</word>
<word id="word_1053">weiße</word>
<word id="word_1054">Pille</word>
<word id="word_1055">.</word>
<word id="word_1056">Diese</word>
<word id="word_1057">Grafik</word>
<word id="word_1058">ist</word>
<word id="word_1059">wirklich</word>
<word id="word_1060">...</word>
<word id="word_1061">ich</word>
<word id="word_1062">werde</word>
<word id="word_1063">sie</word>
<word id="word_1064">Ihnen</word>
<word id="word_1065">ein</word>
<word id="word_1066">anderes</word>
<word id="word_1067">Mal</word>
<word id="word_1068">zeigen</word>
<word id="word_1069">,</word>
<word id="word_1070">wenn</word>
<word id="word_1071">wir</word>
<word id="word_1072">einen</word>
<word id="word_1073">Projektor</word>
<word id="word_1074">haben</word>
<word id="word_1075">.</word>
<word id="word_1076">Tatsache</word>
<word id="word_1077">also</word>
<word id="word_1078">ist</word>
<word id="word_1079">,</word>
<word id="word_1080">dass</word>
<word id="word_1081">die</word>
<word id="word_1082">weiße</word>
<word id="word_1083">Pille</word>
<word id="word_1084">nicht</word>
<word id="word_1085">so</word>
<word id="word_1086">gut</word>
<word id="word_1087">wirkt</word>
<word id="word_1088">wie</word>
<word id="word_1089">die</word>
<word id="word_1090">blaue</word>
<word id="word_1091">Pille</word>
<word id="word_1092">,</word>
<word id="word_1093">die</word>
<word id="word_1094">nicht</word>
<word id="word_1095">so</word>
<word id="word_1096">gut</word>
<word id="word_1097">wirkt</word>
<word id="word_1098">wie</word>
<word id="word_1099">eine</word>
<word id="word_1100">Kapsel</word>
<word id="word_1101">,</word>
<word id="word_1102">die</word>
<word id="word_1103">nicht</word>
<word id="word_1104">so</word>
<word id="word_1105">gut</word>
<word id="word_1106">wirkt</word>
<word id="word_1107">wie</word>
<word id="word_1108">die</word>
<word id="word_1109">Nadel</word>
<word id="word_1110">.</word>
<word id="word_1111">Und</word>
<word id="word_1112">nichts</word>
<word id="word_1113">davon</word>
<word id="word_1114">hat</word>
<word id="word_1115">irgendeine</word>
<word id="word_1116">wirklich</word>
<word id="word_1117">pharmazeutische</word>
<word id="word_1118">Eigenschaft</word>
<word id="word_1119">.</word>
<word id="word_1120">Es</word>
<word id="word_1121">ist</word>
<word id="word_1122">nur</word>
<word id="word_1123">unser</word>
<word id="word_1124">Glaube</word>
<word id="word_1125">daran</word>
<word id="word_1126">,</word>
<word id="word_1127">der</word>
<word id="word_1128">in</word>
<word id="word_1129">uns</word>
<word id="word_1130">eine</word>
<word id="word_1131">stärkere</word>
<word id="word_1132">Wirkung</word>
<word id="word_1133">erzielt</word>
<word id="word_1134">.</word>
<word id="word_1135">Ich</word>
<word id="word_1136">wollte</word>
<word id="word_1137">wissen</word>
<word id="word_1138">,</word>
<word id="word_1139">ob</word>
<word id="word_1140">ich</word>
<word id="word_1141">diese</word>
<word id="word_1142">Idee</word>
<word id="word_1143">für</word>
<word id="word_1144">einen</word>
<word id="word_1145">Zaubertrick</word>
<word id="word_1146">nutzen</word>
<word id="word_1147">könnte</word>
<word id="word_1148">.</word>
<word id="word_1149">Ich</word>
<word id="word_1150">nehme</word>
<word id="word_1151">etwas</word>
<word id="word_1152">,</word>
<word id="word_1153">das</word>
<word id="word_1154">offensichtlich</word>
<word id="word_1155">eine</word>
<word id="word_1156">Täuschung</word>
<word id="word_1157">ist</word>
<word id="word_1158">,</word>
<word id="word_1159">und</word>
<word id="word_1160">lasse</word>
<word id="word_1161">es</word>
<word id="word_1162">echt</word>
<word id="word_1163">aussehen</word>
<word id="word_1164">.</word>
<word id="word_1165">Wir</word>
<word id="word_1166">wissen</word>
<word id="word_1167">ja</word>
<word id="word_1168">aus</word>
<word id="word_1169">jener</word>
<word id="word_1170">Studie</word>
<word id="word_1171">,</word>
<word id="word_1172">dass</word>
<word id="word_1173">man</word>
<word id="word_1174">zur</word>
<word id="word_1175">Nadel</word>
<word id="word_1176">greifen</word>
<word id="word_1177">muss</word>
<word id="word_1178">,</word>
<word id="word_1179">wenn</word>
<word id="word_1180">es</word>
<word id="word_1181">zur</word>
<word id="word_1182">Sache</word>
<word id="word_1183">gehen</word>
<word id="word_1184">soll</word>
<word id="word_1185">.</word>
<word id="word_1186">Dies</word>
<word id="word_1187">ist</word>
<word id="word_1188">eine</word>
<word id="word_1189">18</word>
<word id="word_1190">cm</word>
<word id="word_1191">lange</word>
<word id="word_1192">Hutnadel</word>
<word id="word_1193">.</word>
<word id="word_1194">Sie</word>
<word id="word_1195">ist</word>
<word id="word_1196">sehr</word>
<word id="word_1197">,</word>
<word id="word_1198">sehr</word>
<word id="word_1199">spitz</word>
<word id="word_1200">.</word>
<word id="word_1201">Und</word>
<word id="word_1202">ich</word>
<word id="word_1203">werde</word>
<word id="word_1204">sie</word>
<word id="word_1205">zunächst</word>
<word id="word_1206">ein</word>
<word id="word_1207">kleines</word>
<word id="word_1208">bisschen</word>
<word id="word_1209">sterilisieren</word>
<word id="word_1210">.</word>
<word id="word_1211">Das</word>
<word id="word_1212">hier</word>
<word id="word_1213">ist</word>
<word id="word_1214">wirklich</word>
<word id="word_1215">mein</word>
<word id="word_1216">Fleisch</word>
<word id="word_1217">.</word>
<word id="word_1218">Es</word>
<word id="word_1219">ist</word>
<word id="word_1220">nicht</word>
<word id="word_1221">Damians</word>
<word id="word_1222">spezielles</word>
<word id="word_1223">gezüchtetes</word>
<word id="word_1224">Fleisch</word>
<word id="word_1225">.</word>
<word id="word_1226">Das</word>
<word id="word_1227">hier</word>
<word id="word_1228">ist</word>
<word id="word_1229">meine</word>
<word id="word_1230">Haut</word>
<word id="word_1231">.</word>
<word id="word_1232">Das</word>
<word id="word_1233">ist</word>
<word id="word_1234">kein</word>
<word id="word_1235">Spezialeffekt</word>
<word id="word_1236">aus</word>
<word id="word_1237">Hollywood</word>
<word id="word_1238">.</word>
<word id="word_1239">Ich</word>
<word id="word_1240">werde</word>
<word id="word_1241">nun</word>
<word id="word_1242">diese</word>
<word id="word_1243">Nadel</word>
<word id="word_1244">in</word>
<word id="word_1245">meine</word>
<word id="word_1246">Haut</word>
<word id="word_1247">stechen</word>
<word id="word_1248">und</word>
<word id="word_1249">durch</word>
<word id="word_1250">sie</word>
<word id="word_1251">hindurch</word>
<word id="word_1252">treiben</word>
<word id="word_1253">,</word>
<word id="word_1254">bis</word>
<word id="word_1255">sie</word>
<word id="word_1256">auf</word>
<word id="word_1257">der</word>
<word id="word_1258">anderen</word>
<word id="word_1259">Seite</word>
<word id="word_1260">wieder</word>
<word id="word_1261">austritt</word>
<word id="word_1262">.</word>
<word id="word_1263">Falls</word>
<word id="word_1264">Ihnen</word>
<word id="word_1265">übel</word>
<word id="word_1266">wird</word>
<word id="word_1267">-</word>
<word id="word_1268">wenn</word>
<word id="word_1269">Sie</word>
<word id="word_1270">leicht</word>
<word id="word_1271">in</word>
<word id="word_1272">Ohnmacht</word>
<word id="word_1273">fallen</word>
<word id="word_1274">-</word>
<word id="word_1275">ich</word>
<word id="word_1276">habe</word>
<word id="word_1277">das</word>
<word id="word_1278">ein</word>
<word id="word_1279">paar</word>
<word id="word_1280">Freunden</word>
<word id="word_1281">letzte</word>
<word id="word_1282">Nacht</word>
<word id="word_1283">im</word>
<word id="word_1284">Hotelzimmer</word>
<word id="word_1285">vorgeführt</word>
<word id="word_1286">,</word>
<word id="word_1287">und</word>
<word id="word_1288">einigen</word>
<word id="word_1289">Leuten</word>
<word id="word_1290">,</word>
<word id="word_1291">die</word>
<word id="word_1292">ich</word>
<word id="word_1293">nicht</word>
<word id="word_1294">kannte</word>
<word id="word_1295">,</word>
<word id="word_1296">und</word>
<word id="word_1297">dabei</word>
<word id="word_1298">ist</word>
<word id="word_1299">eine</word>
<word id="word_1300">Frau</word>
<word id="word_1301">fast</word>
<word id="word_1302">ohnmächtig</word>
<word id="word_1303">geworden</word>
<word id="word_1304">.</word>
<word id="word_1305">Ich</word>
<word id="word_1306">schlage</word>
<word id="word_1307">also</word>
<word id="word_1308">vor</word>
<word id="word_1309">,</word>
<word id="word_1310">wenn</word>
<word id="word_1311">Ihnen</word>
<word id="word_1312">schnell</word>
<word id="word_1313">übel</word>
<word id="word_1314">wird</word>
<word id="word_1315">,</word>
<word id="word_1316">dann</word>
<word id="word_1317">schauen</word>
<word id="word_1318">Sie</word>
<word id="word_1319">für</word>
<word id="word_1320">die</word>
<word id="word_1321">nächsten</word>
<word id="word_1322">30</word>
<word id="word_1323">Sekunden</word>
<word id="word_1324">weg</word>
<word id="word_1325">.</word>
<word id="word_1326">Oder</word>
<word id="word_1327">,</word>
<word id="word_1328">wissen</word>
<word id="word_1329">Sie</word>
<word id="word_1330">was</word>
<word id="word_1331">,</word>
<word id="word_1332">ich</word>
<word id="word_1333">werde</word>
<word id="word_1334">den</word>
<word id="word_1335">ersten</word>
<word id="word_1336">heiklen</word>
<word id="word_1337">Teil</word>
<word id="word_1338">hier</word>
<word id="word_1339">hinten</word>
<word id="word_1340">machen</word>
<word id="word_1341">.</word>
<word id="word_1342">Sie</word>
<word id="word_1343">können</word>
<word id="word_1344">es</word>
<word id="word_1345">gleich</word>
<word id="word_1346">sehen</word>
<word id="word_1347">,</word>
<word id="word_1348">Sie</word>
<word id="word_1349">können</word>
<word id="word_1350">aber</word>
<word id="word_1351">auch</word>
<word id="word_1352">wegsehen</word>
<word id="word_1353">,</word>
<word id="word_1354">wenn</word>
<word id="word_1355">Sie</word>
<word id="word_1356">möchten</word>
<word id="word_1357">.</word>
<word id="word_1358">Also</word>
<word id="word_1359">,</word>
<word id="word_1360">es</word>
<word id="word_1361">geht</word>
<word id="word_1362">so</word>
<word id="word_1363">,</word>
<word id="word_1364">genau</word>
<word id="word_1365">hier</word>
<word id="word_1366">,</word>
<word id="word_1367">wo</word>
<word id="word_1368">mein</word>
<word id="word_1369">Fleisch</word>
<word id="word_1370">anfängt</word>
<word id="word_1371">,</word>
<word id="word_1372">am</word>
<word id="word_1373">unteren</word>
<word id="word_1374">Teil</word>
<word id="word_1375">meines</word>
<word id="word_1376">Arms</word>
<word id="word_1377">werde</word>
<word id="word_1378">ich</word>
<word id="word_1379">einfach</word>
<word id="word_1380">einen</word>
<word id="word_1381">kleinen</word>
<word id="word_1382">Einstich</word>
<word id="word_1383">machen</word>
<word id="word_1384">.</word>
<word id="word_1385">Tut</word>
<word id="word_1386">mir</word>
<word id="word_1387">echt</word>
<word id="word_1388">leid</word>
<word id="word_1389">.</word>
<word id="word_1390">Macht</word>
<word id="word_1391">Sie</word>
<word id="word_1392">das</word>
<word id="word_1393">verrückt</word>
<word id="word_1394">?</word>
<word id="word_1395">Und</word>
<word id="word_1396">jetzt</word>
<word id="word_1397">einfach</word>
<word id="word_1398">ein</word>
<word id="word_1399">kleines</word>
<word id="word_1400">bisschen</word>
<word id="word_1401">durch</word>
<word id="word_1402">meine</word>
<word id="word_1403">Haut</word>
<word id="word_1404">und</word>
<word id="word_1405">auf</word>
<word id="word_1406">der</word>
<word id="word_1407">anderen</word>
<word id="word_1408">Seite</word>
<word id="word_1409">so</word>
<word id="word_1410">wieder</word>
<word id="word_1411">heraus</word>
<word id="word_1412">.</word>
<word id="word_1413">Jetzt</word>
<word id="word_1414">sind</word>
<word id="word_1415">wir</word>
<word id="word_1416">eigentlich</word>
<word id="word_1417">in</word>
<word id="word_1418">der</word>
<word id="word_1419">gleichen</word>
<word id="word_1420">Situation</word>
<word id="word_1421">,</word>
<word id="word_1422">die</word>
<word id="word_1423">wir</word>
<word id="word_1424">beim</word>
<word id="word_1425">Messertrick</word>
<word id="word_1426">hatten</word>
<word id="word_1427">.</word>
<word id="word_1428">Ungefähr</word>
<word id="word_1429">.</word>
<word id="word_1430">Aber</word>
<word id="word_1431">jetzt</word>
<word id="word_1432">können</word>
<word id="word_1433">Sie</word>
<word id="word_1434">meine</word>
<word id="word_1435">Finger</word>
<word id="word_1436">nicht</word>
<word id="word_1437">zählen</word>
<word id="word_1438">,</word>
<word id="word_1439">oder</word>
<word id="word_1440">?</word>
<word id="word_1441">Also</word>
<word id="word_1442">,</word>
<word id="word_1443">werde</word>
<word id="word_1444">ich</word>
<word id="word_1445">Sie</word>
<word id="word_1446">Ihnen</word>
<word id="word_1447">zeigen</word>
<word id="word_1448">.</word>
<word id="word_1449">Das</word>
<word id="word_1450">ist</word>
<word id="word_1451">einer</word>
<word id="word_1452">,</word>
<word id="word_1453">zwei</word>
<word id="word_1454">,</word>
<word id="word_1455">drei</word>
<word id="word_1456">,</word>
<word id="word_1457">vier</word>
<word id="word_1458">,</word>
<word id="word_1459">fünf</word>
<word id="word_1460">.</word>
<word id="word_1461">Nun</word>
<word id="word_1462">ja</word>
<word id="word_1463">,</word>
<word id="word_1464">ich</word>
<word id="word_1465">weiß</word>
<word id="word_1466">,</word>
<word id="word_1467">was</word>
<word id="word_1468">die</word>
<word id="word_1469">Leute</word>
<word id="word_1470">denken</word>
<word id="word_1471">,</word>
<word id="word_1472">wenn</word>
<word id="word_1473">sie</word>
<word id="word_1474">das</word>
<word id="word_1475">sehen</word>
<word id="word_1476">.</word>
<word id="word_1477">Sie</word>
<word id="word_1478">sagen</word>
<word id="word_1479">:</word>
<word id="word_1480">"</word>
<word id="word_1481">Okay</word>
<word id="word_1482">,</word>
<word id="word_1483">der</word>
<word id="word_1484">ist</word>
<word id="word_1485">bestimmt</word>
<word id="word_1486">nicht</word>
<word id="word_1487">so</word>
<word id="word_1488">blöd</word>
<word id="word_1489">und</word>
<word id="word_1490">durchsticht</word>
<word id="word_1491">sich</word>
<word id="word_1492">selbst</word>
<word id="word_1493">die</word>
<word id="word_1494">Haut</word>
<word id="word_1495">,</word>
<word id="word_1496">nur</word>
<word id="word_1497">um</word>
<word id="word_1498">uns</word>
<word id="word_1499">ein</word>
<word id="word_1500">paar</word>
<word id="word_1501">Minuten</word>
<word id="word_1502">lang</word>
<word id="word_1503">zu</word>
<word id="word_1504">unterhalten</word>
<word id="word_1505">.</word>
<word id="word_1506">"</word>
<word id="word_1507">Nun</word>
<word id="word_1508">,</word>
<word id="word_1509">dann</word>
<word id="word_1510">werde</word>
<word id="word_1511">ich</word>
<word id="word_1512">es</word>
<word id="word_1513">Ihnen</word>
<word id="word_1514">zeigen</word>
<word id="word_1515">.</word>
<word id="word_1516">Wie</word>
<word id="word_1517">sieht</word>
<word id="word_1518">das</word>
<word id="word_1519">hier</word>
<word id="word_1520">aus</word>
<word id="word_1521">?</word>
<word id="word_1522">Ziemlich</word>
<word id="word_1523">gut</word>
<word id="word_1524">.</word>
<word id="word_1525">Ja</word>
<word id="word_1526">,</word>
<word id="word_1527">ich</word>
<word id="word_1528">weiß</word>
<word id="word_1529">.</word>
<word id="word_1530">Und</word>
<word id="word_1531">die</word>
<word id="word_1532">Leute</word>
<word id="word_1533">hinten</word>
<word id="word_1534">sagen</word>
<word id="word_1535">:</word>
<word id="word_1536">"</word>
<word id="word_1537">Okay</word>
<word id="word_1538">.</word>
<word id="word_1539">Ich</word>
<word id="word_1540">habe</word>
<word id="word_1541">das</word>
<word id="word_1542">nicht</word>
<word id="word_1543">richtig</word>
<word id="word_1544">gesehen</word>
<word id="word_1545">.</word>
<word id="word_1546">"</word>
<word id="word_1547">Die</word>
<word id="word_1548">Leute</word>
<word id="word_1549">in</word>
<word id="word_1550">den</word>
<word id="word_1551">Nebenräumen</word>
<word id="word_1552">kommen</word>
<word id="word_1553">jetzt</word>
<word id="word_1554">rein</word>
<word id="word_1555">.</word>
<word id="word_1556">Lassen</word>
<word id="word_1557">Sie</word>
<word id="word_1558">es</word>
<word id="word_1559">mich</word>
<word id="word_1560">Ihnen</word>
<word id="word_1561">aus</word>
<word id="word_1562">der</word>
<word id="word_1563">Nähe</word>
<word id="word_1564">zeigen</word>
<word id="word_1565">.</word>
<word id="word_1566">Das</word>
<word id="word_1567">ist</word>
<word id="word_1568">wirklich</word>
<word id="word_1569">meine</word>
<word id="word_1570">Haut</word>
<word id="word_1571">.</word>
<word id="word_1572">Das</word>
<word id="word_1573">ist</word>
<word id="word_1574">kein</word>
<word id="word_1575">Spezialeffekt</word>
<word id="word_1576">aus</word>
<word id="word_1577">Hollywood</word>
<word id="word_1578">.</word>
<word id="word_1579">Das</word>
<word id="word_1580">ist</word>
<word id="word_1581">mein</word>
<word id="word_1582">Fleisch</word>
<word id="word_1583">,</word>
<word id="word_1584">und</word>
<word id="word_1585">ich</word>
<word id="word_1586">kann</word>
<word id="word_1587">das</word>
<word id="word_1588">herumdrehen</word>
<word id="word_1589">.</word>
<word id="word_1590">Tut</word>
<word id="word_1591">mir</word>
<word id="word_1592">leid</word>
<word id="word_1593">.</word>
<word id="word_1594">Wenn</word>
<word id="word_1595">Ihnen</word>
<word id="word_1596">übel</word>
<word id="word_1597">wird</word>
<word id="word_1598">,</word>
<word id="word_1599">schauen</word>
<word id="word_1600">Sie</word>
<word id="word_1601">weg</word>
<word id="word_1602">,</word>
<word id="word_1603">schauen</word>
<word id="word_1604">Sie</word>
<word id="word_1605">nicht</word>
<word id="word_1606">hin</word>
<word id="word_1607">.</word>
<word id="word_1608">Die</word>
<word id="word_1609">Leute</word>
<word id="word_1610">hinten</word>
<word id="word_1611">oder</word>
<word id="word_1612">die</word>
<word id="word_1613">,</word>
<word id="word_1614">die</word>
<word id="word_1615">das</word>
<word id="word_1616">später</word>
<word id="word_1617">irgendwann</word>
<word id="word_1618">einmal</word>
<word id="word_1619">auf</word>
<word id="word_1620">Video</word>
<word id="word_1621">sehen</word>
<word id="word_1622">,</word>
<word id="word_1623">werden</word>
<word id="word_1624">sagen</word>
<word id="word_1625">,</word>
<word id="word_1626">"</word>
<word id="word_1627">Nun</word>
<word id="word_1628">ja</word>
<word id="word_1629">,</word>
<word id="word_1630">das</word>
<word id="word_1631">sieht</word>
<word id="word_1632">ja</word>
<word id="word_1633">recht</word>
<word id="word_1634">eindrucksvoll</word>
<word id="word_1635">aus</word>
<word id="word_1636">,</word>
<word id="word_1637">aber</word>
<word id="word_1638">wenn</word>
<word id="word_1639">es</word>
<word id="word_1640">echt</word>
<word id="word_1641">wäre</word>
<word id="word_1642">,</word>
<word id="word_1643">würde</word>
<word id="word_1644">er</word>
<word id="word_1645">-</word>
<word id="word_1646">sehen</word>
<word id="word_1647">Sie</word>
<word id="word_1648">,</word>
<word id="word_1649">hier</word>
<word id="word_1650">ist</word>
<word id="word_1651">ein</word>
<word id="word_1652">Loch</word>
<word id="word_1653">und</word>
<word id="word_1654">dort</word>
<word id="word_1655">,</word>
<word id="word_1656">wenn</word>
<word id="word_1657">es</word>
<word id="word_1658">wirklich</word>
<word id="word_1659">echt</word>
<word id="word_1660">wäre</word>
<word id="word_1661">,</word>
<word id="word_1662">würde</word>
<word id="word_1663">es</word>
<word id="word_1664">bluten</word>
<word id="word_1665">.</word>
<word id="word_1666">"</word>
<word id="word_1667">Okay</word>
<word id="word_1668">,</word>
<word id="word_1669">lassen</word>
<word id="word_1670">Sie</word>
<word id="word_1671">mich</word>
<word id="word_1672">ein</word>
<word id="word_1673">wenig</word>
<word id="word_1674">Blut</word>
<word id="word_1675">für</word>
<word id="word_1676">Sie</word>
<word id="word_1677">herausquetschen</word>
<word id="word_1678">.</word>
<word id="word_1679">Ja</word>
<word id="word_1680">,</word>
<word id="word_1681">hier</word>
<word id="word_1682">ist</word>
<word id="word_1683">es</word>
<word id="word_1684">.</word>
<word id="word_1685">Normalerweise</word>
<word id="word_1686">würde</word>
<word id="word_1687">ich</word>
<word id="word_1688">jetzt</word>
<word id="word_1689">die</word>
<word id="word_1690">Nadel</word>
<word id="word_1691">herausnehmen</word>
<word id="word_1692">.</word>
<word id="word_1693">Ich</word>
<word id="word_1694">würde</word>
<word id="word_1695">meinen</word>
<word id="word_1696">Arm</word>
<word id="word_1697">säubern</word>
<word id="word_1698">und</word>
<word id="word_1699">Ihnen</word>
<word id="word_1700">zeigen</word>
<word id="word_1701">,</word>
<word id="word_1702">dass</word>
<word id="word_1703">da</word>
<word id="word_1704">keine</word>
<word id="word_1705">Wunden</word>
<word id="word_1706">sind</word>
<word id="word_1707">.</word>
<word id="word_1708">Aber</word>
<word id="word_1709">ich</word>
<word id="word_1710">denke</word>
<word id="word_1711">,</word>
<word id="word_1712">in</word>
<word id="word_1713">diesem</word>
<word id="word_1714">Rahmen</word>
<word id="word_1715">hier</word>
<word id="word_1716">und</word>
<word id="word_1717">mit</word>
<word id="word_1718">der</word>
<word id="word_1719">Absicht</word>
<word id="word_1720">,</word>
<word id="word_1721">aus</word>
<word id="word_1722">einer</word>
<word id="word_1723">Täuschung</word>
<word id="word_1724">etwas</word>
<word id="word_1725">Echtes</word>
<word id="word_1726">zu</word>
<word id="word_1727">machen</word>
<word id="word_1728">,</word>
<word id="word_1729">werde</word>
<word id="word_1730">ich</word>
<word id="word_1731">die</word>
<word id="word_1732">Nadel</word>
<word id="word_1733">einfach</word>
<word id="word_1734">da</word>
<word id="word_1735">drin</word>
<word id="word_1736">lassen</word>
<word id="word_1737">und</word>
<word id="word_1738">so</word>
<word id="word_1739">von</word>
<word id="word_1740">der</word>
<word id="word_1741">Bühne</word>
<word id="word_1742">gehen</word>
<word id="word_1743">.</word>
<word id="word_1744">Wir</word>
<word id="word_1745">werden</word>
<word id="word_1746">uns</word>
<word id="word_1747">in</word>
<word id="word_1748">den</word>
<word id="word_1749">nächsten</word>
<word id="word_1750">Tagen</word>
<word id="word_1751">noch</word>
<word id="word_1752">ein</word>
<word id="word_1753">paar</word>
<word id="word_1754">Mal</word>
<word id="word_1755">begegnen</word>
<word id="word_1756">.</word>
<word id="word_1757">Ich</word>
<word id="word_1758">hoffe</word>
<word id="word_1759">,</word>
<word id="word_1760">Sie</word>
<word id="word_1761">freuen</word>
<word id="word_1762">sich</word>
<word id="word_1763">schon</word>
<word id="word_1764">darauf</word>
<word id="word_1765">.</word>
<word id="word_1766">Vielen</word>
<word id="word_1767">Dank</word>
<word id="word_1768">.</word>
</words>
