<?xml version="1.0" encoding="UTF-8"?>
<!DOCTYPE words SYSTEM "words.dtd">
<words>
<word id="word_1">Falls</word>
<word id="word_2">ich</word>
<word id="word_3">Ihnen</word>
<word id="word_4">heute</word>
<word id="word_5">eine</word>
<word id="word_6">Sache</word>
<word id="word_7">näherbringen</word>
<word id="word_8">möchte</word>
<word id="word_9">ist</word>
<word id="word_10">es</word>
<word id="word_11">,</word>
<word id="word_12">dass</word>
<word id="word_13">die</word>
<word id="word_14">Gesamtheit</word>
<word id="word_15">der</word>
<word id="word_16">Daten</word>
<word id="word_17">,</word>
<word id="word_18">die</word>
<word id="word_19">wir</word>
<word id="word_20">konsumieren</word>
<word id="word_21">,</word>
<word id="word_22">größer</word>
<word id="word_23">ist</word>
<word id="word_24">als</word>
<word id="word_25">die</word>
<word id="word_26">Summe</word>
<word id="word_27">ihrer</word>
<word id="word_28">Einzelteile</word>
<word id="word_29">und</word>
<word id="word_30">anstatt</word>
<word id="word_31">dabei</word>
<word id="word_32">an</word>
<word id="word_33">Informationsüberladung</word>
<word id="word_34">zu</word>
<word id="word_35">denken</word>
<word id="word_36">möchte</word>
<word id="word_37">ich</word>
<word id="word_38">,</word>
<word id="word_39">dass</word>
<word id="word_40">Sie</word>
<word id="word_41">darüber</word>
<word id="word_42">nachdenken</word>
<word id="word_43">wie</word>
<word id="word_44">wir</word>
<word id="word_45">Information</word>
<word id="word_46">so</word>
<word id="word_47">nutzen</word>
<word id="word_48">können</word>
<word id="word_49">,</word>
<word id="word_50">dass</word>
<word id="word_51">sich</word>
<word id="word_52">Muster</word>
<word id="word_53">ergeben</word>
<word id="word_54">und</word>
<word id="word_55">wir</word>
<word id="word_56">so</word>
<word id="word_57">Trends</word>
<word id="word_58">erkennen</word>
<word id="word_59">,</word>
<word id="word_60">die</word>
<word id="word_61">ansonsten</word>
<word id="word_62">nicht</word>
<word id="word_63">sichtbar</word>
<word id="word_64">geworden</word>
<word id="word_65">wären</word>
<word id="word_66">.</word>
<word id="word_67">So</word>
<word id="word_68">,</word>
<word id="word_69">was</word>
<word id="word_70">wir</word>
<word id="word_71">hier</word>
<word id="word_72">sehen</word>
<word id="word_73">ist</word>
<word id="word_74">ein</word>
<word id="word_75">typisches</word>
<word id="word_76">Sterbediagramm</word>
<word id="word_77">nach</word>
<word id="word_78">Alter</word>
<word id="word_79">angeordnet</word>
<word id="word_80">.</word>
<word id="word_81">Das</word>
<word id="word_82">Programm</word>
<word id="word_83">,</word>
<word id="word_84">das</word>
<word id="word_85">ich</word>
<word id="word_86">hier</word>
<word id="word_87">benutze</word>
<word id="word_88">,</word>
<word id="word_89">ist</word>
<word id="word_90">ein</word>
<word id="word_91">kleines</word>
<word id="word_92">Experiment</word>
<word id="word_93">.</word>
<word id="word_94">Es</word>
<word id="word_95">heißt</word>
<word id="word_96">Pivot</word>
<word id="word_97">und</word>
<word id="word_98">was</word>
<word id="word_99">ich</word>
<word id="word_100">mit</word>
<word id="word_101">Pivot</word>
<word id="word_102">machen</word>
<word id="word_103">kann</word>
<word id="word_104">ist</word>
<word id="word_105">,</word>
<word id="word_106">dass</word>
<word id="word_107">ich</word>
<word id="word_108">nach</word>
<word id="word_109">einer</word>
<word id="word_110">bestimmten</word>
<word id="word_111">Todesursache</word>
<word id="word_112">filtern</word>
<word id="word_113">kann</word>
<word id="word_114">,</word>
<word id="word_115">sagen</word>
<word id="word_116">wir</word>
<word id="word_117">Unfälle</word>
<word id="word_118">.</word>
<word id="word_119">Und</word>
<word id="word_120">sofort</word>
<word id="word_121">sehe</word>
<word id="word_122">ich</word>
<word id="word_123">ein</word>
<word id="word_124">anderes</word>
<word id="word_125">Muster</word>
<word id="word_126">,</word>
<word id="word_127">das</word>
<word id="word_128">sich</word>
<word id="word_129">ergibt</word>
<word id="word_130">.</word>
<word id="word_131">Und</word>
<word id="word_132">zwar</word>
<word id="word_133">,</word>
<word id="word_134">weil</word>
<word id="word_135">im</word>
<word id="word_136">Mittelbereich</word>
<word id="word_137">hier</word>
<word id="word_138">die</word>
<word id="word_139">Menschen</word>
<word id="word_140">am</word>
<word id="word_141">aktivsten</word>
<word id="word_142">sind</word>
<word id="word_143">und</word>
<word id="word_144">sie</word>
<word id="word_145">hier</word>
<word id="word_146">drüben</word>
<word id="word_147">am</word>
<word id="word_148">gebrechlichsten</word>
<word id="word_149">sind</word>
<word id="word_150">.</word>
<word id="word_151">Wir</word>
<word id="word_152">können</word>
<word id="word_153">einen</word>
<word id="word_154">Schritt</word>
<word id="word_155">weiter</word>
<word id="word_156">rausgehen</word>
<word id="word_157">und</word>
<word id="word_158">ordnen</word>
<word id="word_159">die</word>
<word id="word_160">Daten</word>
<word id="word_161">dann</word>
<word id="word_162">neu</word>
<word id="word_163">und</word>
<word id="word_164">sehen</word>
<word id="word_165">,</word>
<word id="word_166">dass</word>
<word id="word_167">Kreislauferkrankungen</word>
<word id="word_168">und</word>
<word id="word_169">Krebs</word>
<word id="word_170">die</word>
<word id="word_171">üblichen</word>
<word id="word_172">Verdächtigen</word>
<word id="word_173">sind</word>
<word id="word_174">,</word>
<word id="word_175">jedoch</word>
<word id="word_176">nicht</word>
<word id="word_177">für</word>
<word id="word_178">jeden</word>
<word id="word_179">.</word>
<word id="word_180">Wenn</word>
<word id="word_181">wir</word>
<word id="word_182">nun</word>
<word id="word_183">weitergehen</word>
<word id="word_184">und</word>
<word id="word_185">nach</word>
<word id="word_186">Alter</word>
<word id="word_187">sortieren</word>
<word id="word_188">,</word>
<word id="word_189">sagen</word>
<word id="word_190">wir</word>
<word id="word_191">40</word>
<word id="word_192">Jahre</word>
<word id="word_193">oder</word>
<word id="word_194">jünger</word>
<word id="word_195">sehen</word>
<word id="word_196">wir</word>
<word id="word_197">,</word>
<word id="word_198">dass</word>
<word id="word_199">Unfälle</word>
<word id="word_200">sogar</word>
<word id="word_201">die</word>
<word id="word_202">Hauptursache</word>
<word id="word_203">ist</word>
<word id="word_204">über</word>
<word id="word_205">die</word>
<word id="word_206">sich</word>
<word id="word_207">die</word>
<word id="word_208">Menschen</word>
<word id="word_209">Sorgen</word>
<word id="word_210">machen</word>
<word id="word_211">sollten</word>
<word id="word_212">.</word>
<word id="word_213">Und</word>
<word id="word_214">wer</word>
<word id="word_215">weiterforscht</word>
<word id="word_216">sieht</word>
<word id="word_217">,</word>
<word id="word_218">dass</word>
<word id="word_219">ist</word>
<word id="word_220">dies</word>
<word id="word_221">besonders</word>
<word id="word_222">bei</word>
<word id="word_223">Männern</word>
<word id="word_224">zutrifft</word>
<word id="word_225">.</word>
<word id="word_226">Sie</word>
<word id="word_227">erkennen</word>
<word id="word_228">also</word>
<word id="word_229">,</word>
<word id="word_230">dass</word>
<word id="word_231">das</word>
<word id="word_232">Ansehen</word>
<word id="word_233">von</word>
<word id="word_234">Informationen</word>
<word id="word_235">und</word>
<word id="word_236">Daten</word>
<word id="word_237">in</word>
<word id="word_238">dieser</word>
<word id="word_239">Weise</word>
<word id="word_240">sehr</word>
<word id="word_241">an</word>
<word id="word_242">Schwimmen</word>
<word id="word_243">in</word>
<word id="word_244">einer</word>
<word id="word_245">lebendigen</word>
<word id="word_246">Informationsgrafik</word>
<word id="word_247">erinnert</word>
<word id="word_248">.</word>
<word id="word_249">Und</word>
<word id="word_250">wenn</word>
<word id="word_251">wir</word>
<word id="word_252">dies</word>
<word id="word_253">für</word>
<word id="word_254">Rohdaten</word>
<word id="word_255">machen</word>
<word id="word_256">können</word>
<word id="word_257">warum</word>
<word id="word_258">nicht</word>
<word id="word_259">auch</word>
<word id="word_260">für</word>
<word id="word_261">Inhalte</word>
<word id="word_262">selbst</word>
<word id="word_263">?</word>
<word id="word_264">Was</word>
<word id="word_265">wir</word>
<word id="word_266">nun</word>
<word id="word_267">hier</word>
<word id="word_268">haben</word>
<word id="word_269">sind</word>
<word id="word_270">die</word>
<word id="word_271">Titelbilder</word>
<word id="word_272">jeder</word>
<word id="word_273">einzelnen</word>
<word id="word_274">"</word>
<word id="word_275">Sports</word>
<word id="word_276">Illustrated</word>
<word id="word_277">"</word>
<word id="word_278">,</word>
<word id="word_279">die</word>
<word id="word_280">jemals</word>
<word id="word_281">gedruckt</word>
<word id="word_282">wurden</word>
<word id="word_283">.</word>
<word id="word_284">Es</word>
<word id="word_285">ist</word>
<word id="word_286">alles</word>
<word id="word_287">hier</word>
<word id="word_288">.</word>
<word id="word_289">Es</word>
<word id="word_290">ist</word>
<word id="word_291">alles</word>
<word id="word_292">online</word>
<word id="word_293">.</word>
<word id="word_294">Sie</word>
<word id="word_295">können</word>
<word id="word_296">es</word>
<word id="word_297">gerne</word>
<word id="word_298">nach</word>
<word id="word_299">meinem</word>
<word id="word_300">Vortrag</word>
<word id="word_301">in</word>
<word id="word_302">Ihren</word>
<word id="word_303">Zimmern</word>
<word id="word_304">testen</word>
<word id="word_305">.</word>
<word id="word_306">Mit</word>
<word id="word_307">Pivot</word>
<word id="word_308">können</word>
<word id="word_309">sie</word>
<word id="word_310">eintauchen</word>
<word id="word_311">in</word>
<word id="word_312">ein</word>
<word id="word_313">Jahrzehnt</word>
<word id="word_314">.</word>
<word id="word_315">Sie</word>
<word id="word_316">können</word>
<word id="word_317">eintauchen</word>
<word id="word_318">in</word>
<word id="word_319">ein</word>
<word id="word_320">bestimmtes</word>
<word id="word_321">Jahr</word>
<word id="word_322">.</word>
<word id="word_323">Sie</word>
<word id="word_324">können</word>
<word id="word_325">direkt</word>
<word id="word_326">zu</word>
<word id="word_327">einer</word>
<word id="word_328">bestimmten</word>
<word id="word_329">Ausgabe</word>
<word id="word_330">springen</word>
<word id="word_331">.</word>
<word id="word_332">Wenn</word>
<word id="word_333">ich</word>
<word id="word_334">nun</word>
<word id="word_335">hier</word>
<word id="word_336">schaue</word>
<word id="word_337">,</word>
<word id="word_338">sehe</word>
<word id="word_339">ich</word>
<word id="word_340">die</word>
<word id="word_341">Athleten</word>
<word id="word_342">,</word>
<word id="word_343">die</word>
<word id="word_344">in</word>
<word id="word_345">dieser</word>
<word id="word_346">Ausgabe</word>
<word id="word_347">erscheinen</word>
<word id="word_348">und</word>
<word id="word_349">die</word>
<word id="word_350">Sportarten</word>
<word id="word_351">.</word>
<word id="word_352">Ich</word>
<word id="word_353">bin</word>
<word id="word_354">ein</word>
<word id="word_355">Lance</word>
<word id="word_356">Armstrong</word>
<word id="word_357">Fan</word>
<word id="word_358">,</word>
<word id="word_359">also</word>
<word id="word_360">klicke</word>
<word id="word_361">ich</word>
<word id="word_362">hierhin</word>
<word id="word_363">wodurch</word>
<word id="word_364">sich</word>
<word id="word_365">mir</word>
<word id="word_366">alle</word>
<word id="word_367">Ausgaben</word>
<word id="word_368">zeigen</word>
<word id="word_369">in</word>
<word id="word_370">denen</word>
<word id="word_371">Lance</word>
<word id="word_372">Armstrong</word>
<word id="word_373">erwähnt</word>
<word id="word_374">wird</word>
<word id="word_375">.</word>
<word id="word_376">Jetzt</word>
<word id="word_377">,</word>
<word id="word_378">wenn</word>
<word id="word_379">ich</word>
<word id="word_380">nur</word>
<word id="word_381">einen</word>
<word id="word_382">gröberen</word>
<word id="word_383">Überblick</word>
<word id="word_384">bekommen</word>
<word id="word_385">möchte</word>
<word id="word_386">,</word>
<word id="word_387">könnte</word>
<word id="word_388">ich</word>
<word id="word_389">denken</word>
<word id="word_390">"</word>
<word id="word_391">Ok</word>
<word id="word_392">,</word>
<word id="word_393">was</word>
<word id="word_394">wenn</word>
<word id="word_395">ich</word>
<word id="word_396">mir</word>
<word id="word_397">alles</word>
<word id="word_398">mit</word>
<word id="word_399">dem</word>
<word id="word_400">Thema</word>
<word id="word_401">Fahrradfahren</word>
<word id="word_402">ansehe</word>
<word id="word_403">?</word>
<word id="word_404">"</word>
<word id="word_405">Also</word>
<word id="word_406">gehe</word>
<word id="word_407">ich</word>
<word id="word_408">einen</word>
<word id="word_409">Schritt</word>
<word id="word_410">zurück</word>
<word id="word_411">und</word>
<word id="word_412">erweitere</word>
<word id="word_413">die</word>
<word id="word_414">Sichtweise</word>
<word id="word_415">.</word>
<word id="word_416">Nun</word>
<word id="word_417">sehe</word>
<word id="word_418">ich</word>
<word id="word_419">Greg</word>
<word id="word_420">Lemond</word>
<word id="word_421">.</word>
<word id="word_422">Und</word>
<word id="word_423">so</word>
<word id="word_424">bekommt</word>
<word id="word_425">man</word>
<word id="word_426">eine</word>
<word id="word_427">Idee</word>
<word id="word_428">davon</word>
<word id="word_429">,</word>
<word id="word_430">dass</word>
<word id="word_431">wenn</word>
<word id="word_432">man</word>
<word id="word_433">auf</word>
<word id="word_434">diese</word>
<word id="word_435">Art</word>
<word id="word_436">Informationen</word>
<word id="word_437">durchsucht</word>
<word id="word_438">,</word>
<word id="word_439">gezielter</word>
<word id="word_440">,</word>
<word id="word_441">breiter</word>
<word id="word_442">,</word>
<word id="word_443">reinzoomen</word>
<word id="word_444">,</word>
<word id="word_445">rauszoomen</word>
<word id="word_446">,</word>
<word id="word_447">dann</word>
<word id="word_448">sucht</word>
<word id="word_449">man</word>
<word id="word_450">nicht</word>
<word id="word_451">oder</word>
<word id="word_452">surft</word>
<word id="word_453">nicht</word>
<word id="word_454">einfach</word>
<word id="word_455">nur</word>
<word id="word_456">.</word>
<word id="word_457">Man</word>
<word id="word_458">macht</word>
<word id="word_459">etwas</word>
<word id="word_460">,</word>
<word id="word_461">das</word>
<word id="word_462">eigentlich</word>
<word id="word_463">ein</word>
<word id="word_464">wenig</word>
<word id="word_465">anders</word>
<word id="word_466">ist</word>
<word id="word_467">.</word>
<word id="word_468">Es</word>
<word id="word_469">ist</word>
<word id="word_470">etwas</word>
<word id="word_471">dazwischen</word>
<word id="word_472">und</word>
<word id="word_473">wir</word>
<word id="word_474">denken</word>
<word id="word_475">es</word>
<word id="word_476">ändert</word>
<word id="word_477">die</word>
<word id="word_478">Art</word>
<word id="word_479">und</word>
<word id="word_480">Weise</word>
<word id="word_481">wie</word>
<word id="word_482">Informationen</word>
<word id="word_483">genutzt</word>
<word id="word_484">werden</word>
<word id="word_485">können</word>
<word id="word_486">.</word>
<word id="word_487">Ich</word>
<word id="word_488">möchte</word>
<word id="word_489">diese</word>
<word id="word_490">Idee</word>
<word id="word_491">nun</word>
<word id="word_492">ein</word>
<word id="word_493">bisschen</word>
<word id="word_494">weiter</word>
<word id="word_495">ausführen</word>
<word id="word_496">mit</word>
<word id="word_497">etwa</word>
<word id="word_498">was</word>
<word id="word_499">ein</word>
<word id="word_500">bisschen</word>
<word id="word_501">verrückt</word>
<word id="word_502">ist</word>
<word id="word_503">.</word>
<word id="word_504">Was</word>
<word id="word_505">wir</word>
<word id="word_506">hier</word>
<word id="word_507">gemacht</word>
<word id="word_508">haben</word>
<word id="word_509">ist</word>
<word id="word_510">,</word>
<word id="word_511">wir</word>
<word id="word_512">haben</word>
<word id="word_513">jede</word>
<word id="word_514">einzelne</word>
<word id="word_515">Wikipediaseite</word>
<word id="word_516">genommen</word>
<word id="word_517">und</word>
<word id="word_518">sie</word>
<word id="word_519">auf</word>
<word id="word_520">eine</word>
<word id="word_521">kleine</word>
<word id="word_522">Zusammenfassung</word>
<word id="word_523">reduziert</word>
<word id="word_524">.</word>
<word id="word_525">Die</word>
<word id="word_526">Zusammenfassung</word>
<word id="word_527">enthält</word>
<word id="word_528">eine</word>
<word id="word_529">kurze</word>
<word id="word_530">Übersicht</word>
<word id="word_531">und</word>
<word id="word_532">ein</word>
<word id="word_533">Symbol</word>
<word id="word_534">für</word>
<word id="word_535">den</word>
<word id="word_536">Bereich</word>
<word id="word_537">aus</word>
<word id="word_538">dem</word>
<word id="word_539">sie</word>
<word id="word_540">kommt</word>
<word id="word_541">.</word>
<word id="word_542">Ich</word>
<word id="word_543">zeige</word>
<word id="word_544">nur</word>
<word id="word_545">mal</word>
<word id="word_546">die</word>
<word id="word_547">Top</word>
<word id="word_548">500</word>
<word id="word_549">der</word>
<word id="word_550">populärsten</word>
<word id="word_551">Wikipediaseiten</word>
<word id="word_552">.</word>
<word id="word_553">Aber</word>
<word id="word_554">sogar</word>
<word id="word_555">in</word>
<word id="word_556">dieser</word>
<word id="word_557">eingeschränkten</word>
<word id="word_558">Ansicht</word>
<word id="word_559">können</word>
<word id="word_560">wir</word>
<word id="word_561">eine</word>
<word id="word_562">Menge</word>
<word id="word_563">Dinge</word>
<word id="word_564">tun</word>
<word id="word_565">.</word>
<word id="word_566">Sofort</word>
<word id="word_567">bekommen</word>
<word id="word_568">wir</word>
<word id="word_569">einen</word>
<word id="word_570">Eindruck</word>
<word id="word_571">über</word>
<word id="word_572">die</word>
<word id="word_573">Themen</word>
<word id="word_574">,</word>
<word id="word_575">die</word>
<word id="word_576">auf</word>
<word id="word_577">Wikipedia</word>
<word id="word_578">am</word>
<word id="word_579">populärsten</word>
<word id="word_580">sind</word>
<word id="word_581">.</word>
<word id="word_582">Ich</word>
<word id="word_583">werde</word>
<word id="word_584">nun</word>
<word id="word_585">das</word>
<word id="word_586">Thema</word>
<word id="word_587">'</word>
<word id="word_588">Regierung</word>
<word id="word_589">'</word>
<word id="word_590">wählen</word>
<word id="word_591">.</word>
<word id="word_592">Nun</word>
<word id="word_593">,</word>
<word id="word_594">nachdem</word>
<word id="word_595">ich</word>
<word id="word_596">'</word>
<word id="word_597">Regierung</word>
<word id="word_598">'</word>
<word id="word_599">gewählt</word>
<word id="word_600">habe</word>
<word id="word_601">erkenne</word>
<word id="word_602">ich</word>
<word id="word_603">,</word>
<word id="word_604">dass</word>
<word id="word_605">die</word>
<word id="word_606">Wikipediakategorien</word>
<word id="word_607">,</word>
<word id="word_608">die</word>
<word id="word_609">sich</word>
<word id="word_610">am</word>
<word id="word_611">meisten</word>
<word id="word_612">damit</word>
<word id="word_613">decken</word>
<word id="word_614">Time</word>
<word id="word_615">Magazines</word>
<word id="word_616">"</word>
<word id="word_617">Menschen</word>
<word id="word_618">des</word>
<word id="word_619">Jahres</word>
<word id="word_620">"</word>
<word id="word_621">sind</word>
<word id="word_622">.</word>
<word id="word_623">Dies</word>
<word id="word_624">ist</word>
<word id="word_625">wirklich</word>
<word id="word_626">wichtig</word>
<word id="word_627">,</word>
<word id="word_628">da</word>
<word id="word_629">dies</word>
<word id="word_630">eine</word>
<word id="word_631">Erkenntnis</word>
<word id="word_632">ist</word>
<word id="word_633">,</word>
<word id="word_634">die</word>
<word id="word_635">nicht</word>
<word id="word_636">in</word>
<word id="word_637">einer</word>
<word id="word_638">einzelnen</word>
<word id="word_639">Wikipediaseite</word>
<word id="word_640">steckt</word>
<word id="word_641">.</word>
<word id="word_642">Das</word>
<word id="word_643">ist</word>
<word id="word_644">nur</word>
<word id="word_645">zu</word>
<word id="word_646">erkennen</word>
<word id="word_647">wenn</word>
<word id="word_648">man</word>
<word id="word_649">einen</word>
<word id="word_650">Schritt</word>
<word id="word_651">zurückgeht</word>
<word id="word_652">und</word>
<word id="word_653">das</word>
<word id="word_654">Ganze</word>
<word id="word_655">betrachtet</word>
<word id="word_656">.</word>
<word id="word_657">Schauend</word>
<word id="word_658">auf</word>
<word id="word_659">eine</word>
<word id="word_660">bestimmte</word>
<word id="word_661">dieser</word>
<word id="word_662">Zusammenfassungen</word>
<word id="word_663">kann</word>
<word id="word_664">ich</word>
<word id="word_665">dann</word>
<word id="word_666">in</word>
<word id="word_667">das</word>
<word id="word_668">Thema</word>
<word id="word_669">Time</word>
<word id="word_670">Magazines</word>
<word id="word_671">"</word>
<word id="word_672">Menschen</word>
<word id="word_673">des</word>
<word id="word_674">Jahres</word>
<word id="word_675">"</word>
<word id="word_676">hinein</word>
<word id="word_677">gehen</word>
<word id="word_678">,</word>
<word id="word_679">und</word>
<word id="word_680">alle</word>
<word id="word_681">zusammen</word>
<word id="word_682">sehen</word>
<word id="word_683">.</word>
<word id="word_684">Wenn</word>
<word id="word_685">ich</word>
<word id="word_686">nun</word>
<word id="word_687">all</word>
<word id="word_688">diese</word>
<word id="word_689">Personen</word>
<word id="word_690">betrachte</word>
<word id="word_691">erkenne</word>
<word id="word_692">ich</word>
<word id="word_693">,</word>
<word id="word_694">dass</word>
<word id="word_695">die</word>
<word id="word_696">Mehrheit</word>
<word id="word_697">davon</word>
<word id="word_698">Regierungsbeamte</word>
<word id="word_699">sind</word>
<word id="word_700">.</word>
<word id="word_701">Manche</word>
<word id="word_702">kommen</word>
<word id="word_703">aus</word>
<word id="word_704">der</word>
<word id="word_705">Wissenschaft</word>
<word id="word_706">.</word>
<word id="word_707">Manche</word>
<word id="word_708">,</word>
<word id="word_709">noch</word>
<word id="word_710">weniger</word>
<word id="word_711">,</word>
<word id="word_712">kommen</word>
<word id="word_713">aus</word>
<word id="word_714">der</word>
<word id="word_715">Wirtschaft</word>
<word id="word_716">.</word>
<word id="word_717">Hier</word>
<word id="word_718">ist</word>
<word id="word_719">mein</word>
<word id="word_720">Chef</word>
<word id="word_721">.</word>
<word id="word_722">Und</word>
<word id="word_723">einer</word>
<word id="word_724">kommt</word>
<word id="word_725">aus</word>
<word id="word_726">dem</word>
<word id="word_727">Musikbereich</word>
<word id="word_728">.</word>
<word id="word_729">Und</word>
<word id="word_730">interessanterweise</word>
<word id="word_731">ist</word>
<word id="word_732">Bono</word>
<word id="word_733">auch</word>
<word id="word_734">ein</word>
<word id="word_735">TED</word>
<word id="word_736">Prize</word>
<word id="word_737">Gewinner</word>
<word id="word_738">.</word>
<word id="word_739">So</word>
<word id="word_740">können</word>
<word id="word_741">wir</word>
<word id="word_742">nun</word>
<word id="word_743">springen</word>
<word id="word_744">und</word>
<word id="word_745">einen</word>
<word id="word_746">Blick</word>
<word id="word_747">auf</word>
<word id="word_748">alle</word>
<word id="word_749">TED</word>
<word id="word_750">Prize</word>
<word id="word_751">Gewinner</word>
<word id="word_752">werfen</word>
<word id="word_753">.</word>
<word id="word_754">Man</word>
<word id="word_755">sieht</word>
<word id="word_756">,</word>
<word id="word_757">wir</word>
<word id="word_758">surfen</word>
<word id="word_759">im</word>
<word id="word_760">Netz</word>
<word id="word_761">das</word>
<word id="word_762">erste</word>
<word id="word_763">Mal</word>
<word id="word_764">als</word>
<word id="word_765">ob</word>
<word id="word_766">es</word>
<word id="word_767">auch</word>
<word id="word_768">wirklich</word>
<word id="word_769">ein</word>
<word id="word_770">Netz</word>
<word id="word_771">ist</word>
<word id="word_772">,</word>
<word id="word_773">nicht</word>
<word id="word_774">nur</word>
<word id="word_775">von</word>
<word id="word_776">Seite</word>
<word id="word_777">zu</word>
<word id="word_778">Seite</word>
<word id="word_779">,</word>
<word id="word_780">sondern</word>
<word id="word_781">viel</word>
<word id="word_782">abstrakter</word>
<word id="word_783">.</word>
<word id="word_784">Und</word>
<word id="word_785">so</word>
<word id="word_786">möchte</word>
<word id="word_787">ich</word>
<word id="word_788">Ihnen</word>
<word id="word_789">was</word>
<word id="word_790">anderes</word>
<word id="word_791">zeigen</word>
<word id="word_792">was</word>
<word id="word_793">eine</word>
<word id="word_794">kleine</word>
<word id="word_795">Überraschung</word>
<word id="word_796">sein</word>
<word id="word_797">könnte</word>
<word id="word_798">.</word>
<word id="word_799">Ich</word>
<word id="word_800">zeige</word>
<word id="word_801">Ihnen</word>
<word id="word_802">hier</word>
<word id="word_803">einfach</word>
<word id="word_804">nur</word>
<word id="word_805">die</word>
<word id="word_806">New</word>
<word id="word_807">York</word>
<word id="word_808">Times</word>
<word id="word_809">Website</word>
<word id="word_810">.</word>
<word id="word_811">Pivot</word>
<word id="word_812">,</word>
<word id="word_813">diese</word>
<word id="word_814">Anwendung</word>
<word id="word_815">--</word>
<word id="word_816">Ich</word>
<word id="word_817">möchte</word>
<word id="word_818">es</word>
<word id="word_819">nicht</word>
<word id="word_820">einen</word>
<word id="word_821">Browser</word>
<word id="word_822">nennen</word>
<word id="word_823">;</word>
<word id="word_824">es</word>
<word id="word_825">ist</word>
<word id="word_826">wirklich</word>
<word id="word_827">kein</word>
<word id="word_828">Browser</word>
<word id="word_829">,</word>
<word id="word_830">aber</word>
<word id="word_831">man</word>
<word id="word_832">kann</word>
<word id="word_833">Webseiten</word>
<word id="word_834">damit</word>
<word id="word_835">ansehen</word>
<word id="word_836">--</word>
<word id="word_837">und</word>
<word id="word_838">wir</word>
<word id="word_839">bringen</word>
<word id="word_840">diese</word>
<word id="word_841">Zoom-Technologie</word>
<word id="word_842">zu</word>
<word id="word_843">jeder</word>
<word id="word_844">einzelnen</word>
<word id="word_845">Webseite</word>
<word id="word_846">wie</word>
<word id="word_847">dieser</word>
<word id="word_848">.</word>
<word id="word_849">Ich</word>
<word id="word_850">kann</word>
<word id="word_851">also</word>
<word id="word_852">einen</word>
<word id="word_853">Schritt</word>
<word id="word_854">zurückgehen</word>
<word id="word_855">,</word>
<word id="word_856">und</word>
<word id="word_857">direkt</word>
<word id="word_858">zu</word>
<word id="word_859">einer</word>
<word id="word_860">spezifischen</word>
<word id="word_861">Sektion</word>
<word id="word_862">springen</word>
<word id="word_863">.</word>
<word id="word_864">Das</word>
<word id="word_865">ist</word>
<word id="word_866">deshalb</word>
<word id="word_867">wichtig</word>
<word id="word_868">,</word>
<word id="word_869">weil</word>
<word id="word_870">man</word>
<word id="word_871">nur</word>
<word id="word_872">durch</word>
<word id="word_873">das</word>
<word id="word_874">Anschauen</word>
<word id="word_875">von</word>
<word id="word_876">Webseiten</word>
<word id="word_877">in</word>
<word id="word_878">dieser</word>
<word id="word_879">Art</word>
<word id="word_880">und</word>
<word id="word_881">Weise</word>
<word id="word_882">,</word>
<word id="word_883">den</word>
<word id="word_884">ganzen</word>
<word id="word_885">Internet-Verlauf</word>
<word id="word_886">auf</word>
<word id="word_887">die</word>
<word id="word_888">gleiche</word>
<word id="word_889">Art</word>
<word id="word_890">und</word>
<word id="word_891">Weise</word>
<word id="word_892">betrachten</word>
<word id="word_893">kann</word>
<word id="word_894">.</word>
<word id="word_895">Ich</word>
<word id="word_896">kann</word>
<word id="word_897">also</word>
<word id="word_898">in</word>
<word id="word_899">meinen</word>
<word id="word_900">Verlauf</word>
<word id="word_901">hineinzoomen</word>
<word id="word_902">in</word>
<word id="word_903">einem</word>
<word id="word_904">bestimmten</word>
<word id="word_905">Zeitrahmen</word>
<word id="word_906">.</word>
<word id="word_907">Hier</word>
<word id="word_908">ist</word>
<word id="word_909">der</word>
<word id="word_910">Stand</word>
<word id="word_911">der</word>
<word id="word_912">gesamten</word>
<word id="word_913">Demonstration</word>
<word id="word_914">,</word>
<word id="word_915">die</word>
<word id="word_916">ich</word>
<word id="word_917">bis</word>
<word id="word_918">hierhin</word>
<word id="word_919">gehalten</word>
<word id="word_920">habe</word>
<word id="word_921">.</word>
<word id="word_922">Und</word>
<word id="word_923">ich</word>
<word id="word_924">kann</word>
<word id="word_925">sozusagen</word>
<word id="word_926">alles</word>
<word id="word_927">,</word>
<word id="word_928">was</word>
<word id="word_929">ich</word>
<word id="word_930">heute</word>
<word id="word_931">bisher</word>
<word id="word_932">angesehen</word>
<word id="word_933">habe</word>
<word id="word_934">,</word>
<word id="word_935">wieder</word>
<word id="word_936">zurückholen</word>
<word id="word_937">.</word>
<word id="word_938">Und</word>
<word id="word_939">,</word>
<word id="word_940">wenn</word>
<word id="word_941">ich</word>
<word id="word_942">wieder</word>
<word id="word_943">einen</word>
<word id="word_944">Schritt</word>
<word id="word_945">rausgehe</word>
<word id="word_946">und</word>
<word id="word_947">auf</word>
<word id="word_948">alles</word>
<word id="word_949">schaue</word>
<word id="word_950">,</word>
<word id="word_951">kann</word>
<word id="word_952">ich</word>
<word id="word_953">meinen</word>
<word id="word_954">Verlauf</word>
<word id="word_955">neu</word>
<word id="word_956">anordnen</word>
<word id="word_957">vielleicht</word>
<word id="word_958">nach</word>
<word id="word_959">meiner</word>
<word id="word_960">Such-Vergangenheit</word>
<word id="word_961">.</word>
<word id="word_962">Hier</word>
<word id="word_963">,</word>
<word id="word_964">habe</word>
<word id="word_965">ich</word>
<word id="word_966">nach</word>
<word id="word_967">'</word>
<word id="word_968">nepotistisch</word>
<word id="word_969">'</word>
<word id="word_970">gesucht</word>
<word id="word_971">,</word>
<word id="word_972">hier</word>
<word id="word_973">nach</word>
<word id="word_974">Bing</word>
<word id="word_975">,</word>
<word id="word_976">oder</word>
<word id="word_977">hier</word>
<word id="word_978">nach</word>
<word id="word_979">Live</word>
<word id="word_980">Labs</word>
<word id="word_981">Pivot</word>
<word id="word_982">.</word>
<word id="word_983">Und</word>
<word id="word_984">von</word>
<word id="word_985">hier</word>
<word id="word_986">kann</word>
<word id="word_987">ich</word>
<word id="word_988">in</word>
<word id="word_989">die</word>
<word id="word_990">Seite</word>
<word id="word_991">hineingehen</word>
<word id="word_992">und</word>
<word id="word_993">sie</word>
<word id="word_994">wieder</word>
<word id="word_995">aufrufen</word>
<word id="word_996">.</word>
<word id="word_997">Es</word>
<word id="word_998">ist</word>
<word id="word_999">eine</word>
<word id="word_1000">Metapher</word>
<word id="word_1001">,</word>
<word id="word_1002">die</word>
<word id="word_1003">immer</word>
<word id="word_1004">wieder</word>
<word id="word_1005">verwendet</word>
<word id="word_1006">wird</word>
<word id="word_1007">,</word>
<word id="word_1008">und</word>
<word id="word_1009">jedes</word>
<word id="word_1010">Mal</word>
<word id="word_1011">macht</word>
<word id="word_1012">es</word>
<word id="word_1013">das</word>
<word id="word_1014">Gesamtbild</word>
<word id="word_1015">größer</word>
<word id="word_1016">als</word>
<word id="word_1017">die</word>
<word id="word_1018">Summe</word>
<word id="word_1019">der</word>
<word id="word_1020">Datenteile</word>
<word id="word_1021">.</word>
<word id="word_1022">Im</word>
<word id="word_1023">Moment</word>
<word id="word_1024">,</word>
<word id="word_1025">in</word>
<word id="word_1026">dieser</word>
<word id="word_1027">Welt</word>
<word id="word_1028">,</word>
<word id="word_1029">denken</word>
<word id="word_1030">wir</word>
<word id="word_1031">,</word>
<word id="word_1032">dass</word>
<word id="word_1033">Daten</word>
<word id="word_1034">ein</word>
<word id="word_1035">Fluch</word>
<word id="word_1036">sind</word>
<word id="word_1037">.</word>
<word id="word_1038">Wir</word>
<word id="word_1039">reden</word>
<word id="word_1040">von</word>
<word id="word_1041">dem</word>
<word id="word_1042">Fluch</word>
<word id="word_1043">des</word>
<word id="word_1044">Informationsüberflusses</word>
<word id="word_1045">.</word>
<word id="word_1046">Wir</word>
<word id="word_1047">reden</word>
<word id="word_1048">vom</word>
<word id="word_1049">"</word>
<word id="word_1050">Ertrinken</word>
<word id="word_1051">in</word>
<word id="word_1052">Informationen</word>
<word id="word_1053">"</word>
<word id="word_1054">.</word>
<word id="word_1055">Was</word>
<word id="word_1056">,</word>
<word id="word_1057">wenn</word>
<word id="word_1058">wir</word>
<word id="word_1059">diese</word>
<word id="word_1060">Situation</word>
<word id="word_1061">umdrehen</word>
<word id="word_1062">könnten</word>
<word id="word_1063">und</word>
<word id="word_1064">das</word>
<word id="word_1065">Internet</word>
<word id="word_1066">auf</word>
<word id="word_1067">den</word>
<word id="word_1068">Kopf</word>
<word id="word_1069">stellen</word>
<word id="word_1070">,</word>
<word id="word_1071">so</word>
<word id="word_1072">dass</word>
<word id="word_1073">wir</word>
<word id="word_1074">anstatt</word>
<word id="word_1075">immer</word>
<word id="word_1076">von</word>
<word id="word_1077">einem</word>
<word id="word_1078">zum</word>
<word id="word_1079">anderen</word>
<word id="word_1080">zu</word>
<word id="word_1081">gehen</word>
<word id="word_1082">,</word>
<word id="word_1083">beginnen</word>
<word id="word_1084">von</word>
<word id="word_1085">vielen</word>
<word id="word_1086">Dingen</word>
<word id="word_1087">zu</word>
<word id="word_1088">vielen</word>
<word id="word_1089">Dingen</word>
<word id="word_1090">gehen</word>
<word id="word_1091">zu</word>
<word id="word_1092">können</word>
<word id="word_1093">,</word>
<word id="word_1094">und</word>
<word id="word_1095">dadurch</word>
<word id="word_1096">Muster</word>
<word id="word_1097">erkennen</word>
<word id="word_1098">,</word>
<word id="word_1099">welche</word>
<word id="word_1100">ansonsten</word>
<word id="word_1101">verborgen</word>
<word id="word_1102">geblieben</word>
<word id="word_1103">wären</word>
<word id="word_1104">?</word>
<word id="word_1105">Falls</word>
<word id="word_1106">wir</word>
<word id="word_1107">dies</word>
<word id="word_1108">tun</word>
<word id="word_1109">können</word>
<word id="word_1110">,</word>
<word id="word_1111">dann</word>
<word id="word_1112">wird</word>
<word id="word_1113">diese</word>
<word id="word_1114">bisherige</word>
<word id="word_1115">Datenfalle</word>
<word id="word_1116">,</word>
<word id="word_1117">vielleicht</word>
<word id="word_1118">eine</word>
<word id="word_1119">neue</word>
<word id="word_1120">Quelle</word>
<word id="word_1121">sinnvoller</word>
<word id="word_1122">Informationen</word>
<word id="word_1123">.</word>
<word id="word_1124">Und</word>
<word id="word_1125">,</word>
<word id="word_1126">anstatt</word>
<word id="word_1127">sich</word>
<word id="word_1128">einfach</word>
<word id="word_1129">nur</word>
<word id="word_1130">in</word>
<word id="word_1131">Informationen</word>
<word id="word_1132">zu</word>
<word id="word_1133">bewegen</word>
<word id="word_1134">,</word>
<word id="word_1135">können</word>
<word id="word_1136">wir</word>
<word id="word_1137">Wissen</word>
<word id="word_1138">daraus</word>
<word id="word_1139">bekommen</word>
<word id="word_1140">.</word>
<word id="word_1141">Und</word>
<word id="word_1142">wenn</word>
<word id="word_1143">wir</word>
<word id="word_1144">Wissen</word>
<word id="word_1145">erfahren</word>
<word id="word_1146">,</word>
<word id="word_1147">dann</word>
<word id="word_1148">können</word>
<word id="word_1149">wir</word>
<word id="word_1150">vielleicht</word>
<word id="word_1151">sogar</word>
<word id="word_1152">Weisheiten</word>
<word id="word_1153">daraus</word>
<word id="word_1154">ziehen</word>
<word id="word_1155">.</word>
<word id="word_1156">Damit</word>
<word id="word_1157">höre</word>
<word id="word_1158">ich</word>
<word id="word_1159">auf</word>
<word id="word_1160">,</word>
<word id="word_1161">vielen</word>
<word id="word_1162">Dank</word>
<word id="word_1163">.</word>
</words>
