<?xml version="1.0" encoding="UTF-8"?>
<!DOCTYPE words SYSTEM "words.dtd">
<words>
<word id="word_1">Vor</word>
<word id="word_2">einigen</word>
<word id="word_3">Jahren</word>
<word id="word_4">,</word>
<word id="word_5">hier</word>
<word id="word_6">bei</word>
<word id="word_7">TED</word>
<word id="word_8">,</word>
<word id="word_9">stellte</word>
<word id="word_10">Peter</word>
<word id="word_11">Skillman</word>
<word id="word_12">einen</word>
<word id="word_13">Design-Wettbewerb</word>
<word id="word_14">namens</word>
<word id="word_15">"</word>
<word id="word_16">Die</word>
<word id="word_17">Marshmallow-Herausforderung</word>
<word id="word_18">"</word>
<word id="word_19">vor</word>
<word id="word_20">.</word>
<word id="word_21">Die</word>
<word id="word_22">Idee</word>
<word id="word_23">ist</word>
<word id="word_24">ziemlich</word>
<word id="word_25">einfach</word>
<word id="word_26">.</word>
<word id="word_27">Vierer-teams</word>
<word id="word_28">müssen</word>
<word id="word_29">die</word>
<word id="word_30">größtmögliche</word>
<word id="word_31">freistehende</word>
<word id="word_32">Struktur</word>
<word id="word_33">mit</word>
<word id="word_34">20</word>
<word id="word_35">Spaghetti</word>
<word id="word_36">,</word>
<word id="word_37">ca.</word>
<word id="word_38">1m</word>
<word id="word_39">Klebeband</word>
<word id="word_40">,</word>
<word id="word_41">ca.</word>
<word id="word_42">1m</word>
<word id="word_43">Faden</word>
<word id="word_44">und</word>
<word id="word_45">einem</word>
<word id="word_46">Marshmallow</word>
<word id="word_47">bauen</word>
<word id="word_48">.</word>
<word id="word_49">Der</word>
<word id="word_50">Marshmallow</word>
<word id="word_51">muss</word>
<word id="word_52">oben</word>
<word id="word_53">drauf</word>
<word id="word_54">sein</word>
<word id="word_55">.</word>
<word id="word_56">Und</word>
<word id="word_57">,</word>
<word id="word_58">obwohl</word>
<word id="word_59">es</word>
<word id="word_60">wirklich</word>
<word id="word_61">einfach</word>
<word id="word_62">scheint</word>
<word id="word_63">,</word>
<word id="word_64">ist</word>
<word id="word_65">es</word>
<word id="word_66">tatsächlich</word>
<word id="word_67">richtig</word>
<word id="word_68">schwer</word>
<word id="word_69">,</word>
<word id="word_70">weil</word>
<word id="word_71">es</word>
<word id="word_72">Leute</word>
<word id="word_73">drängt</word>
<word id="word_74">sehr</word>
<word id="word_75">schnell</word>
<word id="word_76">zusammenzuarbeiten</word>
<word id="word_77">.</word>
<word id="word_78">Und</word>
<word id="word_79">so</word>
<word id="word_80">dachte</word>
<word id="word_81">ich</word>
<word id="word_82">,</word>
<word id="word_83">dass</word>
<word id="word_84">dies</word>
<word id="word_85">eine</word>
<word id="word_86">interessante</word>
<word id="word_87">Idee</word>
<word id="word_88">ist</word>
<word id="word_89">und</word>
<word id="word_90">ich</word>
<word id="word_91">habe</word>
<word id="word_92">es</word>
<word id="word_93">in</word>
<word id="word_94">einen</word>
<word id="word_95">Design-Workshop</word>
<word id="word_96">verwandelt</word>
<word id="word_97">.</word>
<word id="word_98">Es</word>
<word id="word_99">war</word>
<word id="word_100">ein</word>
<word id="word_101">riesiger</word>
<word id="word_102">Erfolg</word>
<word id="word_103">.</word>
<word id="word_104">Seitdem</word>
<word id="word_105">habe</word>
<word id="word_106">ich</word>
<word id="word_107">ungefähr</word>
<word id="word_108">70</word>
<word id="word_109">Workshops</word>
<word id="word_110">weltweit</word>
<word id="word_111">durchgeführt</word>
<word id="word_112">,</word>
<word id="word_113">mit</word>
<word id="word_114">Studenten</word>
<word id="word_115">,</word>
<word id="word_116">Entwicklern</word>
<word id="word_117">und</word>
<word id="word_118">Architekten</word>
<word id="word_119">,</word>
<word id="word_120">sogar</word>
<word id="word_121">mit</word>
<word id="word_122">CTOs</word>
<word id="word_123">der</word>
<word id="word_124">Fortune-50-Unternehmen</word>
<word id="word_125">und</word>
<word id="word_126">da</word>
<word id="word_127">ist</word>
<word id="word_128">etwas</word>
<word id="word_129">an</word>
<word id="word_130">dieser</word>
<word id="word_131">Aufgabe</word>
<word id="word_132">,</word>
<word id="word_133">was</word>
<word id="word_134">tiefe</word>
<word id="word_135">Eindrücke</word>
<word id="word_136">in</word>
<word id="word_137">die</word>
<word id="word_138">Natur</word>
<word id="word_139">der</word>
<word id="word_140">Zusammenarbeit</word>
<word id="word_141">ermöglicht</word>
<word id="word_142">und</word>
<word id="word_143">ich</word>
<word id="word_144">möchte</word>
<word id="word_145">einige</word>
<word id="word_146">davon</word>
<word id="word_147">mit</word>
<word id="word_148">Ihnen</word>
<word id="word_149">teilen</word>
<word id="word_150">.</word>
<word id="word_151">Normalerweise</word>
<word id="word_152">starten</word>
<word id="word_153">die</word>
<word id="word_154">meisten</word>
<word id="word_155">Leute</word>
<word id="word_156">sich</word>
<word id="word_157">selbst</word>
<word id="word_158">bezüglich</word>
<word id="word_159">der</word>
<word id="word_160">Aufgabe</word>
<word id="word_161">zu</word>
<word id="word_162">orientieren</word>
<word id="word_163">.</word>
<word id="word_164">Sie</word>
<word id="word_165">reden</word>
<word id="word_166">darüber</word>
<word id="word_167">,</word>
<word id="word_168">sie</word>
<word id="word_169">überlegen</word>
<word id="word_170">,</word>
<word id="word_171">wie</word>
<word id="word_172">es</word>
<word id="word_173">aussehen</word>
<word id="word_174">wird</word>
<word id="word_175">,</word>
<word id="word_176">sie</word>
<word id="word_177">rangeln</word>
<word id="word_178">um</word>
<word id="word_179">Macht</word>
<word id="word_180">,</word>
<word id="word_181">dann</word>
<word id="word_182">investieren</word>
<word id="word_183">Sie</word>
<word id="word_184">ein</word>
<word id="word_185">wenig</word>
<word id="word_186">Zeit</word>
<word id="word_187">in</word>
<word id="word_188">Planung</word>
<word id="word_189">und</word>
<word id="word_190">Organisation</word>
<word id="word_191">.</word>
<word id="word_192">Sie</word>
<word id="word_193">skizzieren</word>
<word id="word_194">und</word>
<word id="word_195">legen</word>
<word id="word_196">Spaghetti</word>
<word id="word_197">aus</word>
<word id="word_198">.</word>
<word id="word_199">Sie</word>
<word id="word_200">investieren</word>
<word id="word_201">einen</word>
<word id="word_202">Großteil</word>
<word id="word_203">ihrer</word>
<word id="word_204">Zeit</word>
<word id="word_205">in</word>
<word id="word_206">den</word>
<word id="word_207">Zusammenbau</word>
<word id="word_208">ständig</word>
<word id="word_209">wachsender</word>
<word id="word_210">Strukturen</word>
<word id="word_211">und</word>
<word id="word_212">schließlich</word>
<word id="word_213">,</word>
<word id="word_214">kurz</word>
<word id="word_215">bevor</word>
<word id="word_216">sie</word>
<word id="word_217">keine</word>
<word id="word_218">Zeit</word>
<word id="word_219">mehr</word>
<word id="word_220">haben</word>
<word id="word_221">,</word>
<word id="word_222">nimmt</word>
<word id="word_223">jemand</word>
<word id="word_224">den</word>
<word id="word_225">Marshmallow</word>
<word id="word_226">und</word>
<word id="word_227">sie</word>
<word id="word_228">setzen</word>
<word id="word_229">ihn</word>
<word id="word_230">behutsam</word>
<word id="word_231">auf</word>
<word id="word_232">die</word>
<word id="word_233">Spitze</word>
<word id="word_234">,</word>
<word id="word_235">treten</word>
<word id="word_236">einen</word>
<word id="word_237">Schritt</word>
<word id="word_238">zurück</word>
<word id="word_239">und</word>
<word id="word_240">"</word>
<word id="word_241">Ta-da</word>
<word id="word_242">"</word>
<word id="word_243">!</word>
<word id="word_244">bewundern</word>
<word id="word_245">sie</word>
<word id="word_246">ihre</word>
<word id="word_247">Arbeit</word>
<word id="word_248">.</word>
<word id="word_249">Was</word>
<word id="word_250">aber</word>
<word id="word_251">dann</word>
<word id="word_252">,</word>
<word id="word_253">fast</word>
<word id="word_254">immer</word>
<word id="word_255">,</word>
<word id="word_256">passiert</word>
<word id="word_257">ist</word>
<word id="word_258">,</word>
<word id="word_259">dass</word>
<word id="word_260">das</word>
<word id="word_261">"</word>
<word id="word_262">ta-da</word>
<word id="word_263">"</word>
<word id="word_264">zu</word>
<word id="word_265">einem</word>
<word id="word_266">"</word>
<word id="word_267">uh-oh</word>
<word id="word_268">"</word>
<word id="word_269">wird</word>
<word id="word_270">,</word>
<word id="word_271">weil</word>
<word id="word_272">das</word>
<word id="word_273">Gewicht</word>
<word id="word_274">des</word>
<word id="word_275">Marshmallows</word>
<word id="word_276">bewirkt</word>
<word id="word_277">,</word>
<word id="word_278">dass</word>
<word id="word_279">die</word>
<word id="word_280">ganze</word>
<word id="word_281">Sache</word>
<word id="word_282">sich</word>
<word id="word_283">verbiegt</word>
<word id="word_284">und</word>
<word id="word_285">einstürzt</word>
<word id="word_286">.</word>
<word id="word_287">Es</word>
<word id="word_288">gibt</word>
<word id="word_289">eine</word>
<word id="word_290">Reihe</word>
<word id="word_291">von</word>
<word id="word_292">Leuten</word>
<word id="word_293">,</word>
<word id="word_294">die</word>
<word id="word_295">viel</word>
<word id="word_296">mehr</word>
<word id="word_297">"</word>
<word id="word_298">uh-oh</word>
<word id="word_299">"</word>
<word id="word_300">-Momente</word>
<word id="word_301">haben</word>
<word id="word_302">als</word>
<word id="word_303">andere</word>
<word id="word_304">,</word>
<word id="word_305">und</word>
<word id="word_306">unter</word>
<word id="word_307">den</word>
<word id="word_308">Schlechtesten</word>
<word id="word_309">sind</word>
<word id="word_310">frische</word>
<word id="word_311">BWL-Absolventen</word>
<word id="word_312">.</word>
<word id="word_313">Sie</word>
<word id="word_314">lügen</word>
<word id="word_315">,</word>
<word id="word_316">sie</word>
<word id="word_317">schummeln</word>
<word id="word_318">,</word>
<word id="word_319">sie</word>
<word id="word_320">sind</word>
<word id="word_321">verwirrt</word>
<word id="word_322">und</word>
<word id="word_323">produzieren</word>
<word id="word_324">wirklich</word>
<word id="word_325">dürftige</word>
<word id="word_326">Gebilde</word>
<word id="word_327">.</word>
<word id="word_328">Und</word>
<word id="word_329">natürlich</word>
<word id="word_330">gibt</word>
<word id="word_331">es</word>
<word id="word_332">auch</word>
<word id="word_333">Teams</word>
<word id="word_334">die</word>
<word id="word_335">viel</word>
<word id="word_336">mehr</word>
<word id="word_337">"</word>
<word id="word_338">ta-da</word>
<word id="word_339">"</word>
<word id="word_340">-Gebilde</word>
<word id="word_341">haben</word>
<word id="word_342">und</word>
<word id="word_343">unter</word>
<word id="word_344">den</word>
<word id="word_345">Besten</word>
<word id="word_346">sind</word>
<word id="word_347">frische</word>
<word id="word_348">Absolventen</word>
<word id="word_349">des</word>
<word id="word_350">Kindergartens</word>
<word id="word_351">.</word>
<word id="word_352">Und</word>
<word id="word_353">das</word>
<word id="word_354">ist</word>
<word id="word_355">ziemlich</word>
<word id="word_356">erstaunlich</word>
<word id="word_357">.</word>
<word id="word_358">Wie</word>
<word id="word_359">uns</word>
<word id="word_360">Peter</word>
<word id="word_361">erzählte</word>
<word id="word_362">produzieren</word>
<word id="word_363">sie</word>
<word id="word_364">nicht</word>
<word id="word_365">nur</word>
<word id="word_366">die</word>
<word id="word_367">höchsten</word>
<word id="word_368">Türme</word>
<word id="word_369">,</word>
<word id="word_370">sondern</word>
<word id="word_371">auch</word>
<word id="word_372">die</word>
<word id="word_373">interessantesten</word>
<word id="word_374">Strukturen</word>
<word id="word_375">von</word>
<word id="word_376">allen</word>
<word id="word_377">.</word>
<word id="word_378">Was</word>
<word id="word_379">sie</word>
<word id="word_380">vielleicht</word>
<word id="word_381">fragen</word>
<word id="word_382">werden</word>
<word id="word_383">ist</word>
<word id="word_384">:</word>
<word id="word_385">Wie</word>
<word id="word_386">kommt</word>
<word id="word_387">das</word>
<word id="word_388">?</word>
<word id="word_389">Warum</word>
<word id="word_390">?</word>
<word id="word_391">Was</word>
<word id="word_392">ist</word>
<word id="word_393">mit</word>
<word id="word_394">denen</word>
<word id="word_395">?</word>
<word id="word_396">Und</word>
<word id="word_397">Peter</word>
<word id="word_398">erzählt</word>
<word id="word_399">:</word>
<word id="word_400">"</word>
<word id="word_401">Keines</word>
<word id="word_402">der</word>
<word id="word_403">Kinder</word>
<word id="word_404">investiert</word>
<word id="word_405">Zeit</word>
<word id="word_406">darin</word>
<word id="word_407">Chef</word>
<word id="word_408">der</word>
<word id="word_409">Spaghetti</word>
<word id="word_410">GmbH</word>
<word id="word_411">zu</word>
<word id="word_412">sein</word>
<word id="word_413">"</word>
<word id="word_414">.</word>
<word id="word_415">Sie</word>
<word id="word_416">investieren</word>
<word id="word_417">keine</word>
<word id="word_418">Zeit</word>
<word id="word_419">in</word>
<word id="word_420">Machtkämpfe</word>
<word id="word_421">.</word>
<word id="word_422">Es</word>
<word id="word_423">gibt</word>
<word id="word_424">aber</word>
<word id="word_425">noch</word>
<word id="word_426">einen</word>
<word id="word_427">weiteren</word>
<word id="word_428">Grund</word>
<word id="word_429">.</word>
<word id="word_430">Und</word>
<word id="word_431">zwar</word>
<word id="word_432">,</word>
<word id="word_433">dass</word>
<word id="word_434">BWL-Studenten</word>
<word id="word_435">trainiert</word>
<word id="word_436">wurden</word>
<word id="word_437">,</word>
<word id="word_438">den</word>
<word id="word_439">einen</word>
<word id="word_440">richtigen</word>
<word id="word_441">Plan</word>
<word id="word_442">zu</word>
<word id="word_443">finden</word>
<word id="word_444">,</word>
<word id="word_445">ok</word>
<word id="word_446">!</word>
<word id="word_447">Und</word>
<word id="word_448">ihn</word>
<word id="word_449">dann</word>
<word id="word_450">zu</word>
<word id="word_451">realisieren</word>
<word id="word_452">.</word>
<word id="word_453">Was</word>
<word id="word_454">dann</word>
<word id="word_455">passiert</word>
<word id="word_456">,</word>
<word id="word_457">wenn</word>
<word id="word_458">sie</word>
<word id="word_459">den</word>
<word id="word_460">Marshmallow</word>
<word id="word_461">auf</word>
<word id="word_462">die</word>
<word id="word_463">Spitze</word>
<word id="word_464">packen</word>
<word id="word_465">,</word>
<word id="word_466">sie</word>
<word id="word_467">haben</word>
<word id="word_468">keine</word>
<word id="word_469">Zeit</word>
<word id="word_470">mehr</word>
<word id="word_471">und</word>
<word id="word_472">was</word>
<word id="word_473">passiert</word>
<word id="word_474">?</word>
<word id="word_475">Es</word>
<word id="word_476">ist</word>
<word id="word_477">eine</word>
<word id="word_478">Krise</word>
<word id="word_479">.</word>
<word id="word_480">Klingt</word>
<word id="word_481">vertraut</word>
<word id="word_482">,</word>
<word id="word_483">was</word>
<word id="word_484">?</word>
<word id="word_485">Was</word>
<word id="word_486">Kindergartenkinder</word>
<word id="word_487">anders</word>
<word id="word_488">machen</word>
<word id="word_489">ist</word>
<word id="word_490">,</word>
<word id="word_491">dass</word>
<word id="word_492">sie</word>
<word id="word_493">mit</word>
<word id="word_494">dem</word>
<word id="word_495">Marshmallow</word>
<word id="word_496">beginnen</word>
<word id="word_497">und</word>
<word id="word_498">Prototypen</word>
<word id="word_499">bauen</word>
<word id="word_500">,</word>
<word id="word_501">erfolgreiche</word>
<word id="word_502">Prototypen</word>
<word id="word_503">,</word>
<word id="word_504">immer</word>
<word id="word_505">mit</word>
<word id="word_506">dem</word>
<word id="word_507">Marshmallow</word>
<word id="word_508">an</word>
<word id="word_509">der</word>
<word id="word_510">Spitze</word>
<word id="word_511">,</word>
<word id="word_512">so</word>
<word id="word_513">dass</word>
<word id="word_514">sie</word>
<word id="word_515">mehrfach</word>
<word id="word_516">die</word>
<word id="word_517">Möglichkeit</word>
<word id="word_518">haben</word>
<word id="word_519">baufällige</word>
<word id="word_520">Prototypen</word>
<word id="word_521">zu</word>
<word id="word_522">reparieren</word>
<word id="word_523">.</word>
<word id="word_524">Konstrukteure</word>
<word id="word_525">erkennen</word>
<word id="word_526">diese</word>
<word id="word_527">Art</word>
<word id="word_528">der</word>
<word id="word_529">Zusammenarbeit</word>
<word id="word_530">als</word>
<word id="word_531">Kern</word>
<word id="word_532">eines</word>
<word id="word_533">iterativen</word>
<word id="word_534">Vorgangs</word>
<word id="word_535">.</word>
<word id="word_536">Und</word>
<word id="word_537">mit</word>
<word id="word_538">jedem</word>
<word id="word_539">Versuch</word>
<word id="word_540">bekommen</word>
<word id="word_541">die</word>
<word id="word_542">Kinder</word>
<word id="word_543">unmittelbar</word>
<word id="word_544">Feedback</word>
<word id="word_545">was</word>
<word id="word_546">funktioniert</word>
<word id="word_547">und</word>
<word id="word_548">was</word>
<word id="word_549">nicht</word>
<word id="word_550">.</word>
<word id="word_551">So</word>
<word id="word_552">ist</word>
<word id="word_553">die</word>
<word id="word_554">Leistung</word>
<word id="word_555">,</word>
<word id="word_556">mit</word>
<word id="word_557">Prototypen</word>
<word id="word_558">zu</word>
<word id="word_559">arbeiten</word>
<word id="word_560">,</word>
<word id="word_561">wesentlich</word>
<word id="word_562">-</word>
<word id="word_563">aber</word>
<word id="word_564">sehen</word>
<word id="word_565">wir</word>
<word id="word_566">einmal</word>
<word id="word_567">,</word>
<word id="word_568">wie</word>
<word id="word_569">verschieden</word>
<word id="word_570">Teams</word>
<word id="word_571">agieren</word>
<word id="word_572">.</word>
<word id="word_573">Der</word>
<word id="word_574">Durchschnitt</word>
<word id="word_575">für</word>
<word id="word_576">die</word>
<word id="word_577">meisten</word>
<word id="word_578">liegt</word>
<word id="word_579">bei</word>
<word id="word_580">ca.</word>
<word id="word_581">50cm</word>
<word id="word_582">,</word>
<word id="word_583">BWL-Studenten</word>
<word id="word_584">schaffen</word>
<word id="word_585">die</word>
<word id="word_586">Hälfte</word>
<word id="word_587">davon</word>
<word id="word_588">,</word>
<word id="word_589">Anwälte</word>
<word id="word_590">etwas</word>
<word id="word_591">mehr</word>
<word id="word_592">,</word>
<word id="word_593">aber</word>
<word id="word_594">nicht</word>
<word id="word_595">viel</word>
<word id="word_596">,</word>
<word id="word_597">Kindergartenkinder</word>
<word id="word_598">sind</word>
<word id="word_599">besser</word>
<word id="word_600">als</word>
<word id="word_601">die</word>
<word id="word_602">Erwachsenen</word>
<word id="word_603">.</word>
<word id="word_604">Wer</word>
<word id="word_605">ist</word>
<word id="word_606">am</word>
<word id="word_607">erfolgreichsten</word>
<word id="word_608">?</word>
<word id="word_609">Architekten</word>
<word id="word_610">und</word>
<word id="word_611">Ingenieure</word>
<word id="word_612">,</word>
<word id="word_613">zum</word>
<word id="word_614">Glück</word>
<word id="word_615">.</word>
<word id="word_616">1m</word>
<word id="word_617">ist</word>
<word id="word_618">das</word>
<word id="word_619">Höchste</word>
<word id="word_620">,</word>
<word id="word_621">was</word>
<word id="word_622">ich</word>
<word id="word_623">gesehen</word>
<word id="word_624">habe</word>
<word id="word_625">.</word>
<word id="word_626">Und</word>
<word id="word_627">warum</word>
<word id="word_628">?</word>
<word id="word_629">Weil</word>
<word id="word_630">sie</word>
<word id="word_631">Dreiecke</word>
<word id="word_632">verstehen</word>
<word id="word_633">und</word>
<word id="word_634">sich-selbst-verstärkende</word>
<word id="word_635">geometrische</word>
<word id="word_636">Muster</word>
<word id="word_637">sind</word>
<word id="word_638">der</word>
<word id="word_639">Schlüssel</word>
<word id="word_640">um</word>
<word id="word_641">stabile</word>
<word id="word_642">Strukturen</word>
<word id="word_643">zu</word>
<word id="word_644">bauen</word>
<word id="word_645">.</word>
<word id="word_646">CEOs</word>
<word id="word_647">liegen</word>
<word id="word_648">etwas</word>
<word id="word_649">über</word>
<word id="word_650">Durchschnitt</word>
<word id="word_651">.</word>
<word id="word_652">Aber</word>
<word id="word_653">hier</word>
<word id="word_654">wird</word>
<word id="word_655">es</word>
<word id="word_656">interessant</word>
<word id="word_657">.</word>
<word id="word_658">Setzt</word>
<word id="word_659">man</word>
<word id="word_660">ein</word>
<word id="word_661">Exekutive</word>
<word id="word_662">Administrator</word>
<word id="word_663">auf</word>
<word id="word_664">dem</word>
<word id="word_665">Team</word>
<word id="word_666">,</word>
<word id="word_667">werden</word>
<word id="word_668">sie</word>
<word id="word_669">signifikant</word>
<word id="word_670">besser</word>
<word id="word_671">.</word>
<word id="word_672">Es</word>
<word id="word_673">ist</word>
<word id="word_674">unglaublich</word>
<word id="word_675">.</word>
<word id="word_676">Sie</word>
<word id="word_677">sehen</word>
<word id="word_678">sich</word>
<word id="word_679">um</word>
<word id="word_680">und</word>
<word id="word_681">erkennen</word>
<word id="word_682">"</word>
<word id="word_683">Dieses</word>
<word id="word_684">Team</word>
<word id="word_685">wird</word>
<word id="word_686">gewinnen</word>
<word id="word_687">.</word>
<word id="word_688">"</word>
<word id="word_689">Sie</word>
<word id="word_690">können</word>
<word id="word_691">das</word>
<word id="word_692">vorhersagen</word>
<word id="word_693">.</word>
<word id="word_694">Warum</word>
<word id="word_695">geht</word>
<word id="word_696">das</word>
<word id="word_697">?</word>
<word id="word_698">Weil</word>
<word id="word_699">sie</word>
<word id="word_700">spezielle</word>
<word id="word_701">Fähigkeiten</word>
<word id="word_702">der</word>
<word id="word_703">Prozessbegleitung</word>
<word id="word_704">haben</word>
<word id="word_705">.</word>
<word id="word_706">Sie</word>
<word id="word_707">leiten</word>
<word id="word_708">den</word>
<word id="word_709">Prozess</word>
<word id="word_710">,</word>
<word id="word_711">sie</word>
<word id="word_712">verstehen</word>
<word id="word_713">ihn</word>
<word id="word_714">.</word>
<word id="word_715">Und</word>
<word id="word_716">jenes</word>
<word id="word_717">Team</word>
<word id="word_718">,</word>
<word id="word_719">das</word>
<word id="word_720">regelt</word>
<word id="word_721">und</word>
<word id="word_722">auf</word>
<word id="word_723">die</word>
<word id="word_724">Arbeit</word>
<word id="word_725">achtet</word>
<word id="word_726">wird</word>
<word id="word_727">die</word>
<word id="word_728">Leistung</word>
<word id="word_729">des</word>
<word id="word_730">Teams</word>
<word id="word_731">signifikant</word>
<word id="word_732">verbessern</word>
<word id="word_733">.</word>
<word id="word_734">Spezialisierte</word>
<word id="word_735">Fähigkeiten</word>
<word id="word_736">und</word>
<word id="word_737">Prozessfähigkeiten</word>
<word id="word_738">und</word>
<word id="word_739">deren</word>
<word id="word_740">Kombination</word>
<word id="word_741">führen</word>
<word id="word_742">zu</word>
<word id="word_743">Erfolg</word>
<word id="word_744">.</word>
<word id="word_745">Wenn</word>
<word id="word_746">Sie</word>
<word id="word_747">10</word>
<word id="word_748">Teams</word>
<word id="word_749">haben</word>
<word id="word_750">,</word>
<word id="word_751">die</word>
<word id="word_752">typisch</word>
<word id="word_753">vorgehen</word>
<word id="word_754">,</word>
<word id="word_755">bekommen</word>
<word id="word_756">Sie</word>
<word id="word_757">ca.</word>
<word id="word_758">6</word>
<word id="word_759">,</word>
<word id="word_760">die</word>
<word id="word_761">stabile</word>
<word id="word_762">Strukturen</word>
<word id="word_763">haben</word>
<word id="word_764">.</word>
<word id="word_765">Ich</word>
<word id="word_766">versuchte</word>
<word id="word_767">nun</word>
<word id="word_768">etwas</word>
<word id="word_769">spannendes</word>
<word id="word_770">.</word>
<word id="word_771">Ich</word>
<word id="word_772">dachte</word>
<word id="word_773">,</word>
<word id="word_774">bringen</word>
<word id="word_775">wir</word>
<word id="word_776">den</word>
<word id="word_777">Pokereinsatz</word>
<word id="word_778">gleich</word>
<word id="word_779">.</word>
<word id="word_780">Also</word>
<word id="word_781">bot</word>
<word id="word_782">ich</word>
<word id="word_783">einen</word>
<word id="word_784">10000</word>
<word id="word_785">$</word>
<word id="word_786">Preis</word>
<word id="word_787">an</word>
<word id="word_788">Software</word>
<word id="word_789">für</word>
<word id="word_790">die</word>
<word id="word_791">Gewinner</word>
<word id="word_792">.</word>
<word id="word_793">Was</word>
<word id="word_794">glauben</word>
<word id="word_795">Sie</word>
<word id="word_796">passierte</word>
<word id="word_797">mit</word>
<word id="word_798">diesen</word>
<word id="word_799">Design-Studenten</word>
<word id="word_800">?</word>
<word id="word_801">Was</word>
<word id="word_802">war</word>
<word id="word_803">das</word>
<word id="word_804">Ergebnis</word>
<word id="word_805">?</word>
<word id="word_806">Das</word>
<word id="word_807">hier</word>
<word id="word_808">passierte</word>
<word id="word_809">.</word>
<word id="word_810">Nicht</word>
<word id="word_811">ein</word>
<word id="word_812">Team</word>
<word id="word_813">hatte</word>
<word id="word_814">eine</word>
<word id="word_815">stabile</word>
<word id="word_816">Struktur</word>
<word id="word_817">.</word>
<word id="word_818">Falls</word>
<word id="word_819">irgendwer</word>
<word id="word_820">eine</word>
<word id="word_821">2,5cm</word>
<word id="word_822">hohe</word>
<word id="word_823">Konstruktion</word>
<word id="word_824">gebaut</word>
<word id="word_825">hätte</word>
<word id="word_826">,</word>
<word id="word_827">hätte</word>
<word id="word_828">er</word>
<word id="word_829">den</word>
<word id="word_830">Preis</word>
<word id="word_831">nach</word>
<word id="word_832">Hause</word>
<word id="word_833">getragen</word>
<word id="word_834">.</word>
<word id="word_835">Ist</word>
<word id="word_836">es</word>
<word id="word_837">also</word>
<word id="word_838">nicht</word>
<word id="word_839">interessant</word>
<word id="word_840">,</word>
<word id="word_841">dass</word>
<word id="word_842">hohe</word>
<word id="word_843">Wetteinsätze</word>
<word id="word_844">einen</word>
<word id="word_845">starken</word>
<word id="word_846">Effekt</word>
<word id="word_847">haben</word>
<word id="word_848">?</word>
<word id="word_849">Wir</word>
<word id="word_850">wiederholten</word>
<word id="word_851">diese</word>
<word id="word_852">Übung</word>
<word id="word_853">mit</word>
<word id="word_854">denselben</word>
<word id="word_855">Studenten</word>
<word id="word_856">.</word>
<word id="word_857">Was</word>
<word id="word_858">glauben</word>
<word id="word_859">Sie</word>
<word id="word_860">passierte</word>
<word id="word_861">nun</word>
<word id="word_862">?</word>
<word id="word_863">Nun</word>
<word id="word_864">verstanden</word>
<word id="word_865">Sie</word>
<word id="word_866">den</word>
<word id="word_867">Vorteil</word>
<word id="word_868">des</word>
<word id="word_869">"</word>
<word id="word_870">Prototyping</word>
<word id="word_871">"</word>
<word id="word_872">.</word>
<word id="word_873">So</word>
<word id="word_874">wurde</word>
<word id="word_875">aus</word>
<word id="word_876">demselben</word>
<word id="word_877">,</word>
<word id="word_878">schlechten</word>
<word id="word_879">Team</word>
<word id="word_880">eines</word>
<word id="word_881">unter</word>
<word id="word_882">den</word>
<word id="word_883">besten</word>
<word id="word_884">.</word>
<word id="word_885">Sie</word>
<word id="word_886">produzierten</word>
<word id="word_887">die</word>
<word id="word_888">höchste</word>
<word id="word_889">Konstruktion</word>
<word id="word_890">in</word>
<word id="word_891">der</word>
<word id="word_892">geringsten</word>
<word id="word_893">Zeit</word>
<word id="word_894">.</word>
<word id="word_895">Es</word>
<word id="word_896">gibt</word>
<word id="word_897">somit</word>
<word id="word_898">tief-greifende</word>
<word id="word_899">Lektionen</word>
<word id="word_900">für</word>
<word id="word_901">uns</word>
<word id="word_902">,</word>
<word id="word_903">über</word>
<word id="word_904">die</word>
<word id="word_905">Natur</word>
<word id="word_906">von</word>
<word id="word_907">Antrieb</word>
<word id="word_908">und</word>
<word id="word_909">Erfolg</word>
<word id="word_910">.</word>
<word id="word_911">Sie</word>
<word id="word_912">mögen</word>
<word id="word_913">fragen</word>
<word id="word_914">:</word>
<word id="word_915">Warum</word>
<word id="word_916">würde</word>
<word id="word_917">jemand</word>
<word id="word_918">tatsächlich</word>
<word id="word_919">Zeit</word>
<word id="word_920">investieren</word>
<word id="word_921">eine</word>
<word id="word_922">Marshmallow-Challenge</word>
<word id="word_923">zu</word>
<word id="word_924">kreieren</word>
<word id="word_925">?</word>
<word id="word_926">Der</word>
<word id="word_927">Grund</word>
<word id="word_928">ist</word>
<word id="word_929">,</word>
<word id="word_930">ich</word>
<word id="word_931">helfe</word>
<word id="word_932">digitale</word>
<word id="word_933">Werkzeuge</word>
<word id="word_934">und</word>
<word id="word_935">Prozesse</word>
<word id="word_936">erstellen</word>
<word id="word_937">,</word>
<word id="word_938">um</word>
<word id="word_939">Teams</word>
<word id="word_940">zu</word>
<word id="word_941">helfen</word>
<word id="word_942">,</word>
<word id="word_943">Autos</word>
<word id="word_944">,</word>
<word id="word_945">Videospiele</word>
<word id="word_946">und</word>
<word id="word_947">"</word>
<word id="word_948">Visual</word>
<word id="word_949">Effects</word>
<word id="word_950">"</word>
<word id="word_951">zu</word>
<word id="word_952">erstellen</word>
<word id="word_953">.</word>
<word id="word_954">Und</word>
<word id="word_955">was</word>
<word id="word_956">die</word>
<word id="word_957">Marshmallow-Challenge</word>
<word id="word_958">tut</word>
<word id="word_959">ist</word>
<word id="word_960">,</word>
<word id="word_961">sie</word>
<word id="word_962">hilft</word>
<word id="word_963">ihnen</word>
<word id="word_964">versteckte</word>
<word id="word_965">Annahmen</word>
<word id="word_966">zu</word>
<word id="word_967">identifizieren</word>
<word id="word_968">.</word>
<word id="word_969">Denn</word>
<word id="word_970">offen</word>
<word id="word_971">gesagt</word>
<word id="word_972">,</word>
<word id="word_973">jedes</word>
<word id="word_974">Projekt</word>
<word id="word_975">hat</word>
<word id="word_976">seinen</word>
<word id="word_977">eigenen</word>
<word id="word_978">Marshmallow</word>
<word id="word_979">.</word>
<word id="word_980">Die</word>
<word id="word_981">Herausforderung</word>
<word id="word_982">bietet</word>
<word id="word_983">eine</word>
<word id="word_984">gemeinsame</word>
<word id="word_985">Erfahrung</word>
<word id="word_986">,</word>
<word id="word_987">eine</word>
<word id="word_988">gemeinsame</word>
<word id="word_989">Sprache</word>
<word id="word_990">bzw.</word>
<word id="word_991">Grundhaltung</word>
<word id="word_992">,</word>
<word id="word_993">den</word>
<word id="word_994">richtigen</word>
<word id="word_995">Prototyp</word>
<word id="word_996">zu</word>
<word id="word_997">bauen</word>
<word id="word_998">.</word>
<word id="word_999">Und</word>
<word id="word_1000">dies</word>
<word id="word_1001">ist</word>
<word id="word_1002">der</word>
<word id="word_1003">Wert</word>
<word id="word_1004">dieser</word>
<word id="word_1005">Erfahrung</word>
<word id="word_1006">,</word>
<word id="word_1007">dieser</word>
<word id="word_1008">so</word>
<word id="word_1009">einfache</word>
<word id="word_1010">Übung</word>
<word id="word_1011">.</word>
<word id="word_1012">Und</word>
<word id="word_1013">jene</word>
<word id="word_1014">von</word>
<word id="word_1015">Ihnen</word>
<word id="word_1016">,</word>
<word id="word_1017">die</word>
<word id="word_1018">es</word>
<word id="word_1019">interessiert</word>
<word id="word_1020">,</word>
<word id="word_1021">können</word>
<word id="word_1022">marshmallowchallenge.com</word>
<word id="word_1023">besuchen</word>
<word id="word_1024">.</word>
<word id="word_1025">Es</word>
<word id="word_1026">ist</word>
<word id="word_1027">ein</word>
<word id="word_1028">Blog</word>
<word id="word_1029">,</word>
<word id="word_1030">wo</word>
<word id="word_1031">man</word>
<word id="word_1032">sieht</word>
<word id="word_1033">,</word>
<word id="word_1034">wie</word>
<word id="word_1035">man</word>
<word id="word_1036">die</word>
<word id="word_1037">Marshmallows</word>
<word id="word_1038">baut</word>
<word id="word_1039">.</word>
<word id="word_1040">Es</word>
<word id="word_1041">gibt</word>
<word id="word_1042">eine</word>
<word id="word_1043">Schritt-für-Schritt-Anleitung</word>
<word id="word_1044">dort</word>
<word id="word_1045">.</word>
<word id="word_1046">Sie</word>
<word id="word_1047">finden</word>
<word id="word_1048">verrückte</word>
<word id="word_1049">Beispiele</word>
<word id="word_1050">aus</word>
<word id="word_1051">aller</word>
<word id="word_1052">Welt</word>
<word id="word_1053">,</word>
<word id="word_1054">wie</word>
<word id="word_1055">Leute</word>
<word id="word_1056">das</word>
<word id="word_1057">System</word>
<word id="word_1058">optimieren</word>
<word id="word_1059">und</word>
<word id="word_1060">raffinieren</word>
<word id="word_1061">.</word>
<word id="word_1062">Es</word>
<word id="word_1063">gibt</word>
<word id="word_1064">ebenfalls</word>
<word id="word_1065">Weltrekorde</word>
<word id="word_1066">.</word>
<word id="word_1067">Und</word>
<word id="word_1068">die</word>
<word id="word_1069">basale</word>
<word id="word_1070">Lektion</word>
<word id="word_1071">,</word>
<word id="word_1072">glaube</word>
<word id="word_1073">ich</word>
<word id="word_1074">ist</word>
<word id="word_1075">,</word>
<word id="word_1076">das</word>
<word id="word_1077">Konstruktion</word>
<word id="word_1078">tatsächlich</word>
<word id="word_1079">ein</word>
<word id="word_1080">verbindender</word>
<word id="word_1081">Sport</word>
<word id="word_1082">ist</word>
<word id="word_1083">.</word>
<word id="word_1084">Es</word>
<word id="word_1085">verlangt</word>
<word id="word_1086">,</word>
<word id="word_1087">dass</word>
<word id="word_1088">wir</word>
<word id="word_1089">alle</word>
<word id="word_1090">unsere</word>
<word id="word_1091">Sinne</word>
<word id="word_1092">auf</word>
<word id="word_1093">die</word>
<word id="word_1094">Aufgabe</word>
<word id="word_1095">richten</word>
<word id="word_1096">und</word>
<word id="word_1097">,</word>
<word id="word_1098">dass</word>
<word id="word_1099">wir</word>
<word id="word_1100">unser</word>
<word id="word_1101">Denken</word>
<word id="word_1102">optimal</word>
<word id="word_1103">verwenden</word>
<word id="word_1104">,</word>
<word id="word_1105">wie</word>
<word id="word_1106">unsere</word>
<word id="word_1107">Gefühle</word>
<word id="word_1108">und</word>
<word id="word_1109">unser</word>
<word id="word_1110">Tun</word>
<word id="word_1111">,</word>
<word id="word_1112">in</word>
<word id="word_1113">der</word>
<word id="word_1114">Herausforderung</word>
<word id="word_1115">,</word>
<word id="word_1116">die</word>
<word id="word_1117">vor</word>
<word id="word_1118">uns</word>
<word id="word_1119">liegt</word>
<word id="word_1120">.</word>
<word id="word_1121">Und</word>
<word id="word_1122">manchmal</word>
<word id="word_1123">ist</word>
<word id="word_1124">ein</word>
<word id="word_1125">kleiner</word>
<word id="word_1126">Prototyp</word>
<word id="word_1127">dieser</word>
<word id="word_1128">Erfahrung</word>
<word id="word_1129">alles</word>
<word id="word_1130">,</word>
<word id="word_1131">was</word>
<word id="word_1132">es</word>
<word id="word_1133">braucht</word>
<word id="word_1134">,</word>
<word id="word_1135">uns</word>
<word id="word_1136">von</word>
<word id="word_1137">einem</word>
<word id="word_1138">"</word>
<word id="word_1139">uh-oh</word>
<word id="word_1140">"</word>
<word id="word_1141">-</word>
<word id="word_1142">zu</word>
<word id="word_1143">einem</word>
<word id="word_1144">"</word>
<word id="word_1145">ta-da</word>
<word id="word_1146">"</word>
<word id="word_1147">-Moment</word>
<word id="word_1148">zu</word>
<word id="word_1149">bringen</word>
<word id="word_1150">.</word>
<word id="word_1151">Und</word>
<word id="word_1152">das</word>
<word id="word_1153">kann</word>
<word id="word_1154">einen</word>
<word id="word_1155">großen</word>
<word id="word_1156">Unterschied</word>
<word id="word_1157">machen</word>
<word id="word_1158">.</word>
<word id="word_1159">Vielen</word>
<word id="word_1160">Dank</word>
<word id="word_1161">.</word>
</words>
