<?xml version="1.0" encoding="UTF-8"?>
<!DOCTYPE words SYSTEM "words.dtd">
<words>
<word id="word_1">Queensferry</word>
<word id="word_2">Crossing</word>
<word id="word_3">:</word>
<word id="word_4">Brücke</word>
<word id="word_5">nun</word>
<word id="word_6">mit</word>
<word id="word_7">Fife</word>
<word id="word_8">verbunden</word>
<word id="word_9">Das</word>
<word id="word_10">£</word>
<word id="word_11">1,35</word>
<word id="word_12">Mrd</word>
<word id="word_13">.</word>
<word id="word_14">teure</word>
<word id="word_15">Projekt</word>
<word id="word_16">soll</word>
<word id="word_17">bis</word>
<word id="word_18">Mai</word>
<word id="word_19">2017</word>
<word id="word_20">fertiggestellt</word>
<word id="word_21">werden</word>
<word id="word_22">Ingenieure</word>
<word id="word_23">haben</word>
<word id="word_24">das</word>
<word id="word_25">Norddeck</word>
<word id="word_26">des</word>
<word id="word_27">Queensferry</word>
<word id="word_28">Crossings</word>
<word id="word_29">mit</word>
<word id="word_30">dem</word>
<word id="word_31">Viadukt</word>
<word id="word_32">verbunden</word>
<word id="word_33">-</word>
<word id="word_34">was</word>
<word id="word_35">bedeutet</word>
<word id="word_36">,</word>
<word id="word_37">dass</word>
<word id="word_38">die</word>
<word id="word_39">Brücke</word>
<word id="word_40">jetzt</word>
<word id="word_41">mit</word>
<word id="word_42">Fife</word>
<word id="word_43">verbunden</word>
<word id="word_44">ist</word>
<word id="word_45">.</word>
<word id="word_46">Es</word>
<word id="word_47">ist</word>
<word id="word_48">das</word>
<word id="word_49">erste</word>
<word id="word_50">von</word>
<word id="word_51">vier</word>
<word id="word_52">Verschließungen</word>
<word id="word_53">der</word>
<word id="word_54">"</word>
<word id="word_55">Deckgebläse</word>
<word id="word_56">"</word>
<word id="word_57">,</word>
<word id="word_58">die</word>
<word id="word_59">sich</word>
<word id="word_60">der</word>
<word id="word_61">Fertigstellung</word>
<word id="word_62">um</word>
<word id="word_63">jeden</word>
<word id="word_64">der</word>
<word id="word_65">drei</word>
<word id="word_66">Türme</word>
<word id="word_67">der</word>
<word id="word_68">Brücke</word>
<word id="word_69">nähern</word>
<word id="word_70">.</word>
<word id="word_71">Der</word>
<word id="word_72">Brückenabschnitt</word>
<word id="word_73">von</word>
<word id="word_74">Fife</word>
<word id="word_75">ist</word>
<word id="word_76">jetzt</word>
<word id="word_77">600</word>
<word id="word_78">Meter</word>
<word id="word_79">lang</word>
<word id="word_80">und</word>
<word id="word_81">wiegt</word>
<word id="word_82">30.000</word>
<word id="word_83">Tonnen</word>
<word id="word_84">.</word>
<word id="word_85">Er</word>
<word id="word_86">verfügt</word>
<word id="word_87">über</word>
<word id="word_88">10.000</word>
<word id="word_89">Tonnen</word>
<word id="word_90">Stahl</word>
<word id="word_91">und</word>
<word id="word_92">20.000</word>
<word id="word_93">Tonnen</word>
<word id="word_94">Beton</word>
<word id="word_95">sowie</word>
<word id="word_96">46</word>
<word id="word_97">Schrägseile</word>
<word id="word_98">.</word>
<word id="word_99">Das</word>
<word id="word_100">£</word>
<word id="word_101">1,35</word>
<word id="word_102">Mrd</word>
<word id="word_103">.</word>
<word id="word_104">teure</word>
<word id="word_105">Projekt</word>
<word id="word_106">soll</word>
<word id="word_107">bis</word>
<word id="word_108">Mai</word>
<word id="word_109">2017</word>
<word id="word_110">fertiggestellt</word>
<word id="word_111">werden</word>
<word id="word_112">.</word>
<word id="word_113">Wirtschaftsminister</word>
<word id="word_114">Keith</word>
<word id="word_115">Brown</word>
<word id="word_116">stattete</word>
<word id="word_117">der</word>
<word id="word_118">Baustelle</word>
<word id="word_119">heute</word>
<word id="word_120">einen</word>
<word id="word_121">Besuch</word>
<word id="word_122">ab</word>
<word id="word_123">und</word>
<word id="word_124">war</word>
<word id="word_125">einer</word>
<word id="word_126">der</word>
<word id="word_127">Ersten</word>
<word id="word_128">,</word>
<word id="word_129">die</word>
<word id="word_130">vom</word>
<word id="word_131">Land</word>
<word id="word_132">auf</word>
<word id="word_133">die</word>
<word id="word_134">Brücke</word>
<word id="word_135">gingen</word>
<word id="word_136">.</word>
<word id="word_137">Er</word>
<word id="word_138">sagte</word>
<word id="word_139">:</word>
<word id="word_140">"</word>
<word id="word_141">Das</word>
<word id="word_142">ist</word>
<word id="word_143">ein</word>
<word id="word_144">historischer</word>
<word id="word_145">und</word>
<word id="word_146">symbolischer</word>
<word id="word_147">Moment</word>
<word id="word_148">beim</word>
<word id="word_149">Bau</word>
<word id="word_150">des</word>
<word id="word_151">Queensferry</word>
<word id="word_152">Crossings</word>
<word id="word_153">.</word>
<word id="word_154">Wir</word>
<word id="word_155">sind</word>
<word id="word_156">alle</word>
<word id="word_157">Zeugen</word>
<word id="word_158">einer</word>
<word id="word_159">Ingenieurskunst</word>
<word id="word_160">von</word>
<word id="word_161">einem</word>
<word id="word_162">wahrlich</word>
<word id="word_163">epischen</word>
<word id="word_164">Maße</word>
<word id="word_165">bei</word>
<word id="word_166">diesem</word>
<word id="word_167">Projekt</word>
<word id="word_168">mit</word>
<word id="word_169">über</word>
<word id="word_170">30.000</word>
<word id="word_171">Tonnen</word>
<word id="word_172">Beton</word>
<word id="word_173">und</word>
<word id="word_174">Stahl</word>
<word id="word_175">,</word>
<word id="word_176">die</word>
<word id="word_177">alleine</word>
<word id="word_178">für</word>
<word id="word_179">diesen</word>
<word id="word_180">Teil</word>
<word id="word_181">der</word>
<word id="word_182">Brücke</word>
<word id="word_183">verwendet</word>
<word id="word_184">wurden</word>
<word id="word_185">.</word>
<word id="word_186">Trotz</word>
<word id="word_187">der</word>
<word id="word_188">massiven</word>
<word id="word_189">Größe</word>
<word id="word_190">und</word>
<word id="word_191">Gewichts</word>
<word id="word_192">des</word>
<word id="word_193">Brücke</word>
<word id="word_194">,</word>
<word id="word_195">ist</word>
<word id="word_196">die</word>
<word id="word_197">Fertigstellung</word>
<word id="word_198">des</word>
<word id="word_199">Verschlusses</word>
<word id="word_200">zwischen</word>
<word id="word_201">dem</word>
<word id="word_202">Viadukt</word>
<word id="word_203">und</word>
<word id="word_204">dem</word>
<word id="word_205">Brückendeck</word>
<word id="word_206">eine</word>
<word id="word_207">heikle</word>
<word id="word_208">Tätigkeit</word>
<word id="word_209">,</word>
<word id="word_210">die</word>
<word id="word_211">extrem</word>
<word id="word_212">präzise</word>
<word id="word_213">Toleranzen</word>
<word id="word_214">für</word>
<word id="word_215">die</word>
<word id="word_216">Passung</word>
<word id="word_217">erfordern</word>
<word id="word_218">.</word>
<word id="word_219">Insgesamt</word>
<word id="word_220">sind</word>
<word id="word_221">fast</word>
<word id="word_222">79</word>
<word id="word_223">%</word>
<word id="word_224">der</word>
<word id="word_225">gesamten</word>
<word id="word_226">Brückendecks</word>
<word id="word_227">an</word>
<word id="word_228">ihrem</word>
<word id="word_229">Platz</word>
<word id="word_230">und</word>
<word id="word_231">der</word>
<word id="word_232">letzte</word>
<word id="word_233">Abschnitt</word>
<word id="word_234">des</word>
<word id="word_235">Decks</word>
<word id="word_236">bekommt</word>
<word id="word_237">heute</word>
<word id="word_238">in</word>
<word id="word_239">Rosyth</word>
<word id="word_240">einen</word>
<word id="word_241">Betonguss</word>
<word id="word_242">für</word>
<word id="word_243">das</word>
<word id="word_244">Deck</word>
<word id="word_245">,</word>
<word id="word_246">was</word>
<word id="word_247">bedeutet</word>
<word id="word_248">,</word>
<word id="word_249">dass</word>
<word id="word_250">das</word>
<word id="word_251">gesamte</word>
<word id="word_252">Deck</word>
<word id="word_253">bereit</word>
<word id="word_254">ist</word>
<word id="word_255">,</word>
<word id="word_256">auf</word>
<word id="word_257">der</word>
<word id="word_258">Brücke</word>
<word id="word_259">an</word>
<word id="word_260">seinen</word>
<word id="word_261">Platz</word>
<word id="word_262">gehoben</word>
<word id="word_263">zu</word>
<word id="word_264">werden</word>
<word id="word_265">.</word>
<word id="word_266">Michael</word>
<word id="word_267">Martin</word>
<word id="word_268">,</word>
<word id="word_269">Projektleiter</word>
<word id="word_270">von</word>
<word id="word_271">Forth</word>
<word id="word_272">Crossing</word>
<word id="word_273">Bridge</word>
<word id="word_274">Constructors</word>
<word id="word_275">sagte</word>
<word id="word_276">:</word>
<word id="word_277">"</word>
<word id="word_278">Der</word>
<word id="word_279">erste</word>
<word id="word_280">Verschluss</word>
<word id="word_281">stellt</word>
<word id="word_282">bei</word>
<word id="word_283">jedem</word>
<word id="word_284">Brückenprojekt</word>
<word id="word_285">einen</word>
<word id="word_286">erheblichen</word>
<word id="word_287">Meilenstein</word>
<word id="word_288">dar</word>
<word id="word_289">.</word>
<word id="word_290">Bei</word>
<word id="word_291">diesem</word>
<word id="word_292">fantastischen</word>
<word id="word_293">Projekt</word>
<word id="word_294">stellt</word>
<word id="word_295">der</word>
<word id="word_296">Verschluss</word>
<word id="word_297">zukunftsweisenden</word>
<word id="word_298">Hoch-</word>
<word id="word_299">und</word>
<word id="word_300">Tiefbau</word>
<word id="word_301">dar</word>
<word id="word_302">.</word>
<word id="word_303">Nach</word>
<word id="word_304">der</word>
<word id="word_305">Installation</word>
<word id="word_306">des</word>
<word id="word_307">letzten</word>
<word id="word_308">Straßendeckabschnitts</word>
<word id="word_309">und</word>
<word id="word_310">dessen</word>
<word id="word_311">Verbindung</word>
<word id="word_312">mit</word>
<word id="word_313">dem</word>
<word id="word_314">im</word>
<word id="word_315">Ausbau</word>
<word id="word_316">befindlichen</word>
<word id="word_317">Nordturmdeck</word>
<word id="word_318">,</word>
<word id="word_319">mussten</word>
<word id="word_320">wir</word>
<word id="word_321">sodann</word>
<word id="word_322">die</word>
<word id="word_323">noch</word>
<word id="word_324">bestehende</word>
<word id="word_325">Lücke</word>
<word id="word_326">auf</word>
<word id="word_327">der</word>
<word id="word_328">Nord-</word>
<word id="word_329">oder</word>
<word id="word_330">Landseite</word>
<word id="word_331">schließen</word>
<word id="word_332">.</word>
<word id="word_333">Dies</word>
<word id="word_334">wurde</word>
<word id="word_335">durch</word>
<word id="word_336">Ziehen</word>
<word id="word_337">der</word>
<word id="word_338">nördlichen</word>
<word id="word_339">Zubringerbrücke</word>
<word id="word_340">700</word>
<word id="word_341">Millimeter</word>
<word id="word_342">südlich</word>
<word id="word_343">erreicht</word>
<word id="word_344">.</word>
<word id="word_345">Dies</word>
<word id="word_346">war</word>
<word id="word_347">eine</word>
<word id="word_348">massive</word>
<word id="word_349">und</word>
<word id="word_350">gleichzeitig</word>
<word id="word_351">sehr</word>
<word id="word_352">heikle</word>
<word id="word_353">Tätigkeit</word>
<word id="word_354">.</word>
<word id="word_355">Massiv</word>
<word id="word_356">,</word>
<word id="word_357">da</word>
<word id="word_358">das</word>
<word id="word_359">Viadukt</word>
<word id="word_360">222</word>
<word id="word_361">Meter</word>
<word id="word_362">lang</word>
<word id="word_363">ist</word>
<word id="word_364">,</word>
<word id="word_365">ca</word>
<word id="word_366">.</word>
<word id="word_367">6.000</word>
<word id="word_368">Tonnen</word>
<word id="word_369">wiegt</word>
<word id="word_370">und</word>
<word id="word_371">bei</word>
<word id="word_372">einer</word>
<word id="word_373">Steigung</word>
<word id="word_374">von</word>
<word id="word_375">ca</word>
<word id="word_376">.</word>
<word id="word_377">3</word>
<word id="word_378">%</word>
<word id="word_379">nach</word>
<word id="word_380">oben</word>
<word id="word_381">gezogen</word>
<word id="word_382">werden</word>
<word id="word_383">musste</word>
<word id="word_384">.</word>
<word id="word_385">Heikel</word>
<word id="word_386">,</word>
<word id="word_387">da</word>
<word id="word_388">die</word>
<word id="word_389">Toleranzen</word>
<word id="word_390">,</word>
<word id="word_391">auf</word>
<word id="word_392">die</word>
<word id="word_393">das</word>
<word id="word_394">Team</word>
<word id="word_395">hinarbeitet</word>
<word id="word_396">,</word>
<word id="word_397">winzig</word>
<word id="word_398">waren</word>
<word id="word_399">-</word>
<word id="word_400">auf</word>
<word id="word_401">jeder</word>
<word id="word_402">Seite</word>
<word id="word_403">betrugen</word>
<word id="word_404">sie</word>
<word id="word_405">nur</word>
<word id="word_406">einige</word>
<word id="word_407">Millimeter</word>
<word id="word_408">.</word>
<word id="word_409">Glücklicherweise</word>
<word id="word_410">verlief</word>
<word id="word_411">alles</word>
<word id="word_412">sehr</word>
<word id="word_413">gut</word>
<word id="word_414">.</word>
</words>