<?xml version="1.0" encoding="UTF-8"?>
<!DOCTYPE words SYSTEM "words.dtd">
<words>
<word id="word_1">Wer</word>
<word id="word_2">baut</word>
<word id="word_3">Braunschweigs</word>
<word id="word_4">günstige</word>
<word id="word_5">Wohnungen</word>
<word id="word_6">?</word>
<word id="word_7">Die</word>
<word id="word_8">SPD</word>
<word id="word_9">und</word>
<word id="word_10">Grüne</word>
<word id="word_11">meinen</word>
<word id="word_12">:</word>
<word id="word_13">Investoren</word>
<word id="word_14">sollen</word>
<word id="word_15">künftig</word>
<word id="word_16">viel</word>
<word id="word_17">stärker</word>
<word id="word_18">in</word>
<word id="word_19">die</word>
<word id="word_20">Pflicht</word>
<word id="word_21">genommen</word>
<word id="word_22">werden</word>
<word id="word_23">.</word>
<word id="word_24">Wie</word>
<word id="word_25">reagiert</word>
<word id="word_26">man</word>
<word id="word_27">auf</word>
<word id="word_28">die</word>
<word id="word_29">schlechte</word>
<word id="word_30">Nachricht</word>
<word id="word_31">,</word>
<word id="word_32">dass</word>
<word id="word_33">Braunschweig</word>
<word id="word_34">in</word>
<word id="word_35">den</word>
<word id="word_36">nächsten</word>
<word id="word_37">Jahren</word>
<word id="word_38">fast</word>
<word id="word_39">1300</word>
<word id="word_40">günstige</word>
<word id="word_41">Wohnungen</word>
<word id="word_42">verlieren</word>
<word id="word_43">wird</word>
<word id="word_44">?</word>
<word id="word_45">Die</word>
<word id="word_46">SPD</word>
<word id="word_47">schlägt</word>
<word id="word_48">zur</word>
<word id="word_49">nächsten</word>
<word id="word_50">Ratssitzung</word>
<word id="word_51">ein</word>
<word id="word_52">"</word>
<word id="word_53">Handlungskonzept</word>
<word id="word_54">Wohnen</word>
<word id="word_55">"</word>
<word id="word_56">vor</word>
<word id="word_57">.</word>
<word id="word_58">Doch</word>
<word id="word_59">Streit</word>
<word id="word_60">ist</word>
<word id="word_61">programmiert</word>
<word id="word_62">.</word>
<word id="word_63">In</word>
<word id="word_64">erster</word>
<word id="word_65">Linie</word>
<word id="word_66">geht</word>
<word id="word_67">es</word>
<word id="word_68">um</word>
<word id="word_69">die</word>
<word id="word_70">Frage</word>
<word id="word_71">:</word>
<word id="word_72">Wer</word>
<word id="word_73">soll</word>
<word id="word_74">die</word>
<word id="word_75">günstigen</word>
<word id="word_76">Wohnungen</word>
<word id="word_77">eigentlich</word>
<word id="word_78">bauen</word>
<word id="word_79">?</word>
<word id="word_80">Eine</word>
<word id="word_81">Regelung</word>
<word id="word_82">fehlt</word>
<word id="word_83">bislang</word>
<word id="word_84">.</word>
<word id="word_85">SPD-Fraktionsvorsitzender</word>
<word id="word_86">Christoph</word>
<word id="word_87">Bratmann</word>
<word id="word_88">meint</word>
<word id="word_89">:</word>
<word id="word_90">"</word>
<word id="word_91">Wir</word>
<word id="word_92">sind</word>
<word id="word_93">uns</word>
<word id="word_94">mit</word>
<word id="word_95">den</word>
<word id="word_96">Grünen</word>
<word id="word_97">einig</word>
<word id="word_98">:</word>
<word id="word_99">Wer</word>
<word id="word_100">auf</word>
<word id="word_101">städtischen</word>
<word id="word_102">Flächen</word>
<word id="word_103">bauen</word>
<word id="word_104">will</word>
<word id="word_105">,</word>
<word id="word_106">muss</word>
<word id="word_107">künftig</word>
<word id="word_108">20</word>
<word id="word_109">Prozent</word>
<word id="word_110">aller</word>
<word id="word_111">Wohnungen</word>
<word id="word_112">als</word>
<word id="word_113">Sozialwohnungen</word>
<word id="word_114">ausweisen</word>
<word id="word_115">.</word>
<word id="word_116">"</word>
<word id="word_117">Die</word>
<word id="word_118">günstigen</word>
<word id="word_119">Wohnungen</word>
<word id="word_120">können</word>
<word id="word_121">allerdings</word>
<word id="word_122">auch</word>
<word id="word_123">im</word>
<word id="word_124">Bestand</word>
<word id="word_125">entstehen</word>
<word id="word_126">.</word>
<word id="word_127">Der</word>
<word id="word_128">große</word>
<word id="word_129">Streitpunkt</word>
<word id="word_130">im</word>
<word id="word_131">Rathaus</word>
<word id="word_132">sei</word>
<word id="word_133">jedoch</word>
<word id="word_134">,</word>
<word id="word_135">so</word>
<word id="word_136">Bratmann</word>
<word id="word_137">:</word>
<word id="word_138">"</word>
<word id="word_139">Wie</word>
<word id="word_140">geht</word>
<word id="word_141">man</word>
<word id="word_142">mit</word>
<word id="word_143">Investoren</word>
<word id="word_144">um</word>
<word id="word_145">,</word>
<word id="word_146">die</word>
<word id="word_147">auf</word>
<word id="word_148">privaten</word>
<word id="word_149">Flächen</word>
<word id="word_150">bauen</word>
<word id="word_151">wollen</word>
<word id="word_152">?</word>
<word id="word_153">"</word>
<word id="word_154">"</word>
<word id="word_155">Wir</word>
<word id="word_156">wollen</word>
<word id="word_157">,</word>
<word id="word_158">dass</word>
<word id="word_159">Investoren</word>
<word id="word_160">auf</word>
<word id="word_161">solchen</word>
<word id="word_162">Flächen</word>
<word id="word_163">mindestens</word>
<word id="word_164">10</word>
<word id="word_165">Prozent</word>
<word id="word_166">,</word>
<word id="word_167">aber</word>
<word id="word_168">möglichst</word>
<word id="word_169">20</word>
<word id="word_170">Prozent</word>
<word id="word_171">der</word>
<word id="word_172">Wohnungen</word>
<word id="word_173">als</word>
<word id="word_174">Sozialwohnungen</word>
<word id="word_175">bauen</word>
<word id="word_176">.</word>
<word id="word_177">"</word>
<word id="word_178">Ein</word>
<word id="word_179">neues</word>
<word id="word_180">städtisches</word>
<word id="word_181">Wohnungsbau-Förderprogramm</word>
<word id="word_182">,</word>
<word id="word_183">das</word>
<word id="word_184">Millionen</word>
<word id="word_185">kosten</word>
<word id="word_186">wird</word>
<word id="word_187">und</word>
<word id="word_188">noch</word>
<word id="word_189">finanziert</word>
<word id="word_190">werden</word>
<word id="word_191">muss</word>
<word id="word_192">,</word>
<word id="word_193">soll</word>
<word id="word_194">für</word>
<word id="word_195">Anreize</word>
<word id="word_196">sorgen</word>
<word id="word_197">.</word>
<word id="word_198">Das</word>
<word id="word_199">Problem</word>
<word id="word_200">,</word>
<word id="word_201">so</word>
<word id="word_202">Bratmann</word>
<word id="word_203">:</word>
<word id="word_204">"</word>
<word id="word_205">Es</word>
<word id="word_206">gibt</word>
<word id="word_207">momentan</word>
<word id="word_208">noch</word>
<word id="word_209">keine</word>
<word id="word_210">Einigung</word>
<word id="word_211">zwischen</word>
<word id="word_212">den</word>
<word id="word_213">Fraktionen</word>
<word id="word_214">.</word>
<word id="word_215">"</word>
<word id="word_216">Die</word>
<word id="word_217">CDU</word>
<word id="word_218">möchte</word>
<word id="word_219">Investoren</word>
<word id="word_220">möglichst</word>
<word id="word_221">wenige</word>
<word id="word_222">Vorschriften</word>
<word id="word_223">machen</word>
<word id="word_224">.</word>
<word id="word_225">Die</word>
<word id="word_226">Linke</word>
<word id="word_227">will</word>
<word id="word_228">noch</word>
<word id="word_229">härte</word>
<word id="word_230">Auflagen</word>
<word id="word_231">für</word>
<word id="word_232">Investoren</word>
<word id="word_233">.</word>
<word id="word_234">Ungeachtet</word>
<word id="word_235">dessen</word>
<word id="word_236">,</word>
<word id="word_237">so</word>
<word id="word_238">Bratmann</word>
<word id="word_239">,</word>
<word id="word_240">bahne</word>
<word id="word_241">sich</word>
<word id="word_242">eine</word>
<word id="word_243">Verschärfung</word>
<word id="word_244">der</word>
<word id="word_245">Situation</word>
<word id="word_246">auf</word>
<word id="word_247">dem</word>
<word id="word_248">Wohnungsmarkt</word>
<word id="word_249">an</word>
<word id="word_250">.</word>
<word id="word_251">Wird</word>
<word id="word_252">das</word>
<word id="word_253">Handlungskonzept</word>
<word id="word_254">umgesetzt</word>
<word id="word_255">,</word>
<word id="word_256">wird</word>
<word id="word_257">das</word>
<word id="word_258">für</word>
<word id="word_259">zusätzliche</word>
<word id="word_260">Aufgaben</word>
<word id="word_261">in</word>
<word id="word_262">der</word>
<word id="word_263">Bauverwaltung</word>
<word id="word_264">sorgen</word>
<word id="word_265">.</word>
<word id="word_266">Mehr</word>
<word id="word_267">Personal</word>
<word id="word_268">wird</word>
<word id="word_269">benötigt</word>
<word id="word_270">.</word>
<word id="word_271">Es</word>
<word id="word_272">ist</word>
<word id="word_273">unklar</word>
<word id="word_274">,</word>
<word id="word_275">ob</word>
<word id="word_276">wir</word>
<word id="word_277">die</word>
<word id="word_278">Fachkräfte</word>
<word id="word_279">bekommen</word>
<word id="word_280">werden</word>
<word id="word_281">.</word>
<word id="word_282">Doch</word>
<word id="word_283">noch</word>
<word id="word_284">steht</word>
<word id="word_285">das</word>
<word id="word_286">Programm</word>
<word id="word_287">nicht</word>
<word id="word_288">gänzlich</word>
<word id="word_289">:</word>
<word id="word_290">Denn</word>
<word id="word_291">die</word>
<word id="word_292">rund</word>
<word id="word_293">1260</word>
<word id="word_294">neuen</word>
<word id="word_295">Wohnungen</word>
<word id="word_296">,</word>
<word id="word_297">die</word>
<word id="word_298">sollten</word>
<word id="word_299">ohnehin</word>
<word id="word_300">gebaut</word>
<word id="word_301">werden</word>
<word id="word_302">.</word>
<word id="word_303">Wie</word>
<word id="word_304">aber</word>
<word id="word_305">gleicht</word>
<word id="word_306">man</word>
<word id="word_307">den</word>
<word id="word_308">Verlust</word>
<word id="word_309">von</word>
<word id="word_310">weiteren</word>
<word id="word_311">rund</word>
<word id="word_312">1300</word>
<word id="word_313">günstigen</word>
<word id="word_314">Wohnungen</word>
<word id="word_315">aus</word>
<word id="word_316">,</word>
<word id="word_317">deren</word>
<word id="word_318">Förderung</word>
<word id="word_319">in</word>
<word id="word_320">den</word>
<word id="word_321">nächsten</word>
<word id="word_322">Jahren</word>
<word id="word_323">auslaufen</word>
<word id="word_324">wird</word>
<word id="word_325">?</word>
<word id="word_326">Allein</word>
<word id="word_327">bis</word>
<word id="word_328">zum</word>
<word id="word_329">Jahr</word>
<word id="word_330">2020</word>
<word id="word_331">werden</word>
<word id="word_332">es</word>
<word id="word_333">500</word>
<word id="word_334">Wohnungen</word>
<word id="word_335">sein</word>
<word id="word_336">.</word>
<word id="word_337">Um</word>
<word id="word_338">das</word>
<word id="word_339">zu</word>
<word id="word_340">verhindern</word>
<word id="word_341">,</word>
<word id="word_342">so</word>
<word id="word_343">die</word>
<word id="word_344">planungspolitische</word>
<word id="word_345">Sprecherin</word>
<word id="word_346">Nicole</word>
<word id="word_347">Palm</word>
<word id="word_348">,</word>
<word id="word_349">sollten</word>
<word id="word_350">jetzt</word>
<word id="word_351">auslaufende</word>
<word id="word_352">Bindungen</word>
<word id="word_353">von</word>
<word id="word_354">der</word>
<word id="word_355">Stadt</word>
<word id="word_356">angekauft</word>
<word id="word_357">werden</word>
<word id="word_358">.</word>
<word id="word_359">Außerdem</word>
<word id="word_360">müsste</word>
<word id="word_361">darüber</word>
<word id="word_362">nachgedacht</word>
<word id="word_363">werden</word>
<word id="word_364">,</word>
<word id="word_365">Wohnungen</word>
<word id="word_366">wieder</word>
<word id="word_367">zurück</word>
<word id="word_368">in</word>
<word id="word_369">die</word>
<word id="word_370">Preisbindung</word>
<word id="word_371">zu</word>
<word id="word_372">holen</word>
<word id="word_373">.</word>
<word id="word_374">Das</word>
<word id="word_375">ist</word>
<word id="word_376">in</word>
<word id="word_377">der</word>
<word id="word_378">Weststadt</word>
<word id="word_379">möglich</word>
<word id="word_380">.</word>
<word id="word_381">Auf</word>
<word id="word_382">einen</word>
<word id="word_383">Schlag</word>
<word id="word_384">ließe</word>
<word id="word_385">sich</word>
<word id="word_386">das</word>
<word id="word_387">Problem</word>
<word id="word_388">lösen</word>
<word id="word_389">.</word>
<word id="word_390">Denn</word>
<word id="word_391">in</word>
<word id="word_392">der</word>
<word id="word_393">Weststadt</word>
<word id="word_394">laufen</word>
<word id="word_395">zum</word>
<word id="word_396">Jahresende</word>
<word id="word_397">Fristen</word>
<word id="word_398">aus</word>
<word id="word_399">.</word>
<word id="word_400">Rund</word>
<word id="word_401">1800</word>
<word id="word_402">Wohnungen</word>
<word id="word_403">könnte</word>
<word id="word_404">man</word>
<word id="word_405">dort</word>
<word id="word_406">zurück</word>
<word id="word_407">in</word>
<word id="word_408">die</word>
<word id="word_409">Preisbindung</word>
<word id="word_410">für</word>
<word id="word_411">günstige</word>
<word id="word_412">Wohnungen</word>
<word id="word_413">holen</word>
<word id="word_414">.</word>
<word id="word_415">Nur</word>
<word id="word_416">:</word>
<word id="word_417">Das</word>
<word id="word_418">wollen</word>
<word id="word_419">die</word>
<word id="word_420">Eigentümer</word>
<word id="word_421">,</word>
<word id="word_422">die</word>
<word id="word_423">Wohnungsbaugesellschaften</word>
<word id="word_424">nicht</word>
<word id="word_425">.</word>
<word id="word_426">Denn</word>
<word id="word_427">wird</word>
<word id="word_428">die</word>
<word id="word_429">Zahl</word>
<word id="word_430">der</word>
<word id="word_431">Sozialwohnungen</word>
<word id="word_432">in</word>
<word id="word_433">der</word>
<word id="word_434">Weststadt</word>
<word id="word_435">wieder</word>
<word id="word_436">drastisch</word>
<word id="word_437">erhöht</word>
<word id="word_438">,</word>
<word id="word_439">entfernt</word>
<word id="word_440">man</word>
<word id="word_441">sich</word>
<word id="word_442">vom</word>
<word id="word_443">Ziel</word>
<word id="word_444">der</word>
<word id="word_445">sogenannten</word>
<word id="word_446">Durchmischung</word>
<word id="word_447">.</word>
<word id="word_448">Eine</word>
<word id="word_449">Konzentration</word>
<word id="word_450">von</word>
<word id="word_451">Sozialschwachen</word>
<word id="word_452">in</word>
<word id="word_453">nur</word>
<word id="word_454">wenigen</word>
<word id="word_455">Stadtteilen</word>
<word id="word_456">soll</word>
<word id="word_457">es</word>
<word id="word_458">nicht</word>
<word id="word_459">mehr</word>
<word id="word_460">geben</word>
<word id="word_461">.</word>
<word id="word_462">Die</word>
<word id="word_463">Grünen</word>
<word id="word_464">rechnen</word>
<word id="word_465">damit</word>
<word id="word_466">,</word>
<word id="word_467">dass</word>
<word id="word_468">es</word>
<word id="word_469">noch</word>
<word id="word_470">Bewegung</word>
<word id="word_471">in</word>
<word id="word_472">der</word>
<word id="word_473">Diskussion</word>
<word id="word_474">geben</word>
<word id="word_475">wird</word>
<word id="word_476">.</word>
<word id="word_477">Fraktionsvorsitzender</word>
<word id="word_478">Holger</word>
<word id="word_479">Herlitschke</word>
<word id="word_480">meint</word>
<word id="word_481">:</word>
<word id="word_482">"</word>
<word id="word_483">Für</word>
<word id="word_484">eine</word>
<word id="word_485">breite</word>
<word id="word_486">Mehrheit</word>
<word id="word_487">muss</word>
<word id="word_488">die</word>
<word id="word_489">CDU</word>
<word id="word_490">mit</word>
<word id="word_491">ins</word>
<word id="word_492">Boot</word>
<word id="word_493">.</word>
<word id="word_494">"</word>
<word id="word_495">Die</word>
<word id="word_496">habe</word>
<word id="word_497">sich</word>
<word id="word_498">zwar</word>
<word id="word_499">auf</word>
<word id="word_500">mehr</word>
<word id="word_501">Bauplätze</word>
<word id="word_502">für</word>
<word id="word_503">Einfamilienhäuser</word>
<word id="word_504">konzentriert</word>
<word id="word_505">.</word>
<word id="word_506">Was</word>
<word id="word_507">aber</word>
<word id="word_508">nicht</word>
<word id="word_509">heißt</word>
<word id="word_510">,</word>
<word id="word_511">dass</word>
<word id="word_512">nicht</word>
<word id="word_513">doch</word>
<word id="word_514">noch</word>
<word id="word_515">ein</word>
<word id="word_516">Kompromiss</word>
<word id="word_517">gefunden</word>
<word id="word_518">werden</word>
<word id="word_519">kann</word>
<word id="word_520">.</word>
</words>