<?xml version="1.0" encoding="UTF-8"?>
<!DOCTYPE words SYSTEM "words.dtd">
<words>
<word id="word_1">Pokémon</word>
<word id="word_2">Go</word>
<word id="word_3">,</word>
<word id="word_4">eine</word>
<word id="word_5">Jagd</word>
<word id="word_6">nach</word>
<word id="word_7">Gesundheit</word>
<word id="word_8">und</word>
<word id="word_9">Glück</word>
<word id="word_10">,</word>
<word id="word_11">die</word>
<word id="word_12">sich</word>
<word id="word_13">lohnt</word>
<word id="word_14">Es</word>
<word id="word_15">ist</word>
<word id="word_16">faszinierend</word>
<word id="word_17">zuzusehen</word>
<word id="word_18">,</word>
<word id="word_19">wie</word>
<word id="word_20">sich</word>
<word id="word_21">die</word>
<word id="word_22">Welt</word>
<word id="word_23">verändert</word>
<word id="word_24">.</word>
<word id="word_25">Dass</word>
<word id="word_26">Teenager</word>
<word id="word_27">und</word>
<word id="word_28">Kind</word>
<word id="word_29">zum</word>
<word id="word_30">Spielen</word>
<word id="word_31">nicht</word>
<word id="word_32">mehr</word>
<word id="word_33">nach</word>
<word id="word_34">draußen</word>
<word id="word_35">gehen</word>
<word id="word_36">,</word>
<word id="word_37">sondern</word>
<word id="word_38">es</word>
<word id="word_39">vielmehr</word>
<word id="word_40">bevorzugen</word>
<word id="word_41">,</word>
<word id="word_42">ihre</word>
<word id="word_43">Freizeit</word>
<word id="word_44">damit</word>
<word id="word_45">zu</word>
<word id="word_46">verbringen</word>
<word id="word_47">,</word>
<word id="word_48">auf</word>
<word id="word_49">Bildschirme</word>
<word id="word_50">zu</word>
<word id="word_51">starren</word>
<word id="word_52">,</word>
<word id="word_53">wurde</word>
<word id="word_54">im</word>
<word id="word_55">letzten</word>
<word id="word_56">Jahrzehnt</word>
<word id="word_57">von</word>
<word id="word_58">vielen</word>
<word id="word_59">beklagt</word>
<word id="word_60">.</word>
<word id="word_61">Bei</word>
<word id="word_62">Pokemon</word>
<word id="word_63">Go</word>
<word id="word_64">geht</word>
<word id="word_65">es</word>
<word id="word_66">darum</word>
<word id="word_67">,</word>
<word id="word_68">Leute</word>
<word id="word_69">vom</word>
<word id="word_70">Sofa</word>
<word id="word_71">zu</word>
<word id="word_72">holen</word>
<word id="word_73">und</word>
<word id="word_74">aktiver</word>
<word id="word_75">werden</word>
<word id="word_76">zu</word>
<word id="word_77">lassen</word>
<word id="word_78">.</word>
<word id="word_79">Die</word>
<word id="word_80">Zeit</word>
<word id="word_81">am</word>
<word id="word_82">Bildschirm</word>
<word id="word_83">war</word>
<word id="word_84">anfangs</word>
<word id="word_85">auf</word>
<word id="word_86">den</word>
<word id="word_87">Fernseher</word>
<word id="word_88">,</word>
<word id="word_89">dann</word>
<word id="word_90">auf</word>
<word id="word_91">Videospiele</word>
<word id="word_92">und</word>
<word id="word_93">zuletzt</word>
<word id="word_94">auf</word>
<word id="word_95">Smartphones</word>
<word id="word_96">beschränkt</word>
<word id="word_97">.</word>
<word id="word_98">Daher</word>
<word id="word_99">ist</word>
<word id="word_100">es</word>
<word id="word_101">toll</word>
<word id="word_102">zu</word>
<word id="word_103">sehen</word>
<word id="word_104">,</word>
<word id="word_105">dass</word>
<word id="word_106">sich</word>
<word id="word_107">Technologie</word>
<word id="word_108">und</word>
<word id="word_109">Aktivitäten</word>
<word id="word_110">im</word>
<word id="word_111">Freien</word>
<word id="word_112">nicht</word>
<word id="word_113">gegenseitig</word>
<word id="word_114">ausschließen</word>
<word id="word_115">.</word>
<word id="word_116">Ich</word>
<word id="word_117">beziehe</word>
<word id="word_118">mich</word>
<word id="word_119">dabei</word>
<word id="word_120">selbstverständlich</word>
<word id="word_121">auf</word>
<word id="word_122">den</word>
<word id="word_123">Pokémon</word>
<word id="word_124">Go-Wahn</word>
<word id="word_125">,</word>
<word id="word_126">eine</word>
<word id="word_127">App</word>
<word id="word_128">,</word>
<word id="word_129">die</word>
<word id="word_130">auf</word>
<word id="word_131">den</word>
<word id="word_132">Charakteren</word>
<word id="word_133">beruht</word>
<word id="word_134">,</word>
<word id="word_135">die</word>
<word id="word_136">zunächst</word>
<word id="word_137">für</word>
<word id="word_138">die</word>
<word id="word_139">Videospiele</word>
<word id="word_140">in</word>
<word id="word_141">den</word>
<word id="word_142">1990ern</word>
<word id="word_143">erschaffen</word>
<word id="word_144">wurden</word>
<word id="word_145">(</word>
<word id="word_146">später</word>
<word id="word_147">entstanden</word>
<word id="word_148">daraus</word>
<word id="word_149">eine</word>
<word id="word_150">Zeichentrickserie</word>
<word id="word_151">,</word>
<word id="word_152">Spielkarten</word>
<word id="word_153">und</word>
<word id="word_154">andere</word>
<word id="word_155">Spin-Offs</word>
<word id="word_156">)</word>
<word id="word_157">.</word>
<word id="word_158">Wie</word>
<word id="word_159">viele</word>
<word id="word_160">Phänomene</word>
<word id="word_161">der</word>
<word id="word_162">Popkultur</word>
<word id="word_163">sank</word>
<word id="word_164">das</word>
<word id="word_165">Interesse</word>
<word id="word_166">vor</word>
<word id="word_167">der</word>
<word id="word_168">Veröffentlichung</word>
<word id="word_169">des</word>
<word id="word_170">Spiels</word>
<word id="word_171">in</word>
<word id="word_172">den</word>
<word id="word_173">USA</word>
<word id="word_174">,</word>
<word id="word_175">Australien</word>
<word id="word_176">und</word>
<word id="word_177">Neuseeland</word>
<word id="word_178">Anfang</word>
<word id="word_179">Juli</word>
<word id="word_180">etwas</word>
<word id="word_181">.</word>
<word id="word_182">Die</word>
<word id="word_183">Markteinführung</word>
<word id="word_184">in</word>
<word id="word_185">anderen</word>
<word id="word_186">Ländern</word>
<word id="word_187">wurde</word>
<word id="word_188">durch</word>
<word id="word_189">die</word>
<word id="word_190">massive</word>
<word id="word_191">Nachfrage</word>
<word id="word_192">verschoben</word>
<word id="word_193">,</word>
<word id="word_194">die</word>
<word id="word_195">die</word>
<word id="word_196">Server</word>
<word id="word_197">überlastete</word>
<word id="word_198">.</word>
<word id="word_199">Innerhalb</word>
<word id="word_200">weniger</word>
<word id="word_201">Tage</word>
<word id="word_202">hatte</word>
<word id="word_203">Pokémon</word>
<word id="word_204">Go</word>
<word id="word_205">mehr</word>
<word id="word_206">Benutzer</word>
<word id="word_207">als</word>
<word id="word_208">Tinder</word>
<word id="word_209">und</word>
<word id="word_210">fast</word>
<word id="word_211">so</word>
<word id="word_212">viele</word>
<word id="word_213">wie</word>
<word id="word_214">Twitter</word>
<word id="word_215">.</word>
<word id="word_216">Wie</word>
<word id="word_217">funktioniert</word>
<word id="word_218">es</word>
<word id="word_219">?</word>
<word id="word_220">Kurz</word>
<word id="word_221">gesagt</word>
<word id="word_222">gehen</word>
<word id="word_223">die</word>
<word id="word_224">Spieler</word>
<word id="word_225">mit</word>
<word id="word_226">ihren</word>
<word id="word_227">Smartphones</word>
<word id="word_228">nach</word>
<word id="word_229">draußen</word>
<word id="word_230">und</word>
<word id="word_231">suchen</word>
<word id="word_232">nach</word>
<word id="word_233">Pokémons</word>
<word id="word_234">,</word>
<word id="word_235">die</word>
<word id="word_236">mit</word>
<word id="word_237">einem</word>
<word id="word_238">GPS</word>
<word id="word_239">nachverfolgt</word>
<word id="word_240">werden</word>
<word id="word_241">und</word>
<word id="word_242">,</word>
<word id="word_243">sobald</word>
<word id="word_244">sie</word>
<word id="word_245">einmal</word>
<word id="word_246">gefunden</word>
<word id="word_247">wurden</word>
<word id="word_248">,</word>
<word id="word_249">"</word>
<word id="word_250">fotografiert</word>
<word id="word_251">"</word>
<word id="word_252">(</word>
<word id="word_253">über</word>
<word id="word_254">einen</word>
<word id="word_255">Screenshot</word>
<word id="word_256">auf</word>
<word id="word_257">dem</word>
<word id="word_258">Handy</word>
<word id="word_259">)</word>
<word id="word_260">oder</word>
<word id="word_261">"</word>
<word id="word_262">gefangen</word>
<word id="word_263">genommen</word>
<word id="word_264">"</word>
<word id="word_265">werden</word>
<word id="word_266">können</word>
<word id="word_267">.</word>
<word id="word_268">Eine</word>
<word id="word_269">Generation</word>
<word id="word_270">,</word>
<word id="word_271">die</word>
<word id="word_272">das</word>
<word id="word_273">Spiel</word>
<word id="word_274">spielte</word>
<word id="word_275">,</word>
<word id="word_276">als</word>
<word id="word_277">sie</word>
<word id="word_278">noch</word>
<word id="word_279">jünger</word>
<word id="word_280">war</word>
<word id="word_281">,</word>
<word id="word_282">schloss</word>
<word id="word_283">sich</word>
<word id="word_284">dem</word>
<word id="word_285">Wahn</word>
<word id="word_286">an</word>
<word id="word_287">und</word>
<word id="word_288">sprang</word>
<word id="word_289">für</word>
<word id="word_290">die</word>
<word id="word_291">Suche</word>
<word id="word_292">vom</word>
<word id="word_293">Sofa</word>
<word id="word_294">.</word>
<word id="word_295">In</word>
<word id="word_296">den</word>
<word id="word_297">USA</word>
<word id="word_298">führte</word>
<word id="word_299">das</word>
<word id="word_300">Spiel</word>
<word id="word_301">zu</word>
<word id="word_302">einem</word>
<word id="word_303">beträchtlichen</word>
<word id="word_304">Anstieg</word>
<word id="word_305">an</word>
<word id="word_306">Schritten</word>
<word id="word_307">,</word>
<word id="word_308">die</word>
<word id="word_309">die</word>
<word id="word_310">"</word>
<word id="word_311">durchschnittliche</word>
<word id="word_312">"</word>
<word id="word_313">Person</word>
<word id="word_314">jeden</word>
<word id="word_315">Tag</word>
<word id="word_316">zurücklegt</word>
<word id="word_317">.</word>
<word id="word_318">Cardiogram</word>
<word id="word_319">,</word>
<word id="word_320">eine</word>
<word id="word_321">App</word>
<word id="word_322">für</word>
<word id="word_323">Apple</word>
<word id="word_324">Watch</word>
<word id="word_325">,</word>
<word id="word_326">die</word>
<word id="word_327">35.000</word>
<word id="word_328">Benutzer</word>
<word id="word_329">nachverfolgt</word>
<word id="word_330">,</word>
<word id="word_331">teilte</word>
<word id="word_332">der</word>
<word id="word_333">Washington</word>
<word id="word_334">Post</word>
<word id="word_335">vor</word>
<word id="word_336">kurzem</word>
<word id="word_337">mit</word>
<word id="word_338">,</word>
<word id="word_339">dass</word>
<word id="word_340">innerhalb</word>
<word id="word_341">von</word>
<word id="word_342">zwei</word>
<word id="word_343">Tagen</word>
<word id="word_344">nach</word>
<word id="word_345">Markteinführung</word>
<word id="word_346">des</word>
<word id="word_347">Spiels</word>
<word id="word_348">,</word>
<word id="word_349">die</word>
<word id="word_350">Anzahl</word>
<word id="word_351">der</word>
<word id="word_352">nachverfolgten</word>
<word id="word_353">Leute</word>
<word id="word_354">,</word>
<word id="word_355">die</word>
<word id="word_356">jeden</word>
<word id="word_357">Tag</word>
<word id="word_358">30</word>
<word id="word_359">Minuten</word>
<word id="word_360">trainieren</word>
<word id="word_361">,</word>
<word id="word_362">von</word>
<word id="word_363">45</word>
<word id="word_364">Prozent</word>
<word id="word_365">auf</word>
<word id="word_366">53</word>
<word id="word_367">Prozent</word>
<word id="word_368">ansprang</word>
<word id="word_369">.</word>
<word id="word_370">Das</word>
<word id="word_371">Unternehmen</word>
<word id="word_372">weiß</word>
<word id="word_373">nicht</word>
<word id="word_374">,</word>
<word id="word_375">wer</word>
<word id="word_376">davon</word>
<word id="word_377">Pokémon</word>
<word id="word_378">Go</word>
<word id="word_379">spielt</word>
<word id="word_380">-</word>
<word id="word_381">es</word>
<word id="word_382">sieht</word>
<word id="word_383">lediglich</word>
<word id="word_384">die</word>
<word id="word_385">Rohdaten</word>
<word id="word_386">zur</word>
<word id="word_387">Leistungssteigerung</word>
<word id="word_388">.</word>
<word id="word_389">Viele</word>
<word id="word_390">öffentliche</word>
<word id="word_391">Aufklärungskampagnen</word>
<word id="word_392">zur</word>
<word id="word_393">Gesundheit</word>
<word id="word_394">,</word>
<word id="word_395">die</word>
<word id="word_396">Leute</word>
<word id="word_397">dazu</word>
<word id="word_398">bringen</word>
<word id="word_399">wollen</word>
<word id="word_400">"</word>
<word id="word_401">sich</word>
<word id="word_402">30</word>
<word id="word_403">Minuten</word>
<word id="word_404">Zeit</word>
<word id="word_405">zu</word>
<word id="word_406">nehmen</word>
<word id="word_407">,</word>
<word id="word_408">"</word>
<word id="word_409">"</word>
<word id="word_410">vom</word>
<word id="word_411">Sofa</word>
<word id="word_412">zu</word>
<word id="word_413">kommen</word>
<word id="word_414">"</word>
<word id="word_415">und</word>
<word id="word_416">"</word>
<word id="word_417">jeden</word>
<word id="word_418">Tag</word>
<word id="word_419">aktiv</word>
<word id="word_420">zu</word>
<word id="word_421">sein</word>
<word id="word_422">"</word>
<word id="word_423">stießen</word>
<word id="word_424">auf</word>
<word id="word_425">taube</word>
<word id="word_426">Ohren</word>
<word id="word_427">,</word>
<word id="word_428">weil</word>
<word id="word_429">viele</word>
<word id="word_430">öffentliche</word>
<word id="word_431">Botschaften</word>
<word id="word_432">zur</word>
<word id="word_433">Gesundheit</word>
<word id="word_434">langweilig</word>
<word id="word_435">sind</word>
<word id="word_436">und</word>
<word id="word_437">von</word>
<word id="word_438">Leuten</word>
<word id="word_439">kommen</word>
<word id="word_440">,</word>
<word id="word_441">die</word>
<word id="word_442">elend</word>
<word id="word_443">aussehen</word>
<word id="word_444">.</word>
<word id="word_445">Dennoch</word>
<word id="word_446">kann</word>
<word id="word_447">die</word>
<word id="word_448">Bedeutung</word>
<word id="word_449">von</word>
<word id="word_450">Sport</word>
<word id="word_451">nicht</word>
<word id="word_452">überbewertet</word>
<word id="word_453">werden</word>
<word id="word_454">.</word>
<word id="word_455">Wer</word>
<word id="word_456">regelmäßig</word>
<word id="word_457">Sport</word>
<word id="word_458">treibt</word>
<word id="word_459">,</word>
<word id="word_460">reduziert</word>
<word id="word_461">seine</word>
<word id="word_462">Chancen</word>
<word id="word_463">,</word>
<word id="word_464">an</word>
<word id="word_465">Krebs</word>
<word id="word_466">oder</word>
<word id="word_467">Depressionen</word>
<word id="word_468">zu</word>
<word id="word_469">erkranken</word>
<word id="word_470">.</word>
<word id="word_471">Körperliche</word>
<word id="word_472">Betätigung</word>
<word id="word_473">hilft</word>
<word id="word_474">bei</word>
<word id="word_475">der</word>
<word id="word_476">Gewichtskontrolle</word>
<word id="word_477">,</word>
<word id="word_478">hohem</word>
<word id="word_479">Blutdruck</word>
<word id="word_480">,</word>
<word id="word_481">Diabetes</word>
<word id="word_482">und</word>
<word id="word_483">einer</word>
<word id="word_484">langen</word>
<word id="word_485">Liste</word>
<word id="word_486">an</word>
<word id="word_487">Vorteilen</word>
<word id="word_488">,</word>
<word id="word_489">die</word>
<word id="word_490">zu</word>
<word id="word_491">lange</word>
<word id="word_492">ist</word>
<word id="word_493">,</word>
<word id="word_494">um</word>
<word id="word_495">sie</word>
<word id="word_496">hier</word>
<word id="word_497">anzuführen</word>
<word id="word_498">.</word>
<word id="word_499">Aber</word>
<word id="word_500">das</word>
<word id="word_501">Wundervolle</word>
<word id="word_502">an</word>
<word id="word_503">Pokémon</word>
<word id="word_504">Go</word>
<word id="word_505">ist</word>
<word id="word_506">,</word>
<word id="word_507">dass</word>
<word id="word_508">es</word>
<word id="word_509">die</word>
<word id="word_510">Leute</word>
<word id="word_511">dazu</word>
<word id="word_512">bringt</word>
<word id="word_513">,</word>
<word id="word_514">etwas</word>
<word id="word_515">im</word>
<word id="word_516">Freien</word>
<word id="word_517">zu</word>
<word id="word_518">tun</word>
<word id="word_519">,</word>
<word id="word_520">dass</word>
<word id="word_521">ihnen</word>
<word id="word_522">Spaß</word>
<word id="word_523">macht</word>
<word id="word_524">.</word>
<word id="word_525">Somit</word>
<word id="word_526">werden</word>
<word id="word_527">drei</word>
<word id="word_528">Säulen</word>
<word id="word_529">der</word>
<word id="word_530">Gesundheit</word>
<word id="word_531">abgedeckt</word>
<word id="word_532">-</word>
<word id="word_533">Bewegung</word>
<word id="word_534">,</word>
<word id="word_535">frische</word>
<word id="word_536">Luft</word>
<word id="word_537">und</word>
<word id="word_538">Sonnenschein</word>
<word id="word_539">sowie</word>
<word id="word_540">Spaß</word>
<word id="word_541">.</word>
<word id="word_542">Manche</word>
<word id="word_543">Leute</word>
<word id="word_544">schließen</word>
<word id="word_545">auf</word>
<word id="word_546">der</word>
<word id="word_547">Jagd</word>
<word id="word_548">sogar</word>
<word id="word_549">neue</word>
<word id="word_550">Freundschaften</word>
<word id="word_551">.</word>
<word id="word_552">Wie</word>
<word id="word_553">immer</word>
<word id="word_554">gibt</word>
<word id="word_555">es</word>
<word id="word_556">auch</word>
<word id="word_557">mürrische</word>
<word id="word_558">Spielverderber</word>
<word id="word_559">,</word>
<word id="word_560">die</word>
<word id="word_561">sich</word>
<word id="word_562">immer</word>
<word id="word_563">über</word>
<word id="word_564">etwas</word>
<word id="word_565">beschweren</word>
<word id="word_566">müssen</word>
<word id="word_567">.</word>
<word id="word_568">Und</word>
<word id="word_569">ja</word>
<word id="word_570">,</word>
<word id="word_571">jemand</word>
<word id="word_572">könnte</word>
<word id="word_573">gegen</word>
<word id="word_574">eine</word>
<word id="word_575">Tür</word>
<word id="word_576">laufen</word>
<word id="word_577">.</word>
<word id="word_578">Was</word>
<word id="word_579">soll's</word>
<word id="word_580">?</word>
<word id="word_581">Es</word>
<word id="word_582">hat</word>
<word id="word_583">sich</word>
<word id="word_584">ein</word>
<word id="word_585">Durchbruch</word>
<word id="word_586">ereignet</word>
<word id="word_587">.</word>
<word id="word_588">Auch</word>
<word id="word_589">wenn</word>
<word id="word_590">Smartphone-Apps</word>
<word id="word_591">wie</word>
<word id="word_592">Fitbit</word>
<word id="word_593">bereits</word>
<word id="word_594">früher</word>
<word id="word_595">unsere</word>
<word id="word_596">Aktivität</word>
<word id="word_597">nachverfolgen</word>
<word id="word_598">konnten</word>
<word id="word_599">,</word>
<word id="word_600">gaben</word>
<word id="word_601">sie</word>
<word id="word_602">uns</word>
<word id="word_603">keinen</word>
<word id="word_604">Grund</word>
<word id="word_605">,</word>
<word id="word_606">Sport</word>
<word id="word_607">zu</word>
<word id="word_608">treiben</word>
<word id="word_609">,</word>
<word id="word_610">wie</word>
<word id="word_611">es</word>
<word id="word_612">dieses</word>
<word id="word_613">Spiel</word>
<word id="word_614">tut</word>
<word id="word_615">.</word>
<word id="word_616">Das</word>
<word id="word_617">Neue</word>
<word id="word_618">wird</word>
<word id="word_619">seinen</word>
<word id="word_620">Reiz</word>
<word id="word_621">verlieren</word>
<word id="word_622">und</word>
<word id="word_623">die</word>
<word id="word_624">Verwendung</word>
<word id="word_625">wird</word>
<word id="word_626">mit</word>
<word id="word_627">der</word>
<word id="word_628">Zeit</word>
<word id="word_629">nachlassen</word>
<word id="word_630">.</word>
<word id="word_631">Aufgrund</word>
<word id="word_632">von</word>
<word id="word_633">Pokemons</word>
<word id="word_634">Erfolg</word>
<word id="word_635">wird</word>
<word id="word_636">es</word>
<word id="word_637">jedoch</word>
<word id="word_638">mehr</word>
<word id="word_639">Spiele</word>
<word id="word_640">geben</word>
<word id="word_641">,</word>
<word id="word_642">die</word>
<word id="word_643">Apps</word>
<word id="word_644">und</word>
<word id="word_645">virtuelle</word>
<word id="word_646">Realität</word>
<word id="word_647">mit</word>
<word id="word_648">dem</word>
<word id="word_649">Aktivwerden</word>
<word id="word_650">in</word>
<word id="word_651">der</word>
<word id="word_652">realen</word>
<word id="word_653">Welt</word>
<word id="word_654">vereinen</word>
<word id="word_655">werden</word>
<word id="word_656">und</word>
<word id="word_657">dabei</word>
<word id="word_658">vielen</word>
<word id="word_659">Leuten</word>
<word id="word_660">auf</word>
<word id="word_661">der</word>
<word id="word_662">Jagd</word>
<word id="word_663">helfen</word>
<word id="word_664">werden</word>
<word id="word_665">,</word>
<word id="word_666">aktiver</word>
<word id="word_667">,</word>
<word id="word_668">fitter</word>
<word id="word_669">und</word>
<word id="word_670">gesünder</word>
<word id="word_671">zu</word>
<word id="word_672">sein</word>
<word id="word_673">.</word>
<word id="word_674">Lesen</word>
<word id="word_675">Sie</word>
<word id="word_676">Dr</word>
<word id="word_677">.</word>
<word id="word_678">Joes</word>
<word id="word_679">Blog</word>
<word id="word_680">auf</word>
<word id="word_681">www.drjoetoday.com</word>
</words>