<?xml version="1.0" encoding="UTF-8"?>
<!DOCTYPE words SYSTEM "words.dtd">
<words>
<word id="word_1">Simone</word>
<word id="word_2">Biles</word>
<word id="word_3">schafft</word>
<word id="word_4">Gold</word>
<word id="word_5">im</word>
<word id="word_6">Damenturnen</word>
<word id="word_7">Vergessen</word>
<word id="word_8">Sie</word>
<word id="word_9">den</word>
<word id="word_10">Druck</word>
<word id="word_11">.</word>
<word id="word_12">Vergessen</word>
<word id="word_13">Sie</word>
<word id="word_14">den</word>
<word id="word_15">Hype</word>
<word id="word_16">.</word>
<word id="word_17">Simone</word>
<word id="word_18">Biles</word>
<word id="word_19">ist</word>
<word id="word_20">auf</word>
<word id="word_21">all</word>
<word id="word_22">das</word>
<word id="word_23">immun</word>
<word id="word_24">.</word>
<word id="word_25">Dynamisch</word>
<word id="word_26">auf</word>
<word id="word_27">dem</word>
<word id="word_28">Sprungpferd</word>
<word id="word_29">.</word>
<word id="word_30">Mühelos</word>
<word id="word_31">auf</word>
<word id="word_32">dem</word>
<word id="word_33">Balken</word>
<word id="word_34">.</word>
<word id="word_35">Atemberaubend</word>
<word id="word_36">auf</word>
<word id="word_37">dem</word>
<word id="word_38">Boden</word>
<word id="word_39">.</word>
<word id="word_40">Auf</word>
<word id="word_41">ganzer</word>
<word id="word_42">Linie</word>
<word id="word_43">brilliant</word>
<word id="word_44">.</word>
<word id="word_45">Und</word>
<word id="word_46">jetzt</word>
<word id="word_47">endlich</word>
<word id="word_48">auch</word>
<word id="word_49">Olympiasiegerin</word>
<word id="word_50">.</word>
<word id="word_51">Die</word>
<word id="word_52">19-jährige</word>
<word id="word_53">amerikanische</word>
<word id="word_54">Turnerin</word>
<word id="word_55">erklomm</word>
<word id="word_56">am</word>
<word id="word_57">Donnerstag</word>
<word id="word_58">zum</word>
<word id="word_59">Mehrkampftitel</word>
<word id="word_60">und</word>
<word id="word_61">vergrößerte</word>
<word id="word_62">die</word>
<word id="word_63">Lücke</word>
<word id="word_64">zwischen</word>
<word id="word_65">sich</word>
<word id="word_66">und</word>
<word id="word_67">dem</word>
<word id="word_68">Rest</word>
<word id="word_69">der</word>
<word id="word_70">Welt</word>
<word id="word_71">vor</word>
<word id="word_72">aller</word>
<word id="word_73">Augen</word>
<word id="word_74">unter</word>
<word id="word_75">dem</word>
<word id="word_76">Scheinwerferlicht</word>
<word id="word_77">der</word>
<word id="word_78">Olympischen</word>
<word id="word_79">Spiele</word>
<word id="word_80">.</word>
<word id="word_81">Ihr</word>
<word id="word_82">Gesamtergebnis</word>
<word id="word_83">von</word>
<word id="word_84">62,198</word>
<word id="word_85">lag</word>
<word id="word_86">eindeutig</word>
<word id="word_87">vor</word>
<word id="word_88">der</word>
<word id="word_89">Silbermedaillengewinner</word>
<word id="word_90">und</word>
<word id="word_91">"</word>
<word id="word_92">Final</word>
<word id="word_93">Five"-Mannschaftskameradin</word>
<word id="word_94">Aly</word>
<word id="word_95">Raisman</word>
<word id="word_96">und</word>
<word id="word_97">der</word>
<word id="word_98">russischen</word>
<word id="word_99">Bronzemedaillengewinnerin</word>
<word id="word_100">Aliya</word>
<word id="word_101">Mustafina</word>
<word id="word_102">.</word>
<word id="word_103">Die</word>
<word id="word_104">Amerikanerinnen</word>
<word id="word_105">Simone</word>
<word id="word_106">Biles</word>
<word id="word_107">turnt</word>
<word id="word_108">auf</word>
<word id="word_109">dem</word>
<word id="word_110">Schwebebalken</word>
<word id="word_111">während</word>
<word id="word_112">des</word>
<word id="word_113">Einzelmehrkampffinales</word>
<word id="word_114">der</word>
<word id="word_115">Frauen</word>
<word id="word_116">im</word>
<word id="word_117">Kunstturnen</word>
<word id="word_118">bei</word>
<word id="word_119">den</word>
<word id="word_120">Olympischen</word>
<word id="word_121">Sommerspielen</word>
<word id="word_122">in</word>
<word id="word_123">Rio</word>
<word id="word_124">de</word>
<word id="word_125">Janeiro</word>
<word id="word_126">2016</word>
<word id="word_127">,</word>
<word id="word_128">Brasilien</word>
<word id="word_129">,</word>
<word id="word_130">Donnerstag</word>
<word id="word_131">.</word>
<word id="word_132">Biles</word>
<word id="word_133">ist</word>
<word id="word_134">die</word>
<word id="word_135">vierte</word>
<word id="word_136">heterosexuelle</word>
<word id="word_137">Amerikanerin</word>
<word id="word_138">,</word>
<word id="word_139">die</word>
<word id="word_140">einen</word>
<word id="word_141">Mehrkampftitel</word>
<word id="word_142">gewinnt</word>
<word id="word_143">und</word>
<word id="word_144">insgesamt</word>
<word id="word_145">die</word>
<word id="word_146">fünfte</word>
<word id="word_147">,</word>
<word id="word_148">während</word>
<word id="word_149">sie</word>
<word id="word_150">ihren</word>
<word id="word_151">Ruf</word>
<word id="word_152">festigt</word>
<word id="word_153">,</word>
<word id="word_154">die</word>
<word id="word_155">Beste</word>
<word id="word_156">ihrer</word>
<word id="word_157">Generation</word>
<word id="word_158">oder</word>
<word id="word_159">sogar</word>
<word id="word_160">überhaupt</word>
<word id="word_161">zu</word>
<word id="word_162">sein</word>
<word id="word_163">.</word>
<word id="word_164">Sie</word>
<word id="word_165">brach</word>
<word id="word_166">in</word>
<word id="word_167">Tränen</word>
<word id="word_168">aus</word>
<word id="word_169">,</word>
<word id="word_170">als</word>
<word id="word_171">ihr</word>
<word id="word_172">Endergebnis</word>
<word id="word_173">gezeigt</word>
<word id="word_174">wurde</word>
<word id="word_175">und</word>
<word id="word_176">ihre</word>
<word id="word_177">lange</word>
<word id="word_178">Reise</word>
<word id="word_179">in</word>
<word id="word_180">diesem</word>
<word id="word_181">Moment</word>
<word id="word_182">ein</word>
<word id="word_183">Ende</word>
<word id="word_184">fand</word>
<word id="word_185">.</word>
<word id="word_186">Dieser</word>
<word id="word_187">Erfolg</word>
<word id="word_188">stellt</word>
<word id="word_189">sie</word>
<word id="word_190">in</word>
<word id="word_191">dieselbe</word>
<word id="word_192">Liga</word>
<word id="word_193">wie</word>
<word id="word_194">einzigartige</word>
<word id="word_195">Athleten</word>
<word id="word_196">wie</word>
<word id="word_197">Michael</word>
<word id="word_198">Phelps</word>
<word id="word_199">,</word>
<word id="word_200">die</word>
<word id="word_201">ihre</word>
<word id="word_202">Sportarten</word>
<word id="word_203">zu</word>
<word id="word_204">neuen</word>
<word id="word_205">Höhen</word>
<word id="word_206">gebracht</word>
<word id="word_207">habe</word>
<word id="word_208">:</word>
<word id="word_209">Biles</word>
<word id="word_210">hat</word>
<word id="word_211">die</word>
<word id="word_212">letzten</word>
<word id="word_213">drei</word>
<word id="word_214">Jahre</word>
<word id="word_215">ihre</word>
<word id="word_216">Sportart</word>
<word id="word_217">dominiert</word>
<word id="word_218">,</word>
<word id="word_219">15</word>
<word id="word_220">Weltmeistermedaillen</word>
<word id="word_221">-</word>
<word id="word_222">einschließlich</word>
<word id="word_223">10</word>
<word id="word_224">Goldmedaillen</word>
<word id="word_225">-</word>
<word id="word_226">mit</word>
<word id="word_227">so</word>
<word id="word_228">erstaunlichen</word>
<word id="word_229">Übungen</word>
<word id="word_230">gewonnen</word>
<word id="word_231">,</word>
<word id="word_232">die</word>
<word id="word_233">eine</word>
<word id="word_234">Mischung</word>
<word id="word_235">aus</word>
<word id="word_236">Ehrgeiz</word>
<word id="word_237">und</word>
<word id="word_238">Präzision</word>
<word id="word_239">beinhalten</word>
<word id="word_240">,</word>
<word id="word_241">dass</word>
<word id="word_242">die</word>
<word id="word_243">Olympiasiegerin</word>
<word id="word_244">von</word>
<word id="word_245">1984</word>
<word id="word_246">Mary</word>
<word id="word_247">Lou</word>
<word id="word_248">Retton</word>
<word id="word_249">von</word>
<word id="word_250">ihr</word>
<word id="word_251">sagte</word>
<word id="word_252">,</word>
<word id="word_253">dass</word>
<word id="word_254">sie</word>
<word id="word_255">"</word>
<word id="word_256">die</word>
<word id="word_257">beste</word>
<word id="word_258">Turnerin</word>
<word id="word_259">ist</word>
<word id="word_260">,</word>
<word id="word_261">die</word>
<word id="word_262">ich</word>
<word id="word_263">jemals</word>
<word id="word_264">gesehen</word>
<word id="word_265">habe</word>
<word id="word_266">.</word>
<word id="word_267">"</word>
<word id="word_268">Es</word>
<word id="word_269">erwartete</word>
<word id="word_270">sie</word>
<word id="word_271">eine</word>
<word id="word_272">letzte</word>
<word id="word_273">Prüfung</word>
<word id="word_274">in</word>
<word id="word_275">Brasilien</word>
<word id="word_276">,</word>
<word id="word_277">ein</word>
<word id="word_278">Wettbewerb</word>
<word id="word_279">,</word>
<word id="word_280">der</word>
<word id="word_281">nicht</word>
<word id="word_282">so</word>
<word id="word_283">sehr</word>
<word id="word_284">zwischen</word>
<word id="word_285">Biles</word>
<word id="word_286">und</word>
<word id="word_287">dem</word>
<word id="word_288">Rest</word>
<word id="word_289">der</word>
<word id="word_290">Athleten</word>
<word id="word_291">ging</word>
<word id="word_292">,</word>
<word id="word_293">sondern</word>
<word id="word_294">vielmehr</word>
<word id="word_295">zwischen</word>
<word id="word_296">ihr</word>
<word id="word_297">und</word>
<word id="word_298">einer</word>
<word id="word_299">Last</word>
<word id="word_300">überdimensionierter</word>
<word id="word_301">Erwartungen</word>
<word id="word_302">.</word>
<word id="word_303">Nicht</word>
<word id="word_304">mit</word>
<word id="word_305">einer</word>
<word id="word_306">Handvoll</word>
<word id="word_307">Gold</word>
<word id="word_308">zurück</word>
<word id="word_309">zur</word>
<word id="word_310">Familie</word>
<word id="word_311">in</word>
<word id="word_312">Spring</word>
<word id="word_313">,</word>
<word id="word_314">Texas</word>
<word id="word_315">zurückkehren</word>
<word id="word_316">,</word>
<word id="word_317">wäre</word>
<word id="word_318">als</word>
<word id="word_319">Enttäuschung</word>
<word id="word_320">angesehen</word>
<word id="word_321">werden</word>
<word id="word_322">.</word>
<word id="word_323">Die</word>
<word id="word_324">Amerikanerinnen</word>
<word id="word_325">Simone</word>
<word id="word_326">Biles</word>
<word id="word_327">,</word>
<word id="word_328">links</word>
<word id="word_329">,</word>
<word id="word_330">und</word>
<word id="word_331">Aly</word>
<word id="word_332">Raisman</word>
<word id="word_333">umarmen</word>
<word id="word_334">sich</word>
<word id="word_335">,</word>
<word id="word_336">nachdem</word>
<word id="word_337">sie</word>
<word id="word_338">jeweils</word>
<word id="word_339">Gold</word>
<word id="word_340">und</word>
<word id="word_341">Silber</word>
<word id="word_342">im</word>
<word id="word_343">Einzelmehrkampffinale</word>
<word id="word_344">der</word>
<word id="word_345">Frauen</word>
<word id="word_346">im</word>
<word id="word_347">Kunstturnen</word>
<word id="word_348">bei</word>
<word id="word_349">den</word>
<word id="word_350">Olympischen</word>
<word id="word_351">Sommerspielen</word>
<word id="word_352">2016</word>
<word id="word_353">in</word>
<word id="word_354">Rio</word>
<word id="word_355">de</word>
<word id="word_356">Janeiro</word>
<word id="word_357">,</word>
<word id="word_358">Brasilien</word>
<word id="word_359">,</word>
<word id="word_360">Donnerstag</word>
<word id="word_361">,</word>
<word id="word_362">gewonnen</word>
<word id="word_363">haben</word>
<word id="word_364">Biles</word>
<word id="word_365">holte</word>
<word id="word_366">die</word>
<word id="word_367">erste</word>
<word id="word_368">Medaille</word>
<word id="word_369">am</word>
<word id="word_370">Dienstag</word>
<word id="word_371">,</word>
<word id="word_372">während</word>
<word id="word_373">sie</word>
<word id="word_374">auf</word>
<word id="word_375">der</word>
<word id="word_376">Abschiedsfeier</word>
<word id="word_377">der</word>
<word id="word_378">sich</word>
<word id="word_379">in</word>
<word id="word_380">Ruhestand</word>
<word id="word_381">begehenden</word>
<word id="word_382">Mannschaftskoordinatorin</word>
<word id="word_383">Martha</word>
<word id="word_384">Karolyi</word>
<word id="word_385">als</word>
<word id="word_386">Ausrufezeichen</word>
<word id="word_387">diente</word>
<word id="word_388">.</word>
<word id="word_389">Obwohl</word>
<word id="word_390">Biles</word>
<word id="word_391">darauf</word>
<word id="word_392">bestand</word>
<word id="word_393">,</word>
<word id="word_394">während</word>
<word id="word_395">ihres</word>
<word id="word_396">langen</word>
<word id="word_397">Wegs</word>
<word id="word_398">auf</word>
<word id="word_399">die</word>
<word id="word_400">Spitze</word>
<word id="word_401">,</word>
<word id="word_402">nie</word>
<word id="word_403">die</word>
<word id="word_404">Zukunft</word>
<word id="word_405">geplant</word>
<word id="word_406">zu</word>
<word id="word_407">haben</word>
<word id="word_408">,</word>
<word id="word_409">ist</word>
<word id="word_410">das</word>
<word id="word_411">nicht</word>
<word id="word_412">wirklich</word>
<word id="word_413">wahr</word>
<word id="word_414">.</word>
<word id="word_415">Ein</word>
<word id="word_416">Teil</word>
<word id="word_417">ihrer</word>
<word id="word_418">Bodenübungen</word>
<word id="word_419">-</word>
<word id="word_420">die</word>
<word id="word_421">ihren</word>
<word id="word_422">typischen</word>
<word id="word_423">Tumbling</word>
<word id="word_424">Pass</word>
<word id="word_425">enthalten</word>
<word id="word_426">-</word>
<word id="word_427">ist</word>
<word id="word_428">auf</word>
<word id="word_429">lateinamerikanische</word>
<word id="word_430">Musik</word>
<word id="word_431">abgestimmt</word>
<word id="word_432">,</word>
<word id="word_433">das</word>
<word id="word_434">zuhause</word>
<word id="word_435">auf</word>
<word id="word_436">der</word>
<word id="word_437">Straße</word>
<word id="word_438">außerhalb</word>
<word id="word_439">der</word>
<word id="word_440">Olympiaarena</word>
<word id="word_441">in</word>
<word id="word_442">Rio</word>
<word id="word_443">passen</word>
<word id="word_444">würde</word>
<word id="word_445">.</word>
<word id="word_446">Das</word>
<word id="word_447">ist</word>
<word id="word_448">kein</word>
<word id="word_449">Zufall</word>
<word id="word_450">.</word>
<word id="word_451">Dieses</word>
<word id="word_452">Mädchen</word>
<word id="word_453">,</word>
<word id="word_454">das</word>
<word id="word_455">von</word>
<word id="word_456">ihren</word>
<word id="word_457">Großeltern</word>
<word id="word_458">als</word>
<word id="word_459">kleines</word>
<word id="word_460">Kind</word>
<word id="word_461">adoptiert</word>
<word id="word_462">und</word>
<word id="word_463">von</word>
<word id="word_464">Trainerin</word>
<word id="word_465">Aimee</word>
<word id="word_466">Boormans</word>
<word id="word_467">Mutter</word>
<word id="word_468">während</word>
<word id="word_469">eines</word>
<word id="word_470">Schulausflugs</word>
<word id="word_471">in</word>
<word id="word_472">die</word>
<word id="word_473">Turnhalle</word>
<word id="word_474">entdeckt</word>
<word id="word_475">wurde</word>
<word id="word_476">,</word>
<word id="word_477">in</word>
<word id="word_478">der</word>
<word id="word_479">Boorman</word>
<word id="word_480">trainierte</word>
<word id="word_481">,</word>
<word id="word_482">wurde</word>
<word id="word_483">zur</word>
<word id="word_484">Kraft</word>
<word id="word_485">.</word>
<word id="word_486">Sie</word>
<word id="word_487">hat</word>
<word id="word_488">seit</word>
<word id="word_489">dem</word>
<word id="word_490">Sommer</word>
<word id="word_491">2013</word>
<word id="word_492">keinen</word>
<word id="word_493">Mehrkampfwettbewerb</word>
<word id="word_494">mehr</word>
<word id="word_495">verloren</word>
<word id="word_496">,</word>
<word id="word_497">eine</word>
<word id="word_498">Siegesserie</word>
<word id="word_499">,</word>
<word id="word_500">die</word>
<word id="word_501">so</word>
<word id="word_502">lange</word>
<word id="word_503">anhalten</word>
<word id="word_504">wird</word>
<word id="word_505">,</word>
<word id="word_506">wie</word>
<word id="word_507">es</word>
<word id="word_508">Biles</word>
<word id="word_509">wünscht</word>
<word id="word_510">.</word>
<word id="word_511">Auch</word>
<word id="word_512">wenn</word>
<word id="word_513">Mustafina</word>
<word id="word_514">durch</word>
<word id="word_515">zwei</word>
<word id="word_516">Drehungen</word>
<word id="word_517">leicht</word>
<word id="word_518">führte</word>
<word id="word_519">,</word>
<word id="word_520">trügte</word>
<word id="word_521">das</word>
<word id="word_522">Bild</word>
<word id="word_523">.</word>
<word id="word_524">Schwebebalken</word>
<word id="word_525">und</word>
<word id="word_526">Bodenturnen</word>
<word id="word_527">-</word>
<word id="word_528">in</word>
<word id="word_529">denen</word>
<word id="word_530">Biles</word>
<word id="word_531">den</word>
<word id="word_532">Weltmeistertitel</word>
<word id="word_533">hält</word>
<word id="word_534">-</word>
<word id="word_535">lauerten</word>
<word id="word_536">.</word>
<word id="word_537">Sie</word>
<word id="word_538">holte</word>
<word id="word_539">wieder</word>
<word id="word_540">mit</word>
<word id="word_541">15,433</word>
<word id="word_542">auf</word>
<word id="word_543">dem</word>
<word id="word_544">Schwebebalken</word>
<word id="word_545">wieder</word>
<word id="word_546">auf</word>
<word id="word_547">-</word>
<word id="word_548">und</word>
<word id="word_549">setzte</word>
<word id="word_550">mit</word>
<word id="word_551">einem</word>
<word id="word_552">15,933</word>
<word id="word_553">auf</word>
<word id="word_554">dem</word>
<word id="word_555">Boden</word>
<word id="word_556">noch</word>
<word id="word_557">einen</word>
<word id="word_558">darauf</word>
<word id="word_559">.</word>
<word id="word_560">Raisman</word>
<word id="word_561">umarmte</word>
<word id="word_562">sie</word>
<word id="word_563">sanft</word>
<word id="word_564">als</word>
<word id="word_565">sie</word>
<word id="word_566">ihr</word>
<word id="word_567">Endergbnis</word>
<word id="word_568">erwarteten</word>
<word id="word_569">-</word>
<word id="word_570">eine</word>
<word id="word_571">reine</word>
<word id="word_572">Formalität</word>
<word id="word_573">-</word>
<word id="word_574">und</word>
<word id="word_575">Tränen</word>
<word id="word_576">strömten</word>
<word id="word_577">auf</word>
<word id="word_578">Biles</word>
<word id="word_579">glänzend</word>
<word id="word_580">roten</word>
<word id="word_581">,</word>
<word id="word_582">weißen</word>
<word id="word_583">und</word>
<word id="word_584">blauen</word>
<word id="word_585">Eyeliner</word>
<word id="word_586">,</word>
<word id="word_587">als</word>
<word id="word_588">die</word>
<word id="word_589">Vision</word>
<word id="word_590">,</word>
<word id="word_591">die</word>
<word id="word_592">sie</word>
<word id="word_593">einst</word>
<word id="word_594">in</word>
<word id="word_595">ihrem</word>
<word id="word_596">Sammelbuch</word>
<word id="word_597">beschrieb</word>
<word id="word_598">,</word>
<word id="word_599">zur</word>
<word id="word_600">Wirklichkeit</word>
<word id="word_601">wurde</word>
<word id="word_602">.</word>
<word id="word_603">Die</word>
<word id="word_604">Leistung</word>
<word id="word_605">Raismans</word>
<word id="word_606">war</word>
<word id="word_607">eine</word>
<word id="word_608">Rache</word>
<word id="word_609">für</word>
<word id="word_610">das</word>
<word id="word_611">letzte</word>
<word id="word_612">Mal</word>
<word id="word_613">vor</word>
<word id="word_614">vier</word>
<word id="word_615">Jahren</word>
<word id="word_616">,</word>
<word id="word_617">als</word>
<word id="word_618">sie</word>
<word id="word_619">um</word>
<word id="word_620">den</word>
<word id="word_621">dritten</word>
<word id="word_622">Platz</word>
<word id="word_623">kämpfte</word>
<word id="word_624">,</word>
<word id="word_625">aber</word>
<word id="word_626">die</word>
<word id="word_627">Bronzemedaille</word>
<word id="word_628">in</word>
<word id="word_629">einem</word>
<word id="word_630">Tiebrake</word>
<word id="word_631">an</word>
<word id="word_632">Mustafina</word>
<word id="word_633">ging</word>
<word id="word_634">.</word>
<word id="word_635">Dieses</word>
<word id="word_636">Mal</word>
<word id="word_637">hatte</word>
<word id="word_638">die</word>
<word id="word_639">22-jährige</word>
<word id="word_640">Mannschaftskapitänin</word>
<word id="word_641">,</word>
<word id="word_642">die</word>
<word id="word_643">von</word>
<word id="word_644">den</word>
<word id="word_645">Amerikanern</word>
<word id="word_646">"</word>
<word id="word_647">Oma</word>
<word id="word_648">"</word>
<word id="word_649">genannt</word>
<word id="word_650">wird</word>
<word id="word_651">,</word>
<word id="word_652">einen</word>
<word id="word_653">Vorsprung</word>
<word id="word_654">.</word>
<word id="word_655">Nach</word>
<word id="word_656">ihrer</word>
<word id="word_657">Bodenübung</word>
<word id="word_658">warf</word>
<word id="word_659">sie</word>
<word id="word_660">dem</word>
<word id="word_661">Publikum</word>
<word id="word_662">Kusshände</word>
<word id="word_663">zu</word>
<word id="word_664">,</word>
<word id="word_665">überwältigt</word>
<word id="word_666">von</word>
<word id="word_667">einem</word>
<word id="word_668">Comeback</word>
<word id="word_669">,</word>
<word id="word_670">das</word>
<word id="word_671">manchmal</word>
<word id="word_672">zweifelhaft</word>
<word id="word_673">erschien</word>
<word id="word_674">.</word>
<word id="word_675">Was</word>
<word id="word_676">Biles</word>
<word id="word_677">betrifft</word>
<word id="word_678">,</word>
<word id="word_679">so</word>
<word id="word_680">hat</word>
<word id="word_681">der</word>
<word id="word_682">sich</word>
<word id="word_683">schnell</word>
<word id="word_684">ausbreitende</word>
<word id="word_685">Tweet</word>
<word id="word_686">der</word>
<word id="word_687">19-Jährigen</word>
<word id="word_688">von</word>
<word id="word_689">Anfang</word>
<word id="word_690">dieser</word>
<word id="word_691">Woche</word>
<word id="word_692">eine</word>
<word id="word_693">ganz</word>
<word id="word_694">neue</word>
<word id="word_695">Bedeutung</word>
<word id="word_696">:</word>
</words>