<?xml version="1.0" encoding="UTF-8"?>
<!DOCTYPE words SYSTEM "words.dtd">
<words>
<word id="word_1">Polizei</word>
<word id="word_2">:</word>
<word id="word_3">3</word>
<word id="word_4">Opfer</word>
<word id="word_5">in</word>
<word id="word_6">Serienmörderfall</word>
<word id="word_7">beim</word>
<word id="word_8">Musikhören</word>
<word id="word_9">im</word>
<word id="word_10">Auto</word>
<word id="word_11">erschossen</word>
<word id="word_12">Laut</word>
<word id="word_13">Polizeiberichten</word>
<word id="word_14">,</word>
<word id="word_15">die</word>
<word id="word_16">am</word>
<word id="word_17">Donnerstag</word>
<word id="word_18">veröffentlicht</word>
<word id="word_19">wurden</word>
<word id="word_20">,</word>
<word id="word_21">wurden</word>
<word id="word_22">zwei</word>
<word id="word_23">Frauen</word>
<word id="word_24">und</word>
<word id="word_25">ein</word>
<word id="word_26">12-Jahre</word>
<word id="word_27">altes</word>
<word id="word_28">Mädchen</word>
<word id="word_29">erschossen</word>
<word id="word_30">,</word>
<word id="word_31">die</word>
<word id="word_32">in</word>
<word id="word_33">einem</word>
<word id="word_34">der</word>
<word id="word_35">tödlichsten</word>
<word id="word_36">Angriffe</word>
<word id="word_37">seit</word>
<word id="word_38">einem</word>
<word id="word_39">Jahrzehnt</word>
<word id="word_40">im</word>
<word id="word_41">ersten</word>
<word id="word_42">Serienmörderfall</word>
<word id="word_43">von</word>
<word id="word_44">Phoenix</word>
<word id="word_45">umgekommen</word>
<word id="word_46">sind</word>
<word id="word_47">,</word>
<word id="word_48">während</word>
<word id="word_49">sie</word>
<word id="word_50">sich</word>
<word id="word_51">im</word>
<word id="word_52">Auto</word>
<word id="word_53">unterhielten</word>
<word id="word_54">und</word>
<word id="word_55">Musik</word>
<word id="word_56">hörten</word>
<word id="word_57">.</word>
<word id="word_58">Angela</word>
<word id="word_59">Rochelle</word>
<word id="word_60">Liner</word>
<word id="word_61">,</word>
<word id="word_62">Stefanie</word>
<word id="word_63">R</word>
<word id="word_64">.</word>
<word id="word_65">Ellis</word>
<word id="word_66">and</word>
<word id="word_67">Ellis</word>
<word id="word_68">Tochter</word>
<word id="word_69">Maleah</word>
<word id="word_70">wurden</word>
<word id="word_71">am</word>
<word id="word_72">12</word>
<word id="word_73">.</word>
<word id="word_74">Juni</word>
<word id="word_75">erschossen</word>
<word id="word_76">,</word>
<word id="word_77">während</word>
<word id="word_78">das</word>
<word id="word_79">Auto</word>
<word id="word_80">in</word>
<word id="word_81">einer</word>
<word id="word_82">Einfahrt</word>
<word id="word_83">geparkt</word>
<word id="word_84">war</word>
<word id="word_85">,</word>
<word id="word_86">sagten</word>
<word id="word_87">die</word>
<word id="word_88">Behörden</word>
<word id="word_89">.</word>
<word id="word_90">Der</word>
<word id="word_91">Täter</word>
<word id="word_92">feuerte</word>
<word id="word_93">acht</word>
<word id="word_94">Schüsse</word>
<word id="word_95">aus</word>
<word id="word_96">einer</word>
<word id="word_97">Handfeuerwaffe</word>
<word id="word_98">,</word>
<word id="word_99">während</word>
<word id="word_100">er</word>
<word id="word_101">auf</word>
<word id="word_102">der</word>
<word id="word_103">Beifahrerseite</word>
<word id="word_104">des</word>
<word id="word_105">Autos</word>
<word id="word_106">stand</word>
<word id="word_107">und</word>
<word id="word_108">floh</word>
<word id="word_109">anschließend</word>
<word id="word_110">mit</word>
<word id="word_111">einem</word>
<word id="word_112">anderen</word>
<word id="word_113">Fahrzeug</word>
<word id="word_114">,</word>
<word id="word_115">ist</word>
<word id="word_116">im</word>
<word id="word_117">Bericht</word>
<word id="word_118">zu</word>
<word id="word_119">lesen</word>
<word id="word_120">.</word>
<word id="word_121">Die</word>
<word id="word_122">Polizei</word>
<word id="word_123">teilte</word>
<word id="word_124">mit</word>
<word id="word_125">,</word>
<word id="word_126">dass</word>
<word id="word_127">der</word>
<word id="word_128">dreifache</word>
<word id="word_129">Mord</word>
<word id="word_130">nicht</word>
<word id="word_131">das</word>
<word id="word_132">Ergebnis</word>
<word id="word_133">eines</word>
<word id="word_134">Raubüberfalles</word>
<word id="word_135">gewesen</word>
<word id="word_136">zu</word>
<word id="word_137">sein</word>
<word id="word_138">scheint</word>
<word id="word_139">,</word>
<word id="word_140">da</word>
<word id="word_141">der</word>
<word id="word_142">Angreifer</word>
<word id="word_143">nicht</word>
<word id="word_144">die</word>
<word id="word_145">Handtaschen</word>
<word id="word_146">oder</word>
<word id="word_147">die</word>
<word id="word_148">$</word>
<word id="word_149">2.900</word>
<word id="word_150">mitnahm</word>
<word id="word_151">,</word>
<word id="word_152">die</word>
<word id="word_153">sich</word>
<word id="word_154">im</word>
<word id="word_155">Besitz</word>
<word id="word_156">einer</word>
<word id="word_157">der</word>
<word id="word_158">erwachsenen</word>
<word id="word_159">Opfer</word>
<word id="word_160">befanden</word>
<word id="word_161">.</word>
<word id="word_162">Der</word>
<word id="word_163">Polizeisprecher</word>
<word id="word_164">von</word>
<word id="word_165">Phoenix</word>
<word id="word_166">Sgt</word>
<word id="word_167">.</word>
<word id="word_168">Jonathan</word>
<word id="word_169">Howard</word>
<word id="word_170">sagte</word>
<word id="word_171">,</word>
<word id="word_172">dass</word>
<word id="word_173">die</word>
<word id="word_174">Schießerei</word>
<word id="word_175">die</word>
<word id="word_176">Ermittler</word>
<word id="word_177">dazu</word>
<word id="word_178">verleitete</word>
<word id="word_179">,</word>
<word id="word_180">einen</word>
<word id="word_181">näheren</word>
<word id="word_182">Blick</word>
<word id="word_183">darauf</word>
<word id="word_184">zu</word>
<word id="word_185">werden</word>
<word id="word_186">,</word>
<word id="word_187">ob</word>
<word id="word_188">sie</word>
<word id="word_189">mit</word>
<word id="word_190">vier</word>
<word id="word_191">vorherigen</word>
<word id="word_192">Angriffen</word>
<word id="word_193">verbunden</word>
<word id="word_194">ist</word>
<word id="word_195">.</word>
<word id="word_196">Insgesamt</word>
<word id="word_197">wurden</word>
<word id="word_198">vorwiegend</word>
<word id="word_199">in</word>
<word id="word_200">hispanischen</word>
<word id="word_201">Wohngegenden</word>
<word id="word_202">innerhalb</word>
<word id="word_203">von</word>
<word id="word_204">vier</word>
<word id="word_205">Monaten</word>
<word id="word_206">in</word>
<word id="word_207">neun</word>
<word id="word_208">Angriffen</word>
<word id="word_209">sieben</word>
<word id="word_210">Personen</word>
<word id="word_211">getötet</word>
<word id="word_212">und</word>
<word id="word_213">zwei</word>
<word id="word_214">weitere</word>
<word id="word_215">verletzt</word>
<word id="word_216">.</word>
<word id="word_217">"</word>
<word id="word_218">Es</word>
<word id="word_219">geschieht</word>
<word id="word_220">in</word>
<word id="word_221">einer</word>
<word id="word_222">Wohngegend</word>
<word id="word_223">vor</word>
<word id="word_224">einem</word>
<word id="word_225">Haus</word>
<word id="word_226">,</word>
<word id="word_227">"</word>
<word id="word_228">teilte</word>
<word id="word_229">Howard</word>
<word id="word_230">der</word>
<word id="word_231">KHPO</word>
<word id="word_232">,</word>
<word id="word_233">einer</word>
<word id="word_234">Tochtergesellschaft</word>
<word id="word_235">von</word>
<word id="word_236">CBS</word>
<word id="word_237">,</word>
<word id="word_238">Anfang</word>
<word id="word_239">des</word>
<word id="word_240">Monats</word>
<word id="word_241">mit</word>
<word id="word_242">.</word>
<word id="word_243">Es</word>
<word id="word_244">wird</word>
<word id="word_245">angenommen</word>
<word id="word_246">,</word>
<word id="word_247">dass</word>
<word id="word_248">der</word>
<word id="word_249">Verdächtige</word>
<word id="word_250">mehrere</word>
<word id="word_251">Fahrzeuge</word>
<word id="word_252">benutzt</word>
<word id="word_253">hat</word>
<word id="word_254">,</word>
<word id="word_255">einschließlich</word>
<word id="word_256">eines</word>
<word id="word_257">braunen</word>
<word id="word_258">Nissans</word>
<word id="word_259">aus</word>
<word id="word_260">den</word>
<word id="word_261">späten</word>
<word id="word_262">1990ern</word>
<word id="word_263">,</word>
<word id="word_264">einem</word>
<word id="word_265">schwarzen</word>
<word id="word_266">BMW</word>
<word id="word_267">aus</word>
<word id="word_268">den</word>
<word id="word_269">späten</word>
<word id="word_270">1990ern</word>
<word id="word_271">und</word>
<word id="word_272">einem</word>
<word id="word_273">weißen</word>
<word id="word_274">Cadillac</word>
<word id="word_275">oder</word>
<word id="word_276">Lincoln</word>
<word id="word_277">.</word>
<word id="word_278">Die</word>
<word id="word_279">Ermittler</word>
<word id="word_280">weigerten</word>
<word id="word_281">sich</word>
<word id="word_282">,</word>
<word id="word_283">die</word>
<word id="word_284">Beweise</word>
<word id="word_285">offenzulegen</word>
<word id="word_286">,</word>
<word id="word_287">die</word>
<word id="word_288">sie</word>
<word id="word_289">zu</word>
<word id="word_290">der</word>
<word id="word_291">Schlußfolgerung</word>
<word id="word_292">geführt</word>
<word id="word_293">haben</word>
<word id="word_294">,</word>
<word id="word_295">dass</word>
<word id="word_296">die</word>
<word id="word_297">Angriffe</word>
<word id="word_298">verknüpft</word>
<word id="word_299">sind</word>
<word id="word_300">und</word>
<word id="word_301">von</word>
<word id="word_302">dem</word>
<word id="word_303">selben</word>
<word id="word_304">Mörder</word>
<word id="word_305">begangen</word>
<word id="word_306">wurden</word>
<word id="word_307">.</word>
<word id="word_308">Ellis</word>
<word id="word_309">,</word>
<word id="word_310">33</word>
<word id="word_311">,</word>
<word id="word_312">wurde</word>
<word id="word_313">aufgrund</word>
<word id="word_314">ihrer</word>
<word id="word_315">Verletzungen</word>
<word id="word_316">hospitalisiert</word>
<word id="word_317">und</word>
<word id="word_318">verstarb</word>
<word id="word_319">später</word>
<word id="word_320">.</word>
<word id="word_321">Liner</word>
<word id="word_322">,</word>
<word id="word_323">31</word>
<word id="word_324">,</word>
<word id="word_325">und</word>
<word id="word_326">Ellis</word>
<word id="word_327">Tochter</word>
<word id="word_328">Maleah</word>
<word id="word_329">verstarben</word>
<word id="word_330">noch</word>
<word id="word_331">vor</word>
<word id="word_332">Ort</word>
<word id="word_333">.</word>
<word id="word_334">Ein</word>
<word id="word_335">Zeuge</word>
<word id="word_336">teilte</word>
<word id="word_337">der</word>
<word id="word_338">Polizei</word>
<word id="word_339">mit</word>
<word id="word_340">,</word>
<word id="word_341">dass</word>
<word id="word_342">es</word>
<word id="word_343">für</word>
<word id="word_344">sie</word>
<word id="word_345">nicht</word>
<word id="word_346">ungewöhnlich</word>
<word id="word_347">war</word>
<word id="word_348">,</word>
<word id="word_349">in</word>
<word id="word_350">einem</word>
<word id="word_351">geparkten</word>
<word id="word_352">Auto</word>
<word id="word_353">zu</word>
<word id="word_354">sitzen</word>
<word id="word_355">und</word>
<word id="word_356">Musik</word>
<word id="word_357">zu</word>
<word id="word_358">hören</word>
<word id="word_359">.</word>
<word id="word_360">Die</word>
<word id="word_361">Behörden</word>
<word id="word_362">veröffentlichten</word>
<word id="word_363">auch</word>
<word id="word_364">einen</word>
<word id="word_365">Polizeibericht</word>
<word id="word_366">über</word>
<word id="word_367">die</word>
<word id="word_368">Schießerei</word>
<word id="word_369">,</word>
<word id="word_370">die</word>
<word id="word_371">auf</word>
<word id="word_372">einen</word>
<word id="word_373">leeren</word>
<word id="word_374">Pickup-Truck</word>
<word id="word_375">eine</word>
<word id="word_376">halbe</word>
<word id="word_377">Stunde</word>
<word id="word_378">vor</word>
<word id="word_379">dem</word>
<word id="word_380">dreifachen</word>
<word id="word_381">Mord</word>
<word id="word_382">abzielte</word>
<word id="word_383">und</word>
<word id="word_384">von</word>
<word id="word_385">dem</word>
<word id="word_386">ausgegangen</word>
<word id="word_387">wird</word>
<word id="word_388">,</word>
<word id="word_389">dass</word>
<word id="word_390">es</word>
<word id="word_391">das</word>
<word id="word_392">Werk</word>
<word id="word_393">des</word>
<word id="word_394">Serienmörders</word>
<word id="word_395">war</word>
<word id="word_396">.</word>
<word id="word_397">Ermittler</word>
<word id="word_398">fanden</word>
<word id="word_399">Patronenhülsen</word>
<word id="word_400">und</word>
<word id="word_401">sicherten</word>
<word id="word_402">eine</word>
<word id="word_403">Kugel</word>
<word id="word_404">aus</word>
<word id="word_405">dem</word>
<word id="word_406">Sitz</word>
<word id="word_407">sowie</word>
<word id="word_408">Kugelfragmente</word>
<word id="word_409">aus</word>
<word id="word_410">dem</word>
<word id="word_411">Motorraum</word>
<word id="word_412">.</word>
</words>