<?xml version="1.0" encoding="UTF-8"?>
<!DOCTYPE words SYSTEM "words.dtd">
<words>
<word id="word_1">28-jähriger</word>
<word id="word_2">Koch</word>
<word id="word_3">in</word>
<word id="word_4">San</word>
<word id="word_5">Francisco</word>
<word id="word_6">Mall</word>
<word id="word_7">tot</word>
<word id="word_8">aufgefunden</word>
<word id="word_9">Ein</word>
<word id="word_10">28-jähriger</word>
<word id="word_11">Koch</word>
<word id="word_12">,</word>
<word id="word_13">der</word>
<word id="word_14">vor</word>
<word id="word_15">kurzem</word>
<word id="word_16">nach</word>
<word id="word_17">San</word>
<word id="word_18">Francisco</word>
<word id="word_19">gezogen</word>
<word id="word_20">ist</word>
<word id="word_21">,</word>
<word id="word_22">wurde</word>
<word id="word_23">im</word>
<word id="word_24">Treppenhaus</word>
<word id="word_25">eines</word>
<word id="word_26">örtlichen</word>
<word id="word_27">Einkaufzentrums</word>
<word id="word_28">tot</word>
<word id="word_29">aufgefunden</word>
<word id="word_30">.</word>
<word id="word_31">Der</word>
<word id="word_32">Bruder</word>
<word id="word_33">des</word>
<word id="word_34">Opfers</word>
<word id="word_35">sagte</word>
<word id="word_36">aus</word>
<word id="word_37">,</word>
<word id="word_38">dass</word>
<word id="word_39">er</word>
<word id="word_40">sich</word>
<word id="word_41">niemanden</word>
<word id="word_42">vorstellen</word>
<word id="word_43">kann</word>
<word id="word_44">,</word>
<word id="word_45">der</word>
<word id="word_46">ihm</word>
<word id="word_47">schaden</word>
<word id="word_48">wollen</word>
<word id="word_49">würde</word>
<word id="word_50">,</word>
<word id="word_51">"</word>
<word id="word_52">Endlich</word>
<word id="word_53">ging</word>
<word id="word_54">es</word>
<word id="word_55">bei</word>
<word id="word_56">ihm</word>
<word id="word_57">wieder</word>
<word id="word_58">bergauf</word>
<word id="word_59">.</word>
<word id="word_60">"</word>
<word id="word_61">Der</word>
<word id="word_62">am</word>
<word id="word_63">Mittwoch</word>
<word id="word_64">morgen</word>
<word id="word_65">in</word>
<word id="word_66">der</word>
<word id="word_67">Westfield</word>
<word id="word_68">Mall</word>
<word id="word_69">gefundene</word>
<word id="word_70">Leichnam</word>
<word id="word_71">wurde</word>
<word id="word_72">als</word>
<word id="word_73">der</word>
<word id="word_74">28</word>
<word id="word_75">Jahre</word>
<word id="word_76">alte</word>
<word id="word_77">Frank</word>
<word id="word_78">Galicia</word>
<word id="word_79">aus</word>
<word id="word_80">San</word>
<word id="word_81">Francisco</word>
<word id="word_82">identifiziert</word>
<word id="word_83">,</word>
<word id="word_84">teilte</word>
<word id="word_85">die</word>
<word id="word_86">gerichtsmedizinische</word>
<word id="word_87">Abteilung</word>
<word id="word_88">in</word>
<word id="word_89">San</word>
<word id="word_90">Francisco</word>
<word id="word_91">mit</word>
<word id="word_92">.</word>
<word id="word_93">Das</word>
<word id="word_94">San</word>
<word id="word_95">Francisco</word>
<word id="word_96">Police</word>
<word id="word_97">Department</word>
<word id="word_98">sagte</word>
<word id="word_99">,</word>
<word id="word_100">dass</word>
<word id="word_101">der</word>
<word id="word_102">Tod</word>
<word id="word_103">als</word>
<word id="word_104">Mord</word>
<word id="word_105">eingestuft</word>
<word id="word_106">wurde</word>
<word id="word_107">und</word>
<word id="word_108">die</word>
<word id="word_109">Ermittlungen</word>
<word id="word_110">am</word>
<word id="word_111">Laufen</word>
<word id="word_112">sind</word>
<word id="word_113">.</word>
<word id="word_114">Der</word>
<word id="word_115">Bruder</word>
<word id="word_116">des</word>
<word id="word_117">Opfers</word>
<word id="word_118">,</word>
<word id="word_119">Louis</word>
<word id="word_120">Galicia</word>
<word id="word_121">,</word>
<word id="word_122">teilte</word>
<word id="word_123">dem</word>
<word id="word_124">ABS</word>
<word id="word_125">Sender</word>
<word id="word_126">KGO</word>
<word id="word_127">in</word>
<word id="word_128">San</word>
<word id="word_129">Francisco</word>
<word id="word_130">mit</word>
<word id="word_131">,</word>
<word id="word_132">dass</word>
<word id="word_133">Frank</word>
<word id="word_134">,</word>
<word id="word_135">der</word>
<word id="word_136">früher</word>
<word id="word_137">als</word>
<word id="word_138">Koch</word>
<word id="word_139">in</word>
<word id="word_140">Boston</word>
<word id="word_141">gearbeitet</word>
<word id="word_142">hat</word>
<word id="word_143">,</word>
<word id="word_144">vor</word>
<word id="word_145">sechs</word>
<word id="word_146">Monaten</word>
<word id="word_147">seinen</word>
<word id="word_148">Traumjob</word>
<word id="word_149">als</word>
<word id="word_150">Koch</word>
<word id="word_151">im</word>
<word id="word_152">Sons</word>
<word id="word_153">&amp;</word>
<word id="word_154">Daughters</word>
<word id="word_155">Restaurant</word>
<word id="word_156">in</word>
<word id="word_157">San</word>
<word id="word_158">Francisco</word>
<word id="word_159">ergattert</word>
<word id="word_160">hatte</word>
<word id="word_161">.</word>
<word id="word_162">Ein</word>
<word id="word_163">Sprecher</word>
<word id="word_164">des</word>
<word id="word_165">Sons</word>
<word id="word_166">&amp;</word>
<word id="word_167">Daughters</word>
<word id="word_168">sagte</word>
<word id="word_169">,</word>
<word id="word_170">dass</word>
<word id="word_171">sie</word>
<word id="word_172">über</word>
<word id="word_173">seinen</word>
<word id="word_174">Tod</word>
<word id="word_175">"</word>
<word id="word_176">schockiert</word>
<word id="word_177">und</word>
<word id="word_178">am</word>
<word id="word_179">Boden</word>
<word id="word_180">zerstört</word>
<word id="word_181">seien</word>
<word id="word_182">"</word>
<word id="word_183">.</word>
<word id="word_184">"</word>
<word id="word_185">Wir</word>
<word id="word_186">sind</word>
<word id="word_187">ein</word>
<word id="word_188">kleines</word>
<word id="word_189">Team</word>
<word id="word_190">,</word>
<word id="word_191">das</word>
<word id="word_192">wie</word>
<word id="word_193">eine</word>
<word id="word_194">enge</word>
<word id="word_195">Familie</word>
<word id="word_196">arbeitet</word>
<word id="word_197">und</word>
<word id="word_198">wir</word>
<word id="word_199">werden</word>
<word id="word_200">ihn</word>
<word id="word_201">schmerzlich</word>
<word id="word_202">vermissen</word>
<word id="word_203">,</word>
<word id="word_204">"</word>
<word id="word_205">sagte</word>
<word id="word_206">der</word>
<word id="word_207">Sprecher</word>
<word id="word_208">weiter</word>
<word id="word_209">.</word>
<word id="word_210">Unsere</word>
<word id="word_211">Gedanken</word>
<word id="word_212">und</word>
<word id="word_213">unser</word>
<word id="word_214">Beileid</word>
<word id="word_215">sind</word>
<word id="word_216">in</word>
<word id="word_217">dieser</word>
<word id="word_218">schweren</word>
<word id="word_219">Zeit</word>
<word id="word_220">bei</word>
<word id="word_221">Franks</word>
<word id="word_222">Familie</word>
<word id="word_223">und</word>
<word id="word_224">Freunden</word>
<word id="word_225">.</word>
<word id="word_226">Louis</word>
<word id="word_227">Galicia</word>
<word id="word_228">gab</word>
<word id="word_229">an</word>
<word id="word_230">,</word>
<word id="word_231">dass</word>
<word id="word_232">Frank</word>
<word id="word_233">zunächst</word>
<word id="word_234">in</word>
<word id="word_235">Hostels</word>
<word id="word_236">lebte</word>
<word id="word_237">,</word>
<word id="word_238">aber</word>
<word id="word_239">dass</word>
<word id="word_240">,</word>
<word id="word_241">"</word>
<word id="word_242">die</word>
<word id="word_243">Dinge</word>
<word id="word_244">für</word>
<word id="word_245">ihn</word>
<word id="word_246">endlich</word>
<word id="word_247">bergauf</word>
<word id="word_248">gingen</word>
<word id="word_249">.</word>
<word id="word_250">"</word>
<word id="word_251">"</word>
<word id="word_252">Er</word>
<word id="word_253">fand</word>
<word id="word_254">eine</word>
<word id="word_255">Wohnung</word>
<word id="word_256">,</word>
<word id="word_257">er</word>
<word id="word_258">hatte</word>
<word id="word_259">eine</word>
<word id="word_260">Freundin</word>
<word id="word_261">,</word>
<word id="word_262">"</word>
<word id="word_263">teilte</word>
<word id="word_264">Louis</word>
<word id="word_265">Garcia</word>
<word id="word_266">KGO</word>
<word id="word_267">mit</word>
<word id="word_268">.</word>
<word id="word_269">Louis</word>
<word id="word_270">Galicia</word>
<word id="word_271">sagte</word>
<word id="word_272">,</word>
<word id="word_273">dass</word>
<word id="word_274">er</word>
<word id="word_275">sich</word>
<word id="word_276">niemanden</word>
<word id="word_277">vorstellen</word>
<word id="word_278">könne</word>
<word id="word_279">,</word>
<word id="word_280">der</word>
<word id="word_281">seinem</word>
<word id="word_282">jüngeren</word>
<word id="word_283">Bruder</word>
<word id="word_284">schaden</word>
<word id="word_285">wollen</word>
<word id="word_286">würde</word>
<word id="word_287">.</word>
<word id="word_288">Er</word>
<word id="word_289">war</word>
<word id="word_290">ein</word>
<word id="word_291">freundlicher</word>
<word id="word_292">Mensch</word>
<word id="word_293">mit</word>
<word id="word_294">einem</word>
<word id="word_295">großen</word>
<word id="word_296">Herzen</word>
<word id="word_297">.</word>
<word id="word_298">Seine</word>
<word id="word_299">Art</word>
<word id="word_300">mit</word>
<word id="word_301">seiner</word>
<word id="word_302">Familie</word>
<word id="word_303">zu</word>
<word id="word_304">verbinden</word>
<word id="word_305">war</word>
<word id="word_306">es</word>
<word id="word_307">,</word>
<word id="word_308">uns</word>
<word id="word_309">immer</word>
<word id="word_310">etwas</word>
<word id="word_311">zu</word>
<word id="word_312">kochen</word>
<word id="word_313">,</word>
<word id="word_314">uns</word>
<word id="word_315">das</word>
<word id="word_316">Abendessen</word>
<word id="word_317">zuzubereiten</word>
<word id="word_318">,</word>
<word id="word_319">"</word>
<word id="word_320">sagte</word>
<word id="word_321">Louis</word>
<word id="word_322">Galicia</word>
<word id="word_323">.</word>
<word id="word_324">Er</word>
<word id="word_325">wollte</word>
<word id="word_326">nie</word>
<word id="word_327">an</word>
<word id="word_328">irgendeiner</word>
<word id="word_329">Art</word>
<word id="word_330">von</word>
<word id="word_331">Auseinandersetzung</word>
<word id="word_332">teilnehmen</word>
<word id="word_333">.</word>
<word id="word_334">Er</word>
<word id="word_335">war</word>
<word id="word_336">der</word>
<word id="word_337">Bruder</word>
<word id="word_338">,</word>
<word id="word_339">der</word>
<word id="word_340">mit</word>
<word id="word_341">dem</word>
<word id="word_342">Strom</word>
<word id="word_343">schwamm</word>
<word id="word_344">.</word>
<word id="word_345">"</word>
<word id="word_346">Bei</word>
<word id="word_347">allem</word>
<word id="word_348">,</word>
<word id="word_349">was</word>
<word id="word_350">in</word>
<word id="word_351">der</word>
<word id="word_352">Welt</word>
<word id="word_353">schief</word>
<word id="word_354">läuft</word>
<word id="word_355">,</word>
<word id="word_356">war</word>
<word id="word_357">er</word>
<word id="word_358">dieser</word>
<word id="word_359">ungeschliffene</word>
<word id="word_360">Diamant</word>
<word id="word_361">,</word>
<word id="word_362">der</word>
<word id="word_363">jeden</word>
<word id="word_364">Tag</word>
<word id="word_365">hell</word>
<word id="word_366">leuchtete</word>
<word id="word_367">,</word>
<word id="word_368">"</word>
<word id="word_369">sagte</word>
<word id="word_370">er</word>
<word id="word_371">.</word>
<word id="word_372">Jeder</word>
<word id="word_373">,</word>
<word id="word_374">der</word>
<word id="word_375">Informationen</word>
<word id="word_376">zu</word>
<word id="word_377">dem</word>
<word id="word_378">Fall</word>
<word id="word_379">hat</word>
<word id="word_380">,</word>
<word id="word_381">wird</word>
<word id="word_382">gebeten</word>
<word id="word_383">das</word>
<word id="word_384">Hinweistelefon</word>
<word id="word_385">des</word>
<word id="word_386">SFPD</word>
<word id="word_387">unter</word>
<word id="word_388">der</word>
<word id="word_389">Nummer</word>
<word id="word_390">415-575-4444</word>
<word id="word_391">anzurufen</word>
<word id="word_392">.</word>
</words>