<?xml version="1.0" encoding="UTF-8"?>
<!DOCTYPE words SYSTEM "words.dtd">
<words>
<word id="word_1">Mutter</word>
<word id="word_2">eines</word>
<word id="word_3">6-Jährigen</word>
<word id="word_4">mit</word>
<word id="word_5">Mikrozephalie</word>
<word id="word_6">:</word>
<word id="word_7">"</word>
<word id="word_8">Es</word>
<word id="word_9">wird</word>
<word id="word_10">besser</word>
<word id="word_11">"</word>
<word id="word_12">Wie</word>
<word id="word_13">die</word>
<word id="word_14">meisten</word>
<word id="word_15">6-Jährigen</word>
<word id="word_16">liebt</word>
<word id="word_17">Edmund</word>
<word id="word_18">Picciuto</word>
<word id="word_19">das</word>
<word id="word_20">Singen</word>
<word id="word_21">,</word>
<word id="word_22">Spielzeuge</word>
<word id="word_23">und</word>
<word id="word_24">natürlich</word>
<word id="word_25">seine</word>
<word id="word_26">Mutter</word>
<word id="word_27">.</word>
<word id="word_28">Aber</word>
<word id="word_29">wie</word>
<word id="word_30">die</word>
<word id="word_31">wenigsten</word>
<word id="word_32">seiner</word>
<word id="word_33">Altergenossen</word>
<word id="word_34">hat</word>
<word id="word_35">Edmund</word>
<word id="word_36">Mikrozephalie</word>
<word id="word_37">,</word>
<word id="word_38">das</word>
<word id="word_39">Ergebnis</word>
<word id="word_40">einer</word>
<word id="word_41">genetischen</word>
<word id="word_42">Störung</word>
<word id="word_43">,</word>
<word id="word_44">über</word>
<word id="word_45">die</word>
<word id="word_46">seine</word>
<word id="word_47">Mutter</word>
<word id="word_48">Elizabeth</word>
<word id="word_49">Picciuto</word>
<word id="word_50">während</word>
<word id="word_51">ihrer</word>
<word id="word_52">Schwangerschaft</word>
<word id="word_53">nichts</word>
<word id="word_54">wusste</word>
<word id="word_55">.</word>
<word id="word_56">Als</word>
<word id="word_57">er</word>
<word id="word_58">das</word>
<word id="word_59">erste</word>
<word id="word_60">Mal</word>
<word id="word_61">nach</word>
<word id="word_62">Hause</word>
<word id="word_63">kam</word>
<word id="word_64">,</word>
<word id="word_65">war</word>
<word id="word_66">mein</word>
<word id="word_67">erster</word>
<word id="word_68">Gedanke</word>
<word id="word_69">,</word>
<word id="word_70">Ich</word>
<word id="word_71">schaffe</word>
<word id="word_72">das</word>
<word id="word_73">nicht</word>
<word id="word_74">.</word>
<word id="word_75">Ich</word>
<word id="word_76">schaffe</word>
<word id="word_77">das</word>
<word id="word_78">nicht</word>
<word id="word_79">.</word>
<word id="word_80">Darauf</word>
<word id="word_81">habe</word>
<word id="word_82">ich</word>
<word id="word_83">mich</word>
<word id="word_84">nicht</word>
<word id="word_85">eingelassen</word>
<word id="word_86">.</word>
<word id="word_87">Was</word>
<word id="word_88">überhaupt</word>
<word id="word_89">nicht</word>
<word id="word_90">stimmt</word>
<word id="word_91">--</word>
<word id="word_92">natürlich</word>
<word id="word_93">hat</word>
<word id="word_94">man</word>
<word id="word_95">sich</word>
<word id="word_96">darauf</word>
<word id="word_97">eingelassen</word>
<word id="word_98">,</word>
<word id="word_99">"</word>
<word id="word_100">sagte</word>
<word id="word_101">sie</word>
<word id="word_102">.</word>
<word id="word_103">Ihrem</word>
<word id="word_104">Ehemann</word>
<word id="word_105">Vincent</word>
<word id="word_106">und</word>
<word id="word_107">ihr</word>
<word id="word_108">wurde</word>
<word id="word_109">mitgeteilt</word>
<word id="word_110">,</word>
<word id="word_111">dass</word>
<word id="word_112">Edmund</word>
<word id="word_113">sie</word>
<word id="word_114">unter</word>
<word id="word_115">Umständen</word>
<word id="word_116">nie</word>
<word id="word_117">erkennen</word>
<word id="word_118">wird</word>
<word id="word_119">können</word>
<word id="word_120">und</word>
<word id="word_121">,</word>
<word id="word_122">dass</word>
<word id="word_123">er</word>
<word id="word_124">möglicherweise</word>
<word id="word_125">nicht</word>
<word id="word_126">einmal</word>
<word id="word_127">überleben</word>
<word id="word_128">wird</word>
<word id="word_129">.</word>
<word id="word_130">Manche</word>
<word id="word_131">Ärzte</word>
<word id="word_132">gingen</word>
<word id="word_133">sogar</word>
<word id="word_134">so</word>
<word id="word_135">weit</word>
<word id="word_136">,</word>
<word id="word_137">dass</word>
<word id="word_138">sie</word>
<word id="word_139">vorschlugen</word>
<word id="word_140">,</word>
<word id="word_141">ihn</word>
<word id="word_142">zu</word>
<word id="word_143">institutionalisieren</word>
<word id="word_144">.</word>
<word id="word_145">"</word>
<word id="word_146">Meine</word>
<word id="word_147">erste</word>
<word id="word_148">Antwort</word>
<word id="word_149">darauf</word>
<word id="word_150">war</word>
<word id="word_151">'Ich</word>
<word id="word_152">wusste</word>
<word id="word_153">nicht</word>
<word id="word_154">,</word>
<word id="word_155">dass</word>
<word id="word_156">das</word>
<word id="word_157">Leute</word>
<word id="word_158">noch</word>
<word id="word_159">immer</word>
<word id="word_160">machen,'</word>
<word id="word_161">"</word>
<word id="word_162">erklärte</word>
<word id="word_163">Picciuto</word>
<word id="word_164">.</word>
<word id="word_165">Edmund</word>
<word id="word_166">kann</word>
<word id="word_167">mit</word>
<word id="word_168">Hilfe</word>
<word id="word_169">einer</word>
<word id="word_170">Gehhilfe</word>
<word id="word_171">laufen</word>
<word id="word_172">.</word>
<word id="word_173">Edmund</word>
<word id="word_174">konnte</word>
<word id="word_175">bis</word>
<word id="word_176">zu</word>
<word id="word_177">seinem</word>
<word id="word_178">dritten</word>
<word id="word_179">Lebensjahr</word>
<word id="word_180">weder</word>
<word id="word_181">sitzen</word>
<word id="word_182">noch</word>
<word id="word_183">krabbeln</word>
<word id="word_184">und</word>
<word id="word_185">er</word>
<word id="word_186">kann</word>
<word id="word_187">noch</word>
<word id="word_188">immer</word>
<word id="word_189">nicht</word>
<word id="word_190">sprechen</word>
<word id="word_191">.</word>
<word id="word_192">Aber</word>
<word id="word_193">er</word>
<word id="word_194">macht</word>
<word id="word_195">langsam</word>
<word id="word_196">Fortschritte</word>
<word id="word_197">.</word>
<word id="word_198">Er</word>
<word id="word_199">kann</word>
<word id="word_200">mit</word>
<word id="word_201">Unterstützung</word>
<word id="word_202">laufen</word>
<word id="word_203">und</word>
<word id="word_204">Fahrradfahren</word>
<word id="word_205">.</word>
<word id="word_206">Er</word>
<word id="word_207">liebt</word>
<word id="word_208">es</word>
<word id="word_209">auch</word>
<word id="word_210">,</word>
<word id="word_211">mit</word>
<word id="word_212">seinen</word>
<word id="word_213">zwei</word>
<word id="word_214">Brüdern</word>
<word id="word_215">zu</word>
<word id="word_216">spielen</word>
<word id="word_217">und</word>
<word id="word_218">zu</word>
<word id="word_219">singen</word>
<word id="word_220">.</word>
<word id="word_221">Elizabeth</word>
<word id="word_222">zeigt</word>
<word id="word_223">die</word>
<word id="word_224">Zeichensprache</word>
<word id="word_225">,</word>
<word id="word_226">die</word>
<word id="word_227">sich</word>
<word id="word_228">Edmund</word>
<word id="word_229">für</word>
<word id="word_230">"</word>
<word id="word_231">Bitte</word>
<word id="word_232">sing</word>
<word id="word_233">mir</word>
<word id="word_234">etwas</word>
<word id="word_235">vor</word>
<word id="word_236">"</word>
<word id="word_237">ausgedacht</word>
<word id="word_238">hat</word>
<word id="word_239">.</word>
<word id="word_240">"</word>
<word id="word_241">"</word>
<word id="word_242">Wir</word>
<word id="word_243">bringen</word>
<word id="word_244">ihm</word>
<word id="word_245">Zeichensprache</word>
<word id="word_246">bei</word>
<word id="word_247">,</word>
<word id="word_248">"</word>
<word id="word_249">erzählte</word>
<word id="word_250">Picciuto</word>
<word id="word_251">CBS</word>
<word id="word_252">News</word>
<word id="word_253">.</word>
<word id="word_254">Aber</word>
<word id="word_255">es</word>
<word id="word_256">ist</word>
<word id="word_257">keine</word>
<word id="word_258">typische</word>
<word id="word_259">Zeichensprache</word>
<word id="word_260">--</word>
<word id="word_261">sagt</word>
<word id="word_262">sie</word>
<word id="word_263">.</word>
<word id="word_264">Edmund</word>
<word id="word_265">hat</word>
<word id="word_266">einige</word>
<word id="word_267">Zeichen</word>
<word id="word_268">alleine</word>
<word id="word_269">erfunden</word>
<word id="word_270">.</word>
<word id="word_271">Mikrozephalie</word>
<word id="word_272">hat</word>
<word id="word_273">eine</word>
<word id="word_274">Vielzahl</word>
<word id="word_275">an</word>
<word id="word_276">Ursachen</word>
<word id="word_277">:</word>
<word id="word_278">genetische</word>
<word id="word_279">wie</word>
<word id="word_280">bei</word>
<word id="word_281">Edmund</word>
<word id="word_282">sowie</word>
<word id="word_283">Infektionen</word>
<word id="word_284">mit</word>
<word id="word_285">Viren</word>
<word id="word_286">wie</word>
<word id="word_287">Masern</word>
<word id="word_288">oder</word>
<word id="word_289">dem</word>
<word id="word_290">Zikavirus</word>
<word id="word_291">während</word>
<word id="word_292">der</word>
<word id="word_293">Schwangerschaft</word>
<word id="word_294">.</word>
<word id="word_295">Die</word>
<word id="word_296">Symptome</word>
<word id="word_297">und</word>
<word id="word_298">Prognosen</word>
<word id="word_299">können</word>
<word id="word_300">stark</word>
<word id="word_301">variieren</word>
<word id="word_302">.</word>
<word id="word_303">Es</word>
<word id="word_304">ist</word>
<word id="word_305">noch</word>
<word id="word_306">zu</word>
<word id="word_307">früh</word>
<word id="word_308">zu</word>
<word id="word_309">sagen</word>
<word id="word_310">,</word>
<word id="word_311">wie</word>
<word id="word_312">es</word>
<word id="word_313">das</word>
<word id="word_314">Leben</word>
<word id="word_315">der</word>
<word id="word_316">mit</word>
<word id="word_317">dem</word>
<word id="word_318">Zikavirus</word>
<word id="word_319">Infizierten</word>
<word id="word_320">beeinflussen</word>
<word id="word_321">wird</word>
<word id="word_322">.</word>
<word id="word_323">Picciuto</word>
<word id="word_324">erinnert</word>
<word id="word_325">sich</word>
<word id="word_326">an</word>
<word id="word_327">den</word>
<word id="word_328">emotionalen</word>
<word id="word_329">Preis</word>
<word id="word_330">einer</word>
<word id="word_331">ungewissen</word>
<word id="word_332">Zukunft</word>
<word id="word_333">.</word>
<word id="word_334">Ich</word>
<word id="word_335">fragte</word>
<word id="word_336">ständig</word>
<word id="word_337">,</word>
<word id="word_338">was</word>
<word id="word_339">wird</word>
<word id="word_340">geschehen</word>
<word id="word_341">?</word>
<word id="word_342">Was</word>
<word id="word_343">wird</word>
<word id="word_344">geschehen</word>
<word id="word_345">?</word>
<word id="word_346">Und</word>
<word id="word_347">sie</word>
<word id="word_348">weiß</word>
<word id="word_349">es</word>
<word id="word_350">noch</word>
<word id="word_351">immer</word>
<word id="word_352">nicht</word>
<word id="word_353">wirklich</word>
<word id="word_354">.</word>
<word id="word_355">Ich</word>
<word id="word_356">habe</word>
<word id="word_357">schon</word>
<word id="word_358">seit</word>
<word id="word_359">langer</word>
<word id="word_360">Zeit</word>
<word id="word_361">nicht</word>
<word id="word_362">mehr</word>
<word id="word_363">nach</word>
<word id="word_364">der</word>
<word id="word_365">Prognose</word>
<word id="word_366">gefragt</word>
<word id="word_367">,</word>
<word id="word_368">weil</word>
<word id="word_369">ich</word>
<word id="word_370">nicht</word>
<word id="word_371">erwarte</word>
<word id="word_372">,</word>
<word id="word_373">dass</word>
<word id="word_374">sie</word>
<word id="word_375">mir</word>
<word id="word_376">jemand</word>
<word id="word_377">wirklich</word>
<word id="word_378">sagen</word>
<word id="word_379">kann</word>
<word id="word_380">.</word>
<word id="word_381">Aber</word>
<word id="word_382">Picciuto</word>
<word id="word_383">hat</word>
<word id="word_384">einen</word>
<word id="word_385">hoffnungsvollen</word>
<word id="word_386">Ratschlag</word>
<word id="word_387">für</word>
<word id="word_388">Mütter</word>
<word id="word_389">von</word>
<word id="word_390">Säuglingen</word>
<word id="word_391">mit</word>
<word id="word_392">Geburtsschäden</word>
<word id="word_393">,</word>
<word id="word_394">die</word>
<word id="word_395">durch</word>
<word id="word_396">den</word>
<word id="word_397">Zikavirus</word>
<word id="word_398">verursacht</word>
<word id="word_399">wurden</word>
<word id="word_400">.</word>
<word id="word_401">Es</word>
<word id="word_402">wird</word>
<word id="word_403">besser</word>
<word id="word_404">.</word>
<word id="word_405">Sie</word>
<word id="word_406">wissen</word>
<word id="word_407">,</word>
<word id="word_408">dass</word>
<word id="word_409">es</word>
<word id="word_410">für</word>
<word id="word_411">Sie</word>
<word id="word_412">besser</word>
<word id="word_413">werden</word>
<word id="word_414">wird</word>
<word id="word_415">.</word>
<word id="word_416">Sie</word>
<word id="word_417">werden</word>
<word id="word_418">Ihr</word>
<word id="word_419">Kind</word>
<word id="word_420">lieben</word>
<word id="word_421">und</word>
<word id="word_422">Ihr</word>
<word id="word_423">Kind</word>
<word id="word_424">wird</word>
<word id="word_425">Sie</word>
<word id="word_426">lieben</word>
<word id="word_427">.</word>
</words>