<?xml version="1.0" encoding="UTF-8"?>
<!DOCTYPE words SYSTEM "words.dtd">
<words>
<word id="word_1">Heftige</word>
<word id="word_2">Regenfälle</word>
<word id="word_3">,</word>
<word id="word_4">Überschwemmung</word>
<word id="word_5">gibt</word>
<word id="word_6">Anlass</word>
<word id="word_7">zu</word>
<word id="word_8">Rettungen</word>
<word id="word_9">in</word>
<word id="word_10">Louisiana</word>
<word id="word_11">,</word>
<word id="word_12">Mississippi</word>
<word id="word_13">Heftige</word>
<word id="word_14">Regenfälle</word>
<word id="word_15">und</word>
<word id="word_16">großflächige</word>
<word id="word_17">Überschwemmungen</word>
<word id="word_18">in</word>
<word id="word_19">Louisiana</word>
<word id="word_20">zwangen</word>
<word id="word_21">den</word>
<word id="word_22">Gouverneur</word>
<word id="word_23">dazu</word>
<word id="word_24">,</word>
<word id="word_25">am</word>
<word id="word_26">Freitag</word>
<word id="word_27">den</word>
<word id="word_28">Notstand</word>
<word id="word_29">auszurufen</word>
<word id="word_30">.</word>
<word id="word_31">Es</word>
<word id="word_32">wird</word>
<word id="word_33">den</word>
<word id="word_34">ganzen</word>
<word id="word_35">Samstag</word>
<word id="word_36">über</word>
<word id="word_37">mit</word>
<word id="word_38">mehr</word>
<word id="word_39">Regenfällen</word>
<word id="word_40">gerechnet</word>
<word id="word_41">.</word>
<word id="word_42">Zahlreiche</word>
<word id="word_43">Flüsse</word>
<word id="word_44">im</word>
<word id="word_45">Südosten</word>
<word id="word_46">Louisianas</word>
<word id="word_47">und</word>
<word id="word_48">dem</word>
<word id="word_49">Süden</word>
<word id="word_50">des</word>
<word id="word_51">Mississippis</word>
<word id="word_52">überfluteten</word>
<word id="word_53">ihre</word>
<word id="word_54">Ufer</word>
<word id="word_55">und</word>
<word id="word_56">drohten</word>
<word id="word_57">mit</word>
<word id="word_58">großflächigen</word>
<word id="word_59">Überschwemmungen</word>
<word id="word_60">nach</word>
<word id="word_61">extremen</word>
<word id="word_62">Regenfällen</word>
<word id="word_63">,</word>
<word id="word_64">berichtete</word>
<word id="word_65">der</word>
<word id="word_66">Nationale</word>
<word id="word_67">Wetterdienst</word>
<word id="word_68">.</word>
<word id="word_69">Der</word>
<word id="word_70">Gouverneur</word>
<word id="word_71">von</word>
<word id="word_72">Louisiana</word>
<word id="word_73">John</word>
<word id="word_74">Bel</word>
<word id="word_75">Edwards</word>
<word id="word_76">teilte</word>
<word id="word_77">mit</word>
<word id="word_78">,</word>
<word id="word_79">dass</word>
<word id="word_80">Staatsbeamte</word>
<word id="word_81">im</word>
<word id="word_82">ständigen</word>
<word id="word_83">Kontakt</word>
<word id="word_84">mit</word>
<word id="word_85">den</word>
<word id="word_86">örtlichen</word>
<word id="word_87">Behörden</word>
<word id="word_88">stehen</word>
<word id="word_89">und</word>
<word id="word_90">Hilfe</word>
<word id="word_91">zu</word>
<word id="word_92">den</word>
<word id="word_93">betroffenen</word>
<word id="word_94">Gemeinden</word>
<word id="word_95">bereits</word>
<word id="word_96">unterwegs</word>
<word id="word_97">sei</word>
<word id="word_98">.</word>
<word id="word_99">Mike</word>
<word id="word_100">Steele</word>
<word id="word_101">,</word>
<word id="word_102">ein</word>
<word id="word_103">Sprecher</word>
<word id="word_104">für</word>
<word id="word_105">das</word>
<word id="word_106">Office</word>
<word id="word_107">of</word>
<word id="word_108">Homeland</word>
<word id="word_109">Security</word>
<word id="word_110">and</word>
<word id="word_111">Emergency</word>
<word id="word_112">Preparedness</word>
<word id="word_113">des</word>
<word id="word_114">Gouverneurs</word>
<word id="word_115">,</word>
<word id="word_116">teilte</word>
<word id="word_117">mit</word>
<word id="word_118">,</word>
<word id="word_119">dass</word>
<word id="word_120">sich</word>
<word id="word_121">die</word>
<word id="word_122">Anfragen</word>
<word id="word_123">für</word>
<word id="word_124">Hochwasserfahrzeuge</word>
<word id="word_125">,</word>
<word id="word_126">Boote</word>
<word id="word_127">und</word>
<word id="word_128">Sandsäcke</word>
<word id="word_129">mehrten</word>
<word id="word_130">.</word>
<word id="word_131">Steele</word>
<word id="word_132">sagte</word>
<word id="word_133">,</word>
<word id="word_134">dass</word>
<word id="word_135">allein</word>
<word id="word_136">die</word>
<word id="word_137">Gemeinde</word>
<word id="word_138">Tangipahoa</word>
<word id="word_139">zehntausend</word>
<word id="word_140">Sandsäcke</word>
<word id="word_141">angefordert</word>
<word id="word_142">hätte</word>
<word id="word_143">.</word>
<word id="word_144">Ein</word>
<word id="word_145">Überschwemmungswarnsystem</word>
<word id="word_146">wird</word>
<word id="word_147">über</word>
<word id="word_148">weite</word>
<word id="word_149">Teile</word>
<word id="word_150">im</word>
<word id="word_151">Süden</word>
<word id="word_152">Louisianas</word>
<word id="word_153">bis</word>
<word id="word_154">Samstag</word>
<word id="word_155">eingesetzt</word>
<word id="word_156">.</word>
<word id="word_157">Der</word>
<word id="word_158">Wetterdienst</word>
<word id="word_159">ließ</word>
<word id="word_160">verlautbaren</word>
<word id="word_161">,</word>
<word id="word_162">dass</word>
<word id="word_163">in</word>
<word id="word_164">diesem</word>
<word id="word_165">Gebiet</word>
<word id="word_166">zusätzliche</word>
<word id="word_167">3</word>
<word id="word_168">bis</word>
<word id="word_169">5</word>
<word id="word_170">Zoll</word>
<word id="word_171">an</word>
<word id="word_172">Regen</word>
<word id="word_173">fallen</word>
<word id="word_174">könnten</word>
<word id="word_175">.</word>
<word id="word_176">Im</word>
<word id="word_177">Süden</word>
<word id="word_178">Alabamas</word>
<word id="word_179">wurde</word>
<word id="word_180">am</word>
<word id="word_181">Freitag</word>
<word id="word_182">ein</word>
<word id="word_183">Flutfrühwarnsystem</word>
<word id="word_184">eingesetzt</word>
<word id="word_185">,</word>
<word id="word_186">während</word>
<word id="word_187">es</word>
<word id="word_188">im</word>
<word id="word_189">Gebiet</word>
<word id="word_190">Mobile</word>
<word id="word_191">weiterhin</word>
<word id="word_192">regnete</word>
<word id="word_193">.</word>
<word id="word_194">Der</word>
<word id="word_195">Fluss</word>
<word id="word_196">Comite</word>
<word id="word_197">in</word>
<word id="word_198">der</word>
<word id="word_199">Nähe</word>
<word id="word_200">Baton</word>
<word id="word_201">Rouges</word>
<word id="word_202">und</word>
<word id="word_203">der</word>
<word id="word_204">Fluss</word>
<word id="word_205">Amite</word>
<word id="word_206">in</word>
<word id="word_207">der</word>
<word id="word_208">Nähe</word>
<word id="word_209">Denham</word>
<word id="word_210">Springs</word>
<word id="word_211">,</word>
<word id="word_212">die</word>
<word id="word_213">sich</word>
<word id="word_214">beide</word>
<word id="word_215">in</word>
<word id="word_216">Louisiana</word>
<word id="word_217">befinden</word>
<word id="word_218">,</word>
<word id="word_219">werden</word>
<word id="word_220">aller</word>
<word id="word_221">Wahrscheinlichkeit</word>
<word id="word_222">nach</word>
<word id="word_223">über</word>
<word id="word_224">das</word>
<word id="word_225">Wochenende</word>
<word id="word_226">Rekordpegel</word>
<word id="word_227">erreichen</word>
<word id="word_228">.</word>
<word id="word_229">Der</word>
<word id="word_230">Metereologe</word>
<word id="word_231">Alek</word>
<word id="word_232">Krautmann</word>
<word id="word_233">sagt</word>
<word id="word_234">,</word>
<word id="word_235">dass</word>
<word id="word_236">beide</word>
<word id="word_237">Flüsse</word>
<word id="word_238">viele</word>
<word id="word_239">Häuser</word>
<word id="word_240">in</word>
<word id="word_241">den</word>
<word id="word_242">Vorortgegenden</word>
<word id="word_243">nahe</word>
<word id="word_244">Baton</word>
<word id="word_245">Rouge</word>
<word id="word_246">überschwemmen</word>
<word id="word_247">könnten</word>
<word id="word_248">.</word>
<word id="word_249">Er</word>
<word id="word_250">sagte</word>
<word id="word_251">auch</word>
<word id="word_252">,</word>
<word id="word_253">dass</word>
<word id="word_254">eine</word>
<word id="word_255">stromabwärts</word>
<word id="word_256">gerichtete</word>
<word id="word_257">Überschwemmung</word>
<word id="word_258">in</word>
<word id="word_259">Ascension</word>
<word id="word_260">Parish</word>
<word id="word_261">eine</word>
<word id="word_262">Gefahr</word>
<word id="word_263">darstellt</word>
<word id="word_264">,</word>
<word id="word_265">da</word>
<word id="word_266">diese</word>
<word id="word_267">über</word>
<word id="word_268">die</word>
<word id="word_269">getretenen</word>
<word id="word_270">Flüsse</word>
<word id="word_271">nur</word>
<word id="word_272">langsam</word>
<word id="word_273">in</word>
<word id="word_274">den</word>
<word id="word_275">Lake</word>
<word id="word_276">Maurepas</word>
<word id="word_277">fließen</word>
<word id="word_278">werden</word>
<word id="word_279">.</word>
<word id="word_280">Der</word>
<word id="word_281">Fluss</word>
<word id="word_282">Tickfaw</word>
<word id="word_283">,</word>
<word id="word_284">südlich</word>
<word id="word_285">der</word>
<word id="word_286">Mississippi</word>
<word id="word_287">Staatsgrenze</word>
<word id="word_288">in</word>
<word id="word_289">Liverpool</word>
<word id="word_290">,</word>
<word id="word_291">Louisiana</word>
<word id="word_292">,</word>
<word id="word_293">erreichte</word>
<word id="word_294">am</word>
<word id="word_295">Freitag</word>
<word id="word_296">bereits</word>
<word id="word_297">um</word>
<word id="word_298">09.00</word>
<word id="word_299">den</word>
<word id="word_300">höchsten</word>
<word id="word_301">Stand</word>
<word id="word_302">,</word>
<word id="word_303">der</word>
<word id="word_304">jemals</word>
<word id="word_305">aufgezeichnet</word>
<word id="word_306">wurde</word>
<word id="word_307">.</word>
<word id="word_308">Rettungsteams</word>
<word id="word_309">zupften</word>
<word id="word_310">noch</word>
<word id="word_311">immer</word>
<word id="word_312">Leute</word>
<word id="word_313">aus</word>
<word id="word_314">dem</word>
<word id="word_315">Flutwasser</word>
<word id="word_316">in</word>
<word id="word_317">den</word>
<word id="word_318">Bezirken</word>
<word id="word_319">Amite</word>
<word id="word_320">und</word>
<word id="word_321">Wilkinson</word>
<word id="word_322">im</word>
<word id="word_323">Südwesten</word>
<word id="word_324">von</word>
<word id="word_325">Mississippi</word>
<word id="word_326">.</word>
<word id="word_327">Leroy</word>
<word id="word_328">Hansford</word>
<word id="word_329">,</word>
<word id="word_330">seine</word>
<word id="word_331">Frau</word>
<word id="word_332">und</word>
<word id="word_333">sein</word>
<word id="word_334">Stiefsohn</word>
<word id="word_335">befanden</word>
<word id="word_336">sich</word>
<word id="word_337">unter</word>
<word id="word_338">denjenigen</word>
<word id="word_339">,</word>
<word id="word_340">die</word>
<word id="word_341">am</word>
<word id="word_342">Freitag</word>
<word id="word_343">in</word>
<word id="word_344">der</word>
<word id="word_345">Nähe</word>
<word id="word_346">von</word>
<word id="word_347">Gloster</word>
<word id="word_348">gerettet</word>
<word id="word_349">wurden</word>
<word id="word_350">.</word>
<word id="word_351">Hansford</word>
<word id="word_352">,</word>
<word id="word_353">62</word>
<word id="word_354">,</word>
<word id="word_355">sagt</word>
<word id="word_356">,</word>
<word id="word_357">dass</word>
<word id="word_358">Wasser</word>
<word id="word_359">von</word>
<word id="word_360">Beaver</word>
<word id="word_361">Creek</word>
<word id="word_362">,</word>
<word id="word_363">das</word>
<word id="word_364">normalerweise</word>
<word id="word_365">mehr</word>
<word id="word_366">als</word>
<word id="word_367">400</word>
<word id="word_368">Fuß</word>
<word id="word_369">von</word>
<word id="word_370">seinem</word>
<word id="word_371">Haus</word>
<word id="word_372">entfernt</word>
<word id="word_373">liegt</word>
<word id="word_374">,</word>
<word id="word_375">über</word>
<word id="word_376">Nacht</word>
<word id="word_377">stark</word>
<word id="word_378">anstieg</word>
<word id="word_379">.</word>
<word id="word_380">Er</word>
<word id="word_381">sagte</word>
<word id="word_382">,</word>
<word id="word_383">dass</word>
<word id="word_384">ihn</word>
<word id="word_385">ein</word>
<word id="word_386">weiterer</word>
<word id="word_387">Stiefsohn</word>
<word id="word_388">,</word>
<word id="word_389">der</word>
<word id="word_390">in</word>
<word id="word_391">der</word>
<word id="word_392">Nähe</word>
<word id="word_393">wohnt</word>
<word id="word_394">,</word>
<word id="word_395">gewarnt</word>
<word id="word_396">hätte</word>
<word id="word_397">.</word>
<word id="word_398">"</word>
<word id="word_399">Wir</word>
<word id="word_400">sind</word>
<word id="word_401">aufgewacht</word>
<word id="word_402">und</word>
<word id="word_403">das</word>
<word id="word_404">Wasser</word>
<word id="word_405">strömte</word>
<word id="word_406">und</word>
<word id="word_407">strömte</word>
<word id="word_408">herein</word>
<word id="word_409">,</word>
<word id="word_410">"</word>
<word id="word_411">sagte</word>
<word id="word_412">Hansford</word>
<word id="word_413">.</word>
<word id="word_414">Es</word>
<word id="word_415">erreichte</word>
<word id="word_416">meine</word>
<word id="word_417">Taille</word>
<word id="word_418">.</word>
<word id="word_419">Seine</word>
<word id="word_420">Frau</word>
<word id="word_421">sagte</word>
<word id="word_422">Hansford</word>
<word id="word_423">,</word>
<word id="word_424">dass</word>
<word id="word_425">sie</word>
<word id="word_426">in</word>
<word id="word_427">den</word>
<word id="word_428">48</word>
<word id="word_429">Jahren</word>
<word id="word_430">,</word>
<word id="word_431">in</word>
<word id="word_432">denen</word>
<word id="word_433">sie</word>
<word id="word_434">dort</word>
<word id="word_435">lebte</word>
<word id="word_436">,</word>
<word id="word_437">noch</word>
<word id="word_438">nie</word>
<word id="word_439">einen</word>
<word id="word_440">solchen</word>
<word id="word_441">Hochstand</word>
<word id="word_442">des</word>
<word id="word_443">Flusses</word>
<word id="word_444">gesehen</word>
<word id="word_445">hätte</word>
<word id="word_446">.</word>
<word id="word_447">Hansford</word>
<word id="word_448">sagte</word>
<word id="word_449">,</word>
<word id="word_450">dass</word>
<word id="word_451">er</word>
<word id="word_452">und</word>
<word id="word_453">seine</word>
<word id="word_454">Familienmitglieder</word>
<word id="word_455">alle</word>
<word id="word_456">Behinderungen</word>
<word id="word_457">hätten</word>
<word id="word_458">und</word>
<word id="word_459">er</word>
<word id="word_460">der</word>
<word id="word_461">Einzige</word>
<word id="word_462">wäre</word>
<word id="word_463">,</word>
<word id="word_464">der</word>
<word id="word_465">schwimmen</word>
<word id="word_466">kann</word>
<word id="word_467">.</word>
<word id="word_468">Hansford</word>
<word id="word_469">sagte</word>
<word id="word_470">,</word>
<word id="word_471">dass</word>
<word id="word_472">Nothelfer</word>
<word id="word_473">alle</word>
<word id="word_474">drei</word>
<word id="word_475">in</word>
<word id="word_476">einem</word>
<word id="word_477">großen</word>
<word id="word_478">Militär-LKW</word>
<word id="word_479">gerettet</word>
<word id="word_480">hätten</word>
<word id="word_481">und</word>
<word id="word_482">sie</word>
<word id="word_483">zu</word>
<word id="word_484">der</word>
<word id="word_485">nächsten</word>
<word id="word_486">Feuerwache</word>
<word id="word_487">in</word>
<word id="word_488">Gloster</word>
<word id="word_489">gebracht</word>
<word id="word_490">hätten</word>
<word id="word_491">,</word>
<word id="word_492">wo</word>
<word id="word_493">sie</word>
<word id="word_494">bis</word>
<word id="word_495">zum</word>
<word id="word_496">Freitag</word>
<word id="word_497">untergebracht</word>
<word id="word_498">waren</word>
<word id="word_499">.</word>
<word id="word_500">Krautmann</word>
<word id="word_501">sagte</word>
<word id="word_502">,</word>
<word id="word_503">dass</word>
<word id="word_504">die</word>
<word id="word_505">Überschwemmung</word>
<word id="word_506">"</word>
<word id="word_507">sich</word>
<word id="word_508">schnell</word>
<word id="word_509">ausgebreitet</word>
<word id="word_510">"</word>
<word id="word_511">hatte</word>
<word id="word_512">,</word>
<word id="word_513">da</word>
<word id="word_514">es</word>
<word id="word_515">weiterhin</word>
<word id="word_516">schwere</word>
<word id="word_517">Regenfälle</word>
<word id="word_518">gab</word>
<word id="word_519">und</word>
<word id="word_520">,</word>
<word id="word_521">dass</word>
<word id="word_522">die</word>
<word id="word_523">Behörden</word>
<word id="word_524">Evakuierungsanweisungen</word>
<word id="word_525">in</word>
<word id="word_526">Betracht</word>
<word id="word_527">zögen</word>
<word id="word_528">.</word>
<word id="word_529">Laut</word>
<word id="word_530">Krautmann</word>
<word id="word_531">meldete</word>
<word id="word_532">ein</word>
<word id="word_533">Beobachter</word>
<word id="word_534">in</word>
<word id="word_535">der</word>
<word id="word_536">Nähe</word>
<word id="word_537">von</word>
<word id="word_538">Livingstone</word>
<word id="word_539">von</word>
<word id="word_540">Mitternacht</word>
<word id="word_541">bis</word>
<word id="word_542">Freitag</word>
<word id="word_543">morgen</word>
<word id="word_544">von</word>
<word id="word_545">13,75</word>
<word id="word_546">Zoll</word>
<word id="word_547">Regen</word>
<word id="word_548">.</word>
<word id="word_549">Krautmann</word>
<word id="word_550">sagte</word>
<word id="word_551">,</word>
<word id="word_552">dass</word>
<word id="word_553">der</word>
<word id="word_554">Boden</word>
<word id="word_555">durch</word>
<word id="word_556">die</word>
<word id="word_557">Regenfälle</word>
<word id="word_558">seit</word>
<word id="word_559">Mittwoch</word>
<word id="word_560">erheblich</word>
<word id="word_561">vollgesogen</word>
<word id="word_562">sei</word>
<word id="word_563">.</word>
<word id="word_564">Die</word>
<word id="word_565">Behörden</word>
<word id="word_566">gaben</word>
<word id="word_567">an</word>
<word id="word_568">,</word>
<word id="word_569">dass</word>
<word id="word_570">schwere</word>
<word id="word_571">Regenfälle</word>
<word id="word_572">und</word>
<word id="word_573">Straßenüberschwemmungen</word>
<word id="word_574">die</word>
<word id="word_575">Rettung</word>
<word id="word_576">von</word>
<word id="word_577">Einwohnern</word>
<word id="word_578">aus</word>
<word id="word_579">ihren</word>
<word id="word_580">Häusern</word>
<word id="word_581">in</word>
<word id="word_582">Tangipahoa</word>
<word id="word_583">Parish</word>
<word id="word_584">und</word>
<word id="word_585">Unterrichtsausfall</word>
<word id="word_586">in</word>
<word id="word_587">fünf</word>
<word id="word_588">Schulbezirken</word>
<word id="word_589">verursachten</word>
<word id="word_590">.</word>
<word id="word_591">Der</word>
<word id="word_592">CBS-Tochtersender</word>
<word id="word_593">WWL</word>
<word id="word_594">berichtete</word>
<word id="word_595">,</word>
<word id="word_596">dass</word>
<word id="word_597">eine</word>
<word id="word_598">Beigeordnete</word>
<word id="word_599">in</word>
<word id="word_600">Tangipahoa</word>
<word id="word_601">200</word>
<word id="word_602">überschwemmte</word>
<word id="word_603">Häuser</word>
<word id="word_604">angab</word>
<word id="word_605">.</word>
<word id="word_606">Die</word>
<word id="word_607">Einwohner</word>
<word id="word_608">wurden</word>
<word id="word_609">in</word>
<word id="word_610">zwei</word>
<word id="word_611">Kirchen</word>
<word id="word_612">evakuiert</word>
<word id="word_613">,</word>
<word id="word_614">die</word>
<word id="word_615">jetzt</word>
<word id="word_616">beide</word>
<word id="word_617">überschwemmt</word>
<word id="word_618">wurden</word>
<word id="word_619">.</word>
<word id="word_620">Der</word>
<word id="word_621">Vorsteher</word>
<word id="word_622">der</word>
<word id="word_623">Gemeinde</word>
<word id="word_624">Robby</word>
<word id="word_625">Miller</word>
<word id="word_626">sagte</word>
<word id="word_627">,</word>
<word id="word_628">dass</word>
<word id="word_629">die</word>
<word id="word_630">Behörden</word>
<word id="word_631">72</word>
<word id="word_632">Leute</word>
<word id="word_633">und</word>
<word id="word_634">sieben</word>
<word id="word_635">Haustiere</word>
<word id="word_636">gerettet</word>
<word id="word_637">hätten</word>
<word id="word_638">,</word>
<word id="word_639">die</word>
<word id="word_640">vom</word>
<word id="word_641">Hochwasser</word>
<word id="word_642">angespült</word>
<word id="word_643">wurden</word>
<word id="word_644">.</word>
<word id="word_645">In</word>
<word id="word_646">den</word>
<word id="word_647">Städten</word>
<word id="word_648">Amite</word>
<word id="word_649">und</word>
<word id="word_650">Hammond</word>
<word id="word_651">wurden</word>
<word id="word_652">Notunterkünfte</word>
<word id="word_653">eingerichtet</word>
<word id="word_654">,</word>
<word id="word_655">um</word>
<word id="word_656">die</word>
<word id="word_657">Evakuierten</word>
<word id="word_658">zu</word>
<word id="word_659">beherbergen</word>
<word id="word_660">.</word>
<word id="word_661">"</word>
<word id="word_662">Sobald</word>
<word id="word_663">das</word>
<word id="word_664">Wasser</word>
<word id="word_665">anfängt</word>
<word id="word_666">zurückzugehen</word>
<word id="word_667">,</word>
<word id="word_668">werden</word>
<word id="word_669">sie</word>
<word id="word_670">wieder</word>
<word id="word_671">in</word>
<word id="word_672">ihre</word>
<word id="word_673">Häuser</word>
<word id="word_674">zurückgehen</word>
<word id="word_675">können</word>
<word id="word_676">,</word>
<word id="word_677">"</word>
<word id="word_678">sagte</word>
<word id="word_679">er</word>
<word id="word_680">.</word>
<word id="word_681">In</word>
<word id="word_682">der</word>
<word id="word_683">Stadt</word>
<word id="word_684">Hammond</word>
<word id="word_685">der</word>
<word id="word_686">Gemeinde</word>
<word id="word_687">Tangipahoa</word>
<word id="word_688">wurden</word>
<word id="word_689">fast</word>
<word id="word_690">zwei</word>
<word id="word_691">dutzend</word>
<word id="word_692">Straßen</word>
<word id="word_693">aufgrund</word>
<word id="word_694">des</word>
<word id="word_695">Hochwassers</word>
<word id="word_696">geschlossen</word>
<word id="word_697">und</word>
<word id="word_698">Sandsäcke</word>
<word id="word_699">für</word>
<word id="word_700">die</word>
<word id="word_701">Bewohner</word>
<word id="word_702">zur</word>
<word id="word_703">Mitnahme</word>
<word id="word_704">bereitgestellt</word>
<word id="word_705">,</word>
<word id="word_706">die</word>
<word id="word_707">hoffen</word>
<word id="word_708">,</word>
<word id="word_709">das</word>
<word id="word_710">Wasser</word>
<word id="word_711">aus</word>
<word id="word_712">ihren</word>
<word id="word_713">Häusern</word>
<word id="word_714">und</word>
<word id="word_715">Geschäften</word>
<word id="word_716">halten</word>
<word id="word_717">zu</word>
<word id="word_718">können</word>
<word id="word_719">.</word>
<word id="word_720">"</word>
<word id="word_721">Die</word>
<word id="word_722">letzte</word>
<word id="word_723">große</word>
<word id="word_724">Überschwemmung</word>
<word id="word_725">,</word>
<word id="word_726">die</word>
<word id="word_727">wir</word>
<word id="word_728">hatten</word>
<word id="word_729">,</word>
<word id="word_730">war</word>
<word id="word_731">im</word>
<word id="word_732">März</word>
<word id="word_733">,</word>
<word id="word_734">"</word>
<word id="word_735">sagte</word>
<word id="word_736">Lacy</word>
<word id="word_737">Landrum</word>
<word id="word_738">von</word>
<word id="word_739">der</word>
<word id="word_740">Stadtverwaltung</word>
<word id="word_741">.</word>
<word id="word_742">Dies</word>
<word id="word_743">scheint</word>
<word id="word_744">ein</word>
<word id="word_745">ähnlicher</word>
<word id="word_746">Vorfall</word>
<word id="word_747">zu</word>
<word id="word_748">werden</word>
<word id="word_749">.</word>
<word id="word_750">In</word>
<word id="word_751">Mississipp</word>
<word id="word_752">sagte</word>
<word id="word_753">der</word>
<word id="word_754">Notfallmanager</word>
<word id="word_755">Rupert</word>
<word id="word_756">Lacy</word>
<word id="word_757">des</word>
<word id="word_758">Harrison</word>
<word id="word_759">Countys</word>
<word id="word_760">,</word>
<word id="word_761">dass</word>
<word id="word_762">es</word>
<word id="word_763">an</word>
<word id="word_764">der</word>
<word id="word_765">Golfküste</word>
<word id="word_766">weiterhin</word>
<word id="word_767">regnete</word>
<word id="word_768">.</word>
<word id="word_769">Laut</word>
<word id="word_770">seinen</word>
<word id="word_771">Angaben</word>
<word id="word_772">sollen</word>
<word id="word_773">eine</word>
<word id="word_774">Handvoll</word>
<word id="word_775">Häuser</word>
<word id="word_776">am</word>
<word id="word_777">Donnerstag</word>
<word id="word_778">als</word>
<word id="word_779">überschwemmt</word>
<word id="word_780">gemeldet</word>
<word id="word_781">worden</word>
<word id="word_782">sein</word>
<word id="word_783">,</word>
<word id="word_784">aber</word>
<word id="word_785">am</word>
<word id="word_786">Freitag</word>
<word id="word_787">wurden</word>
<word id="word_788">bis</word>
<word id="word_789">jetzt</word>
<word id="word_790">keine</word>
<word id="word_791">gemeldet</word>
<word id="word_792">.</word>
<word id="word_793">Keith</word>
<word id="word_794">Townson</word>
<word id="word_795">,</word>
<word id="word_796">Manager</word>
<word id="word_797">bei</word>
<word id="word_798">Shopper</word>
<word id="word_799">Value</word>
<word id="word_800">Foods</word>
<word id="word_801">in</word>
<word id="word_802">Amite</word>
<word id="word_803">,</word>
<word id="word_804">lebt</word>
<word id="word_805">bereits</word>
<word id="word_806">seit</word>
<word id="word_807">40</word>
<word id="word_808">Jahren</word>
<word id="word_809">in</word>
<word id="word_810">der</word>
<word id="word_811">Gegend</word>
<word id="word_812">.</word>
<word id="word_813">"</word>
<word id="word_814">Ich</word>
<word id="word_815">habe</word>
<word id="word_816">Wasser</word>
<word id="word_817">an</word>
<word id="word_818">Orten</word>
<word id="word_819">gesehen</word>
<word id="word_820">,</word>
<word id="word_821">an</word>
<word id="word_822">denen</word>
<word id="word_823">ich</word>
<word id="word_824">es</word>
<word id="word_825">nie</word>
<word id="word_826">zuvor</word>
<word id="word_827">gesehen</word>
<word id="word_828">habe</word>
<word id="word_829">,</word>
<word id="word_830">"</word>
<word id="word_831">sagte</word>
<word id="word_832">Townson</word>
<word id="word_833">,</word>
<word id="word_834">"</word>
<word id="word_835">und</word>
<word id="word_836">es</word>
<word id="word_837">kommt</word>
<word id="word_838">noch</word>
<word id="word_839">immer</word>
<word id="word_840">.</word>
<word id="word_841">"</word>
</words>