<?xml version="1.0" encoding="UTF-8"?>
<!DOCTYPE words SYSTEM "words.dtd">
<words>
<word id="word_1">Weshalb</word>
<word id="word_2">wir</word>
<word id="word_3">Simone</word>
<word id="word_4">,</word>
<word id="word_5">Gabby</word>
<word id="word_6">und</word>
<word id="word_7">Laurie</word>
<word id="word_8">brauchen</word>
<word id="word_9">Das</word>
<word id="word_10">ist</word>
<word id="word_11">,</word>
<word id="word_12">was</word>
<word id="word_13">ich</word>
<word id="word_14">mir</word>
<word id="word_15">unter</word>
<word id="word_16">der</word>
<word id="word_17">Frauenolympiamannschaft</word>
<word id="word_18">im</word>
<word id="word_19">Turnen</word>
<word id="word_20">vorstelle</word>
<word id="word_21">und</word>
<word id="word_22">das</word>
<word id="word_23">aus</word>
<word id="word_24">mehr</word>
<word id="word_25">als</word>
<word id="word_26">einem</word>
<word id="word_27">Grund</word>
<word id="word_28">.</word>
<word id="word_29">Erstens</word>
<word id="word_30">bin</word>
<word id="word_31">ich</word>
<word id="word_32">seit</word>
<word id="word_33">1984</word>
<word id="word_34">bei</word>
<word id="word_35">jeder</word>
<word id="word_36">Sommerolympiade</word>
<word id="word_37">dabei</word>
<word id="word_38">und</word>
<word id="word_39">die</word>
<word id="word_40">USA</word>
<word id="word_41">waren</word>
<word id="word_42">noch</word>
<word id="word_43">nie</word>
<word id="word_44">so</word>
<word id="word_45">dominant</word>
<word id="word_46">.</word>
<word id="word_47">Und</word>
<word id="word_48">zweitens</word>
<word id="word_49">:</word>
<word id="word_50">Diese</word>
<word id="word_51">Mannschaft</word>
<word id="word_52">hat</word>
<word id="word_53">drei</word>
<word id="word_54">Turnerinnen</word>
<word id="word_55">,</word>
<word id="word_56">Simone</word>
<word id="word_57">Biles</word>
<word id="word_58">,</word>
<word id="word_59">Gabby</word>
<word id="word_60">Douglas</word>
<word id="word_61">und</word>
<word id="word_62">Lauren</word>
<word id="word_63">"</word>
<word id="word_64">Laurie</word>
<word id="word_65">"</word>
<word id="word_66">Hernandez</word>
<word id="word_67">,</word>
<word id="word_68">die</word>
<word id="word_69">für</word>
<word id="word_70">viele</word>
<word id="word_71">junge</word>
<word id="word_72">Mädchen</word>
<word id="word_73">anderer</word>
<word id="word_74">Hautfarbe</word>
<word id="word_75">inspirierend</word>
<word id="word_76">wirkten</word>
<word id="word_77">.</word>
<word id="word_78">Die</word>
<word id="word_79">Struktur</word>
<word id="word_80">dieser</word>
<word id="word_81">Mannschaft</word>
<word id="word_82">,</word>
<word id="word_83">die</word>
<word id="word_84">Aly</word>
<word id="word_85">Raisman</word>
<word id="word_86">,</word>
<word id="word_87">die</word>
<word id="word_88">Jüdin</word>
<word id="word_89">ist</word>
<word id="word_90">und</word>
<word id="word_91">Madison</word>
<word id="word_92">Kocian</word>
<word id="word_93">,</word>
<word id="word_94">die</word>
<word id="word_95">Katholikin</word>
<word id="word_96">ist</word>
<word id="word_97">,</word>
<word id="word_98">abrunden</word>
<word id="word_99">,</word>
<word id="word_100">macht</word>
<word id="word_101">jeden</word>
<word id="word_102">stolz</word>
<word id="word_103">.</word>
<word id="word_104">Diese</word>
<word id="word_105">Mannschaft</word>
<word id="word_106">spiegelt</word>
<word id="word_107">endlich</word>
<word id="word_108">die</word>
<word id="word_109">USA</word>
<word id="word_110">wider</word>
<word id="word_111">.</word>
<word id="word_112">Es</word>
<word id="word_113">hat</word>
<word id="word_114">die</word>
<word id="word_115">schwarze</word>
<word id="word_116">und</word>
<word id="word_117">hispanische</word>
<word id="word_118">weibliche</word>
<word id="word_119">Anwesenheit</word>
<word id="word_120">an</word>
<word id="word_121">der</word>
<word id="word_122">Spitze</word>
<word id="word_123">dieser</word>
<word id="word_124">Sportart</word>
<word id="word_125">verfestigt</word>
<word id="word_126">.</word>
<word id="word_127">In</word>
<word id="word_128">den</word>
<word id="word_129">letzten</word>
<word id="word_130">vier</word>
<word id="word_131">Jahren</word>
<word id="word_132">war</word>
<word id="word_133">die</word>
<word id="word_134">Nummer</word>
<word id="word_135">eins</word>
<word id="word_136">unter</word>
<word id="word_137">der</word>
<word id="word_138">weiblichen</word>
<word id="word_139">Turnerinnen</word>
<word id="word_140">eine</word>
<word id="word_141">Afro-Amerikanerin</word>
<word id="word_142">.</word>
<word id="word_143">Letztes</word>
<word id="word_144">Jahr</word>
<word id="word_145">waren</word>
<word id="word_146">Simone</word>
<word id="word_147">und</word>
<word id="word_148">Gabby</word>
<word id="word_149">#1</word>
<word id="word_150">und</word>
<word id="word_151">#2</word>
<word id="word_152">.</word>
<word id="word_153">Das</word>
<word id="word_154">zeigt</word>
<word id="word_155">Stärke</word>
<word id="word_156">.</word>
<word id="word_157">Bei</word>
<word id="word_158">den</word>
<word id="word_159">letzten</word>
<word id="word_160">Olympischen</word>
<word id="word_161">Spielen</word>
<word id="word_162">war</word>
<word id="word_163">Gabby</word>
<word id="word_164">Douglas</word>
<word id="word_165">eine</word>
<word id="word_166">überraschende</word>
<word id="word_167">Olympiagewinnerin</word>
<word id="word_168">und</word>
<word id="word_169">Amerika</word>
<word id="word_170">jubelte</word>
<word id="word_171">.</word>
<word id="word_172">Jetzt</word>
<word id="word_173">war</word>
<word id="word_174">die</word>
<word id="word_175">Welt</word>
<word id="word_176">in</word>
<word id="word_177">der</word>
<word id="word_178">Lage</word>
<word id="word_179">,</word>
<word id="word_180">Zeuge</word>
<word id="word_181">der</word>
<word id="word_182">unglaublichen</word>
<word id="word_183">Leistung</word>
<word id="word_184">der</word>
<word id="word_185">dreifachen</word>
<word id="word_186">Weltmeisterin</word>
<word id="word_187">Simone</word>
<word id="word_188">Biles</word>
<word id="word_189">,</word>
<word id="word_190">Douglas</word>
<word id="word_191">und</word>
<word id="word_192">Laurie</word>
<word id="word_193">Hernandez</word>
<word id="word_194">zu</word>
<word id="word_195">sein</word>
<word id="word_196">,</word>
<word id="word_197">wie</word>
<word id="word_198">sie</word>
<word id="word_199">unerwartete</word>
<word id="word_200">,</word>
<word id="word_201">doch</word>
<word id="word_202">meisterhafte</word>
<word id="word_203">Gymastikroutinen</word>
<word id="word_204">lieferten</word>
<word id="word_205">.</word>
<word id="word_206">Am</word>
<word id="word_207">Donnerstag</word>
<word id="word_208">wurde</word>
<word id="word_209">Simone</word>
<word id="word_210">die</word>
<word id="word_211">vierte</word>
<word id="word_212">,</word>
<word id="word_213">heterosexuelle</word>
<word id="word_214">Amerikanerin</word>
<word id="word_215">,</word>
<word id="word_216">die</word>
<word id="word_217">bei</word>
<word id="word_218">einer</word>
<word id="word_219">individuellen</word>
<word id="word_220">Mehrkampfveranstaltung</word>
<word id="word_221">für</word>
<word id="word_222">Frauen</word>
<word id="word_223">Gold</word>
<word id="word_224">gewann</word>
<word id="word_225">.</word>
<word id="word_226">Mannschaftmitglied</word>
<word id="word_227">Aly</word>
<word id="word_228">Raisman</word>
<word id="word_229">gewann</word>
<word id="word_230">Silber</word>
<word id="word_231">.</word>
<word id="word_232">Wir</word>
<word id="word_233">erleben</word>
<word id="word_234">die</word>
<word id="word_235">Spitze</word>
<word id="word_236">dieser</word>
<word id="word_237">Sportart</word>
<word id="word_238">,</word>
<word id="word_239">aber</word>
<word id="word_240">so</word>
<word id="word_241">sehen</word>
<word id="word_242">Turnklassen</word>
<word id="word_243">im</word>
<word id="word_244">ganzen</word>
<word id="word_245">Land</word>
<word id="word_246">nicht</word>
<word id="word_247">aus</word>
<word id="word_248">.</word>
<word id="word_249">Simone</word>
<word id="word_250">,</word>
<word id="word_251">Gabby</word>
<word id="word_252">und</word>
<word id="word_253">Laurie</word>
<word id="word_254">schlugen</word>
<word id="word_255">alle</word>
<word id="word_256">den</word>
<word id="word_257">gleichen</word>
<word id="word_258">Weg</word>
<word id="word_259">wie</word>
<word id="word_260">Aly</word>
<word id="word_261">und</word>
<word id="word_262">Madison</word>
<word id="word_263">ein</word>
<word id="word_264">,</word>
<word id="word_265">um</word>
<word id="word_266">es</word>
<word id="word_267">ins</word>
<word id="word_268">olympische</word>
<word id="word_269">Team</word>
<word id="word_270">zu</word>
<word id="word_271">schaffen</word>
<word id="word_272">.</word>
<word id="word_273">Sie</word>
<word id="word_274">sind</word>
<word id="word_275">die</word>
<word id="word_276">"</word>
<word id="word_277">Letzten</word>
<word id="word_278">Fünf</word>
<word id="word_279">"</word>
<word id="word_280">,</word>
<word id="word_281">weil</word>
<word id="word_282">die</word>
<word id="word_283">nächste</word>
<word id="word_284">Olympiamannschaft</word>
<word id="word_285">nur</word>
<word id="word_286">vier</word>
<word id="word_287">Turnerinnen</word>
<word id="word_288">in</word>
<word id="word_289">der</word>
<word id="word_290">Mannschaft</word>
<word id="word_291">haben</word>
<word id="word_292">wird</word>
<word id="word_293">.</word>
<word id="word_294">Außerdem</word>
<word id="word_295">ist</word>
<word id="word_296">das</word>
<word id="word_297">das</word>
<word id="word_298">letzte</word>
<word id="word_299">Jahr</word>
<word id="word_300">mit</word>
<word id="word_301">Marta</word>
<word id="word_302">Karolyi</word>
<word id="word_303">als</word>
<word id="word_304">Trainerin</word>
<word id="word_305">.</word>
<word id="word_306">Aber</word>
<word id="word_307">die</word>
<word id="word_308">Realität</word>
<word id="word_309">sieht</word>
<word id="word_310">so</word>
<word id="word_311">aus</word>
<word id="word_312">,</word>
<word id="word_313">dass</word>
<word id="word_314">Turnen</word>
<word id="word_315">ein</word>
<word id="word_316">teurer</word>
<word id="word_317">Sport</word>
<word id="word_318">ist</word>
<word id="word_319">und</word>
<word id="word_320">Turner</word>
<word id="word_321">in</word>
<word id="word_322">erster</word>
<word id="word_323">Linie</word>
<word id="word_324">in</word>
<word id="word_325">privaten</word>
<word id="word_326">Turnvereinen</word>
<word id="word_327">,</word>
<word id="word_328">die</word>
<word id="word_329">von</word>
<word id="word_330">Eltern</word>
<word id="word_331">aufrechterhalten</word>
<word id="word_332">werden</word>
<word id="word_333">,</word>
<word id="word_334">die</word>
<word id="word_335">für</word>
<word id="word_336">die</word>
<word id="word_337">Trainings-</word>
<word id="word_338">,</word>
<word id="word_339">Einrichtungs-</word>
<word id="word_340">,</word>
<word id="word_341">Reise-</word>
<word id="word_342">Bekleidungs-</word>
<word id="word_343">,</word>
<word id="word_344">Wettbewerbs-</word>
<word id="word_345">und</word>
<word id="word_346">Hotelkosten</word>
<word id="word_347">(</word>
<word id="word_348">für</word>
<word id="word_349">die</word>
<word id="word_350">Trainer</word>
<word id="word_351">und</word>
<word id="word_352">deren</word>
<word id="word_353">Turner</word>
<word id="word_354">und</word>
<word id="word_355">Familien</word>
<word id="word_356">)</word>
<word id="word_357">aufkommen</word>
<word id="word_358">.</word>
<word id="word_359">Die</word>
<word id="word_360">Liste</word>
<word id="word_361">lässt</word>
<word id="word_362">sich</word>
<word id="word_363">beliebig</word>
<word id="word_364">fortsetzen</word>
<word id="word_365">.</word>
<word id="word_366">Die</word>
<word id="word_367">Mehrheit</word>
<word id="word_368">dieser</word>
<word id="word_369">Turnvereine</word>
<word id="word_370">liegen</word>
<word id="word_371">in</word>
<word id="word_372">wohlhabenden</word>
<word id="word_373">Vororten</word>
<word id="word_374">,</word>
<word id="word_375">die</word>
<word id="word_376">das</word>
<word id="word_377">Geschäft</word>
<word id="word_378">unterstützen</word>
<word id="word_379">können</word>
<word id="word_380">.</word>
<word id="word_381">In</word>
<word id="word_382">diesen</word>
<word id="word_383">Vereinen</word>
<word id="word_384">erhalten</word>
<word id="word_385">die</word>
<word id="word_386">Turner</word>
<word id="word_387">ihr</word>
<word id="word_388">gesamtes</word>
<word id="word_389">Training</word>
<word id="word_390">und</word>
<word id="word_391">das</word>
<word id="word_392">ist</word>
<word id="word_393">für</word>
<word id="word_394">die</word>
<word id="word_395">Familien</word>
<word id="word_396">ein</word>
<word id="word_397">teures</word>
<word id="word_398">und</word>
<word id="word_399">langfristiges</word>
<word id="word_400">Engagement</word>
<word id="word_401">.</word>
<word id="word_402">Aimee</word>
<word id="word_403">Boorman</word>
<word id="word_404">,</word>
<word id="word_405">Trainerin</word>
<word id="word_406">von</word>
<word id="word_407">Simone</word>
<word id="word_408">Biles</word>
<word id="word_409">,</word>
<word id="word_410">und</word>
<word id="word_411">Maggie</word>
<word id="word_412">Haney</word>
<word id="word_413">,</word>
<word id="word_414">Trainerin</word>
<word id="word_415">von</word>
<word id="word_416">Laurie</word>
<word id="word_417">Hernandez</word>
<word id="word_418">,</word>
<word id="word_419">haben</word>
<word id="word_420">beide</word>
<word id="word_421">ihre</word>
<word id="word_422">Athleten</word>
<word id="word_423">trainiert</word>
<word id="word_424">,</word>
<word id="word_425">seitdem</word>
<word id="word_426">sie</word>
<word id="word_427">mit</word>
<word id="word_428">dem</word>
<word id="word_429">Turnen</word>
<word id="word_430">angefangen</word>
<word id="word_431">haben</word>
<word id="word_432">.</word>
<word id="word_433">Wir</word>
<word id="word_434">müssen</word>
<word id="word_435">den</word>
<word id="word_436">Gemeinden</word>
<word id="word_437">aun</word>
<word id="word_438">unzähligen</word>
<word id="word_439">,</word>
<word id="word_440">jungen</word>
<word id="word_441">Mädchen</word>
<word id="word_442">,</word>
<word id="word_443">die</word>
<word id="word_444">von</word>
<word id="word_445">Simone</word>
<word id="word_446">,</word>
<word id="word_447">Gabby</word>
<word id="word_448">und</word>
<word id="word_449">Laurie</word>
<word id="word_450">inspiriert</word>
<word id="word_451">werden</word>
<word id="word_452">,</word>
<word id="word_453">ein</word>
<word id="word_454">leistbareres</word>
<word id="word_455">und</word>
<word id="word_456">leichter</word>
<word id="word_457">zugängliches</word>
<word id="word_458">Turntrainung</word>
<word id="word_459">ermöglichen</word>
<word id="word_460">.</word>
<word id="word_461">Ich</word>
<word id="word_462">habe</word>
<word id="word_463">meine</word>
<word id="word_464">Turnstiftung</word>
<word id="word_465">von</word>
<word id="word_466">20</word>
<word id="word_467">Jahren</word>
<word id="word_468">gegründet</word>
<word id="word_469">.</word>
<word id="word_470">Bei</word>
<word id="word_471">meinen</word>
<word id="word_472">Veranstaltungen</word>
<word id="word_473">haben</word>
<word id="word_474">wir</word>
<word id="word_475">kostenloses</word>
<word id="word_476">und</word>
<word id="word_477">erschwingliches</word>
<word id="word_478">Turnen</word>
<word id="word_479">in</word>
<word id="word_480">Harlem</word>
<word id="word_481">für</word>
<word id="word_482">über</word>
<word id="word_483">15.000</word>
<word id="word_484">urbane</word>
<word id="word_485">Jugendliche</word>
<word id="word_486">(</word>
<word id="word_487">vor</word>
<word id="word_488">allem</word>
<word id="word_489">schwarze</word>
<word id="word_490">und</word>
<word id="word_491">hispanische</word>
<word id="word_492">)</word>
<word id="word_493">geboten</word>
<word id="word_494">und</word>
<word id="word_495">nationale</word>
<word id="word_496">und</word>
<word id="word_497">internationale</word>
<word id="word_498">Sieger</word>
<word id="word_499">trainiert</word>
<word id="word_500">.</word>
<word id="word_501">Im</word>
<word id="word_502">September</word>
<word id="word_503">werden</word>
<word id="word_504">wir</word>
<word id="word_505">nach</word>
<word id="word_506">Detroit</word>
<word id="word_507">(</word>
<word id="word_508">meine</word>
<word id="word_509">Heimatstadt</word>
<word id="word_510">)</word>
<word id="word_511">expandieren</word>
<word id="word_512">,</word>
<word id="word_513">um</word>
<word id="word_514">der</word>
<word id="word_515">Jugend</word>
<word id="word_516">hochqualitatives</word>
<word id="word_517">Turnen</word>
<word id="word_518">zu</word>
<word id="word_519">bieten</word>
<word id="word_520">,</word>
<word id="word_521">die</word>
<word id="word_522">die</word>
<word id="word_523">Möglichkeit</word>
<word id="word_524">verdienen</word>
<word id="word_525">,</word>
<word id="word_526">von</word>
<word id="word_527">dieser</word>
<word id="word_528">tollen</word>
<word id="word_529">olympischen</word>
<word id="word_530">Sportart</word>
<word id="word_531">zu</word>
<word id="word_532">lernen</word>
<word id="word_533">und</word>
<word id="word_534">zu</word>
<word id="word_535">profitieren</word>
<word id="word_536">.</word>
<word id="word_537">Turnen</word>
<word id="word_538">entwickelt</word>
<word id="word_539">Stärke</word>
<word id="word_540">,</word>
<word id="word_541">Flexibilität</word>
<word id="word_542">und</word>
<word id="word_543">Koordination</word>
<word id="word_544">für</word>
<word id="word_545">den</word>
<word id="word_546">Körper</word>
<word id="word_547">sowie</word>
<word id="word_548">harte</word>
<word id="word_549">Arbeit</word>
<word id="word_550">,</word>
<word id="word_551">Disziplin</word>
<word id="word_552">und</word>
<word id="word_553">Bestimmtheit</word>
<word id="word_554">für</word>
<word id="word_555">den</word>
<word id="word_556">Geist</word>
<word id="word_557">.</word>
<word id="word_558">Diese</word>
<word id="word_559">Kombination</word>
<word id="word_560">bietet</word>
<word id="word_561">lebenslange</word>
<word id="word_562">Vorteile</word>
<word id="word_563">für</word>
<word id="word_564">die</word>
<word id="word_565">Gesundheit</word>
<word id="word_566">sowie</word>
<word id="word_567">für</word>
<word id="word_568">den</word>
<word id="word_569">schulischen</word>
<word id="word_570">und</word>
<word id="word_571">beruflichen</word>
<word id="word_572">Erfolg</word>
<word id="word_573">.</word>
<word id="word_574">Es</word>
<word id="word_575">ist</word>
<word id="word_576">die</word>
<word id="word_577">Inspiration</word>
<word id="word_578">dieser</word>
<word id="word_579">Mannschaft</word>
<word id="word_580">,</word>
<word id="word_581">die</word>
<word id="word_582">tausende</word>
<word id="word_583">junge</word>
<word id="word_584">Mädchen</word>
<word id="word_585">dazu</word>
<word id="word_586">bringen</word>
<word id="word_587">,</word>
<word id="word_588">sich</word>
<word id="word_589">für</word>
<word id="word_590">das</word>
<word id="word_591">Turnen</word>
<word id="word_592">zu</word>
<word id="word_593">interessieren</word>
<word id="word_594">und</word>
<word id="word_595">das</word>
<word id="word_596">ist</word>
<word id="word_597">toll</word>
<word id="word_598">.</word>
<word id="word_599">Es</word>
<word id="word_600">ist</word>
<word id="word_601">so</word>
<word id="word_602">wichtig</word>
<word id="word_603">,</word>
<word id="word_604">am</word>
<word id="word_605">Sport</word>
<word id="word_606">teilzunehmen</word>
<word id="word_607">,</word>
<word id="word_608">vor</word>
<word id="word_609">allem</word>
<word id="word_610">für</word>
<word id="word_611">Mädchen</word>
<word id="word_612">.</word>
<word id="word_613">Das</word>
<word id="word_614">ist</word>
<word id="word_615">eine</word>
<word id="word_616">so</word>
<word id="word_617">spannende</word>
<word id="word_618">Zeit</word>
<word id="word_619">.</word>
<word id="word_620">Danke</word>
<word id="word_621">Simone</word>
<word id="word_622">,</word>
<word id="word_623">Aly</word>
<word id="word_624">,</word>
<word id="word_625">Laurie</word>
<word id="word_626">,</word>
<word id="word_627">Gabby</word>
<word id="word_628">und</word>
<word id="word_629">Madison</word>
<word id="word_630">für</word>
<word id="word_631">diese</word>
<word id="word_632">echte</word>
<word id="word_633">Darstellung</word>
<word id="word_634">von</word>
<word id="word_635">"</word>
<word id="word_636">Girl</word>
<word id="word_637">Power</word>
<word id="word_638">"</word>
<word id="word_639">durch</word>
<word id="word_640">das</word>
<word id="word_641">Holen</word>
<word id="word_642">des</word>
<word id="word_643">olympischen</word>
<word id="word_644">Mannschaftsgolds</word>
<word id="word_645">und</word>
<word id="word_646">danke</word>
<word id="word_647">,</word>
<word id="word_648">fass</word>
<word id="word_649">ihr</word>
<word id="word_650">so</word>
<word id="word_651">viele</word>
<word id="word_652">junge</word>
<word id="word_653">Mädchen</word>
<word id="word_654">mit</word>
<word id="word_655">unterschiedlichem</word>
<word id="word_656">Hintergrund</word>
<word id="word_657">motiviert</word>
<word id="word_658">,</word>
<word id="word_659">um</word>
<word id="word_660">ihren</word>
<word id="word_661">Weg</word>
<word id="word_662">zu</word>
<word id="word_663">beginnen</word>
<word id="word_664">,</word>
<word id="word_665">gesunde</word>
<word id="word_666">,</word>
<word id="word_667">starke</word>
<word id="word_668">und</word>
<word id="word_669">erfolgreiche</word>
<word id="word_670">junge</word>
<word id="word_671">Frauen</word>
<word id="word_672">zu</word>
<word id="word_673">werden</word>
<word id="word_674">.</word>
</words>