<?xml version="1.0" encoding="UTF-8"?>
<!DOCTYPE words SYSTEM "words.dtd">
<words>
<word id="word_1">Assistenzärzte</word>
<word id="word_2">möchten</word>
<word id="word_3">weitere</word>
<word id="word_4">Streiks</word>
<word id="word_5">organisieren</word>
<word id="word_6">,</word>
<word id="word_7">nachdem</word>
<word id="word_8">sie</word>
<word id="word_9">Jeremy</word>
<word id="word_10">Hunts</word>
<word id="word_11">Vorschlag</word>
<word id="word_12">abgelehnt</word>
<word id="word_13">haben</word>
<word id="word_14">Die</word>
<word id="word_15">Minister</word>
<word id="word_16">hatten</word>
<word id="word_17">gehofft</word>
<word id="word_18">,</word>
<word id="word_19">den</word>
<word id="word_20">Streit</word>
<word id="word_21">über</word>
<word id="word_22">die</word>
<word id="word_23">Änderungen</word>
<word id="word_24">durch</word>
<word id="word_25">Annahme</word>
<word id="word_26">eines</word>
<word id="word_27">reformierten</word>
<word id="word_28">Vertrages</word>
<word id="word_29">mit</word>
<word id="word_30">den</word>
<word id="word_31">Funktionären</word>
<word id="word_32">der</word>
<word id="word_33">British</word>
<word id="word_34">Medical</word>
<word id="word_35">Association</word>
<word id="word_36">beenden</word>
<word id="word_37">zu</word>
<word id="word_38">können</word>
<word id="word_39">,</word>
<word id="word_40">aber</word>
<word id="word_41">58</word>
<word id="word_42">Prozent</word>
<word id="word_43">der</word>
<word id="word_44">37.000</word>
<word id="word_45">Assistenzärzte</word>
<word id="word_46">,</word>
<word id="word_47">die</word>
<word id="word_48">bei</word>
<word id="word_49">einer</word>
<word id="word_50">Wahl</word>
<word id="word_51">abstimmten</word>
<word id="word_52">,</word>
<word id="word_53">lehnten</word>
<word id="word_54">ihn</word>
<word id="word_55">ab</word>
<word id="word_56">.</word>
<word id="word_57">Im</word>
<word id="word_58">Juli</word>
<word id="word_59">hatte</word>
<word id="word_60">Hunt</word>
<word id="word_61">Pläne</word>
<word id="word_62">enthüllt</word>
<word id="word_63">,</word>
<word id="word_64">den</word>
<word id="word_65">Vertrag</word>
<word id="word_66">zwangsweise</word>
<word id="word_67">einzuführen</word>
<word id="word_68">und</word>
<word id="word_69">sagte</word>
<word id="word_70">,</word>
<word id="word_71">dass</word>
<word id="word_72">die</word>
<word id="word_73">NHS</word>
<word id="word_74">sich</word>
<word id="word_75">in</word>
<word id="word_76">einem</word>
<word id="word_77">"</word>
<word id="word_78">Niemandsland</word>
<word id="word_79">"</word>
<word id="word_80">befände</word>
<word id="word_81">und</word>
<word id="word_82">jede</word>
<word id="word_83">weitere</word>
<word id="word_84">Verzögerung</word>
<word id="word_85">für</word>
<word id="word_86">die</word>
<word id="word_87">Mitarbeiter</word>
<word id="word_88">und</word>
<word id="word_89">Patienten</word>
<word id="word_90">schädlich</word>
<word id="word_91">wäre</word>
<word id="word_92">.</word>
<word id="word_93">Die</word>
<word id="word_94">ersten</word>
<word id="word_95">Assistenzärzte</word>
<word id="word_96">sollen</word>
<word id="word_97">einen</word>
<word id="word_98">neuen</word>
<word id="word_99">Vertrag</word>
<word id="word_100">erhalten</word>
<word id="word_101">,</word>
<word id="word_102">der</word>
<word id="word_103">Änderungen</word>
<word id="word_104">zu</word>
<word id="word_105">Nacht-</word>
<word id="word_106">und</word>
<word id="word_107">Wochenendarbeiten</word>
<word id="word_108">enthält</word>
<word id="word_109">,</word>
<word id="word_110">um</word>
<word id="word_111">die</word>
<word id="word_112">Pflege</word>
<word id="word_113">zu</word>
<word id="word_114">ungastlichen</word>
<word id="word_115">Uhrzeiten</word>
<word id="word_116">zu</word>
<word id="word_117">verbessern</word>
<word id="word_118">.</word>
<word id="word_119">Dr</word>
<word id="word_120">Ellen</word>
<word id="word_121">McCourt</word>
<word id="word_122">,</word>
<word id="word_123">die</word>
<word id="word_124">Vorsitzende</word>
<word id="word_125">des</word>
<word id="word_126">BMA</word>
<word id="word_127">Kommittees</word>
<word id="word_128">für</word>
<word id="word_129">Assistenzärzte</word>
<word id="word_130">teilte</word>
<word id="word_131">letzte</word>
<word id="word_132">Nacht</word>
<word id="word_133">in</word>
<word id="word_134">einer</word>
<word id="word_135">Mitteilung</word>
<word id="word_136">mit</word>
<word id="word_137">:</word>
<word id="word_138">"</word>
<word id="word_139">Assistenzärzte</word>
<word id="word_140">haben</word>
<word id="word_141">zu</word>
<word id="word_142">dem</word>
<word id="word_143">vorgeschlagenen</word>
<word id="word_144">Vertrag</word>
<word id="word_145">nach</word>
<word id="word_146">wie</word>
<word id="word_147">vor</word>
<word id="word_148">ernsthafte</word>
<word id="word_149">Bedenken</word>
<word id="word_150">,</word>
<word id="word_151">insbesondere</word>
<word id="word_152">,</word>
<word id="word_153">dass</word>
<word id="word_154">es</word>
<word id="word_155">die</word>
<word id="word_156">derzeitige</word>
<word id="word_157">Belegschaftskrise</word>
<word id="word_158">anheizen</word>
<word id="word_159">und</word>
<word id="word_160">es</word>
<word id="word_161">verabsäumen</word>
<word id="word_162">wird</word>
<word id="word_163">,</word>
<word id="word_164">alle</word>
<word id="word_165">Ärzte</word>
<word id="word_166">gerecht</word>
<word id="word_167">zu</word>
<word id="word_168">behandeln</word>
<word id="word_169">.</word>
<word id="word_170">"</word>
<word id="word_171">Bei</word>
<word id="word_172">nur</word>
<word id="word_173">acht</word>
<word id="word_174">Wochen</word>
<word id="word_175">,</word>
<word id="word_176">die</word>
<word id="word_177">noch</word>
<word id="word_178">verbleiben</word>
<word id="word_179">,</word>
<word id="word_180">bis</word>
<word id="word_181">die</word>
<word id="word_182">erste</word>
<word id="word_183">Gruppe</word>
<word id="word_184">von</word>
<word id="word_185">Ärzten</word>
<word id="word_186">unter</word>
<word id="word_187">den</word>
<word id="word_188">neuen</word>
<word id="word_189">Vertrag</word>
<word id="word_190">fallen</word>
<word id="word_191">,</word>
<word id="word_192">müssen</word>
<word id="word_193">Fortschritte</word>
<word id="word_194">gemacht</word>
<word id="word_195">werden</word>
<word id="word_196">und</word>
<word id="word_197">die</word>
<word id="word_198">Zeit</word>
<word id="word_199">läuft</word>
<word id="word_200">aus</word>
<word id="word_201">.</word>
<word id="word_202">Bemühungen</word>
<word id="word_203">seitens</word>
<word id="word_204">des</word>
<word id="word_205">BMA</word>
<word id="word_206">zur</word>
<word id="word_207">Lösung</word>
<word id="word_208">der</word>
<word id="word_209">Streitigkeiten</word>
<word id="word_210">durch</word>
<word id="word_211">Gespräche</word>
<word id="word_212">stießen</word>
<word id="word_213">bei</word>
<word id="word_214">der</word>
<word id="word_215">Regierung</word>
<word id="word_216">auf</word>
<word id="word_217">Widerwillen</word>
<word id="word_218">sich</word>
<word id="word_219">zu</word>
<word id="word_220">beteiligen</word>
<word id="word_221">und</word>
<word id="word_222">manchmal</word>
<word id="word_223">auf</word>
<word id="word_224">ohrenbetäubendes</word>
<word id="word_225">Schweigen</word>
<word id="word_226">.</word>
<word id="word_227">Das</word>
<word id="word_228">geschah</word>
<word id="word_229">des</word>
<word id="word_230">eines</word>
<word id="word_231">Versprechens</word>
<word id="word_232">,</word>
<word id="word_233">das</word>
<word id="word_234">Jeremy</word>
<word id="word_235">Hunt</word>
<word id="word_236">erst</word>
<word id="word_237">letzten</word>
<word id="word_238">Monat</word>
<word id="word_239">darüber</word>
<word id="word_240">gemacht</word>
<word id="word_241">hatte</word>
<word id="word_242">,</word>
<word id="word_243">dass</word>
<word id="word_244">seine</word>
<word id="word_245">Tür</word>
<word id="word_246">immer</word>
<word id="word_247">offenstehen</word>
<word id="word_248">würde</word>
<word id="word_249">.</word>
<word id="word_250">"</word>
<word id="word_251">Jeremy</word>
<word id="word_252">Hunt</word>
<word id="word_253">muss</word>
<word id="word_254">jetzt</word>
<word id="word_255">handeln</word>
<word id="word_256">,</word>
<word id="word_257">die</word>
<word id="word_258">Aufzwingung</word>
<word id="word_259">aufheben</word>
<word id="word_260">und</word>
<word id="word_261">die</word>
<word id="word_262">Sorgen</word>
<word id="word_263">der</word>
<word id="word_264">Assistenzärzte</word>
<word id="word_265">ansprechen</word>
<word id="word_266">"</word>
<word id="word_267">.</word>
<word id="word_268">Sollte</word>
<word id="word_269">er</word>
<word id="word_270">dies</word>
<word id="word_271">nicht</word>
<word id="word_272">tun</word>
<word id="word_273">,</word>
<word id="word_274">so</word>
<word id="word_275">haben</word>
<word id="word_276">es</word>
<word id="word_277">die</word>
<word id="word_278">Assistenzärzte</word>
<word id="word_279">deutlich</word>
<word id="word_280">gemacht</word>
<word id="word_281">,</word>
<word id="word_282">dass</word>
<word id="word_283">sie</word>
<word id="word_284">bereit</word>
<word id="word_285">sind</word>
<word id="word_286">,</word>
<word id="word_287">weitere</word>
<word id="word_288">Arbeitskampfmaßnahmen</word>
<word id="word_289">durchzuführen</word>
<word id="word_290">.</word>
<word id="word_291">Der</word>
<word id="word_292">letzte</word>
<word id="word_293">Streik</word>
<word id="word_294">Ende</word>
<word id="word_295">April</word>
<word id="word_296">sah</word>
<word id="word_297">einen</word>
<word id="word_298">Aufschub</word>
<word id="word_299">von</word>
<word id="word_300">beinahe</word>
<word id="word_301">13.000</word>
<word id="word_302">Routineoperationen</word>
<word id="word_303">und</word>
<word id="word_304">100.000</word>
<word id="word_305">Terminen</word>
<word id="word_306">vor</word>
<word id="word_307">,</word>
<word id="word_308">da</word>
<word id="word_309">Krankenschwestern</word>
<word id="word_310">und</word>
<word id="word_311">Fachärzte</word>
<word id="word_312">einbezogen</word>
<word id="word_313">wurden</word>
<word id="word_314">,</word>
<word id="word_315">um</word>
<word id="word_316">Ärzten</word>
<word id="word_317">auf</word>
<word id="word_318">der</word>
<word id="word_319">Streikpostenkette</word>
<word id="word_320">Deckung</word>
<word id="word_321">zu</word>
<word id="word_322">gewähren</word>
<word id="word_323">.</word>
<word id="word_324">Die</word>
<word id="word_325">Minister</word>
<word id="word_326">hatten</word>
<word id="word_327">gehofft</word>
<word id="word_328">,</word>
<word id="word_329">den</word>
<word id="word_330">Streit</word>
<word id="word_331">über</word>
<word id="word_332">die</word>
<word id="word_333">Änderungen</word>
<word id="word_334">durch</word>
<word id="word_335">eine</word>
<word id="word_336">Annahme</word>
<word id="word_337">des</word>
<word id="word_338">reformierten</word>
<word id="word_339">Vertrages</word>
<word id="word_340">mit</word>
<word id="word_341">den</word>
<word id="word_342">Funktionären</word>
<word id="word_343">der</word>
<word id="word_344">British</word>
<word id="word_345">Medical</word>
<word id="word_346">Association</word>
<word id="word_347">beenden</word>
<word id="word_348">zu</word>
<word id="word_349">können</word>
<word id="word_350">.</word>
<word id="word_351">Die</word>
<word id="word_352">BMA</word>
<word id="word_353">möchte</word>
<word id="word_354">eine</word>
<word id="word_355">bessere</word>
<word id="word_356">Wochendentlohnung</word>
<word id="word_357">für</word>
<word id="word_358">die</word>
<word id="word_359">54.000</word>
<word id="word_360">Assistenzärzte</word>
<word id="word_361">,</word>
<word id="word_362">die</word>
<word id="word_363">dem</word>
<word id="word_364">Vertrag</word>
<word id="word_365">unterliegen</word>
<word id="word_366">werden</word>
<word id="word_367">.</word>
<word id="word_368">Daniel</word>
<word id="word_369">Mortimer</word>
<word id="word_370">,</word>
<word id="word_371">Generaldirektor</word>
<word id="word_372">der</word>
<word id="word_373">NHS</word>
<word id="word_374">Mitarbeiter</word>
<word id="word_375">,</word>
<word id="word_376">forderte</word>
<word id="word_377">die</word>
<word id="word_378">Assistenzärzte</word>
<word id="word_379">dazu</word>
<word id="word_380">auf</word>
<word id="word_381">,</word>
<word id="word_382">den</word>
<word id="word_383">Streik</word>
<word id="word_384">zu</word>
<word id="word_385">beenden</word>
<word id="word_386">.</word>
<word id="word_387">Mortimer</word>
<word id="word_388">sagte</word>
<word id="word_389">:</word>
<word id="word_390">"</word>
<word id="word_391">Arbeitskampfmaßnahmen</word>
<word id="word_392">erreichen</word>
<word id="word_393">nichts</word>
<word id="word_394">der</word>
<word id="word_395">nur</word>
<word id="word_396">wenig</word>
<word id="word_397">,</word>
<word id="word_398">belasten</word>
<word id="word_399">aber</word>
<word id="word_400">bereits</word>
<word id="word_401">überbelastete</word>
<word id="word_402">Teams</word>
<word id="word_403">und</word>
<word id="word_404">Dienstleister</word>
<word id="word_405">und</word>
<word id="word_406">bereiten</word>
<word id="word_407">den</word>
<word id="word_408">Patienten</word>
<word id="word_409">,</word>
<word id="word_410">Pflegern</word>
<word id="word_411">und</word>
<word id="word_412">ihren</word>
<word id="word_413">Familien</word>
<word id="word_414">nur</word>
<word id="word_415">Sorgen</word>
<word id="word_416">,</word>
<word id="word_417">Not</word>
<word id="word_418">und</word>
<word id="word_419">Unterbrechung</word>
<word id="word_420">.</word>
<word id="word_421">"</word>
<word id="word_422">In</word>
<word id="word_423">den</word>
<word id="word_424">letzten</word>
<word id="word_425">zwei</word>
<word id="word_426">Monaten</word>
<word id="word_427">haben</word>
<word id="word_428">wir</word>
<word id="word_429">mir</word>
<word id="word_430">dem</word>
<word id="word_431">Kommittee</word>
<word id="word_432">der</word>
<word id="word_433">Assistenzärzte</word>
<word id="word_434">gesprochen</word>
<word id="word_435">und</word>
<word id="word_436">mit</word>
<word id="word_437">dem</word>
<word id="word_438">Gesundheitsministerium</word>
<word id="word_439">sowie</word>
<word id="word_440">anderen</word>
<word id="word_441">Ministerien</word>
<word id="word_442">positiv</word>
<word id="word_443">auf</word>
<word id="word_444">die</word>
<word id="word_445">Bedenken</word>
<word id="word_446">hinsichtlich</word>
<word id="word_447">der</word>
<word id="word_448">Vormundschaft</word>
<word id="word_449">und</word>
<word id="word_450">des</word>
<word id="word_451">Whistleblowings</word>
<word id="word_452">geantwortet</word>
<word id="word_453">.</word>
<word id="word_454">Die</word>
<word id="word_455">Arbeitgeber</word>
<word id="word_456">hofften</word>
<word id="word_457">,</word>
<word id="word_458">dass</word>
<word id="word_459">das</word>
<word id="word_460">fortgeführte</word>
<word id="word_461">positive</word>
<word id="word_462">Engagement</word>
<word id="word_463">zu</word>
<word id="word_464">anderen</word>
<word id="word_465">wichtigen</word>
<word id="word_466">Themen</word>
<word id="word_467">-</word>
<word id="word_468">wie</word>
<word id="word_469">Entsendung</word>
<word id="word_470">,</word>
<word id="word_471">Flexibilität</word>
<word id="word_472">bei</word>
<word id="word_473">Schulungen</word>
<word id="word_474">,</word>
<word id="word_475">zusätzliche</word>
<word id="word_476">Schulungen</word>
<word id="word_477">für</word>
<word id="word_478">diejenigen</word>
<word id="word_479">,</word>
<word id="word_480">die</word>
<word id="word_481">von</word>
<word id="word_482">einer</word>
<word id="word_483">beruflichen</word>
<word id="word_484">Auszeit</word>
<word id="word_485">zurückkehren</word>
<word id="word_486">,</word>
<word id="word_487">Schulungsksten</word>
<word id="word_488">,</word>
<word id="word_489">gegenseitige</word>
<word id="word_490">Anerkennung</word>
<word id="word_491">des</word>
<word id="word_492">Lehrplans</word>
<word id="word_493">,</word>
<word id="word_494">Fortbildungsurlaub</word>
<word id="word_495">und</word>
<word id="word_496">das</word>
<word id="word_497">geschlechtsspezifische</word>
<word id="word_498">Lohngefälle</word>
<word id="word_499">in</word>
<word id="word_500">der</word>
<word id="word_501">Medizin</word>
<word id="word_502">-</word>
<word id="word_503">ein</word>
<word id="word_504">Zeichen</word>
<word id="word_505">dafür</word>
<word id="word_506">waren</word>
<word id="word_507">,</word>
<word id="word_508">wie</word>
<word id="word_509">ernst</word>
<word id="word_510">es</word>
<word id="word_511">die</word>
<word id="word_512">Arbeitgeber</word>
<word id="word_513">,</word>
<word id="word_514">das</word>
<word id="word_515">Health</word>
<word id="word_516">Education</word>
<word id="word_517">England</word>
<word id="word_518">und</word>
<word id="word_519">das</word>
<word id="word_520">Gesundheitsministerium</word>
<word id="word_521">bezüglich</word>
<word id="word_522">der</word>
<word id="word_523">Einhaltung</word>
<word id="word_524">der</word>
<word id="word_525">Vereinbarungen</word>
<word id="word_526">mit</word>
<word id="word_527">der</word>
<word id="word_528">BMA</word>
<word id="word_529">im</word>
<word id="word_530">November</word>
<word id="word_531">,</word>
<word id="word_532">Februar</word>
<word id="word_533">und</word>
<word id="word_534">Mai</word>
<word id="word_535">waren</word>
<word id="word_536">.</word>
</words>