<?xml version="1.0" encoding="UTF-8"?>
<!DOCTYPE words SYSTEM "words.dtd">
<words>
<word id="word_1">Das</word>
<word id="word_2">£2-pro</word>
<word id="word_3">Tag-</word>
<word id="word_4">Medikament</word>
<word id="word_5">,</word>
<word id="word_6">das</word>
<word id="word_7">Herzinfarktrisiko</word>
<word id="word_8">senken</word>
<word id="word_9">kann</word>
<word id="word_10">Tausende</word>
<word id="word_11">von</word>
<word id="word_12">Herzinfarktpatienten</word>
<word id="word_13">werden</word>
<word id="word_14">von</word>
<word id="word_15">einem</word>
<word id="word_16">£2-pro</word>
<word id="word_17">Tag-Medikament</word>
<word id="word_18">profitieren</word>
<word id="word_19">,</word>
<word id="word_20">nachdem</word>
<word id="word_21">von</word>
<word id="word_22">den</word>
<word id="word_23">Behörden</word>
<word id="word_24">empfohlen</word>
<word id="word_25">wurde</word>
<word id="word_26">,</word>
<word id="word_27">dieses</word>
<word id="word_28">mehr</word>
<word id="word_29">Leuten</word>
<word id="word_30">für</word>
<word id="word_31">einen</word>
<word id="word_32">längeren</word>
<word id="word_33">Zeitraum</word>
<word id="word_34">zu</word>
<word id="word_35">verabreichen</word>
<word id="word_36">.</word>
<word id="word_37">Das</word>
<word id="word_38">gerinnungshemmende</word>
<word id="word_39">Medikament</word>
<word id="word_40">Ticagrelor</word>
<word id="word_41">reduziert</word>
<word id="word_42">das</word>
<word id="word_43">Risiko</word>
<word id="word_44">wiederholter</word>
<word id="word_45">Herzinfarkte</word>
<word id="word_46">für</word>
<word id="word_47">Personen</word>
<word id="word_48">mit</word>
<word id="word_49">einer</word>
<word id="word_50">Herzerkrankung</word>
<word id="word_51">.</word>
<word id="word_52">Das</word>
<word id="word_53">Medikament</word>
<word id="word_54">wird</word>
<word id="word_55">bereits</word>
<word id="word_56">12</word>
<word id="word_57">Monate</word>
<word id="word_58">lang</word>
<word id="word_59">nach</word>
<word id="word_60">einem</word>
<word id="word_61">Herzinfarkt</word>
<word id="word_62">verabreicht</word>
<word id="word_63">,</word>
<word id="word_64">wodurch</word>
<word id="word_65">das</word>
<word id="word_66">Risiko</word>
<word id="word_67">eines</word>
<word id="word_68">Schlaganfalls</word>
<word id="word_69">oder</word>
<word id="word_70">eines</word>
<word id="word_71">weiteren</word>
<word id="word_72">Herzinfarkts</word>
<word id="word_73">reduziert</word>
<word id="word_74">wird</word>
<word id="word_75">.</word>
<word id="word_76">Die</word>
<word id="word_77">Regulierungsbehörde</word>
<word id="word_78">NICE</word>
<word id="word_79">des</word>
<word id="word_80">NHS</word>
<word id="word_81">hat</word>
<word id="word_82">eine</word>
<word id="word_83">vier</word>
<word id="word_84">Jahre</word>
<word id="word_85">lange</word>
<word id="word_86">Einnahme</word>
<word id="word_87">empfohlen</word>
<word id="word_88">,</word>
<word id="word_89">um</word>
<word id="word_90">das</word>
<word id="word_91">Risiko</word>
<word id="word_92">kardiovaskulärer</word>
<word id="word_93">Probleme</word>
<word id="word_94">weiter</word>
<word id="word_95">zu</word>
<word id="word_96">reduzieren</word>
<word id="word_97">.</word>
<word id="word_98">Die</word>
<word id="word_99">Regulierungsbehörde</word>
<word id="word_100">NICE</word>
<word id="word_101">des</word>
<word id="word_102">NHS</word>
<word id="word_103">hat</word>
<word id="word_104">eine</word>
<word id="word_105">vier</word>
<word id="word_106">Jahre</word>
<word id="word_107">lange</word>
<word id="word_108">Einnahme</word>
<word id="word_109">empfohlen</word>
<word id="word_110">,</word>
<word id="word_111">um</word>
<word id="word_112">das</word>
<word id="word_113">Risiko</word>
<word id="word_114">kardiovaskulärer</word>
<word id="word_115">Probleme</word>
<word id="word_116">weiter</word>
<word id="word_117">zu</word>
<word id="word_118">reduzieren</word>
<word id="word_119">.</word>
<word id="word_120">Rund</word>
<word id="word_121">140.000</word>
<word id="word_122">Leute</word>
<word id="word_123">erleiden</word>
<word id="word_124">jedes</word>
<word id="word_125">Jahr</word>
<word id="word_126">einen</word>
<word id="word_127">Herzinfarkt</word>
<word id="word_128">und</word>
<word id="word_129">ein</word>
<word id="word_130">Viertel</word>
<word id="word_131">davon</word>
<word id="word_132">erleiden</word>
<word id="word_133">einen</word>
<word id="word_134">weiteren</word>
<word id="word_135">Herzinfarkt</word>
<word id="word_136">oder</word>
<word id="word_137">einen</word>
<word id="word_138">Schlaganfall</word>
<word id="word_139">.</word>
<word id="word_140">Herzinfarkte</word>
<word id="word_141">und</word>
<word id="word_142">Schlaganfälle</word>
<word id="word_143">werden</word>
<word id="word_144">durch</word>
<word id="word_145">Ansammlungen</word>
<word id="word_146">fetthaltigen</word>
<word id="word_147">Materials</word>
<word id="word_148">in</word>
<word id="word_149">den</word>
<word id="word_150">Arterienwänden</word>
<word id="word_151">verursacht</word>
<word id="word_152">,</word>
<word id="word_153">die</word>
<word id="word_154">Beläge</word>
<word id="word_155">bilden</word>
<word id="word_156">.</word>
<word id="word_157">Wenn</word>
<word id="word_158">der</word>
<word id="word_159">Belag</word>
<word id="word_160">auseinanderbricht</word>
<word id="word_161">,</word>
<word id="word_162">kann</word>
<word id="word_163">es</word>
<word id="word_164">ein</word>
<word id="word_165">Blutgerinnsel</word>
<word id="word_166">verursachen</word>
<word id="word_167">,</word>
<word id="word_168">das</word>
<word id="word_169">den</word>
<word id="word_170">Blutfluss</word>
<word id="word_171">bis</word>
<word id="word_172">zum</word>
<word id="word_173">Herzen</word>
<word id="word_174">verstopft</word>
<word id="word_175">und</word>
<word id="word_176">dadurch</word>
<word id="word_177">einen</word>
<word id="word_178">Herzinfarkt</word>
<word id="word_179">verursacht</word>
<word id="word_180">.</word>
<word id="word_181">Wenn</word>
<word id="word_182">sich</word>
<word id="word_183">das</word>
<word id="word_184">Blutgerinnsel</word>
<word id="word_185">löst</word>
<word id="word_186">,</word>
<word id="word_187">kann</word>
<word id="word_188">es</word>
<word id="word_189">durch</word>
<word id="word_190">den</word>
<word id="word_191">Blutstrom</word>
<word id="word_192">fließen</word>
<word id="word_193">und</word>
<word id="word_194">den</word>
<word id="word_195">Blutfluss</word>
<word id="word_196">zum</word>
<word id="word_197">Gehirn</word>
<word id="word_198">verstopfen</word>
<word id="word_199">,</word>
<word id="word_200">was</word>
<word id="word_201">einen</word>
<word id="word_202">Schlaganfall</word>
<word id="word_203">verursacht</word>
<word id="word_204">.</word>
<word id="word_205">Personen</word>
<word id="word_206">,</word>
<word id="word_207">die</word>
<word id="word_208">bereits</word>
<word id="word_209">einen</word>
<word id="word_210">Herzinfarkt</word>
<word id="word_211">hatten</word>
<word id="word_212">,</word>
<word id="word_213">unterliegen</word>
<word id="word_214">einem</word>
<word id="word_215">höheren</word>
<word id="word_216">Risiko</word>
<word id="word_217">einen</word>
<word id="word_218">weiteren</word>
<word id="word_219">zu</word>
<word id="word_220">haben</word>
<word id="word_221">.</word>
<word id="word_222">Ticagrelor</word>
<word id="word_223">,</word>
<word id="word_224">das</word>
<word id="word_225">von</word>
<word id="word_226">dem</word>
<word id="word_227">britischen</word>
<word id="word_228">Unternehmen</word>
<word id="word_229">AstraZeneca</word>
<word id="word_230">hergestellt</word>
<word id="word_231">wird</word>
<word id="word_232">und</word>
<word id="word_233">unter</word>
<word id="word_234">dem</word>
<word id="word_235">Handelsnamen</word>
<word id="word_236">Brilique</word>
<word id="word_237">vertrieben</word>
<word id="word_238">wird</word>
<word id="word_239">,</word>
<word id="word_240">reduziert</word>
<word id="word_241">dieses</word>
<word id="word_242">Risiko</word>
<word id="word_243">,</word>
<word id="word_244">indem</word>
<word id="word_245">es</word>
<word id="word_246">die</word>
<word id="word_247">Bildung</word>
<word id="word_248">von</word>
<word id="word_249">Blutgerinnseln</word>
<word id="word_250">unwahrscheinlicher</word>
<word id="word_251">macht</word>
<word id="word_252">.</word>
<word id="word_253">Der</word>
<word id="word_254">Anleitungsentwurf</word>
<word id="word_255">von</word>
<word id="word_256">NICE</word>
<word id="word_257">,</word>
<word id="word_258">der</word>
<word id="word_259">heute</word>
<word id="word_260">veröffentlicht</word>
<word id="word_261">wurde</word>
<word id="word_262">,</word>
<word id="word_263">empfiehlt</word>
<word id="word_264">eine</word>
<word id="word_265">12-monatige</word>
<word id="word_266">Einnahme</word>
<word id="word_267">von</word>
<word id="word_268">90mg</word>
<word id="word_269">Ticagrelor</word>
<word id="word_270">,</word>
<word id="word_271">gefolgt</word>
<word id="word_272">von</word>
<word id="word_273">60mg</word>
<word id="word_274">mit</word>
<word id="word_275">einer</word>
<word id="word_276">zweimal</word>
<word id="word_277">täglichen</word>
<word id="word_278">Einnahme</word>
<word id="word_279">von</word>
<word id="word_280">Aspirin</word>
<word id="word_281">für</word>
<word id="word_282">die</word>
<word id="word_283">nächsten</word>
<word id="word_284">drei</word>
<word id="word_285">Jahre</word>
<word id="word_286">.</word>
<word id="word_287">Professor</word>
<word id="word_288">Carole</word>
<word id="word_289">Longson</word>
<word id="word_290">,</word>
<word id="word_291">Direktorin</word>
<word id="word_292">des</word>
<word id="word_293">NICE</word>
<word id="word_294">Gesundheitstechnologieevaluierungszentrums</word>
<word id="word_295">sagte</word>
<word id="word_296">:</word>
<word id="word_297">"</word>
<word id="word_298">Trotz</word>
<word id="word_299">der</word>
<word id="word_300">Verfügbarkeit</word>
<word id="word_301">von</word>
<word id="word_302">Sekundärprävention</word>
<word id="word_303">haben</word>
<word id="word_304">ein</word>
<word id="word_305">Viertel</word>
<word id="word_306">aller</word>
<word id="word_307">Personen</word>
<word id="word_308">,</word>
<word id="word_309">die</word>
<word id="word_310">einen</word>
<word id="word_311">Herzinfarkt</word>
<word id="word_312">erlitten</word>
<word id="word_313">haben</word>
<word id="word_314">,</word>
<word id="word_315">einen</word>
<word id="word_316">weiteren</word>
<word id="word_317">Herzinfarkt</word>
<word id="word_318">oder</word>
<word id="word_319">einen</word>
<word id="word_320">Schlaganfall</word>
<word id="word_321">-</word>
<word id="word_322">oft</word>
<word id="word_323">mit</word>
<word id="word_324">desaströsen</word>
<word id="word_325">Folgen</word>
<word id="word_326">.</word>
<word id="word_327">"</word>
<word id="word_328">Die</word>
<word id="word_329">Angst</word>
<word id="word_330">vor</word>
<word id="word_331">einem</word>
<word id="word_332">erneuten</word>
<word id="word_333">Herzinfarkt</word>
<word id="word_334">kann</word>
<word id="word_335">erhebliche</word>
<word id="word_336">negative</word>
<word id="word_337">Auswirkungen</word>
<word id="word_338">auf</word>
<word id="word_339">die</word>
<word id="word_340">Lebensqualität</word>
<word id="word_341">einer</word>
<word id="word_342">Person</word>
<word id="word_343">haben</word>
<word id="word_344">.</word>
<word id="word_345">Die</word>
<word id="word_346">Erfahrung</word>
<word id="word_347">zeigt</word>
<word id="word_348">,</word>
<word id="word_349">dass</word>
<word id="word_350">Ticagrelor</word>
<word id="word_351">in</word>
<word id="word_352">Kombination</word>
<word id="word_353">mit</word>
<word id="word_354">Aspirin</word>
<word id="word_355">effektiv</word>
<word id="word_356">bei</word>
<word id="word_357">der</word>
<word id="word_358">Reduzierung</word>
<word id="word_359">weiterer</word>
<word id="word_360">Herzinfarkte</word>
<word id="word_361">und</word>
<word id="word_362">Schlaganfälle</word>
<word id="word_363">bei</word>
<word id="word_364">Leuten</word>
<word id="word_365">ist</word>
<word id="word_366">,</word>
<word id="word_367">die</word>
<word id="word_368">bereits</word>
<word id="word_369">einen</word>
<word id="word_370">Herzinfarkt</word>
<word id="word_371">hatten</word>
<word id="word_372">.</word>
<word id="word_373">Durch</word>
<word id="word_374">eine</word>
<word id="word_375">vorläufige</word>
<word id="word_376">Empfehlung</word>
<word id="word_377">von</word>
<word id="word_378">Ticagrelor</word>
<word id="word_379">freuen</word>
<word id="word_380">wir</word>
<word id="word_381">uns</word>
<word id="word_382">,</word>
<word id="word_383">dass</word>
<word id="word_384">wir</word>
<word id="word_385">in</word>
<word id="word_386">der</word>
<word id="word_387">Lage</word>
<word id="word_388">sind</word>
<word id="word_389">,</word>
<word id="word_390">verfügbare</word>
<word id="word_391">Behandlungsoptionen</word>
<word id="word_392">an</word>
<word id="word_393">tausende</word>
<word id="word_394">von</word>
<word id="word_395">Menschen</word>
<word id="word_396">zu</word>
<word id="word_397">erweitern</word>
<word id="word_398">,</word>
<word id="word_399">die</word>
<word id="word_400">davon</word>
<word id="word_401">profitieren</word>
<word id="word_402">können</word>
<word id="word_403">.</word>
<word id="word_404">Die</word>
<word id="word_405">Information</word>
<word id="word_406">über</word>
<word id="word_407">die</word>
<word id="word_408">Wirksamkeit</word>
<word id="word_409">und</word>
<word id="word_410">Sicherheit</word>
<word id="word_411">von</word>
<word id="word_412">Ticagrelor</word>
<word id="word_413">-</word>
<word id="word_414">vor</word>
<word id="word_415">allem</word>
<word id="word_416">das</word>
<word id="word_417">Blutungsrisiko</word>
<word id="word_418">-</word>
<word id="word_419">ist</word>
<word id="word_420">auf</word>
<word id="word_421">einen</word>
<word id="word_422">Zeitraum</word>
<word id="word_423">von</word>
<word id="word_424">bis</word>
<word id="word_425">zu</word>
<word id="word_426">drei</word>
<word id="word_427">Jahren</word>
<word id="word_428">beschränkt</word>
<word id="word_429">.</word>
<word id="word_430">Der</word>
<word id="word_431">Anleitungsentwurf</word>
<word id="word_432">empfiehlt</word>
<word id="word_433">keine</word>
<word id="word_434">Behandlung</word>
<word id="word_435">,</word>
<word id="word_436">die</word>
<word id="word_437">über</word>
<word id="word_438">diesen</word>
<word id="word_439">Zeitraum</word>
<word id="word_440">hinausgeht</word>
<word id="word_441">.</word>
</words>