<?xml version="1.0" encoding="UTF-8"?>
<!DOCTYPE words SYSTEM "words.dtd">
<words>
<word id="word_1">Golfer</word>
<word id="word_2">Langer</word>
<word id="word_3">erhält</word>
<word id="word_4">die</word>
<word id="word_5">Sportpyramide</word>
<word id="word_6">Seine</word>
<word id="word_7">Erfahrungen</word>
<word id="word_8">auf</word>
<word id="word_9">dem</word>
<word id="word_10">Pferd</word>
<word id="word_11">sind</word>
<word id="word_12">überschaubar</word>
<word id="word_13">.</word>
<word id="word_14">Am</word>
<word id="word_15">Ende</word>
<word id="word_16">eines</word>
<word id="word_17">Golfturniers</word>
<word id="word_18">in</word>
<word id="word_19">Südafrika</word>
<word id="word_20">suchte</word>
<word id="word_21">Bernhard</word>
<word id="word_22">Langer</word>
<word id="word_23">mit</word>
<word id="word_24">einigen</word>
<word id="word_25">Kollegen</word>
<word id="word_26">ein</word>
<word id="word_27">bisschen</word>
<word id="word_28">Abwechslung</word>
<word id="word_29">mit</word>
<word id="word_30">einem</word>
<word id="word_31">Ausritt</word>
<word id="word_32">am</word>
<word id="word_33">Strand</word>
<word id="word_34">.</word>
<word id="word_35">Für</word>
<word id="word_36">den</word>
<word id="word_37">58-Jährigen</word>
<word id="word_38">war</word>
<word id="word_39">es</word>
<word id="word_40">eine</word>
<word id="word_41">Premiere</word>
<word id="word_42">.</word>
<word id="word_43">CHIO</word>
<word id="word_44">:</word>
<word id="word_45">"</word>
<word id="word_46">Goldene</word>
<word id="word_47">Sportpyramide</word>
<word id="word_48">"</word>
<word id="word_49">für</word>
<word id="word_50">Bernhard</word>
<word id="word_51">Langer</word>
<word id="word_52">Nach</word>
<word id="word_53">einigen</word>
<word id="word_54">Minuten</word>
<word id="word_55">erinnerten</word>
<word id="word_56">sich</word>
<word id="word_57">die</word>
<word id="word_58">Pferde</word>
<word id="word_59">an</word>
<word id="word_60">ihren</word>
<word id="word_61">Feierabend</word>
<word id="word_62">,</word>
<word id="word_63">sie</word>
<word id="word_64">jagten</word>
<word id="word_65">im</word>
<word id="word_66">schnellen</word>
<word id="word_67">Galopp</word>
<word id="word_68">nach</word>
<word id="word_69">Hause</word>
<word id="word_70">zu</word>
<word id="word_71">den</word>
<word id="word_72">Futtertrögen</word>
<word id="word_73">.</word>
<word id="word_74">Ein</word>
<word id="word_75">Kilometer</word>
<word id="word_76">bei</word>
<word id="word_77">diesem</word>
<word id="word_78">Tempo</word>
<word id="word_79">,</word>
<word id="word_80">ich</word>
<word id="word_81">habe</word>
<word id="word_82">Angst</word>
<word id="word_83">gehabt</word>
<word id="word_84">.</word>
<word id="word_85">"</word>
<word id="word_86">Es</word>
<word id="word_87">war</word>
<word id="word_88">kein</word>
<word id="word_89">gutes</word>
<word id="word_90">Erlebnis</word>
<word id="word_91">"</word>
<word id="word_92">,</word>
<word id="word_93">sagt</word>
<word id="word_94">Langer</word>
<word id="word_95">.</word>
<word id="word_96">Und</word>
<word id="word_97">damit</word>
<word id="word_98">endete</word>
<word id="word_99">die</word>
<word id="word_100">Reitkarriere</word>
<word id="word_101">dann</word>
<word id="word_102">auch</word>
<word id="word_103">schon</word>
<word id="word_104">wieder</word>
<word id="word_105">.</word>
<word id="word_106">Am</word>
<word id="word_107">Samstag</word>
<word id="word_108">war</word>
<word id="word_109">Deutschlands</word>
<word id="word_110">bester</word>
<word id="word_111">Golfer</word>
<word id="word_112">aller</word>
<word id="word_113">Zeiten</word>
<word id="word_114">-</word>
<word id="word_115">101</word>
<word id="word_116">Turniersiege</word>
<word id="word_117">-</word>
<word id="word_118">wieder</word>
<word id="word_119">in</word>
<word id="word_120">der</word>
<word id="word_121">Nähe</word>
<word id="word_122">von</word>
<word id="word_123">Pferden</word>
<word id="word_124">.</word>
<word id="word_125">Er</word>
<word id="word_126">ließ</word>
<word id="word_127">sich</word>
<word id="word_128">mit</word>
<word id="word_129">seiner</word>
<word id="word_130">Familie</word>
<word id="word_131">über</word>
<word id="word_132">die</word>
<word id="word_133">Anlage</word>
<word id="word_134">des</word>
<word id="word_135">ALRV</word>
<word id="word_136">führen</word>
<word id="word_137">,</word>
<word id="word_138">auf</word>
<word id="word_139">ein</word>
<word id="word_140">Pferd</word>
<word id="word_141">schwang</word>
<word id="word_142">er</word>
<word id="word_143">sich</word>
<word id="word_144">nicht</word>
<word id="word_145">mal</word>
<word id="word_146">zu</word>
<word id="word_147">Fotozwecken</word>
<word id="word_148">.</word>
<word id="word_149">Langer</word>
<word id="word_150">war</word>
<word id="word_151">das</word>
<word id="word_152">erste</word>
<word id="word_153">Mal</word>
<word id="word_154">in</word>
<word id="word_155">Aachen</word>
<word id="word_156">und</word>
<word id="word_157">damit</word>
<word id="word_158">auch</word>
<word id="word_159">beim</word>
<word id="word_160">CHIO</word>
<word id="word_161">.</word>
<word id="word_162">Der</word>
<word id="word_163">Grund</word>
<word id="word_164">war</word>
<word id="word_165">durchaus</word>
<word id="word_166">überzeugend</word>
<word id="word_167">.</word>
<word id="word_168">Die</word>
<word id="word_169">deutsche</word>
<word id="word_170">Sporthilfe</word>
<word id="word_171">überreichte</word>
<word id="word_172">dem</word>
<word id="word_173">Mann</word>
<word id="word_174">aus</word>
<word id="word_175">Anhausen</word>
<word id="word_176">im</word>
<word id="word_177">Rahmen</word>
<word id="word_178">einer</word>
<word id="word_179">kleinen</word>
<word id="word_180">Gala</word>
<word id="word_181">die</word>
<word id="word_182">Goldene</word>
<word id="word_183">Sportpyramide</word>
<word id="word_184">.</word>
<word id="word_185">An</word>
<word id="word_186">Auszeichnungen</word>
<word id="word_187">mangelt</word>
<word id="word_188">es</word>
<word id="word_189">dem</word>
<word id="word_190">sympathischen</word>
<word id="word_191">Sportler</word>
<word id="word_192">nicht</word>
<word id="word_193">.</word>
<word id="word_194">Bundesverdienstkreuz</word>
<word id="word_195">,</word>
<word id="word_196">Silbernes</word>
<word id="word_197">Lorbeerblatt</word>
<word id="word_198">,</word>
<word id="word_199">Champions-Tour-Player</word>
<word id="word_200">of</word>
<word id="word_201">the</word>
<word id="word_202">year</word>
<word id="word_203">.</word>
<word id="word_204">.</word>
<word id="word_205">.</word>
<word id="word_206">Selbst</word>
<word id="word_207">die</word>
<word id="word_208">britische</word>
<word id="word_209">Queen</word>
<word id="word_210">hat</word>
<word id="word_211">ihn</word>
<word id="word_212">schon</word>
<word id="word_213">geadelt</word>
<word id="word_214">.</word>
<word id="word_215">Langer</word>
<word id="word_216">ist</word>
<word id="word_217">der</word>
<word id="word_218">18</word>
<word id="word_219">.</word>
<word id="word_220">Preisträger</word>
<word id="word_221">der</word>
<word id="word_222">Sportpyramide</word>
<word id="word_223">.</word>
<word id="word_224">In</word>
<word id="word_225">Aachen</word>
<word id="word_226">traf</word>
<word id="word_227">er</word>
<word id="word_228">am</word>
<word id="word_229">Samstag</word>
<word id="word_230">den</word>
<word id="word_231">ersten</word>
<word id="word_232">Preisträger</word>
<word id="word_233">Hans</word>
<word id="word_234">Günter</word>
<word id="word_235">Winkler</word>
<word id="word_236">.</word>
<word id="word_237">"</word>
<word id="word_238">Diese</word>
<word id="word_239">Auszeichnung</word>
<word id="word_240">bedeutet</word>
<word id="word_241">mir</word>
<word id="word_242">sehr</word>
<word id="word_243">viel</word>
<word id="word_244">"</word>
<word id="word_245">,</word>
<word id="word_246">sagt</word>
<word id="word_247">Langer</word>
<word id="word_248">,</word>
<word id="word_249">"</word>
<word id="word_250">denn</word>
<word id="word_251">sie</word>
<word id="word_252">wird</word>
<word id="word_253">nicht</word>
<word id="word_254">nur</word>
<word id="word_255">für</word>
<word id="word_256">sportliche</word>
<word id="word_257">Erfolge</word>
<word id="word_258">,</word>
<word id="word_259">sondern</word>
<word id="word_260">auch</word>
<word id="word_261">für</word>
<word id="word_262">gesellschaftliches</word>
<word id="word_263">Engagement</word>
<word id="word_264">vergeben</word>
<word id="word_265">"</word>
<word id="word_266">.</word>
<word id="word_267">Seit</word>
<word id="word_268">Jahrzehnten</word>
<word id="word_269">fördert</word>
<word id="word_270">Langer</word>
<word id="word_271">den</word>
<word id="word_272">Nachwuchs</word>
<word id="word_273">.</word>
<word id="word_274">Und</word>
<word id="word_275">so</word>
<word id="word_276">gab</word>
<word id="word_277">er</word>
<word id="word_278">auch</word>
<word id="word_279">das</word>
<word id="word_280">Preisgeld</word>
<word id="word_281">von</word>
<word id="word_282">25.000</word>
<word id="word_283">Euro</word>
<word id="word_284">gleich</word>
<word id="word_285">weiter</word>
<word id="word_286">.</word>
<word id="word_287">Mit</word>
<word id="word_288">15</word>
<word id="word_289">weiteren</word>
<word id="word_290">herausragenden</word>
<word id="word_291">Sportlern</word>
<word id="word_292">wurde</word>
<word id="word_293">der</word>
<word id="word_294">zweifache</word>
<word id="word_295">US-Masterssieger</word>
<word id="word_296">am</word>
<word id="word_297">Samstag</word>
<word id="word_298">in</word>
<word id="word_299">die</word>
<word id="word_300">"</word>
<word id="word_301">Hall</word>
<word id="word_302">of</word>
<word id="word_303">Fame</word>
<word id="word_304">des</word>
<word id="word_305">deutschen</word>
<word id="word_306">Sports</word>
<word id="word_307">"</word>
<word id="word_308">aufgenommen</word>
<word id="word_309">.</word>
<word id="word_310">Zu</word>
<word id="word_311">den</word>
<word id="word_312">Ausgezeichneten</word>
<word id="word_313">gehören</word>
<word id="word_314">die</word>
<word id="word_315">Leichtathleten</word>
<word id="word_316">Hartwig</word>
<word id="word_317">Gauder</word>
<word id="word_318">und</word>
<word id="word_319">Harald</word>
<word id="word_320">Schmitt</word>
<word id="word_321">,</word>
<word id="word_322">der</word>
<word id="word_323">Turner</word>
<word id="word_324">Eberhard</word>
<word id="word_325">Gienger</word>
<word id="word_326">,</word>
<word id="word_327">die</word>
<word id="word_328">Fechter</word>
<word id="word_329">Cornelia</word>
<word id="word_330">Hanisch</word>
<word id="word_331">,</word>
<word id="word_332">Alexander</word>
<word id="word_333">Pusch</word>
<word id="word_334">und</word>
<word id="word_335">Arnd</word>
<word id="word_336">Schmitt</word>
<word id="word_337">,</word>
<word id="word_338">der</word>
<word id="word_339">Ruderer</word>
<word id="word_340">Peter-Michael</word>
<word id="word_341">Kolbe</word>
<word id="word_342">,</word>
<word id="word_343">Bob-Fahrer</word>
<word id="word_344">Meinhard</word>
<word id="word_345">Nehmer</word>
<word id="word_346">,</word>
<word id="word_347">der</word>
<word id="word_348">Judoka</word>
<word id="word_349">Frank</word>
<word id="word_350">Wieneke</word>
<word id="word_351">,</word>
<word id="word_352">der</word>
<word id="word_353">Springreiter</word>
<word id="word_354">Alwin</word>
<word id="word_355">Schockemöhle</word>
<word id="word_356">und</word>
<word id="word_357">posthum</word>
<word id="word_358">der</word>
<word id="word_359">Handballer</word>
<word id="word_360">Erhard</word>
<word id="word_361">Wunderlich</word>
<word id="word_362">.</word>
<word id="word_363">Viele</word>
<word id="word_364">dieser</word>
<word id="word_365">Sportlegenden</word>
<word id="word_366">waren</word>
<word id="word_367">am</word>
<word id="word_368">Samstag</word>
<word id="word_369">nach</word>
<word id="word_370">Aachen</word>
<word id="word_371">gekommen</word>
<word id="word_372">.</word>
<word id="word_373">Nach</word>
<word id="word_374">dem</word>
<word id="word_375">offiziellen</word>
<word id="word_376">Teil</word>
<word id="word_377">wanderte</word>
<word id="word_378">die</word>
<word id="word_379">illustre</word>
<word id="word_380">Gesellschaft</word>
<word id="word_381">ins</word>
<word id="word_382">Springstadion</word>
<word id="word_383">,</word>
<word id="word_384">wo</word>
<word id="word_385">der</word>
<word id="word_386">Lavazza-Preis</word>
<word id="word_387">lief</word>
<word id="word_388">.</word>
<word id="word_389">Bernhard</word>
<word id="word_390">Langer</word>
<word id="word_391">hielt</word>
<word id="word_392">Abstand</word>
<word id="word_393">zu</word>
<word id="word_394">den</word>
<word id="word_395">großen</word>
<word id="word_396">Tieren</word>
<word id="word_397">.</word>
</words>