<?xml version="1.0" encoding="UTF-8"?>
<!DOCTYPE words SYSTEM "words.dtd">
<words>
<word id="word_1">Clintons</word>
<word id="word_2">und</word>
<word id="word_3">Trumps</word>
<word id="word_4">Wirtschaftspolitik</word>
<word id="word_5">im</word>
<word id="word_6">Vergleich</word>
<word id="word_7">:</word>
<word id="word_8">It's</word>
<word id="word_9">all</word>
<word id="word_10">about</word>
<word id="word_11">the</word>
<word id="word_12">money</word>
<word id="word_13">In</word>
<word id="word_14">Infrastruktur</word>
<word id="word_15">investieren</word>
<word id="word_16">und</word>
<word id="word_17">das</word>
<word id="word_18">Handelsabkommen</word>
<word id="word_19">TTP</word>
<word id="word_20">verhindern</word>
<word id="word_21">-</word>
<word id="word_22">das</word>
<word id="word_23">wollen</word>
<word id="word_24">sowohl</word>
<word id="word_25">Clinton</word>
<word id="word_26">als</word>
<word id="word_27">auch</word>
<word id="word_28">Trump</word>
<word id="word_29">.</word>
<word id="word_30">Uneins</word>
<word id="word_31">sind</word>
<word id="word_32">sich</word>
<word id="word_33">die</word>
<word id="word_34">beiden</word>
<word id="word_35">US-Präsidentschaftsbewerber</word>
<word id="word_36">jedoch</word>
<word id="word_37">bei</word>
<word id="word_38">der</word>
<word id="word_39">Steuer-</word>
<word id="word_40">und</word>
<word id="word_41">Energiepolitik</word>
<word id="word_42">sowie</word>
<word id="word_43">in</word>
<word id="word_44">einer</word>
<word id="word_45">Grundsatzfrage</word>
<word id="word_46">.</word>
<word id="word_47">Den</word>
<word id="word_48">Unterschieden</word>
<word id="word_49">in</word>
<word id="word_50">der</word>
<word id="word_51">Wirtschaftspolitik</word>
<word id="word_52">zwischen</word>
<word id="word_53">Donald</word>
<word id="word_54">Trump</word>
<word id="word_55">und</word>
<word id="word_56">Hillary</word>
<word id="word_57">Clinton</word>
<word id="word_58">liegt</word>
<word id="word_59">ein</word>
<word id="word_60">grundsätzlicher</word>
<word id="word_61">,</word>
<word id="word_62">eher</word>
<word id="word_63">philosophischer</word>
<word id="word_64">Unterschied</word>
<word id="word_65">zugrunde</word>
<word id="word_66">.</word>
<word id="word_67">Der</word>
<word id="word_68">,</word>
<word id="word_69">über</word>
<word id="word_70">die</word>
<word id="word_71">Rolle</word>
<word id="word_72">des</word>
<word id="word_73">Staates</word>
<word id="word_74">.</word>
<word id="word_75">Trump</word>
<word id="word_76">will</word>
<word id="word_77">die</word>
<word id="word_78">im</word>
<word id="word_79">Zweifel</word>
<word id="word_80">eher</word>
<word id="word_81">klein</word>
<word id="word_82">halten</word>
<word id="word_83">und</word>
<word id="word_84">warnt</word>
<word id="word_85">davor</word>
<word id="word_86">,</word>
<word id="word_87">wie</word>
<word id="word_88">der</word>
<word id="word_89">Staat</word>
<word id="word_90">der</word>
<word id="word_91">Wirtschaft</word>
<word id="word_92">schaden</word>
<word id="word_93">kann</word>
<word id="word_94">-</word>
<word id="word_95">mit</word>
<word id="word_96">Steuern</word>
<word id="word_97">und</word>
<word id="word_98">Regulierungen</word>
<word id="word_99">.</word>
<word id="word_100">Clinton</word>
<word id="word_101">wolle</word>
<word id="word_102">die</word>
<word id="word_103">Wirtschaft</word>
<word id="word_104">zu</word>
<word id="word_105">Tode</word>
<word id="word_106">besteuern</word>
<word id="word_107">und</word>
<word id="word_108">zu</word>
<word id="word_109">Tode</word>
<word id="word_110">regulieren</word>
<word id="word_111">,</word>
<word id="word_112">sagt</word>
<word id="word_113">er</word>
<word id="word_114">.</word>
<word id="word_115">Er</word>
<word id="word_116">selber</word>
<word id="word_117">dagegen</word>
<word id="word_118">wäre</word>
<word id="word_119">ganz</word>
<word id="word_120">anders</word>
<word id="word_121">,</word>
<word id="word_122">behauptet</word>
<word id="word_123">Trump</word>
<word id="word_124">.</word>
<word id="word_125">Er</word>
<word id="word_126">werde</word>
<word id="word_127">Regulierungen</word>
<word id="word_128">massiv</word>
<word id="word_129">zurückfahren</word>
<word id="word_130">,</word>
<word id="word_131">und</word>
<word id="word_132">er</word>
<word id="word_133">macht</word>
<word id="word_134">sich</word>
<word id="word_135">für</word>
<word id="word_136">eine</word>
<word id="word_137">weitreichende</word>
<word id="word_138">Steuerreform</word>
<word id="word_139">mit</word>
<word id="word_140">niedrigeren</word>
<word id="word_141">Steuersätzen</word>
<word id="word_142">stark</word>
<word id="word_143">-</word>
<word id="word_144">für</word>
<word id="word_145">Privatleute</word>
<word id="word_146">und</word>
<word id="word_147">für</word>
<word id="word_148">Unternehmen</word>
<word id="word_149">.</word>
<word id="word_150">Clinton</word>
<word id="word_151">dagegen</word>
<word id="word_152">sagt</word>
<word id="word_153">:</word>
<word id="word_154">Der</word>
<word id="word_155">Staat</word>
<word id="word_156">hat</word>
<word id="word_157">bestimmte</word>
<word id="word_158">Aufgaben</word>
<word id="word_159">zu</word>
<word id="word_160">erfüllen</word>
<word id="word_161">,</word>
<word id="word_162">er</word>
<word id="word_163">hat</word>
<word id="word_164">Benachteiligten</word>
<word id="word_165">Chancen</word>
<word id="word_166">zu</word>
<word id="word_167">eröffnen</word>
<word id="word_168">und</word>
<word id="word_169">braucht</word>
<word id="word_170">dafür</word>
<word id="word_171">Geld</word>
<word id="word_172">.</word>
<word id="word_173">Deshalb</word>
<word id="word_174">würden</word>
<word id="word_175">die</word>
<word id="word_176">Steuern</word>
<word id="word_177">für</word>
<word id="word_178">die</word>
<word id="word_179">Reichen</word>
<word id="word_180">erhöht</word>
<word id="word_181">,</word>
<word id="word_182">sagt</word>
<word id="word_183">sie</word>
<word id="word_184">.</word>
<word id="word_185">Interessanterweise</word>
<word id="word_186">sind</word>
<word id="word_187">sich</word>
<word id="word_188">beide</word>
<word id="word_189">sehr</word>
<word id="word_190">nahe</word>
<word id="word_191">beim</word>
<word id="word_192">Thema</word>
<word id="word_193">Infrastruktur</word>
<word id="word_194">.</word>
<word id="word_195">In</word>
<word id="word_196">die</word>
<word id="word_197">müsse</word>
<word id="word_198">investiert</word>
<word id="word_199">werden</word>
<word id="word_200">,</word>
<word id="word_201">sagen</word>
<word id="word_202">Trump</word>
<word id="word_203">und</word>
<word id="word_204">Clinton</word>
<word id="word_205">fast</word>
<word id="word_206">wortgleich</word>
<word id="word_207">.</word>
<word id="word_208">Die</word>
<word id="word_209">demokratische</word>
<word id="word_210">Bewerberin</word>
<word id="word_211">kündigt</word>
<word id="word_212">gar</word>
<word id="word_213">die</word>
<word id="word_214">größte</word>
<word id="word_215">Investition</word>
<word id="word_216">in</word>
<word id="word_217">neue</word>
<word id="word_218">Arbeitsplätze</word>
<word id="word_219">seit</word>
<word id="word_220">dem</word>
<word id="word_221">Zweiten</word>
<word id="word_222">Weltkrieg</word>
<word id="word_223">an</word>
<word id="word_224">.</word>
<word id="word_225">Staatliche</word>
<word id="word_226">Investitionsprogramme</word>
<word id="word_227">in</word>
<word id="word_228">die</word>
<word id="word_229">Infrastruktur</word>
<word id="word_230">sind</word>
<word id="word_231">klassische</word>
<word id="word_232">demokratische</word>
<word id="word_233">Politik</word>
<word id="word_234">und</word>
<word id="word_235">werden</word>
<word id="word_236">etwa</word>
<word id="word_237">vom</word>
<word id="word_238">staatskritischen</word>
<word id="word_239">Teaparty-Flügel</word>
<word id="word_240">der</word>
<word id="word_241">Republikaner</word>
<word id="word_242">strikt</word>
<word id="word_243">abgelehnt</word>
<word id="word_244">.</word>
<word id="word_245">Auf</word>
<word id="word_246">Trump</word>
<word id="word_247">könnten</word>
<word id="word_248">also</word>
<word id="word_249">noch</word>
<word id="word_250">parteiinterne</word>
<word id="word_251">Diskussionen</word>
<word id="word_252">zukommen</word>
<word id="word_253">.</word>
<word id="word_254">Deutlicher</word>
<word id="word_255">sind</word>
<word id="word_256">die</word>
<word id="word_257">Unterschiede</word>
<word id="word_258">in</word>
<word id="word_259">der</word>
<word id="word_260">Energie-</word>
<word id="word_261">und</word>
<word id="word_262">Klimapolitik</word>
<word id="word_263">.</word>
<word id="word_264">Trump</word>
<word id="word_265">will</word>
<word id="word_266">Kohlekraftwerke</word>
<word id="word_267">bauen</word>
<word id="word_268">und</word>
<word id="word_269">die</word>
<word id="word_270">Kohleförderung</word>
<word id="word_271">in</word>
<word id="word_272">den</word>
<word id="word_273">USA</word>
<word id="word_274">wieder</word>
<word id="word_275">hochfahren</word>
<word id="word_276">.</word>
<word id="word_277">Ölförderung</word>
<word id="word_278">soll</word>
<word id="word_279">auch</word>
<word id="word_280">in</word>
<word id="word_281">bislang</word>
<word id="word_282">geschützten</word>
<word id="word_283">Gebieten</word>
<word id="word_284">möglich</word>
<word id="word_285">sein</word>
<word id="word_286">,</word>
<word id="word_287">das</word>
<word id="word_288">Pariser</word>
<word id="word_289">Klimaschutzabkommen</word>
<word id="word_290">will</word>
<word id="word_291">er</word>
<word id="word_292">aufkündigen</word>
<word id="word_293">.</word>
<word id="word_294">Clinton</word>
<word id="word_295">dagegen</word>
<word id="word_296">will</word>
<word id="word_297">mit</word>
<word id="word_298">ihrem</word>
<word id="word_299">Investitionsprogramm</word>
<word id="word_300">ausdrücklich</word>
<word id="word_301">die</word>
<word id="word_302">Erneuerbaren</word>
<word id="word_303">Energien</word>
<word id="word_304">ausbauen</word>
<word id="word_305">und</word>
<word id="word_306">fordert</word>
<word id="word_307">:</word>
<word id="word_308">"</word>
<word id="word_309">Ein</word>
<word id="word_310">Land</word>
<word id="word_311">wird</word>
<word id="word_312">die</word>
<word id="word_313">Supermacht</word>
<word id="word_314">der</word>
<word id="word_315">sauberen</word>
<word id="word_316">Energien</word>
<word id="word_317">werden</word>
<word id="word_318">und</word>
<word id="word_319">Millionen</word>
<word id="word_320">Jobs</word>
<word id="word_321">schaffen</word>
<word id="word_322">.</word>
<word id="word_323">"</word>
<word id="word_324">"</word>
<word id="word_325">Es</word>
<word id="word_326">wird</word>
<word id="word_327">wohl</word>
<word id="word_328">entweder</word>
<word id="word_329">China</word>
<word id="word_330">,</word>
<word id="word_331">Deutschland</word>
<word id="word_332">oder</word>
<word id="word_333">Amerika</word>
<word id="word_334">sein</word>
<word id="word_335">-</word>
<word id="word_336">ich</word>
<word id="word_337">will</word>
<word id="word_338">,</word>
<word id="word_339">dass</word>
<word id="word_340">wir</word>
<word id="word_341">es</word>
<word id="word_342">sind</word>
<word id="word_343">.</word>
<word id="word_344">"</word>
<word id="word_345">Doch</word>
<word id="word_346">nicht</word>
<word id="word_347">nur</word>
<word id="word_348">bei</word>
<word id="word_349">der</word>
<word id="word_350">Infrastruktur</word>
<word id="word_351">-</word>
<word id="word_352">auch</word>
<word id="word_353">bei</word>
<word id="word_354">internationalen</word>
<word id="word_355">Handelsabkommen</word>
<word id="word_356">sind</word>
<word id="word_357">die</word>
<word id="word_358">beiden</word>
<word id="word_359">Konkurrenten</word>
<word id="word_360">nicht</word>
<word id="word_361">allzu</word>
<word id="word_362">weit</word>
<word id="word_363">voneinander</word>
<word id="word_364">entfernt</word>
<word id="word_365">.</word>
<word id="word_366">TPP</word>
<word id="word_367">,</word>
<word id="word_368">das</word>
<word id="word_369">transpazifische</word>
<word id="word_370">Handelsabkommen</word>
<word id="word_371">,</word>
<word id="word_372">wollen</word>
<word id="word_373">beide</word>
<word id="word_374">nicht</word>
<word id="word_375">unterzeichnen</word>
<word id="word_376">.</word>
<word id="word_377">Gleichzeitig</word>
<word id="word_378">wollen</word>
<word id="word_379">beide</word>
<word id="word_380">aber</word>
<word id="word_381">die</word>
<word id="word_382">USA</word>
<word id="word_383">nicht</word>
<word id="word_384">vom</word>
<word id="word_385">internationalen</word>
<word id="word_386">Handel</word>
<word id="word_387">isolieren</word>
<word id="word_388">-</word>
<word id="word_389">sondern</word>
<word id="word_390">einfach</word>
<word id="word_391">nur</word>
<word id="word_392">amerikanische</word>
<word id="word_393">Jobs</word>
<word id="word_394">besser</word>
<word id="word_395">schützen</word>
<word id="word_396">.</word>
<word id="word_397">Die</word>
<word id="word_398">sollen</word>
<word id="word_399">dann</word>
<word id="word_400">auch</word>
<word id="word_401">besser</word>
<word id="word_402">bezahlt</word>
<word id="word_403">werden</word>
<word id="word_404">,</word>
<word id="word_405">fordert</word>
<word id="word_406">etwa</word>
<word id="word_407">Clinton</word>
<word id="word_408">.</word>
<word id="word_409">Der</word>
<word id="word_410">derzeitige</word>
<word id="word_411">Mindestlohn</word>
<word id="word_412">von</word>
<word id="word_413">7,25</word>
<word id="word_414">US-Dollar</word>
<word id="word_415">sei</word>
<word id="word_416">ein</word>
<word id="word_417">Hungerlohn</word>
<word id="word_418">.</word>
<word id="word_419">Ihn</word>
<word id="word_420">will</word>
<word id="word_421">sie</word>
<word id="word_422">auf</word>
<word id="word_423">15</word>
<word id="word_424">Dollar</word>
<word id="word_425">pro</word>
<word id="word_426">Stunde</word>
<word id="word_427">erhöhen</word>
<word id="word_428">.</word>
<word id="word_429">Was</word>
<word id="word_430">Trump</word>
<word id="word_431">in</word>
<word id="word_432">dieser</word>
<word id="word_433">Frage</word>
<word id="word_434">tun</word>
<word id="word_435">will</word>
<word id="word_436">,</word>
<word id="word_437">ist</word>
<word id="word_438">nicht</word>
<word id="word_439">ganz</word>
<word id="word_440">klar</word>
<word id="word_441">:</word>
<word id="word_442">Einmal</word>
<word id="word_443">sagt</word>
<word id="word_444">er</word>
<word id="word_445">:</word>
<word id="word_446">Der</word>
<word id="word_447">Mindestlohn</word>
<word id="word_448">muss</word>
<word id="word_449">rauf</word>
<word id="word_450">,</word>
<word id="word_451">dann</word>
<word id="word_452">sagt</word>
<word id="word_453">er</word>
<word id="word_454">,</word>
<word id="word_455">er</word>
<word id="word_456">dürfe</word>
<word id="word_457">nicht</word>
<word id="word_458">verändert</word>
<word id="word_459">werden</word>
<word id="word_460">.</word>
<word id="word_461">Doch</word>
<word id="word_462">die</word>
<word id="word_463">große</word>
<word id="word_464">Diskussion</word>
<word id="word_465">der</word>
<word id="word_466">kommenden</word>
<word id="word_467">Monate</word>
<word id="word_468">dürfte</word>
<word id="word_469">sich</word>
<word id="word_470">wohl</word>
<word id="word_471">eher</word>
<word id="word_472">um</word>
<word id="word_473">die</word>
<word id="word_474">Steuerpolitik</word>
<word id="word_475">der</word>
<word id="word_476">beiden</word>
<word id="word_477">Lager</word>
<word id="word_478">entwickeln</word>
<word id="word_479">.</word>
<word id="word_480">Auf</word>
<word id="word_481">der</word>
<word id="word_482">einen</word>
<word id="word_483">Seite</word>
<word id="word_484">steht</word>
<word id="word_485">Trump</word>
<word id="word_486">,</word>
<word id="word_487">der</word>
<word id="word_488">die</word>
<word id="word_489">Wirtschaft</word>
<word id="word_490">und</word>
<word id="word_491">die</word>
<word id="word_492">Bürger</word>
<word id="word_493">entlasten</word>
<word id="word_494">will</word>
<word id="word_495">,</word>
<word id="word_496">um</word>
<word id="word_497">das</word>
<word id="word_498">Wachstum</word>
<word id="word_499">anzukurbeln</word>
<word id="word_500">.</word>
<word id="word_501">Seine</word>
<word id="word_502">Kritiker</word>
<word id="word_503">halten</word>
<word id="word_504">ihm</word>
<word id="word_505">vor</word>
<word id="word_506">,</word>
<word id="word_507">damit</word>
<word id="word_508">würde</word>
<word id="word_509">das</word>
<word id="word_510">Haushaltsdefizit</word>
<word id="word_511">nur</word>
<word id="word_512">noch</word>
<word id="word_513">größer</word>
<word id="word_514">.</word>
<word id="word_515">Auf</word>
<word id="word_516">der</word>
<word id="word_517">anderen</word>
<word id="word_518">Seite</word>
<word id="word_519">steht</word>
<word id="word_520">Clinton</word>
<word id="word_521">,</word>
<word id="word_522">die</word>
<word id="word_523">zumindest</word>
<word id="word_524">von</word>
<word id="word_525">den</word>
<word id="word_526">Reichen</word>
<word id="word_527">verlangen</word>
<word id="word_528">will</word>
<word id="word_529">,</word>
<word id="word_530">dass</word>
<word id="word_531">sie</word>
<word id="word_532">mehr</word>
<word id="word_533">Steuern</word>
<word id="word_534">zahlen</word>
<word id="word_535">,</word>
<word id="word_536">und</word>
<word id="word_537">deren</word>
<word id="word_538">Kritiker</word>
<word id="word_539">sagen</word>
<word id="word_540">:</word>
<word id="word_541">Mehr</word>
<word id="word_542">Steuern</word>
<word id="word_543">sind</word>
<word id="word_544">auch</word>
<word id="word_545">nicht</word>
<word id="word_546">die</word>
<word id="word_547">Lösung</word>
<word id="word_548">.</word>
</words>