<?xml version="1.0" encoding="UTF-8"?>
<!DOCTYPE words SYSTEM "words.dtd">
<words>
<word id="word_1">Flucht</word>
<word id="word_2">:</word>
<word id="word_3">"</word>
<word id="word_4">Jede</word>
<word id="word_5">geflüchtete</word>
<word id="word_6">Frau</word>
<word id="word_7">hat</word>
<word id="word_8">Erfahrungen</word>
<word id="word_9">mit</word>
<word id="word_10">sexueller</word>
<word id="word_11">Gewalt</word>
<word id="word_12">"</word>
<word id="word_13">Sexuelle</word>
<word id="word_14">Gewalt</word>
<word id="word_15">gehört</word>
<word id="word_16">für</word>
<word id="word_17">Frauen</word>
<word id="word_18">,</word>
<word id="word_19">die</word>
<word id="word_20">alleine</word>
<word id="word_21">fliehen</word>
<word id="word_22">,</word>
<word id="word_23">fast</word>
<word id="word_24">schon</word>
<word id="word_25">zum</word>
<word id="word_26">Alltag</word>
<word id="word_27">.</word>
<word id="word_28">Wenn</word>
<word id="word_29">sie</word>
<word id="word_30">in</word>
<word id="word_31">Deutschland</word>
<word id="word_32">ankommen</word>
<word id="word_33">,</word>
<word id="word_34">sind</word>
<word id="word_35">sie</word>
<word id="word_36">oft</word>
<word id="word_37">traumatisiert</word>
<word id="word_38">.</word>
<word id="word_39">Ein</word>
<word id="word_40">Haus</word>
<word id="word_41">bietet</word>
<word id="word_42">Zuflucht</word>
<word id="word_43">.</word>
<word id="word_44">In</word>
<word id="word_45">einer</word>
<word id="word_46">großen</word>
<word id="word_47">Küche</word>
<word id="word_48">sitzen</word>
<word id="word_49">vier</word>
<word id="word_50">Frauen</word>
<word id="word_51">.</word>
<word id="word_52">Jede</word>
<word id="word_53">hat</word>
<word id="word_54">ein</word>
<word id="word_55">Baby</word>
<word id="word_56">dabei</word>
<word id="word_57">,</word>
<word id="word_58">das</word>
<word id="word_59">höchstens</word>
<word id="word_60">ein</word>
<word id="word_61">Jahr</word>
<word id="word_62">alt</word>
<word id="word_63">ist</word>
<word id="word_64">.</word>
<word id="word_65">Eine</word>
<word id="word_66">hat</word>
<word id="word_67">ihren</word>
<word id="word_68">kleinen</word>
<word id="word_69">Sohn</word>
<word id="word_70">in</word>
<word id="word_71">den</word>
<word id="word_72">Arm</word>
<word id="word_73">gelegt</word>
<word id="word_74">.</word>
<word id="word_75">Er</word>
<word id="word_76">guckt</word>
<word id="word_77">mit</word>
<word id="word_78">großen</word>
<word id="word_79">Augen</word>
<word id="word_80">neugierig</word>
<word id="word_81">in</word>
<word id="word_82">den</word>
<word id="word_83">Raum</word>
<word id="word_84">.</word>
<word id="word_85">Seine</word>
<word id="word_86">Mutter</word>
<word id="word_87">starrt</word>
<word id="word_88">auf</word>
<word id="word_89">die</word>
<word id="word_90">Tischplatte</word>
<word id="word_91">.</word>
<word id="word_92">Bis</word>
<word id="word_93">sie</word>
<word id="word_94">merkt</word>
<word id="word_95">,</word>
<word id="word_96">dass</word>
<word id="word_97">sie</word>
<word id="word_98">beobachtet</word>
<word id="word_99">wird</word>
<word id="word_100">.</word>
<word id="word_101">Sie</word>
<word id="word_102">lächelt</word>
<word id="word_103">kurz</word>
<word id="word_104">und</word>
<word id="word_105">küsst</word>
<word id="word_106">den</word>
<word id="word_107">Kleinen</word>
<word id="word_108">.</word>
<word id="word_109">Die</word>
<word id="word_110">Szene</word>
<word id="word_111">wirkt</word>
<word id="word_112">normal</word>
<word id="word_113">.</word>
<word id="word_114">Bis</word>
<word id="word_115">man</word>
<word id="word_116">mit</word>
<word id="word_117">Katrin</word>
<word id="word_118">Bahr</word>
<word id="word_119">spricht</word>
<word id="word_120">.</word>
<word id="word_121">Sie</word>
<word id="word_122">ist</word>
<word id="word_123">Bereichs-Geschäftsführerin</word>
<word id="word_124">von</word>
<word id="word_125">Condrobs</word>
<word id="word_126">,</word>
<word id="word_127">einem</word>
<word id="word_128">Träger</word>
<word id="word_129">für</word>
<word id="word_130">soziale</word>
<word id="word_131">Hilfsangebote</word>
<word id="word_132">in</word>
<word id="word_133">Bayern</word>
<word id="word_134">,</word>
<word id="word_135">und</word>
<word id="word_136">beschäftigt</word>
<word id="word_137">sich</word>
<word id="word_138">unter</word>
<word id="word_139">anderem</word>
<word id="word_140">mit</word>
<word id="word_141">dem</word>
<word id="word_142">Thema</word>
<word id="word_143">Frauen</word>
<word id="word_144">auf</word>
<word id="word_145">der</word>
<word id="word_146">Flucht</word>
<word id="word_147">.</word>
<word id="word_148">Die</word>
<word id="word_149">vier</word>
<word id="word_150">Frauen</word>
<word id="word_151">in</word>
<word id="word_152">der</word>
<word id="word_153">Küche</word>
<word id="word_154">sind</word>
<word id="word_155">Geflüchtete</word>
<word id="word_156">.</word>
<word id="word_157">Sie</word>
<word id="word_158">leben</word>
<word id="word_159">im</word>
<word id="word_160">Münchner</word>
<word id="word_161">Norden</word>
<word id="word_162">in</word>
<word id="word_163">einer</word>
<word id="word_164">der</word>
<word id="word_165">wenigen</word>
<word id="word_166">dezentralen</word>
<word id="word_167">Unterkünfte</word>
<word id="word_168">für</word>
<word id="word_169">alleingeflüchtete</word>
<word id="word_170">Frauen</word>
<word id="word_171">und</word>
<word id="word_172">ihre</word>
<word id="word_173">Kinder</word>
<word id="word_174">in</word>
<word id="word_175">Bayern</word>
<word id="word_176">.</word>
<word id="word_177">Im</word>
<word id="word_178">Januar</word>
<word id="word_179">hat</word>
<word id="word_180">Condrobs</word>
<word id="word_181">die</word>
<word id="word_182">Einrichtung</word>
<word id="word_183">zusammen</word>
<word id="word_184">mit</word>
<word id="word_185">Pro</word>
<word id="word_186">Familia</word>
<word id="word_187">und</word>
<word id="word_188">der</word>
<word id="word_189">Münchner</word>
<word id="word_190">Frauenhilfe</word>
<word id="word_191">aufgemacht</word>
<word id="word_192">.</word>
<word id="word_193">Unlängst</word>
<word id="word_194">wurde</word>
<word id="word_195">sie</word>
<word id="word_196">offiziell</word>
<word id="word_197">eröffnet</word>
<word id="word_198">.</word>
<word id="word_199">60</word>
<word id="word_200">Personen</word>
<word id="word_201">leben</word>
<word id="word_202">dort</word>
<word id="word_203">-</word>
<word id="word_204">etwa</word>
<word id="word_205">40</word>
<word id="word_206">Frauen</word>
<word id="word_207">und</word>
<word id="word_208">20</word>
<word id="word_209">Kinder</word>
<word id="word_210">.</word>
<word id="word_211">Männer</word>
<word id="word_212">gibt</word>
<word id="word_213">es</word>
<word id="word_214">keine</word>
<word id="word_215">-</word>
<word id="word_216">auch</word>
<word id="word_217">nicht</word>
<word id="word_218">als</word>
<word id="word_219">Besucher</word>
<word id="word_220">.</word>
<word id="word_221">Die</word>
<word id="word_222">Ausnahme</word>
<word id="word_223">ist</word>
<word id="word_224">ein</word>
<word id="word_225">Wachmann</word>
<word id="word_226">vor</word>
<word id="word_227">der</word>
<word id="word_228">Tür</word>
<word id="word_229">.</word>
<word id="word_230">"</word>
<word id="word_231">Es</word>
<word id="word_232">ist</word>
<word id="word_233">nicht</word>
<word id="word_234">übertrieben</word>
<word id="word_235">zu</word>
<word id="word_236">sagen</word>
<word id="word_237">:</word>
<word id="word_238">Jede</word>
<word id="word_239">Frau</word>
<word id="word_240">,</word>
<word id="word_241">die</word>
<word id="word_242">hier</word>
<word id="word_243">ankommt</word>
<word id="word_244">,</word>
<word id="word_245">hat</word>
<word id="word_246">auf</word>
<word id="word_247">ihrer</word>
<word id="word_248">Flucht</word>
<word id="word_249">Erfahrungen</word>
<word id="word_250">mit</word>
<word id="word_251">sexueller</word>
<word id="word_252">Gewalt</word>
<word id="word_253">gemacht</word>
<word id="word_254">"</word>
<word id="word_255">,</word>
<word id="word_256">sagt</word>
<word id="word_257">Bahr</word>
<word id="word_258">.</word>
<word id="word_259">"</word>
<word id="word_260">Männer</word>
<word id="word_261">fliehen</word>
<word id="word_262">wegen</word>
<word id="word_263">Kriegen</word>
<word id="word_264">,</word>
<word id="word_265">weil</word>
<word id="word_266">sie</word>
<word id="word_267">politisch</word>
<word id="word_268">verfolgt</word>
<word id="word_269">werden</word>
<word id="word_270">,</word>
<word id="word_271">weil</word>
<word id="word_272">ihnen</word>
<word id="word_273">Folter</word>
<word id="word_274">oder</word>
<word id="word_275">der</word>
<word id="word_276">Tod</word>
<word id="word_277">drohen</word>
<word id="word_278">oder</word>
<word id="word_279">weil</word>
<word id="word_280">ihre</word>
<word id="word_281">Familien</word>
<word id="word_282">sie</word>
<word id="word_283">als</word>
<word id="word_284">Hoffnungsträger</word>
<word id="word_285">nach</word>
<word id="word_286">Europa</word>
<word id="word_287">schicken</word>
<word id="word_288">"</word>
<word id="word_289">,</word>
<word id="word_290">erzählt</word>
<word id="word_291">sie</word>
<word id="word_292">.</word>
<word id="word_293">Bei</word>
<word id="word_294">Frauen</word>
<word id="word_295">überwiegen</word>
<word id="word_296">andere</word>
<word id="word_297">Gründe</word>
<word id="word_298">für</word>
<word id="word_299">die</word>
<word id="word_300">Flucht</word>
<word id="word_301">:</word>
<word id="word_302">"</word>
<word id="word_303">Viele</word>
<word id="word_304">stehlen</word>
<word id="word_305">sich</word>
<word id="word_306">heimlich</word>
<word id="word_307">davon</word>
<word id="word_308">,</word>
<word id="word_309">weil</word>
<word id="word_310">sie</word>
<word id="word_311">keinen</word>
<word id="word_312">anderen</word>
<word id="word_313">Ausweg</word>
<word id="word_314">sehen</word>
<word id="word_315">"</word>
<word id="word_316">.</word>
<word id="word_317">In</word>
<word id="word_318">ihrer</word>
<word id="word_319">Heimat</word>
<word id="word_320">haben</word>
<word id="word_321">sie</word>
<word id="word_322">Erfahrung</word>
<word id="word_323">mit</word>
<word id="word_324">sexueller</word>
<word id="word_325">Gewalt</word>
<word id="word_326">,</word>
<word id="word_327">Zwangsehen</word>
<word id="word_328">,</word>
<word id="word_329">Ehrenmorden</word>
<word id="word_330">,</word>
<word id="word_331">Sklaverei</word>
<word id="word_332">oder</word>
<word id="word_333">Zwangsprostitution</word>
<word id="word_334">gemacht</word>
<word id="word_335">.</word>
<word id="word_336">Das</word>
<word id="word_337">treibt</word>
<word id="word_338">sie</word>
<word id="word_339">fort</word>
<word id="word_340">.</word>
<word id="word_341">Auf</word>
<word id="word_342">der</word>
<word id="word_343">Flucht</word>
<word id="word_344">geht</word>
<word id="word_345">das</word>
<word id="word_346">weiter</word>
<word id="word_347">.</word>
<word id="word_348">"</word>
<word id="word_349">Dass</word>
<word id="word_350">Schlepper</word>
<word id="word_351">zum</word>
<word id="word_352">Beispiel</word>
<word id="word_353">für</word>
<word id="word_354">eine</word>
<word id="word_355">Flasche</word>
<word id="word_356">Wasser</word>
<word id="word_357">eine</word>
<word id="word_358">sexuelle</word>
<word id="word_359">Handlung</word>
<word id="word_360">fordern</word>
<word id="word_361">,</word>
<word id="word_362">ist</word>
<word id="word_363">keine</word>
<word id="word_364">Seltenheit</word>
<word id="word_365">"</word>
<word id="word_366">,</word>
<word id="word_367">sagt</word>
<word id="word_368">Bahr</word>
<word id="word_369">.</word>
<word id="word_370">Und</word>
<word id="word_371">die</word>
<word id="word_372">Frauen</word>
<word id="word_373">sind</word>
<word id="word_374">alleine</word>
<word id="word_375">,</word>
<word id="word_376">sie</word>
<word id="word_377">werden</word>
<word id="word_378">nicht</word>
<word id="word_379">von</word>
<word id="word_380">ihren</word>
<word id="word_381">Familien</word>
<word id="word_382">geschützt</word>
<word id="word_383">.</word>
<word id="word_384">Wer</word>
<word id="word_385">glaube</word>
<word id="word_386">,</word>
<word id="word_387">dass</word>
<word id="word_388">das</word>
<word id="word_389">ende</word>
<word id="word_390">,</word>
<word id="word_391">sobald</word>
<word id="word_392">sie</word>
<word id="word_393">in</word>
<word id="word_394">Deutschland</word>
<word id="word_395">ankämen</word>
<word id="word_396">,</word>
<word id="word_397">irre</word>
<word id="word_398">,</word>
<word id="word_399">erzählt</word>
<word id="word_400">Bahr</word>
<word id="word_401">.</word>
<word id="word_402">Auch</word>
<word id="word_403">hier</word>
<word id="word_404">würden</word>
<word id="word_405">alleinstehende</word>
<word id="word_406">Frauen</word>
<word id="word_407">in</word>
<word id="word_408">Flüchtlingsunterkünften</word>
<word id="word_409">oft</word>
<word id="word_410">als</word>
<word id="word_411">minderwertig</word>
<word id="word_412">betrachtet</word>
<word id="word_413">und</word>
<word id="word_414">schlimmstenfalls</word>
<word id="word_415">missbraucht</word>
<word id="word_416">.</word>
<word id="word_417">Das</word>
<word id="word_418">führt</word>
<word id="word_419">dazu</word>
<word id="word_420">,</word>
<word id="word_421">dass</word>
<word id="word_422">etwa</word>
<word id="word_423">90</word>
<word id="word_424">Prozent</word>
<word id="word_425">der</word>
<word id="word_426">Frauen</word>
<word id="word_427">,</word>
<word id="word_428">die</word>
<word id="word_429">in</word>
<word id="word_430">der</word>
<word id="word_431">Unterkunft</word>
<word id="word_432">im</word>
<word id="word_433">Münchner</word>
<word id="word_434">Norden</word>
<word id="word_435">wohnen</word>
<word id="word_436">,</word>
<word id="word_437">traumatisiert</word>
<word id="word_438">sind</word>
<word id="word_439">,</word>
<word id="word_440">schätzt</word>
<word id="word_441">sie</word>
<word id="word_442">.</word>
<word id="word_443">"</word>
<word id="word_444">Einige</word>
<word id="word_445">der</word>
<word id="word_446">Kinder</word>
<word id="word_447">sind</word>
<word id="word_448">sicher</word>
<word id="word_449">nicht</word>
<word id="word_450">freiwillig</word>
<word id="word_451">entstanden</word>
<word id="word_452">"</word>
<word id="word_453">.</word>
<word id="word_454">Viele</word>
<word id="word_455">Frauen</word>
<word id="word_456">seien</word>
<word id="word_457">es</word>
<word id="word_458">so</word>
<word id="word_459">gewohnt</word>
<word id="word_460">,</word>
<word id="word_461">dass</word>
<word id="word_462">sie</word>
<word id="word_463">nichts</word>
<word id="word_464">sagen</word>
<word id="word_465">.</word>
<word id="word_466">"</word>
<word id="word_467">Oder</word>
<word id="word_468">sie</word>
<word id="word_469">trauen</word>
<word id="word_470">sich</word>
<word id="word_471">nicht</word>
<word id="word_472">,</word>
<word id="word_473">offen</word>
<word id="word_474">über</word>
<word id="word_475">das</word>
<word id="word_476">Erlebte</word>
<word id="word_477">zu</word>
<word id="word_478">sprechen</word>
<word id="word_479">,</word>
<word id="word_480">weil</word>
<word id="word_481">die</word>
<word id="word_482">Scham</word>
<word id="word_483">zu</word>
<word id="word_484">groß</word>
<word id="word_485">ist</word>
<word id="word_486">"</word>
<word id="word_487">.</word>
<word id="word_488">Da</word>
<word id="word_489">sie</word>
<word id="word_490">sich</word>
<word id="word_491">oft</word>
<word id="word_492">nicht</word>
<word id="word_493">zu</word>
<word id="word_494">helfen</word>
<word id="word_495">wüssten</word>
<word id="word_496">,</word>
<word id="word_497">brauche</word>
<word id="word_498">es</word>
<word id="word_499">mehr</word>
<word id="word_500">Unterkünfte</word>
<word id="word_501">nur</word>
<word id="word_502">für</word>
<word id="word_503">sie</word>
<word id="word_504">,</word>
<word id="word_505">fordert</word>
<word id="word_506">Bahr</word>
<word id="word_507">.</word>
<word id="word_508">In</word>
<word id="word_509">Bayern</word>
<word id="word_510">sind</word>
<word id="word_511">die</word>
<word id="word_512">sieben</word>
<word id="word_513">Bezirksregierungen</word>
<word id="word_514">für</word>
<word id="word_515">die</word>
<word id="word_516">Unterbringung</word>
<word id="word_517">von</word>
<word id="word_518">Flüchtlingen</word>
<word id="word_519">zuständig</word>
<word id="word_520">.</word>
<word id="word_521">Auf</word>
<word id="word_522">die</word>
<word id="word_523">Frage</word>
<word id="word_524">,</word>
<word id="word_525">ob</word>
<word id="word_526">sie</word>
<word id="word_527">von</word>
<word id="word_528">einem</word>
<word id="word_529">ähnlichen</word>
<word id="word_530">Projekt</word>
<word id="word_531">wie</word>
<word id="word_532">in</word>
<word id="word_533">München</word>
<word id="word_534">in</word>
<word id="word_535">ihrem</word>
<word id="word_536">Zuständigkeitsbereich</word>
<word id="word_537">wüssten</word>
<word id="word_538">,</word>
<word id="word_539">antworten</word>
<word id="word_540">einige</word>
<word id="word_541">mit</word>
<word id="word_542">Nein</word>
<word id="word_543">.</word>
<word id="word_544">In</word>
<word id="word_545">der</word>
<word id="word_546">Oberpfalz</word>
<word id="word_547">und</word>
<word id="word_548">Oberfranken</word>
<word id="word_549">etwa</word>
<word id="word_550">gibt</word>
<word id="word_551">es</word>
<word id="word_552">so</word>
<word id="word_553">etwas</word>
<word id="word_554">in</word>
<word id="word_555">Unterkünften</word>
<word id="word_556">der</word>
<word id="word_557">Regierungen</word>
<word id="word_558">nicht</word>
<word id="word_559">.</word>
<word id="word_560">Auch</word>
<word id="word_561">in</word>
<word id="word_562">Schwaben</word>
<word id="word_563">werden</word>
<word id="word_564">allein</word>
<word id="word_565">geflüchtete</word>
<word id="word_566">Frauen</word>
<word id="word_567">nicht</word>
<word id="word_568">getrennt</word>
<word id="word_569">untergebracht</word>
<word id="word_570">,</word>
<word id="word_571">sagt</word>
<word id="word_572">Karl-Heinz</word>
<word id="word_573">Meyer</word>
<word id="word_574">,</word>
<word id="word_575">Pressesprecher</word>
<word id="word_576">der</word>
<word id="word_577">Regierung</word>
<word id="word_578">.</word>
<word id="word_579">In</word>
<word id="word_580">Oberbayern</word>
<word id="word_581">,</word>
<word id="word_582">Unter-</word>
<word id="word_583">und</word>
<word id="word_584">Mittelfranken</word>
<word id="word_585">gibt</word>
<word id="word_586">es</word>
<word id="word_587">in</word>
<word id="word_588">manchen</word>
<word id="word_589">Gemeinschaftsunterkünften</word>
<word id="word_590">Stockwerke</word>
<word id="word_591">oder</word>
<word id="word_592">eigene</word>
<word id="word_593">Häuser</word>
<word id="word_594">nur</word>
<word id="word_595">für</word>
<word id="word_596">alleinstehende</word>
<word id="word_597">Frauen</word>
<word id="word_598">und</word>
<word id="word_599">deren</word>
<word id="word_600">Kinder</word>
<word id="word_601">.</word>
<word id="word_602">Die</word>
<word id="word_603">Ausnahme</word>
<word id="word_604">ist</word>
<word id="word_605">Niederbayern</word>
<word id="word_606">,</word>
<word id="word_607">dort</word>
<word id="word_608">gibt</word>
<word id="word_609">es</word>
<word id="word_610">zwei</word>
<word id="word_611">zentrale</word>
<word id="word_612">Unterkünfte</word>
<word id="word_613">ausschließlich</word>
<word id="word_614">für</word>
<word id="word_615">Frauen</word>
<word id="word_616">.</word>
<word id="word_617">Auch</word>
<word id="word_618">der</word>
<word id="word_619">Ausschuss</word>
<word id="word_620">"</word>
<word id="word_621">Rechte</word>
<word id="word_622">der</word>
<word id="word_623">Frau</word>
<word id="word_624">und</word>
<word id="word_625">Gleichstellung</word>
<word id="word_626">der</word>
<word id="word_627">Geschlechter</word>
<word id="word_628">"</word>
<word id="word_629">im</word>
<word id="word_630">Europaparlament</word>
<word id="word_631">fordert</word>
<word id="word_632">,</word>
<word id="word_633">dass</word>
<word id="word_634">Frauen</word>
<word id="word_635">getrennt</word>
<word id="word_636">von</word>
<word id="word_637">Männern</word>
<word id="word_638">untergebracht</word>
<word id="word_639">werden</word>
<word id="word_640">müssen</word>
<word id="word_641">.</word>
<word id="word_642">In</word>
<word id="word_643">einer</word>
<word id="word_644">Studie</word>
<word id="word_645">,</word>
<word id="word_646">die</word>
<word id="word_647">für</word>
<word id="word_648">den</word>
<word id="word_649">Ausschuss</word>
<word id="word_650">veröffentlicht</word>
<word id="word_651">wurde</word>
<word id="word_652">,</word>
<word id="word_653">heißt</word>
<word id="word_654">es</word>
<word id="word_655">:</word>
<word id="word_656">"</word>
<word id="word_657">Es</word>
<word id="word_658">ist</word>
<word id="word_659">sehr</word>
<word id="word_660">wichtig</word>
<word id="word_661">,</word>
<word id="word_662">dass</word>
<word id="word_663">Männer</word>
<word id="word_664">und</word>
<word id="word_665">Frauen</word>
<word id="word_666">getrennt</word>
<word id="word_667">beherbergt</word>
<word id="word_668">werden</word>
<word id="word_669">.</word>
<word id="word_670">"</word>
<word id="word_671">"</word>
<word id="word_672">Fehlt</word>
<word id="word_673">die</word>
<word id="word_674">Privatsphäre</word>
<word id="word_675">oder</word>
<word id="word_676">werden</word>
<word id="word_677">Männer</word>
<word id="word_678">und</word>
<word id="word_679">Frauen</word>
<word id="word_680">zusammen</word>
<word id="word_681">untergebracht</word>
<word id="word_682">,</word>
<word id="word_683">kann</word>
<word id="word_684">es</word>
<word id="word_685">zu</word>
<word id="word_686">-</word>
<word id="word_687">fortwährender</word>
<word id="word_688">-</word>
<word id="word_689">Gewalt</word>
<word id="word_690">gegen</word>
<word id="word_691">Frauen</word>
<word id="word_692">kommen</word>
<word id="word_693">"</word>
<word id="word_694">.</word>
<word id="word_695">Vor</word>
<word id="word_696">allem</word>
<word id="word_697">die</word>
<word id="word_698">Waschräume</word>
<word id="word_699">sollten</word>
<word id="word_700">getrennt</word>
<word id="word_701">und</word>
<word id="word_702">für</word>
<word id="word_703">Frauen</word>
<word id="word_704">leicht</word>
<word id="word_705">zugänglich</word>
<word id="word_706">sein</word>
<word id="word_707">,</word>
<word id="word_708">steht</word>
<word id="word_709">in</word>
<word id="word_710">der</word>
<word id="word_711">Studie</word>
<word id="word_712">.</word>
<word id="word_713">Wie</word>
<word id="word_714">sehr</word>
<word id="word_715">die</word>
<word id="word_716">Frauen</word>
<word id="word_717">dieses</word>
<word id="word_718">Schutzbedürfnis</word>
<word id="word_719">verspüren</word>
<word id="word_720">,</word>
<word id="word_721">kann</word>
<word id="word_722">man</word>
<word id="word_723">am</word>
<word id="word_724">Andrang</word>
<word id="word_725">ablesen</word>
<word id="word_726">,</word>
<word id="word_727">den</word>
<word id="word_728">es</word>
<word id="word_729">auf</word>
<word id="word_730">das</word>
<word id="word_731">Haus</word>
<word id="word_732">in</word>
<word id="word_733">München</word>
<word id="word_734">gibt</word>
<word id="word_735">.</word>
<word id="word_736">"</word>
<word id="word_737">Seit</word>
<word id="word_738">sich</word>
<word id="word_739">herumgesprochen</word>
<word id="word_740">hat</word>
<word id="word_741">,</word>
<word id="word_742">dass</word>
<word id="word_743">es</word>
<word id="word_744">uns</word>
<word id="word_745">gibt</word>
<word id="word_746">,</word>
<word id="word_747">haben</word>
<word id="word_748">wir</word>
<word id="word_749">eine</word>
<word id="word_750">lange</word>
<word id="word_751">Warteliste</word>
<word id="word_752">"</word>
<word id="word_753">,</word>
<word id="word_754">sagt</word>
<word id="word_755">Bahr</word>
<word id="word_756">.</word>
<word id="word_757">Man</word>
<word id="word_758">könnte</word>
<word id="word_759">leicht</word>
<word id="word_760">ein</word>
<word id="word_761">zweites</word>
<word id="word_762">Haus</word>
<word id="word_763">aufmachen</word>
<word id="word_764">.</word>
</words>