<?xml version="1.0" encoding="UTF-8"?>
<!DOCTYPE words SYSTEM "words.dtd">
<words>
<word id="word_1">Frankie</word>
<word id="word_2">Dettori</word>
<word id="word_3">erreicht</word>
<word id="word_4">auf</word>
<word id="word_5">Predilection</word>
<word id="word_6">seinen</word>
<word id="word_7">3.000ten</word>
<word id="word_8">Gewinn</word>
<word id="word_9">bei</word>
<word id="word_10">Newmarket</word>
<word id="word_11">Dettori</word>
<word id="word_12">sprüht</word>
<word id="word_13">Champagner</word>
<word id="word_14">nach</word>
<word id="word_15">einem</word>
<word id="word_16">Double</word>
<word id="word_17">bei</word>
<word id="word_18">Newmarket</word>
<word id="word_19">,</word>
<word id="word_20">der</word>
<word id="word_21">ihm</word>
<word id="word_22">3.000ten</word>
<word id="word_23">Gewinn</word>
<word id="word_24">bringt</word>
<word id="word_25">Der</word>
<word id="word_26">Jockey</word>
<word id="word_27">Frankie</word>
<word id="word_28">Dettori</word>
<word id="word_29">sicherte</word>
<word id="word_30">am</word>
<word id="word_31">Freitag</word>
<word id="word_32">seinen</word>
<word id="word_33">3.000ten</word>
<word id="word_34">britischen</word>
<word id="word_35">Gewinn</word>
<word id="word_36">bei</word>
<word id="word_37">Newmarket</word>
<word id="word_38">.</word>
<word id="word_39">Er</word>
<word id="word_40">setzte</word>
<word id="word_41">auf</word>
<word id="word_42">Predilection</word>
<word id="word_43">,</word>
<word id="word_44">die</word>
<word id="word_45">von</word>
<word id="word_46">John</word>
<word id="word_47">Gosden</word>
<word id="word_48">trainiert</word>
<word id="word_49">wird</word>
<word id="word_50">,</word>
<word id="word_51">auf</word>
<word id="word_52">seiner</word>
<word id="word_53">lokalen</word>
<word id="word_54">Rennstrecke</word>
<word id="word_55">mit</word>
<word id="word_56">seinem</word>
<word id="word_57">zweiten</word>
<word id="word_58">Gewinn</word>
<word id="word_59">der</word>
<word id="word_60">Nacht</word>
<word id="word_61">einen</word>
<word id="word_62">Meilenstein</word>
<word id="word_63">.</word>
<word id="word_64">Der</word>
<word id="word_65">45-jährige</word>
<word id="word_66">Italiener</word>
<word id="word_67">ist</word>
<word id="word_68">der</word>
<word id="word_69">sechste</word>
<word id="word_70">Jockey</word>
<word id="word_71">,</word>
<word id="word_72">der</word>
<word id="word_73">den</word>
<word id="word_74">Meilenstein</word>
<word id="word_75">im</word>
<word id="word_76">Flachrennen</word>
<word id="word_77">erreicht</word>
<word id="word_78">.</word>
<word id="word_79">Er</word>
<word id="word_80">folgt</word>
<word id="word_81">Sir</word>
<word id="word_82">Gordon</word>
<word id="word_83">Richards</word>
<word id="word_84">,</word>
<word id="word_85">Doug</word>
<word id="word_86">Smith</word>
<word id="word_87">,</word>
<word id="word_88">Lester</word>
<word id="word_89">Piggott</word>
<word id="word_90">,</word>
<word id="word_91">Pat</word>
<word id="word_92">Eddry</word>
<word id="word_93">und</word>
<word id="word_94">Willie</word>
<word id="word_95">Carson</word>
<word id="word_96">.</word>
<word id="word_97">Der</word>
<word id="word_98">dreimalige</word>
<word id="word_99">Sieger</word>
<word id="word_100">Dettori</word>
<word id="word_101">,</word>
<word id="word_102">der</word>
<word id="word_103">davor</word>
<word id="word_104">auf</word>
<word id="word_105">Ghayyar</word>
<word id="word_106">gewann</word>
<word id="word_107">,</word>
<word id="word_108">sagte</word>
<word id="word_109">:</word>
<word id="word_110">"</word>
<word id="word_111">Es</word>
<word id="word_112">ist</word>
<word id="word_113">etwas</word>
<word id="word_114">Besonderes</word>
<word id="word_115">.</word>
<word id="word_116">"</word>
<word id="word_117">Ich</word>
<word id="word_118">bin</word>
<word id="word_119">sehr</word>
<word id="word_120">emotional</word>
<word id="word_121">,</word>
<word id="word_122">weil</word>
<word id="word_123">meine</word>
<word id="word_124">Familie</word>
<word id="word_125">auch</word>
<word id="word_126">hier</word>
<word id="word_127">ist</word>
<word id="word_128">Ich</word>
<word id="word_129">bin</word>
<word id="word_130">sehr</word>
<word id="word_131">glücklich</word>
<word id="word_132">darüber</word>
<word id="word_133">,</word>
<word id="word_134">dass</word>
<word id="word_135">es</word>
<word id="word_136">bei</word>
<word id="word_137">Newmarket</word>
<word id="word_138">geschehen</word>
<word id="word_139">ist</word>
<word id="word_140">,</word>
<word id="word_141">weil</word>
<word id="word_142">ich</word>
<word id="word_143">hier</word>
<word id="word_144">vor</word>
<word id="word_145">30</word>
<word id="word_146">Jahren</word>
<word id="word_147">gelandet</word>
<word id="word_148">bin</word>
<word id="word_149">.</word>
<word id="word_150">Es</word>
<word id="word_151">ist</word>
<word id="word_152">kein</word>
<word id="word_153">großes</word>
<word id="word_154">Treffen</word>
<word id="word_155">,</word>
<word id="word_156">es</word>
<word id="word_157">ist</word>
<word id="word_158">nicht</word>
<word id="word_159">Royal</word>
<word id="word_160">Ascot</word>
<word id="word_161">-</word>
<word id="word_162">es</word>
<word id="word_163">ist</word>
<word id="word_164">ein</word>
<word id="word_165">banaler</word>
<word id="word_166">Freitag</word>
<word id="word_167">abend</word>
<word id="word_168">mit</word>
<word id="word_169">20.000</word>
<word id="word_170">Leuten</word>
<word id="word_171">.</word>
<word id="word_172">Ich</word>
<word id="word_173">bin</word>
<word id="word_174">erleichtert</word>
<word id="word_175">und</word>
<word id="word_176">sehr</word>
<word id="word_177">bescheiden</word>
<word id="word_178">.</word>
<word id="word_179">Dettori</word>
<word id="word_180">nimmt</word>
<word id="word_181">den</word>
<word id="word_182">Jubel</word>
<word id="word_183">auf</word>
<word id="word_184">,</word>
<word id="word_185">als</word>
<word id="word_186">er</word>
<word id="word_187">auf</word>
<word id="word_188">Predilection</word>
<word id="word_189">den</word>
<word id="word_190">Sieg</word>
<word id="word_191">holt</word>
<word id="word_192">Zwei</word>
<word id="word_193">Jockeys</word>
<word id="word_194">haben</word>
<word id="word_195">den</word>
<word id="word_196">Meilenstein</word>
<word id="word_197">im</word>
<word id="word_198">Hindernisrennen</word>
<word id="word_199">erreicht</word>
<word id="word_200">-</word>
<word id="word_201">Jockey</word>
<word id="word_202">Richard</word>
<word id="word_203">Johnson</word>
<word id="word_204">und</word>
<word id="word_205">der</word>
<word id="word_206">pensionierte</word>
<word id="word_207">20-malige</word>
<word id="word_208">Sieger</word>
<word id="word_209">Sir</word>
<word id="word_210">Anthony</word>
<word id="word_211">McCoy</word>
<word id="word_212">,</word>
<word id="word_213">der</word>
<word id="word_214">mehr</word>
<word id="word_215">als</word>
<word id="word_216">4.300</word>
<word id="word_217">Siege</word>
<word id="word_218">in</word>
<word id="word_219">einer</word>
<word id="word_220">rekordbrechenden</word>
<word id="word_221">Karriere</word>
<word id="word_222">erreichte</word>
<word id="word_223">.</word>
<word id="word_224">Lester</word>
<word id="word_225">Piggott</word>
<word id="word_226">,</word>
<word id="word_227">der</word>
<word id="word_228">neunmalige</word>
<word id="word_229">Derbysieger</word>
<word id="word_230">hatte</word>
<word id="word_231">4.493</word>
<word id="word_232">Karrieresiege</word>
<word id="word_233">Frankie</word>
<word id="word_234">ist</word>
<word id="word_235">einer</word>
<word id="word_236">der</word>
<word id="word_237">besten</word>
<word id="word_238">Jockey</word>
<word id="word_239">der</word>
<word id="word_240">Moderne</word>
<word id="word_241">und</word>
<word id="word_242">es</word>
<word id="word_243">ist</word>
<word id="word_244">keine</word>
<word id="word_245">Überraschung</word>
<word id="word_246">,</word>
<word id="word_247">dass</word>
<word id="word_248">er</word>
<word id="word_249">diesen</word>
<word id="word_250">Meilenstein</word>
<word id="word_251">erreicht</word>
<word id="word_252">hat</word>
<word id="word_253">,</word>
<word id="word_254">den</word>
<word id="word_255">nur</word>
<word id="word_256">wenige</word>
<word id="word_257">vor</word>
<word id="word_258">ihm</word>
<word id="word_259">erreicht</word>
<word id="word_260">haben</word>
<word id="word_261">.</word>
<word id="word_262">Er</word>
<word id="word_263">hat</word>
<word id="word_264">Stil</word>
<word id="word_265">und</word>
<word id="word_266">ist</word>
<word id="word_267">stark</word>
<word id="word_268">,</word>
<word id="word_269">aber</word>
<word id="word_270">es</word>
<word id="word_271">ist</word>
<word id="word_272">sein</word>
<word id="word_273">taktischer</word>
<word id="word_274">Intellekt</word>
<word id="word_275">,</word>
<word id="word_276">der</word>
<word id="word_277">ihn</word>
<word id="word_278">von</word>
<word id="word_279">den</word>
<word id="word_280">anderen</word>
<word id="word_281">im</word>
<word id="word_282">Gewichtskontrollraum</word>
<word id="word_283">unterscheidet</word>
<word id="word_284">.</word>
<word id="word_285">Er</word>
<word id="word_286">ist</word>
<word id="word_287">ein</word>
<word id="word_288">fantastischer</word>
<word id="word_289">Botschafter</word>
<word id="word_290">für</word>
<word id="word_291">Rennen</word>
<word id="word_292">,</word>
<word id="word_293">sein</word>
<word id="word_294">Enthusiasmus</word>
<word id="word_295">und</word>
<word id="word_296">Charisma</word>
<word id="word_297">begeistert</word>
<word id="word_298">Fans</word>
<word id="word_299">schon</word>
<word id="word_300">seit</word>
<word id="word_301">Jahren</word>
<word id="word_302">für</word>
<word id="word_303">diese</word>
<word id="word_304">Sportart</word>
<word id="word_305">.</word>
<word id="word_306">Ich</word>
<word id="word_307">sagte</word>
<word id="word_308">Frankie</word>
<word id="word_309">vor</word>
<word id="word_310">einigen</word>
<word id="word_311">Wochen</word>
<word id="word_312">bei</word>
<word id="word_313">Epsom</word>
<word id="word_314">,</word>
<word id="word_315">dass</word>
<word id="word_316">er</word>
<word id="word_317">bereits</word>
<word id="word_318">6.000</word>
<word id="word_319">Gewinne</word>
<word id="word_320">geholt</word>
<word id="word_321">hätte</word>
<word id="word_322">,</word>
<word id="word_323">wenn</word>
<word id="word_324">er</word>
<word id="word_325">nicht</word>
<word id="word_326">nur</word>
<word id="word_327">ein</word>
<word id="word_328">Wochenend-</word>
<word id="word_329">und</word>
<word id="word_330">Großturnierjockey</word>
<word id="word_331">wäre</word>
<word id="word_332">!</word>
<word id="word_333">Frankie</word>
<word id="word_334">hat</word>
<word id="word_335">in</word>
<word id="word_336">GB</word>
<word id="word_337">bereits</word>
<word id="word_338">fast</word>
<word id="word_339">30</word>
<word id="word_340">Jahre</word>
<word id="word_341">Gewinner</word>
<word id="word_342">geritten</word>
<word id="word_343">,</word>
<word id="word_344">was</word>
<word id="word_345">toll</word>
<word id="word_346">ist</word>
<word id="word_347">.</word>
<word id="word_348">Er</word>
<word id="word_349">hat</word>
<word id="word_350">eine</word>
<word id="word_351">lebendige</word>
<word id="word_352">Persönlichkeit</word>
<word id="word_353">,</word>
<word id="word_354">was</word>
<word id="word_355">für</word>
<word id="word_356">ein</word>
<word id="word_357">britisches</word>
<word id="word_358">Rennen</word>
<word id="word_359">gut</word>
<word id="word_360">ist</word>
<word id="word_361">,</word>
<word id="word_362">aber</word>
<word id="word_363">darüber</word>
<word id="word_364">hinaus</word>
<word id="word_365">ist</word>
<word id="word_366">er</word>
<word id="word_367">ein</word>
<word id="word_368">unglaublicher</word>
<word id="word_369">Jockey</word>
<word id="word_370">.</word>
<word id="word_371">Frankie</word>
<word id="word_372">Dettori</word>
<word id="word_373">feierte</word>
<word id="word_374">den</word>
<word id="word_375">Meilenstein</word>
<word id="word_376">mit</word>
<word id="word_377">einem</word>
<word id="word_378">typischen</word>
<word id="word_379">Flying</word>
<word id="word_380">Dismount</word>
<word id="word_381">Von</word>
<word id="word_382">Flying</word>
<word id="word_383">Finishes</word>
<word id="word_384">zu</word>
<word id="word_385">Flying</word>
<word id="word_386">Dismounts</word>
<word id="word_387">,</word>
<word id="word_388">Frankie</word>
<word id="word_389">Dettori</word>
<word id="word_390">ist</word>
<word id="word_391">seit</word>
<word id="word_392">zwei</word>
<word id="word_393">Jahrzehnten</word>
<word id="word_394">das</word>
<word id="word_395">Aushängeschild</word>
<word id="word_396">des</word>
<word id="word_397">britischen</word>
<word id="word_398">Flachrennens</word>
<word id="word_399">.</word>
<word id="word_400">Es</word>
<word id="word_401">war</word>
<word id="word_402">nervenaufreibend</word>
<word id="word_403">.</word>
<word id="word_404">Eine</word>
<word id="word_405">ganze</word>
<word id="word_406">Reihe</word>
<word id="word_407">an</word>
<word id="word_408">Großturniergewinnen</word>
<word id="word_409">,</word>
<word id="word_410">einschließlich</word>
<word id="word_411">seiner</word>
<word id="word_412">berühmten</word>
<word id="word_413">"</word>
<word id="word_414">Glorreichen</word>
<word id="word_415">Sieben</word>
<word id="word_416">"</word>
<word id="word_417">1996</word>
<word id="word_418">in</word>
<word id="word_419">Ascot</word>
<word id="word_420">,</word>
<word id="word_421">aber</word>
<word id="word_422">er</word>
<word id="word_423">überlebte</word>
<word id="word_424">auch</word>
<word id="word_425">einen</word>
<word id="word_426">Flugzeugabsturz</word>
<word id="word_427">und</word>
<word id="word_428">erhielt</word>
<word id="word_429">ein</word>
<word id="word_430">Drogenverbot</word>
<word id="word_431">.</word>
<word id="word_432">Vor</word>
<word id="word_433">drei</word>
<word id="word_434">Jahren</word>
<word id="word_435">hatte</word>
<word id="word_436">er</word>
<word id="word_437">anfangs</word>
<word id="word_438">Schwierigkeiten</word>
<word id="word_439">,</word>
<word id="word_440">als</word>
<word id="word_441">er</word>
<word id="word_442">von</word>
<word id="word_443">seiner</word>
<word id="word_444">sechsmonatigen</word>
<word id="word_445">Sperre</word>
<word id="word_446">zurückkehrte</word>
<word id="word_447">,</word>
<word id="word_448">aber</word>
<word id="word_449">er</word>
<word id="word_450">zeigte</word>
<word id="word_451">eine</word>
<word id="word_452">beeindruckende</word>
<word id="word_453">charakterliche</word>
<word id="word_454">Stärke</word>
<word id="word_455">,</word>
<word id="word_456">um</word>
<word id="word_457">seinen</word>
<word id="word_458">Zweiflern</word>
<word id="word_459">zu</word>
<word id="word_460">trotzen</word>
<word id="word_461">und</word>
<word id="word_462">zu</word>
<word id="word_463">seiner</word>
<word id="word_464">Bestform</word>
<word id="word_465">zurückzukehren</word>
<word id="word_466">.</word>
<word id="word_467">Und</word>
<word id="word_468">er</word>
<word id="word_469">ist</word>
<word id="word_470">noch</word>
<word id="word_471">lange</word>
<word id="word_472">nicht</word>
<word id="word_473">am</word>
<word id="word_474">Ende</word>
<word id="word_475">-</word>
<word id="word_476">Dettori</word>
<word id="word_477">hat</word>
<word id="word_478">früher</word>
<word id="word_479">einmal</word>
<word id="word_480">gesagt</word>
<word id="word_481">,</word>
<word id="word_482">dass</word>
<word id="word_483">er</word>
<word id="word_484">bei</word>
<word id="word_485">Wettbewerben</word>
<word id="word_486">bis</word>
<word id="word_487">zu</word>
<word id="word_488">seinem</word>
<word id="word_489">mindestens</word>
<word id="word_490">50.ten</word>
<word id="word_491">Lebensjahr</word>
<word id="word_492">weitermachen</word>
<word id="word_493">will</word>
<word id="word_494">.</word>
</words>