<?xml version="1.0" encoding="ISO-8859-1"?>
<annotationscheme>

 <attribute id="level_corefclass" name="Coref_class" color="green" width="2" type="markable_set" add_to_markableset_text="Mark as coreferent"  style="lcurve" remove_from_markableset_text="Unmark as coreferent" adopt_into_markableset_text="Move this into current coreference set" merge_into_markableset_text="Merge both coreference sets into one">
  <value id="value_corefclass" name="Coref_class"/>
 </attribute>

 <attribute id="level_mention" name="Mention" type="nominal_button" text="Choose type of mention"> <!-- The very first tag to differentiate between antecedents and mentions-->
  <value id="value_mention_pronoun" name="pronoun" next="level_type"/> <!-- Pronominal mentions and also non-referring pronouns should have this tag-->
  <value id="value_mention_np" name="np" next="level_nptype"/> <!-- Nominal mentions (and also comparative) should have this tag-->
  <value id="value_mention_vp" name="vp" next="level_vptype"/>
  <value id="value_mention_clause" name="clause" next="level_clausetype"/>
  <!-- <value id="value_mention_subst-elli" name="subst-elli" next="level_subst_elli"/> This is for elliptical and subsitution elements in the chains-->
  <value id="value_mention_new" name="none"/> 
 </attribute>

<!-- If the mention is pronominal then-->

 <attribute id="level_type" name="Type" type="nominal_list" text="Choose type of pronoun"> <!-- You need to chose the type of the pronoun-->
  <value id="value_type_antecedent" name="antecedent" next = "level_agreement_they,level_position_it,level_pers_refl"/>  
  <value id="value_type_anaphora" name="anaphoric" next = "level_split,level_agreement_they,level_position_it,level_pers_refl"/>  
  <value id="value_type_cataphora" name="cataphoric" next = "level_split,level_agreement_they,level_position_it"/>  
  <value id="value_type_comp" name="comparative" next = "level_split,level_comp"/>
  <value id="value_type_subst" name="nom substitution" next = "level_split"/>
  <value id="value_type_addressee" name="addressee reference" next="level_audience_you,level_agreement_you,level_position_you,level_pers_refl"/>
  <value id="value_type_speaker" name="speaker reference" next="level_audience_we,level_pers_refl"/>
  <value id="value_type_extratextual" name="extratextual reference"/>
  <value id="value_type_pleo" name="pleonastic"/>
  <value id="value_type_pro" name="pronoun"/> <!--indefinite pronouns without antecedents-->
  <value id="value_type_none" name="none"/>
  <value id="value_type_unsure" name="Not sure. HELP!"/>
 </attribute>
 
 <attribute id="level_pers_refl" name="Type_of_Pronoun" type="nominal_button" text="Personal or Demonstrative or Reflexive or Relative?">
  <value id="value_pers_refl_personal" name="personal"/>
  <value id="value_pers_refl_possessive" name="possessive"/>
  <value id="value_pers_refl_demonstrative" name="demonstrative"/><!--quantifiers like both boys are also marked as demonstratives-->
  <value id="value_pers_refl_reflexive" name="reflexive"/>
  <value id="value_pers_refl_relative" name="relative"/>
 <value id="value_pers_refl_none" name="none"/> 
</attribute>

 <attribute id="level_audience_we" name="audience" type="nominal_list" text="">
  <value id="value_audience_none" name="none"/>
  <value id="value_audience_we_exclusive" name="exclusive we"/>
  <value id="value_audience_we_copresent" name="co-present we"/>
  <value id="value_audience_we_allinclusive" name="all-inclusive we"/>
 </attribute>

 <attribute id="level_audience_you" name="audience" type="nominal_list" text="">
  <value id="value_audience_none" name="none"/>
  <value id="value_audience_you_deictic" name="deictic you"/>
  <value id="value_audience_you_generic" name="generic you"/>
 </attribute>

 <attribute id="level_split" name="split" type="nominal_button" text="">
  <value id="value_split_simple" name="simple antecedent" next = "level_antetype"/>
  <value id="value_split_split" name="split reference"/>
  <value id="value_split_noant" name="no explicit antecedent"/>
 </attribute>

 <attribute id="level_antetype" name="anteType" type="nominal_button" text="">
  <value id="value_antetype_simple" name="entity"/>
  <value id="value_antetype_split" name="event"/>
  <value id="value_antetype_noant" name="generic"/>
 </attribute>

 <attribute id="level_agreement_they" name="agreement" type="nominal_list" text="">
  <value id="value_agreement_none" name="none"/>
  <value id="value_agreement_theySg" name="they (sg.)"/>
  <value id="value_agreement_theyPl" name="they (pl.)"/>
 </attribute>

 <attribute id="level_agreement_you" name="agreement" type="nominal_list" text="">
  <value id="value_agreement_none" name="none"/>
  <value id="value_agreement_youSg" name="you (sg.)"/>
  <value id="value_agreement_youPl" name="you (pl.)"/>
 </attribute>

 <attribute id="level_position_it" name="position" type="nominal_list" text="">
  <value id="value_position_none" name="none"/>
  <value id="value_position_itSubj" name="it (subject)"/>
  <value id="value_position_itNonSubj" name="it (non-subject)"/>
 </attribute>
 
 <attribute id="level_position_you" name="position" type="nominal_list" text="">
  <value id="value_position_none" name="none"/>
  <value id="value_position_youSubj" name="you (subject)"/>
  <value id="value_position_youNonSubj" name="you (non-subject)"/>
 </attribute>
 
 <attribute id="level_nptype" name="NPtype" type="nominal_list" text="Choose type of NP">
  <value id="value_type_antecedent" name="antecedent"/>  
   <value id="value_nptype_np" name="np" next = "level_split,level_anacata" />
  <value id="value_nptype_comp" name="comparative" next = "level_split,level_comp"/>
  <value id="value_nptype_elli" name="nom-ellipsis" next = "level_split"/>
  <value id="value_nptype_appos" name="apposition" next="level_sub_apposition"/>
  <value id="value_nptype_unsure" name="Not sure. HELP!"/>
 </attribute>

 <attribute id="level_anacata" name="anacata" type="nominal_button" text="">
 <value id="value_anacata_anaphora" name="anaphoric" next = "level_npmod"/>  
  <value id="value_anacata_cataphora" name="cataphoric"  next = "level_npmod" />  
 </attribute>

 <attribute id="level_npmod" name="npmod" type="nominal_button" text="">
 <value id="value_npmod_poss" name="possessive"/>  
 <value id="value_npmod_dem" name="demonstrative"/>  
 <value id="value_npmod_art" name="def-article"/>  
 <value id="value_npmod_indef" name="indefinite"/>  
 <value id="value_npmod_barenoun" name="none"/>  
 </attribute>

 <attribute id="level_sub_apposition" name="sub_apposition" type="nominal_button" text="Choose appositional component">
  <value id="value_sub_apposition_none" name="none"/>
  <value id="value_sub_apposition_head" name="head"/>
  <value id="value_sub_apposition_attribute" name="attribute"/>
 </attribute>

<attribute id="level_comp" name="comparative" type="nominal_list" text="">
  <value id="value_comp_particular" name="part"/>
  <value id="value_comp_genereral" name="gen"/>
 </attribute>

 <attribute id="level_vptype" name="VPtype" type="nominal_list" text="Is this an antecedent or a substitution/ellipsis">
  <value id="value_vtype_antec" name="antecedent" />
  <value id="value_vtype_subst" name="verb-substitution" />
  <value id="value_vtype_elli" name="verb-ellipsis" />
  <value id="value_vtype_unsure" name="Not sure. HELP!"/>
 </attribute>

<attribute id="level_clausetype" name="ClauseType" type="nominal_list" text="Is this an antecedent or a substitution/ellipsis">
  <value id="value_clausetype_antec" name="antecedent" />
  <value id="value_clausetype_subst" name="clause-substitution" />
  <value id="value_clausetype_elli" name="clause-ellipsis" />
 <!-- <value id="value_subst_elli_mix" name="mix" />-->
  <value id="value_clausetype_unsure" name="Not sure. HELP!"/>
 </attribute>

  <!--<attribute id="level_core_substelli" name="Ante-or-Elli" type ="nominal_button" text ="Choose between antecedent or ellipsis"/>
 <value id="level_core_substelli_antecedent" name ="antecedent">
 <value id ="level_core_substelli_substelli" next="level_subst_elli">
 </attribute>-->

</annotationscheme>
