<?xml version="1.0" encoding="UTF-8" ?>
<!DOCTYPE words SYSTEM "words.dtd">
<words>
<word id="word_1">Im</word>
<word id="word_2">langen</word>
<word id="word_3">Laufe</word>
<word id="word_4">der</word>
<word id="word_5">Geschichte</word>
<word id="word_6">ist</word>
<word id="word_7">jene</word>
<word id="word_8">Krankheit</word>
<word id="word_9">,</word>
<word id="word_10">die</word>
<word id="word_11">mehr</word>
<word id="word_12">Leute</word>
<word id="word_13">als</word>
<word id="word_14">jede</word>
<word id="word_15">andere</word>
<word id="word_16">umgebracht</word>
<word id="word_17">hat</word>
<word id="word_18">,</word>
<word id="word_19">Malaria</word>
<word id="word_20">gewesen</word>
<word id="word_21">.</word>
<word id="word_22">Sie</word>
<word id="word_23">wird</word>
<word id="word_24">über</word>
<word id="word_25">die</word>
<word id="word_26">Stiche</word>
<word id="word_27">von</word>
<word id="word_28">infizierten</word>
<word id="word_29">Moskitos</word>
<word id="word_30">übertragen</word>
<word id="word_31">und</word>
<word id="word_32">ist</word>
<word id="word_33">wahrscheinlich</word>
<word id="word_34">unsere</word>
<word id="word_35">älteste</word>
<word id="word_36">Plage</word>
<word id="word_37">.</word>
<word id="word_38">Möglicherweise</word>
<word id="word_39">haben</word>
<word id="word_40">wir</word>
<word id="word_41">Malaria</word>
<word id="word_42">gehabt</word>
<word id="word_43">,</word>
<word id="word_44">seitdem</word>
<word id="word_45">wir</word>
<word id="word_46">uns</word>
<word id="word_47">von</word>
<word id="word_48">den</word>
<word id="word_49">Affen</word>
<word id="word_50">entwickelt</word>
<word id="word_51">haben</word>
<word id="word_52">,</word>
<word id="word_53">Und</word>
<word id="word_54">bis</word>
<word id="word_55">zum</word>
<word id="word_56">heutigen</word>
<word id="word_57">Tage</word>
<word id="word_58">gibt</word>
<word id="word_59">Malaria</word>
<word id="word_60">unserer</word>
<word id="word_61">Spezies</word>
<word id="word_62">schwer</word>
<word id="word_63">zu</word>
<word id="word_64">schaffen</word>
<word id="word_65">.</word>
<word id="word_66">Wir</word>
<word id="word_67">haben</word>
<word id="word_68">300</word>
<word id="word_69">Millionen</word>
<word id="word_70">Fälle</word>
<word id="word_71">pro</word>
<word id="word_72">Jahr</word>
<word id="word_73">und</word>
<word id="word_74">über</word>
<word id="word_75">eine</word>
<word id="word_76">halbe</word>
<word id="word_77">Million</word>
<word id="word_78">Todesfälle</word>
<word id="word_79">.</word>
<word id="word_80">Nun</word>
<word id="word_81">ergibt</word>
<word id="word_82">das</word>
<word id="word_83">eigentlich</word>
<word id="word_84">gar</word>
<word id="word_85">keinen</word>
<word id="word_86">Sinn</word>
<word id="word_87">.</word>
<word id="word_88">Wir</word>
<word id="word_89">wissen</word>
<word id="word_90">seit</word>
<word id="word_91">dem</word>
<word id="word_92">16.</word>
<word id="word_93">Jahrhundert</word>
<word id="word_94">,</word>
<word id="word_95">wie</word>
<word id="word_96">man</word>
<word id="word_97">Malaria</word>
<word id="word_98">heilt</word>
<word id="word_99">.</word>
<word id="word_100">Damals</word>
<word id="word_101">entdeckten</word>
<word id="word_102">die</word>
<word id="word_103">jesuitischen</word>
<word id="word_104">Missionare</word>
<word id="word_105">in</word>
<word id="word_106">Peru</word>
<word id="word_107">die</word>
<word id="word_108">Chinarinde</word>
<word id="word_109">und</word>
<word id="word_110">in</word>
<word id="word_111">dieser</word>
<word id="word_112">Rinde</word>
<word id="word_113">war</word>
<word id="word_114">Chinin</word>
<word id="word_115">enthalten</word>
<word id="word_116">,</word>
<word id="word_117">was</word>
<word id="word_118">bis</word>
<word id="word_119">heute</word>
<word id="word_120">ein</word>
<word id="word_121">wirksames</word>
<word id="word_122">Heilmittel</word>
<word id="word_123">für</word>
<word id="word_124">Malaria</word>
<word id="word_125">ist</word>
<word id="word_126">.</word>
<word id="word_127">Demnach</word>
<word id="word_128">wissen</word>
<word id="word_129">wir</word>
<word id="word_130">seit</word>
<word id="word_131">Jahrhunderten</word>
<word id="word_132">,</word>
<word id="word_133">wie</word>
<word id="word_134">man</word>
<word id="word_135">Malaria</word>
<word id="word_136">heilt</word>
<word id="word_137">.</word>
<word id="word_138">Wir</word>
<word id="word_139">wissen</word>
<word id="word_140">seit</word>
<word id="word_141">1897</word>
<word id="word_142">,</word>
<word id="word_143">wie</word>
<word id="word_144">man</word>
<word id="word_145">Malaria</word>
<word id="word_146">vorbeugt</word>
<word id="word_147">.</word>
<word id="word_148">Da</word>
<word id="word_149">entdeckte</word>
<word id="word_150">nämlich</word>
<word id="word_151">der</word>
<word id="word_152">Chirurg</word>
<word id="word_153">der</word>
<word id="word_154">Britischen</word>
<word id="word_155">Armee</word>
<word id="word_156">,</word>
<word id="word_157">Ronald</word>
<word id="word_158">Ross</word>
<word id="word_159">,</word>
<word id="word_160">dass</word>
<word id="word_161">Moskitos</word>
<word id="word_162">Malaria</word>
<word id="word_163">übertragen</word>
<word id="word_164">,</word>
<word id="word_165">und</word>
<word id="word_166">nicht</word>
<word id="word_167">schlechte</word>
<word id="word_168">Luft</word>
<word id="word_169">oder</word>
<word id="word_170">Miasmen</word>
<word id="word_171">,</word>
<word id="word_172">wie</word>
<word id="word_173">zuvor</word>
<word id="word_174">gedacht</word>
<word id="word_175">wurde</word>
<word id="word_176">.</word>
<word id="word_177">Also</word>
<word id="word_178">sollte</word>
<word id="word_179">man</word>
<word id="word_180">das</word>
<word id="word_181">Problem</word>
<word id="word_182">der</word>
<word id="word_183">Malaria</word>
<word id="word_184">relativ</word>
<word id="word_185">simpel</word>
<word id="word_186">lösen</word>
<word id="word_187">können</word>
<word id="word_188">,</word>
<word id="word_189">und</word>
<word id="word_190">trotzdem</word>
<word id="word_191">werden</word>
<word id="word_192">auch</word>
<word id="word_193">heute</word>
<word id="word_194">Hunderte</word>
<word id="word_195">von</word>
<word id="word_196">Leuten</word>
<word id="word_197">an</word>
<word id="word_198">einem</word>
<word id="word_199">Moskitostich</word>
<word id="word_200">sterben</word>
<word id="word_201">.</word>
<word id="word_202">Warum</word>
<word id="word_203">ist</word>
<word id="word_204">das</word>
<word id="word_205">so</word>
<word id="word_206">?</word>
<word id="word_207">Das</word>
<word id="word_208">ist</word>
<word id="word_209">eine</word>
<word id="word_210">Frage</word>
<word id="word_211">,</word>
<word id="word_212">die</word>
<word id="word_213">mich</word>
<word id="word_214">persönlich</word>
<word id="word_215">lange</word>
<word id="word_216">eingenommen</word>
<word id="word_217">hat</word>
<word id="word_218">.</word>
<word id="word_219">Ich</word>
<word id="word_220">bin</word>
<word id="word_221">als</word>
<word id="word_222">Tochter</word>
<word id="word_223">von</word>
<word id="word_224">indischen</word>
<word id="word_225">Immigranten</word>
<word id="word_226">aufgewachsen</word>
<word id="word_227">und</word>
<word id="word_228">habe</word>
<word id="word_229">jeden</word>
<word id="word_230">Sommer</word>
<word id="word_231">meine</word>
<word id="word_232">Cousins</word>
<word id="word_233">in</word>
<word id="word_234">Indien</word>
<word id="word_235">besucht</word>
<word id="word_236">.</word>
<word id="word_237">Da</word>
<word id="word_238">ich</word>
<word id="word_239">nicht</word>
<word id="word_240">gegen</word>
<word id="word_241">die</word>
<word id="word_242">einheimische</word>
<word id="word_243">Malaria</word>
<word id="word_244">immun</word>
<word id="word_245">war</word>
<word id="word_246">,</word>
<word id="word_247">musste</word>
<word id="word_248">ich</word>
<word id="word_249">jede</word>
<word id="word_250">Nacht</word>
<word id="word_251">unter</word>
<word id="word_252">einem</word>
<word id="word_253">heißen</word>
<word id="word_254">,</word>
<word id="word_255">schwitzigen</word>
<word id="word_256">Moskitonetz</word>
<word id="word_257">schlafen</word>
<word id="word_258">,</word>
<word id="word_259">während</word>
<word id="word_260">meine</word>
<word id="word_261">Cousins</word>
<word id="word_262">draußen</word>
<word id="word_263">auf</word>
<word id="word_264">der</word>
<word id="word_265">Terrasse</word>
<word id="word_266">schlafen</word>
<word id="word_267">durften</word>
<word id="word_268">ein</word>
<word id="word_269">kühles</word>
<word id="word_270">,</word>
<word id="word_271">angenehmes</word>
<word id="word_272">Lüftchen</word>
<word id="word_273">über</word>
<word id="word_274">sie</word>
<word id="word_275">wehen</word>
<word id="word_276">hatten</word>
<word id="word_277">.</word>
<word id="word_278">Ich</word>
<word id="word_279">habe</word>
<word id="word_280">die</word>
<word id="word_281">Moskitos</word>
<word id="word_282">dafür</word>
<word id="word_283">wirklich</word>
<word id="word_284">gehasst</word>
<word id="word_285">.</word>
<word id="word_286">Aber</word>
<word id="word_287">ich</word>
<word id="word_288">komme</word>
<word id="word_289">auch</word>
<word id="word_290">aus</word>
<word id="word_291">einer</word>
<word id="word_292">jainistischen</word>
<word id="word_293">Familie</word>
<word id="word_294">,</word>
<word id="word_295">und</word>
<word id="word_296">Jainismus</word>
<word id="word_297">ist</word>
<word id="word_298">eine</word>
<word id="word_299">Religion</word>
<word id="word_300">,</word>
<word id="word_301">die</word>
<word id="word_302">mit</word>
<word id="word_303">einer</word>
<word id="word_304">sehr</word>
<word id="word_305">extremen</word>
<word id="word_306">Form</word>
<word id="word_307">der</word>
<word id="word_308">Gewaltlosigkeit</word>
<word id="word_309">verbunden</word>
<word id="word_310">ist</word>
<word id="word_311">.</word>
<word id="word_312">Also</word>
<word id="word_313">sollen</word>
<word id="word_314">Jainisten</word>
<word id="word_315">kein</word>
<word id="word_316">Fleisch</word>
<word id="word_317">essen</word>
<word id="word_318">.</word>
<word id="word_319">Wir</word>
<word id="word_320">sollen</word>
<word id="word_321">nicht</word>
<word id="word_322">auf</word>
<word id="word_323">Gras</word>
<word id="word_324">laufen</word>
<word id="word_325">,</word>
<word id="word_326">weil</word>
<word id="word_327">man</word>
<word id="word_328">,</word>
<word id="word_329">na</word>
<word id="word_330">ja</word>
<word id="word_331">,</word>
<word id="word_332">dabei</word>
<word id="word_333">unabsichtlich</word>
<word id="word_334">einige</word>
<word id="word_335">Insekten</word>
<word id="word_336">umbringen</word>
<word id="word_337">könnte</word>
<word id="word_338">.</word>
<word id="word_339">Wir</word>
<word id="word_340">sollen</word>
<word id="word_341">auf</word>
<word id="word_342">keinen</word>
<word id="word_343">Fall</word>
<word id="word_344">Moskitos</word>
<word id="word_345">zerklatschen</word>
<word id="word_346">.</word>
<word id="word_347">Also</word>
<word id="word_348">war</word>
<word id="word_349">mir</word>
<word id="word_350">die</word>
<word id="word_351">furchterregende</word>
<word id="word_352">Macht</word>
<word id="word_353">dieses</word>
<word id="word_354">kleinen</word>
<word id="word_355">Insekts</word>
<word id="word_356">schon</word>
<word id="word_357">frühzeitig</word>
<word id="word_358">offensichtlich</word>
<word id="word_359">und</word>
<word id="word_360">es</word>
<word id="word_361">ist</word>
<word id="word_362">ein</word>
<word id="word_363">Grund</word>
<word id="word_364">,</word>
<word id="word_365">warum</word>
<word id="word_366">ich</word>
<word id="word_367">5</word>
<word id="word_368">Jahre</word>
<word id="word_369">als</word>
<word id="word_370">Journalistin</word>
<word id="word_371">damit</word>
<word id="word_372">verbracht</word>
<word id="word_373">habe</word>
<word id="word_374">,</word>
<word id="word_375">zu</word>
<word id="word_376">verstehen</word>
<word id="word_377">,</word>
<word id="word_378">warum</word>
<word id="word_379">Malaria</word>
<word id="word_380">so</word>
<word id="word_381">lange</word>
<word id="word_382">so</word>
<word id="word_383">eine</word>
<word id="word_384">schlimme</word>
<word id="word_385">Plage</word>
<word id="word_386">für</word>
<word id="word_387">uns</word>
<word id="word_388">alle</word>
<word id="word_389">gewesen</word>
<word id="word_390">ist</word>
<word id="word_391">.</word>
<word id="word_392">Und</word>
<word id="word_393">ich</word>
<word id="word_394">glaube</word>
<word id="word_395">,</word>
<word id="word_396">es</word>
<word id="word_397">gibt</word>
<word id="word_398">3</word>
<word id="word_399">Hauptgründe</word>
<word id="word_400">dafür</word>
<word id="word_401">.</word>
<word id="word_402">Diese</word>
<word id="word_403">3</word>
<word id="word_404">Gründe</word>
<word id="word_405">summieren</word>
<word id="word_406">sich</word>
<word id="word_407">zu</word>
<word id="word_408">einem</word>
<word id="word_409">vierten</word>
<word id="word_410">Grund</word>
<word id="word_411">,</word>
<word id="word_412">der</word>
<word id="word_413">wahrscheinlich</word>
<word id="word_414">der</word>
<word id="word_415">wichtigste</word>
<word id="word_416">Grund</word>
<word id="word_417">von</word>
<word id="word_418">allen</word>
<word id="word_419">ist</word>
<word id="word_420">.</word>
<word id="word_421">Der</word>
<word id="word_422">erste</word>
<word id="word_423">Grund</word>
<word id="word_424">ist</word>
<word id="word_425">ein</word>
<word id="word_426">wissenschaftlicher</word>
<word id="word_427">.</word>
<word id="word_428">Dieser</word>
<word id="word_429">kleine</word>
<word id="word_430">Parasit</word>
<word id="word_431">,</word>
<word id="word_432">der</word>
<word id="word_433">Malaria</word>
<word id="word_434">verursacht</word>
<word id="word_435">,</word>
<word id="word_436">ist</word>
<word id="word_437">wahrscheinlich</word>
<word id="word_438">einer</word>
<word id="word_439">der</word>
<word id="word_440">komplexesten</word>
<word id="word_441">und</word>
<word id="word_442">trickreichsten</word>
<word id="word_443">Erreger</word>
<word id="word_444">,</word>
<word id="word_445">die</word>
<word id="word_446">wir</word>
<word id="word_447">kennen</word>
<word id="word_448">.</word>
<word id="word_449">Er</word>
<word id="word_450">verbringt</word>
<word id="word_451">sein</word>
<word id="word_452">halbes</word>
<word id="word_453">Leben</word>
<word id="word_454">in</word>
<word id="word_455">einem</word>
<word id="word_456">kaltblütigen</word>
<word id="word_457">Moskito</word>
<word id="word_458">und</word>
<word id="word_459">die</word>
<word id="word_460">andere</word>
<word id="word_461">Hälfte</word>
<word id="word_462">in</word>
<word id="word_463">einem</word>
<word id="word_464">warmblütigen</word>
<word id="word_465">Menschen</word>
<word id="word_466">.</word>
<word id="word_467">Diese</word>
<word id="word_468">zwei</word>
<word id="word_469">Umgebungen</word>
<word id="word_470">sind</word>
<word id="word_471">komplett</word>
<word id="word_472">verschieden</word>
<word id="word_473">,</word>
<word id="word_474">und</word>
<word id="word_475">zudem</word>
<word id="word_476">sind</word>
<word id="word_477">sie</word>
<word id="word_478">beide</word>
<word id="word_479">durchweg</word>
<word id="word_480">feindselig</word>
<word id="word_481">.</word>
<word id="word_482">Also</word>
<word id="word_483">versucht</word>
<word id="word_484">das</word>
<word id="word_485">Insekt</word>
<word id="word_486">dauernd</word>
<word id="word_487">,</word>
<word id="word_488">den</word>
<word id="word_489">Parasiten</word>
<word id="word_490">abzuwehren</word>
<word id="word_491">,</word>
<word id="word_492">und</word>
<word id="word_493">genauso</word>
<word id="word_494">versucht</word>
<word id="word_495">ihn</word>
<word id="word_496">der</word>
<word id="word_497">menschliche</word>
<word id="word_498">Körper</word>
<word id="word_499">dauernd</word>
<word id="word_500">abzuwehren</word>
<word id="word_501">.</word>
<word id="word_502">Dieses</word>
<word id="word_503">kleine</word>
<word id="word_504">Wesen</word>
<word id="word_505">überlebt</word>
<word id="word_506">so</word>
<word id="word_507">eine</word>
<word id="word_508">Belagerung</word>
<word id="word_509">,</word>
<word id="word_510">und</word>
<word id="word_511">es</word>
<word id="word_512">überlebt</word>
<word id="word_513">sie</word>
<word id="word_514">nicht</word>
<word id="word_515">nur</word>
<word id="word_516">,</word>
<word id="word_517">sondern</word>
<word id="word_518">er</word>
<word id="word_519">gedeiht</word>
<word id="word_520">sogar</word>
<word id="word_521">prächtig</word>
<word id="word_522">.</word>
<word id="word_523">Es</word>
<word id="word_524">hat</word>
<word id="word_525">sich</word>
<word id="word_526">ausgebreitet</word>
<word id="word_527">.</word>
<word id="word_528">Es</word>
<word id="word_529">hat</word>
<word id="word_530">ungeahnte</word>
<word id="word_531">Möglichkeiten</word>
<word id="word_532">,</word>
<word id="word_533">einen</word>
<word id="word_534">Angriff</word>
<word id="word_535">zu</word>
<word id="word_536">überleben</word>
<word id="word_537">.</word>
<word id="word_538">Es</word>
<word id="word_539">ist</word>
<word id="word_540">zum</word>
<word id="word_541">einen</word>
<word id="word_542">ein</word>
<word id="word_543">Gestaltwandler</word>
<word id="word_544">.</word>
<word id="word_545">Genauso</word>
<word id="word_546">wie</word>
<word id="word_547">eine</word>
<word id="word_548">Raupe</word>
<word id="word_549">sich</word>
<word id="word_550">in</word>
<word id="word_551">einen</word>
<word id="word_552">Schmetterling</word>
<word id="word_553">verwandelt</word>
<word id="word_554">,</word>
<word id="word_555">verwandelt</word>
<word id="word_556">sich</word>
<word id="word_557">der</word>
<word id="word_558">Malariaparasit</word>
<word id="word_559">sieben</word>
<word id="word_560">Mal</word>
<word id="word_561">in</word>
<word id="word_562">seinem</word>
<word id="word_563">Lebenszyklus</word>
<word id="word_564">.</word>
<word id="word_565">Und</word>
<word id="word_566">jedes</word>
<word id="word_567">dieser</word>
<word id="word_568">Lebensstadien</word>
<word id="word_569">sieht</word>
<word id="word_570">nicht</word>
<word id="word_571">nur</word>
<word id="word_572">komplett</word>
<word id="word_573">anders</word>
<word id="word_574">aus</word>
<word id="word_575">,</word>
<word id="word_576">sondern</word>
<word id="word_577">hat</word>
<word id="word_578">auch</word>
<word id="word_579">eine</word>
<word id="word_580">komplett</word>
<word id="word_581">unterschiedliche</word>
<word id="word_582">Physiologie</word>
<word id="word_583">.</word>
<word id="word_584">Sagen</word>
<word id="word_585">wir</word>
<word id="word_586">mal</word>
<word id="word_587">,</word>
<word id="word_588">Sie</word>
<word id="word_589">denken</word>
<word id="word_590">sich</word>
<word id="word_591">ein</word>
<word id="word_592">tolles</word>
<word id="word_593">Medikament</word>
<word id="word_594">aus</word>
<word id="word_595">,</word>
<word id="word_596">welches</word>
<word id="word_597">gegen</word>
<word id="word_598">ein</word>
<word id="word_599">Lebensstadium</word>
<word id="word_600">des</word>
<word id="word_601">Parasiten</word>
<word id="word_602">funktioniert</word>
<word id="word_603">.</word>
<word id="word_604">Möglicherweise</word>
<word id="word_605">würde</word>
<word id="word_606">es</word>
<word id="word_607">aber</word>
<word id="word_608">in</word>
<word id="word_609">keinster</word>
<word id="word_610">Weise</word>
<word id="word_611">in</word>
<word id="word_612">den</word>
<word id="word_613">anderen</word>
<word id="word_614">Stadien</word>
<word id="word_615">wirken</word>
<word id="word_616">.</word>
<word id="word_617">Er</word>
<word id="word_618">kann</word>
<word id="word_619">sich</word>
<word id="word_620">unentdeckt</word>
<word id="word_621">in</word>
<word id="word_622">unserem</word>
<word id="word_623">Körper</word>
<word id="word_624">verstecken</word>
<word id="word_625">,</word>
<word id="word_626">ohne</word>
<word id="word_627">dass</word>
<word id="word_628">wir</word>
<word id="word_629">es</word>
<word id="word_630">wissen</word>
<word id="word_631">,</word>
<word id="word_632">tagelang</word>
<word id="word_633">,</word>
<word id="word_634">wochenlang</word>
<word id="word_635">,</word>
<word id="word_636">monatelang</word>
<word id="word_637">,</word>
<word id="word_638">jahrelang</word>
<word id="word_639">,</word>
<word id="word_640">und</word>
<word id="word_641">in</word>
<word id="word_642">manchen</word>
<word id="word_643">Fällen</word>
<word id="word_644">sogar</word>
<word id="word_645">jahrzehntelang</word>
<word id="word_646">.</word>
<word id="word_647">Also</word>
<word id="word_648">ist</word>
<word id="word_649">dieser</word>
<word id="word_650">Parasit</word>
<word id="word_651">eine</word>
<word id="word_652">riesige</word>
<word id="word_653">wissenschaftliche</word>
<word id="word_654">Herausforderung</word>
<word id="word_655">,</word>
<word id="word_656">aber</word>
<word id="word_657">genauso</word>
<word id="word_658">der</word>
<word id="word_659">Moskito</word>
<word id="word_660">,</word>
<word id="word_661">der</word>
<word id="word_662">den</word>
<word id="word_663">Parasiten</word>
<word id="word_664">überträgt</word>
<word id="word_665">.</word>
<word id="word_666">Nur</word>
<word id="word_667">ungefähr</word>
<word id="word_668">12</word>
<word id="word_669">Moskitoarten</word>
<word id="word_670">übertragen</word>
<word id="word_671">größtenteils</word>
<word id="word_672">die</word>
<word id="word_673">Malaria</word>
<word id="word_674">dieser</word>
<word id="word_675">Welt</word>
<word id="word_676">und</word>
<word id="word_677">wir</word>
<word id="word_678">wissen</word>
<word id="word_679">einiges</word>
<word id="word_680">über</word>
<word id="word_681">die</word>
<word id="word_682">Wasserlebensräume</word>
<word id="word_683">,</word>
<word id="word_684">auf</word>
<word id="word_685">die</word>
<word id="word_686">sie</word>
<word id="word_687">spezialisiert</word>
<word id="word_688">sind</word>
<word id="word_689">.</word>
<word id="word_690">Sie</word>
<word id="word_691">denken</word>
<word id="word_692">wahrscheinlich</word>
<word id="word_693">,</word>
<word id="word_694">also</word>
<word id="word_695">warum</word>
<word id="word_696">meiden</word>
<word id="word_697">wir</word>
<word id="word_698">nicht</word>
<word id="word_699">einfach</word>
<word id="word_700">die</word>
<word id="word_701">Orte</word>
<word id="word_702">,</word>
<word id="word_703">an</word>
<word id="word_704">denen</word>
<word id="word_705">diese</word>
<word id="word_706">Killermoskitos</word>
<word id="word_707">leben</word>
<word id="word_708">?</word>
<word id="word_709">Wir</word>
<word id="word_710">könnten</word>
<word id="word_711">die</word>
<word id="word_712">Orte</word>
<word id="word_713">meiden</word>
<word id="word_714">,</word>
<word id="word_715">an</word>
<word id="word_716">denen</word>
<word id="word_717">Killergrizzlybären</word>
<word id="word_718">leben</word>
<word id="word_719">,</word>
<word id="word_720">und</word>
<word id="word_721">die</word>
<word id="word_722">Orte</word>
<word id="word_723">,</word>
<word id="word_724">an</word>
<word id="word_725">denen</word>
<word id="word_726">Killerkrokodile</word>
<word id="word_727">leben</word>
<word id="word_728">.</word>
<word id="word_729">Aber</word>
<word id="word_730">sagen</word>
<word id="word_731">wir</word>
<word id="word_732">mal</word>
<word id="word_733">,</word>
<word id="word_734">dass</word>
<word id="word_735">Sie</word>
<word id="word_736">in</word>
<word id="word_737">den</word>
<word id="word_738">Tropen</word>
<word id="word_739">wohnen</word>
<word id="word_740">und</word>
<word id="word_741">Sie</word>
<word id="word_742">laufen</word>
<word id="word_743">eines</word>
<word id="word_744">Tages</word>
<word id="word_745">außerhalb</word>
<word id="word_746">Ihrer</word>
<word id="word_747">Hütte</word>
<word id="word_748">und</word>
<word id="word_749">lassen</word>
<word id="word_750">ein</word>
<word id="word_751">paar</word>
<word id="word_752">Fußabdrücke</word>
<word id="word_753">in</word>
<word id="word_754">der</word>
<word id="word_755">weichen</word>
<word id="word_756">Erde</word>
<word id="word_757">um</word>
<word id="word_758">Ihr</word>
<word id="word_759">Heim</word>
<word id="word_760">.</word>
<word id="word_761">Oder</word>
<word id="word_762">sagen</word>
<word id="word_763">wir</word>
<word id="word_764">,</word>
<word id="word_765">dass</word>
<word id="word_766">Ihre</word>
<word id="word_767">Kuh</word>
<word id="word_768">das</word>
<word id="word_769">tut</word>
<word id="word_770">,</word>
<word id="word_771">oder</word>
<word id="word_772">Ihr</word>
<word id="word_773">Schwein</word>
<word id="word_774">,</word>
<word id="word_775">und</word>
<word id="word_776">dann</word>
<word id="word_777">regnet</word>
<word id="word_778">es</word>
<word id="word_779">und</word>
<word id="word_780">Ihr</word>
<word id="word_781">Fußabdruck</word>
<word id="word_782">füllt</word>
<word id="word_783">sich</word>
<word id="word_784">mit</word>
<word id="word_785">ein</word>
<word id="word_786">bisschen</word>
<word id="word_787">Wasser</word>
<word id="word_788">.</word>
<word id="word_789">Dann</word>
<word id="word_790">haben</word>
<word id="word_791">wir</word>
<word id="word_792">'</word>
<word id="word_793">s.</word>
<word id="word_794">Sie</word>
<word id="word_795">haben</word>
<word id="word_796">den</word>
<word id="word_797">perfekten</word>
<word id="word_798">Lebensraum</word>
<word id="word_799">für</word>
<word id="word_800">Malariamoskitos</word>
<word id="word_801">direkt</word>
<word id="word_802">vor</word>
<word id="word_803">Ihrer</word>
<word id="word_804">Haustüre</word>
<word id="word_805">geschaffen</word>
<word id="word_806">.</word>
<word id="word_807">Demnach</word>
<word id="word_808">ist</word>
<word id="word_809">es</word>
<word id="word_810">für</word>
<word id="word_811">uns</word>
<word id="word_812">nicht</word>
<word id="word_813">so</word>
<word id="word_814">einfach</word>
<word id="word_815">,</word>
<word id="word_816">diesen</word>
<word id="word_817">Insekten</word>
<word id="word_818">zu</word>
<word id="word_819">entkommen</word>
<word id="word_820">.</word>
<word id="word_821">Wir</word>
<word id="word_822">schaffen</word>
<word id="word_823">sozusagen</word>
<word id="word_824">Orte</word>
<word id="word_825">,</word>
<word id="word_826">die</word>
<word id="word_827">sie</word>
<word id="word_828">lieben</word>
<word id="word_829">,</word>
<word id="word_830">indem</word>
<word id="word_831">wir</word>
<word id="word_832">einfach</word>
<word id="word_833">unser</word>
<word id="word_834">Leben</word>
<word id="word_835">leben</word>
<word id="word_836">.</word>
<word id="word_837">Eine</word>
<word id="word_838">riesige</word>
<word id="word_839">wissenschaftliche</word>
<word id="word_840">Herausforderung</word>
<word id="word_841">,</word>
<word id="word_842">aber</word>
<word id="word_843">auch</word>
<word id="word_844">eine</word>
<word id="word_845">riesige</word>
<word id="word_846">wirtschaftliche</word>
<word id="word_847">.</word>
<word id="word_848">Malaria</word>
<word id="word_849">kommt</word>
<word id="word_850">an</word>
<word id="word_851">einigen</word>
<word id="word_852">der</word>
<word id="word_853">ärmsten</word>
<word id="word_854">und</word>
<word id="word_855">abgelegensten</word>
<word id="word_856">Orte</word>
<word id="word_857">der</word>
<word id="word_858">Welt</word>
<word id="word_859">vor</word>
<word id="word_860">,</word>
<word id="word_861">und</word>
<word id="word_862">es</word>
<word id="word_863">gibt</word>
<word id="word_864">einen</word>
<word id="word_865">Grund</word>
<word id="word_866">dafür</word>
<word id="word_867">.</word>
<word id="word_868">Wenn</word>
<word id="word_869">man</word>
<word id="word_870">arm</word>
<word id="word_871">ist</word>
<word id="word_872">,</word>
<word id="word_873">ist</word>
<word id="word_874">es</word>
<word id="word_875">wahrscheinlicher</word>
<word id="word_876">,</word>
<word id="word_877">dass</word>
<word id="word_878">man</word>
<word id="word_879">Malaria</word>
<word id="word_880">bekommt</word>
<word id="word_881">.</word>
<word id="word_882">Wenn</word>
<word id="word_883">man</word>
<word id="word_884">arm</word>
<word id="word_885">ist</word>
<word id="word_886">,</word>
<word id="word_887">ist</word>
<word id="word_888">es</word>
<word id="word_889">wahrscheinlicher</word>
<word id="word_890">,</word>
<word id="word_891">dass</word>
<word id="word_892">man</word>
<word id="word_893">in</word>
<word id="word_894">einer</word>
<word id="word_895">einfachen</word>
<word id="word_896">Unterkunft</word>
<word id="word_897">wohnt</word>
<word id="word_898">in</word>
<word id="word_899">einem</word>
<word id="word_900">Randgebiet</word>
<word id="word_901">,</word>
<word id="word_902">mit</word>
<word id="word_903">einem</word>
<word id="word_904">schlechten</word>
<word id="word_905">Abwassersystem</word>
<word id="word_906">.</word>
<word id="word_907">Das</word>
<word id="word_908">sind</word>
<word id="word_909">die</word>
<word id="word_910">Orte</word>
<word id="word_911">,</word>
<word id="word_912">an</word>
<word id="word_913">denen</word>
<word id="word_914">Moskitos</word>
<word id="word_915">sich</word>
<word id="word_916">fortpflanzen</word>
<word id="word_917">.</word>
<word id="word_918">Es</word>
<word id="word_919">ist</word>
<word id="word_920">unwahrscheinlicher</word>
<word id="word_921">,</word>
<word id="word_922">dass</word>
<word id="word_923">man</word>
<word id="word_924">Mückengitter</word>
<word id="word_925">an</word>
<word id="word_926">Türen</word>
<word id="word_927">und</word>
<word id="word_928">Fenstern</word>
<word id="word_929">hat</word>
<word id="word_930">.</word>
<word id="word_931">Oder</word>
<word id="word_932">dass</word>
<word id="word_933">man</word>
<word id="word_934">Strom</word>
<word id="word_935">hat</word>
<word id="word_936">,</word>
<word id="word_937">der</word>
<word id="word_938">so</word>
<word id="word_939">viele</word>
<word id="word_940">Innenaktivitäten</word>
<word id="word_941">möglich</word>
<word id="word_942">macht</word>
<word id="word_943">.</word>
<word id="word_944">Somit</word>
<word id="word_945">ist</word>
<word id="word_946">man</word>
<word id="word_947">mehr</word>
<word id="word_948">draußen</word>
<word id="word_949">.</word>
<word id="word_950">Man</word>
<word id="word_951">wird</word>
<word id="word_952">öfters</word>
<word id="word_953">von</word>
<word id="word_954">Moskitos</word>
<word id="word_955">gestochen</word>
<word id="word_956">.</word>
<word id="word_957">Demnach</word>
<word id="word_958">verursacht</word>
<word id="word_959">Armut</word>
<word id="word_960">Malaria</word>
<word id="word_961">,</word>
<word id="word_962">aber</word>
<word id="word_963">wir</word>
<word id="word_964">wissen</word>
<word id="word_965">heute</word>
<word id="word_966">auch</word>
<word id="word_967">,</word>
<word id="word_968">dass</word>
<word id="word_969">Malaria</word>
<word id="word_970">selbst</word>
<word id="word_971">Armut</word>
<word id="word_972">verursacht</word>
<word id="word_973">.</word>
<word id="word_974">Zum</word>
<word id="word_975">einen</word>
<word id="word_976">schlägt</word>
<word id="word_977">sie</word>
<word id="word_978">am</word>
<word id="word_979">härtesten</word>
<word id="word_980">zur</word>
<word id="word_981">Erntezeit</word>
<word id="word_982">zu</word>
<word id="word_983">–</word>
<word id="word_984">also</word>
<word id="word_985">genau</word>
<word id="word_986">dann</word>
<word id="word_987">,</word>
<word id="word_988">wenn</word>
<word id="word_989">Bauern</word>
<word id="word_990">auf</word>
<word id="word_991">den</word>
<word id="word_992">Feldern</word>
<word id="word_993">sein</word>
<word id="word_994">und</word>
<word id="word_995">ernten</word>
<word id="word_996">müssen</word>
<word id="word_997">,</word>
<word id="word_998">sind</word>
<word id="word_999">sie</word>
<word id="word_1000">zuhause</word>
<word id="word_1001">und</word>
<word id="word_1002">haben</word>
<word id="word_1003">Fieber</word>
<word id="word_1004">.</word>
<word id="word_1005">Aber</word>
<word id="word_1006">sie</word>
<word id="word_1007">macht</word>
<word id="word_1008">Leute</word>
<word id="word_1009">auch</word>
<word id="word_1010">empfänglicher</word>
<word id="word_1011">für</word>
<word id="word_1012">andere</word>
<word id="word_1013">Todesursachen</word>
<word id="word_1014">.</word>
<word id="word_1015">Folgendes</word>
<word id="word_1016">ist</word>
<word id="word_1017">passiert</word>
<word id="word_1018">.</word>
<word id="word_1019">Wir</word>
<word id="word_1020">haben</word>
<word id="word_1021">es</word>
<word id="word_1022">geschafft</word>
<word id="word_1023">,</word>
<word id="word_1024">Malaria</word>
<word id="word_1025">aus</word>
<word id="word_1026">einer</word>
<word id="word_1027">Gesellschaft</word>
<word id="word_1028">zu</word>
<word id="word_1029">entfernen</word>
<word id="word_1030">.</word>
<word id="word_1031">Alles</word>
<word id="word_1032">andere</word>
<word id="word_1033">bleibt</word>
<word id="word_1034">gleich</word>
<word id="word_1035">,</word>
<word id="word_1036">schlechtes</word>
<word id="word_1037">Essen</word>
<word id="word_1038">,</word>
<word id="word_1039">schlechtes</word>
<word id="word_1040">Wasser</word>
<word id="word_1041">,</word>
<word id="word_1042">schlechte</word>
<word id="word_1043">sanitäre</word>
<word id="word_1044">Anlagen</word>
<word id="word_1045">,</word>
<word id="word_1046">alles</word>
<word id="word_1047">,</word>
<word id="word_1048">was</word>
<word id="word_1049">Leute</word>
<word id="word_1050">krank</word>
<word id="word_1051">macht</word>
<word id="word_1052">.</word>
<word id="word_1053">Aber</word>
<word id="word_1054">wenn</word>
<word id="word_1055">man</word>
<word id="word_1056">davon</word>
<word id="word_1057">nur</word>
<word id="word_1058">Malaria</word>
<word id="word_1059">rausnimmt</word>
<word id="word_1060">,</word>
<word id="word_1061">nehmen</word>
<word id="word_1062">Todesfälle</word>
<word id="word_1063">durch</word>
<word id="word_1064">alle</word>
<word id="word_1065">anderen</word>
<word id="word_1066">Gründe</word>
<word id="word_1067">ab</word>
<word id="word_1068">.</word>
<word id="word_1069">Der</word>
<word id="word_1070">Ökonom</word>
<word id="word_1071">Jeff</word>
<word id="word_1072">Sachs</word>
<word id="word_1073">hat</word>
<word id="word_1074">sogar</word>
<word id="word_1075">in</word>
<word id="word_1076">Zahlen</word>
<word id="word_1077">ausgedrückt</word>
<word id="word_1078">,</word>
<word id="word_1079">was</word>
<word id="word_1080">das</word>
<word id="word_1081">für</word>
<word id="word_1082">eine</word>
<word id="word_1083">Gesellschaft</word>
<word id="word_1084">bedeutet</word>
<word id="word_1085">.</word>
<word id="word_1086">Nämlich</word>
<word id="word_1087">:</word>
<word id="word_1088">Wenn</word>
<word id="word_1089">man</word>
<word id="word_1090">Malaria</word>
<word id="word_1091">in</word>
<word id="word_1092">seiner</word>
<word id="word_1093">Gesellschaft</word>
<word id="word_1094">hat</word>
<word id="word_1095">,</word>
<word id="word_1096">dann</word>
<word id="word_1097">flaut</word>
<word id="word_1098">das</word>
<word id="word_1099">Wirtschaftswachstum</word>
<word id="word_1100">um</word>
<word id="word_1101">1,3</word>
<word id="word_1102">Prozent</word>
<word id="word_1103">jedes</word>
<word id="word_1104">Jahr</word>
<word id="word_1105">ab</word>
<word id="word_1106">,</word>
<word id="word_1107">das</word>
<word id="word_1108">Jahr</word>
<word id="word_1109">um</word>
<word id="word_1110">Jahr</word>
<word id="word_1111">,</word>
<word id="word_1112">nur</word>
<word id="word_1113">wegen</word>
<word id="word_1114">dieser</word>
<word id="word_1115">einen</word>
<word id="word_1116">Krankheit</word>
<word id="word_1117">.</word>
<word id="word_1118">Das</word>
<word id="word_1119">stellt</word>
<word id="word_1120">also</word>
<word id="word_1121">eine</word>
<word id="word_1122">große</word>
<word id="word_1123">wirtschaftliche</word>
<word id="word_1124">Herausforderung</word>
<word id="word_1125">dar</word>
<word id="word_1126">,</word>
<word id="word_1127">denn</word>
<word id="word_1128">nehmen</word>
<word id="word_1129">wir</word>
<word id="word_1130">an</word>
<word id="word_1131">,</word>
<word id="word_1132">dass</word>
<word id="word_1133">Sie</word>
<word id="word_1134">tatsächlich</word>
<word id="word_1135">Ihre</word>
<word id="word_1136">tolle</word>
<word id="word_1137">Arznei</word>
<word id="word_1138">entdecken</word>
<word id="word_1139">,</word>
<word id="word_1140">oder</word>
<word id="word_1141">Ihren</word>
<word id="word_1142">tollen</word>
<word id="word_1143">Impfstoff</word>
<word id="word_1144">–</word>
<word id="word_1145">wie</word>
<word id="word_1146">bringen</word>
<word id="word_1147">Sie</word>
<word id="word_1148">diese</word>
<word id="word_1149">an</word>
<word id="word_1150">einen</word>
<word id="word_1151">Ort</word>
<word id="word_1152">ohne</word>
<word id="word_1153">Straßen</word>
<word id="word_1154">,</word>
<word id="word_1155">ohne</word>
<word id="word_1156">Infrastruktur</word>
<word id="word_1157">,</word>
<word id="word_1158">wo</word>
<word id="word_1159">es</word>
<word id="word_1160">keinen</word>
<word id="word_1161">Strom</word>
<word id="word_1162">gibt</word>
<word id="word_1163">,</word>
<word id="word_1164">um</word>
<word id="word_1165">Dinge</word>
<word id="word_1166">zu</word>
<word id="word_1167">kühlen</word>
<word id="word_1168">,</word>
<word id="word_1169">wo</word>
<word id="word_1170">es</word>
<word id="word_1171">keine</word>
<word id="word_1172">Kliniken</word>
<word id="word_1173">gibt</word>
<word id="word_1174">,</word>
<word id="word_1175">wo</word>
<word id="word_1176">es</word>
<word id="word_1177">keine</word>
<word id="word_1178">Krankenhausärzte</word>
<word id="word_1179">gibt</word>
<word id="word_1180">,</word>
<word id="word_1181">die</word>
<word id="word_1182">diese</word>
<word id="word_1183">Dinge</word>
<word id="word_1184">dorthin</word>
<word id="word_1185">bringen</word>
<word id="word_1186">,</word>
<word id="word_1187">wo</word>
<word id="word_1188">sie</word>
<word id="word_1189">gebraucht</word>
<word id="word_1190">werden</word>
<word id="word_1191">?</word>
<word id="word_1192">Demnach</word>
<word id="word_1193">besteht</word>
<word id="word_1194">eine</word>
<word id="word_1195">große</word>
<word id="word_1196">wirtschaftliche</word>
<word id="word_1197">Herausforderung</word>
<word id="word_1198">darin</word>
<word id="word_1199">,</word>
<word id="word_1200">Malaria</word>
<word id="word_1201">zu</word>
<word id="word_1202">bändigen</word>
<word id="word_1203">.</word>
<word id="word_1204">Aber</word>
<word id="word_1205">mit</word>
<word id="word_1206">der</word>
<word id="word_1207">wissenschaftlichen</word>
<word id="word_1208">und</word>
<word id="word_1209">der</word>
<word id="word_1210">wirtschaftlichen</word>
<word id="word_1211">Herausforderung</word>
<word id="word_1212">kommt</word>
<word id="word_1213">auch</word>
<word id="word_1214">eine</word>
<word id="word_1215">kulturelle</word>
<word id="word_1216">Herausforderung</word>
<word id="word_1217">,</word>
<word id="word_1218">und</word>
<word id="word_1219">dies</word>
<word id="word_1220">ist</word>
<word id="word_1221">wahrscheinlich</word>
<word id="word_1222">der</word>
<word id="word_1223">Teil</word>
<word id="word_1224">der</word>
<word id="word_1225">Malaria</word>
<word id="word_1226">,</word>
<word id="word_1227">über</word>
<word id="word_1228">den</word>
<word id="word_1229">Leute</word>
<word id="word_1230">nicht</word>
<word id="word_1231">gerne</word>
<word id="word_1232">sprechen</word>
<word id="word_1233">.</word>
<word id="word_1234">Und</word>
<word id="word_1235">es</word>
<word id="word_1236">ist</word>
<word id="word_1237">paradox</word>
<word id="word_1238">,</word>
<word id="word_1239">dass</word>
<word id="word_1240">die</word>
<word id="word_1241">Leute</word>
<word id="word_1242">,</word>
<word id="word_1243">die</word>
<word id="word_1244">am</word>
<word id="word_1245">häufigsten</word>
<word id="word_1246">Malaria</word>
<word id="word_1247">auf</word>
<word id="word_1248">dieser</word>
<word id="word_1249">Welt</word>
<word id="word_1250">kriegen</word>
<word id="word_1251">,</word>
<word id="word_1252">dazu</word>
<word id="word_1253">neigen</word>
<word id="word_1254">,</word>
<word id="word_1255">sich</word>
<word id="word_1256">darum</word>
<word id="word_1257">am</word>
<word id="word_1258">wenigsten</word>
<word id="word_1259">zu</word>
<word id="word_1260">sorgen</word>
<word id="word_1261">.</word>
<word id="word_1262">Das</word>
<word id="word_1263">haben</word>
<word id="word_1264">medizinische</word>
<word id="word_1265">Anthropologen</word>
<word id="word_1266">immer</word>
<word id="word_1267">wieder</word>
<word id="word_1268">herausgefunden</word>
<word id="word_1269">.</word>
<word id="word_1270">Sie</word>
<word id="word_1271">fragen</word>
<word id="word_1272">Leute</word>
<word id="word_1273">in</word>
<word id="word_1274">malariainfizierten</word>
<word id="word_1275">Gebieten</word>
<word id="word_1276">:</word>
<word id="word_1277">"</word>
<word id="word_1278">Was</word>
<word id="word_1279">denken</word>
<word id="word_1280">Sie</word>
<word id="word_1281">über</word>
<word id="word_1282">Malaria</word>
<word id="word_1283">?</word>
<word id="word_1284">"</word>
<word id="word_1285">Und</word>
<word id="word_1286">anstelle</word>
<word id="word_1287">:</word>
<word id="word_1288">"</word>
<word id="word_1289">Es</word>
<word id="word_1290">ist</word>
<word id="word_1291">eine</word>
<word id="word_1292">tödliche</word>
<word id="word_1293">Krankheit</word>
<word id="word_1294">.</word>
<word id="word_1295">Wir</word>
<word id="word_1296">haben</word>
<word id="word_1297">davor</word>
<word id="word_1298">Angst</word>
<word id="word_1299">.</word>
<word id="word_1300">"</word>
<word id="word_1301">sagen</word>
<word id="word_1302">sie</word>
<word id="word_1303">:</word>
<word id="word_1304">"</word>
<word id="word_1305">Malaria</word>
<word id="word_1306">ist</word>
<word id="word_1307">ein</word>
<word id="word_1308">alltägliches</word>
<word id="word_1309">Problem</word>
<word id="word_1310">im</word>
<word id="word_1311">Leben</word>
<word id="word_1312">.</word>
<word id="word_1313">"</word>
<word id="word_1314">Und</word>
<word id="word_1315">so</word>
<word id="word_1316">war</word>
<word id="word_1317">auf</word>
<word id="word_1318">jeden</word>
<word id="word_1319">Fall</word>
<word id="word_1320">auch</word>
<word id="word_1321">meine</word>
<word id="word_1322">persönliche</word>
<word id="word_1323">Erfahrung</word>
<word id="word_1324">.</word>
<word id="word_1325">Als</word>
<word id="word_1326">ich</word>
<word id="word_1327">meinen</word>
<word id="word_1328">Verwandten</word>
<word id="word_1329">in</word>
<word id="word_1330">Indien</word>
<word id="word_1331">erzählt</word>
<word id="word_1332">habe</word>
<word id="word_1333">,</word>
<word id="word_1334">dass</word>
<word id="word_1335">ich</word>
<word id="word_1336">ein</word>
<word id="word_1337">Buch</word>
<word id="word_1338">über</word>
<word id="word_1339">Malaria</word>
<word id="word_1340">schreibe</word>
<word id="word_1341">,</word>
<word id="word_1342">haben</word>
<word id="word_1343">sie</word>
<word id="word_1344">mich</word>
<word id="word_1345">so</word>
<word id="word_1346">angeschaut</word>
<word id="word_1347">,</word>
<word id="word_1348">als</word>
<word id="word_1349">ob</word>
<word id="word_1350">ich</word>
<word id="word_1351">erzählt</word>
<word id="word_1352">hätte</word>
<word id="word_1353">,</word>
<word id="word_1354">dass</word>
<word id="word_1355">ich</word>
<word id="word_1356">ein</word>
<word id="word_1357">Buch</word>
<word id="word_1358">über</word>
<word id="word_1359">Warzen</word>
<word id="word_1360">schriebe</word>
<word id="word_1361">.</word>
<word id="word_1362">In</word>
<word id="word_1363">etwa</word>
<word id="word_1364">,</word>
<word id="word_1365">warum</word>
<word id="word_1366">würde</word>
<word id="word_1367">man</word>
<word id="word_1368">über</word>
<word id="word_1369">etwas</word>
<word id="word_1370">so</word>
<word id="word_1371">Langweiliges</word>
<word id="word_1372">,</word>
<word id="word_1373">so</word>
<word id="word_1374">Alltägliches</word>
<word id="word_1375">schreiben</word>
<word id="word_1376">?</word>
<word id="word_1377">Und</word>
<word id="word_1378">es</word>
<word id="word_1379">ist</word>
<word id="word_1380">schlicht</word>
<word id="word_1381">und</word>
<word id="word_1382">einfach</word>
<word id="word_1383">Risikowahrnehmung</word>
<word id="word_1384">.</word>
<word id="word_1385">Ein</word>
<word id="word_1386">Kind</word>
<word id="word_1387">in</word>
<word id="word_1388">Malawi</word>
<word id="word_1389">,</word>
<word id="word_1390">zum</word>
<word id="word_1391">Beispiel</word>
<word id="word_1392">,</word>
<word id="word_1393">könnte</word>
<word id="word_1394">12</word>
<word id="word_1395">Mal</word>
<word id="word_1396">von</word>
<word id="word_1397">Malaria</word>
<word id="word_1398">befallen</word>
<word id="word_1399">werden</word>
<word id="word_1400">,</word>
<word id="word_1401">bevor</word>
<word id="word_1402">es</word>
<word id="word_1403">das</word>
<word id="word_1404">Alter</word>
<word id="word_1405">von</word>
<word id="word_1406">zwei</word>
<word id="word_1407">erreicht</word>
<word id="word_1408">hat</word>
<word id="word_1409">,</word>
<word id="word_1410">aber</word>
<word id="word_1411">wenn</word>
<word id="word_1412">es</word>
<word id="word_1413">überlebt</word>
<word id="word_1414">,</word>
<word id="word_1415">wird</word>
<word id="word_1416">es</word>
<word id="word_1417">weiterhin</word>
<word id="word_1418">Malaria</word>
<word id="word_1419">in</word>
<word id="word_1420">seinem</word>
<word id="word_1421">Leben</word>
<word id="word_1422">bekommen</word>
<word id="word_1423">,</word>
<word id="word_1424">aber</word>
<word id="word_1425">es</word>
<word id="word_1426">wird</word>
<word id="word_1427">viel</word>
<word id="word_1428">unwahrscheinlicher</word>
<word id="word_1429">,</word>
<word id="word_1430">dass</word>
<word id="word_1431">es</word>
<word id="word_1432">daran</word>
<word id="word_1433">stirbt</word>
<word id="word_1434">.</word>
<word id="word_1435">Und</word>
<word id="word_1436">seiner</word>
<word id="word_1437">Lebenserfahrung</word>
<word id="word_1438">nach</word>
<word id="word_1439">ist</word>
<word id="word_1440">Malaria</word>
<word id="word_1441">also</word>
<word id="word_1442">etwas</word>
<word id="word_1443">,</word>
<word id="word_1444">das</word>
<word id="word_1445">kommt</word>
<word id="word_1446">und</word>
<word id="word_1447">geht</word>
<word id="word_1448">.</word>
<word id="word_1449">Und</word>
<word id="word_1450">das</word>
<word id="word_1451">stimmt</word>
<word id="word_1452">sogar</word>
<word id="word_1453">für</word>
<word id="word_1454">den</word>
<word id="word_1455">Großteil</word>
<word id="word_1456">der</word>
<word id="word_1457">Malaria</word>
<word id="word_1458">dieser</word>
<word id="word_1459">Welt</word>
<word id="word_1460">.</word>
<word id="word_1461">Der</word>
<word id="word_1462">Großteil</word>
<word id="word_1463">der</word>
<word id="word_1464">Malaria</word>
<word id="word_1465">dieser</word>
<word id="word_1466">Welt</word>
<word id="word_1467">kommt</word>
<word id="word_1468">und</word>
<word id="word_1469">geht</word>
<word id="word_1470">von</word>
<word id="word_1471">selbst</word>
<word id="word_1472">.</word>
<word id="word_1473">Es</word>
<word id="word_1474">ist</word>
<word id="word_1475">nur</word>
<word id="word_1476">so</word>
<word id="word_1477">,</word>
<word id="word_1478">dass</word>
<word id="word_1479">es</word>
<word id="word_1480">so</word>
<word id="word_1481">viel</word>
<word id="word_1482">Malaria</word>
<word id="word_1483">gibt</word>
<word id="word_1484">,</word>
<word id="word_1485">dass</word>
<word id="word_1486">dieser</word>
<word id="word_1487">kleine</word>
<word id="word_1488">Anteil</word>
<word id="word_1489">der</word>
<word id="word_1490">Fälle</word>
<word id="word_1491">,</word>
<word id="word_1492">der</word>
<word id="word_1493">im</word>
<word id="word_1494">Tod</word>
<word id="word_1495">endet</word>
<word id="word_1496">,</word>
<word id="word_1497">sich</word>
<word id="word_1498">zu</word>
<word id="word_1499">einer</word>
<word id="word_1500">großen</word>
<word id="word_1501">,</word>
<word id="word_1502">riesigen</word>
<word id="word_1503">Zahl</word>
<word id="word_1504">summiert</word>
<word id="word_1505">.</word>
<word id="word_1506">Leute</word>
<word id="word_1507">in</word>
<word id="word_1508">Malariagebieten</word>
<word id="word_1509">denken</word>
<word id="word_1510">wohl</word>
<word id="word_1511">so</word>
<word id="word_1512">über</word>
<word id="word_1513">Malaria</word>
<word id="word_1514">wie</word>
<word id="word_1515">wir</word>
<word id="word_1516">in</word>
<word id="word_1517">den</word>
<word id="word_1518">gemäßigten</word>
<word id="word_1519">Breiten</word>
<word id="word_1520">über</word>
<word id="word_1521">Erkältung</word>
<word id="word_1522">und</word>
<word id="word_1523">Grippe</word>
<word id="word_1524">.</word>
<word id="word_1525">Erkältung</word>
<word id="word_1526">und</word>
<word id="word_1527">Grippe</word>
<word id="word_1528">sind</word>
<word id="word_1529">eine</word>
<word id="word_1530">große</word>
<word id="word_1531">Last</word>
<word id="word_1532">für</word>
<word id="word_1533">unsere</word>
<word id="word_1534">Gesellschaften</word>
<word id="word_1535">und</word>
<word id="word_1536">unser</word>
<word id="word_1537">Leben</word>
<word id="word_1538">,</word>
<word id="word_1539">aber</word>
<word id="word_1540">wir</word>
<word id="word_1541">treffen</word>
<word id="word_1542">nicht</word>
<word id="word_1543">einmal</word>
<word id="word_1544">die</word>
<word id="word_1545">einfachsten</word>
<word id="word_1546">Vorkehrungen</word>
<word id="word_1547">gegen</word>
<word id="word_1548">sie</word>
<word id="word_1549">,</word>
<word id="word_1550">weil</word>
<word id="word_1551">wir</word>
<word id="word_1552">es</word>
<word id="word_1553">für</word>
<word id="word_1554">normal</word>
<word id="word_1555">halten</word>
<word id="word_1556">,</word>
<word id="word_1557">in</word>
<word id="word_1558">der</word>
<word id="word_1559">kalten</word>
<word id="word_1560">Jahreszeit</word>
<word id="word_1561">an</word>
<word id="word_1562">einer</word>
<word id="word_1563">Erkältung</word>
<word id="word_1564">oder</word>
<word id="word_1565">Grippe</word>
<word id="word_1566">zu</word>
<word id="word_1567">erkranken</word>
<word id="word_1568">.</word>
<word id="word_1569">Demnach</word>
<word id="word_1570">ist</word>
<word id="word_1571">das</word>
<word id="word_1572">Bändigen</word>
<word id="word_1573">von</word>
<word id="word_1574">Malaria</word>
<word id="word_1575">eine</word>
<word id="word_1576">große</word>
<word id="word_1577">kulturelle</word>
<word id="word_1578">Herausforderung</word>
<word id="word_1579">,</word>
<word id="word_1580">denn</word>
<word id="word_1581">wenn</word>
<word id="word_1582">Leute</word>
<word id="word_1583">denken</word>
<word id="word_1584">,</word>
<word id="word_1585">dass</word>
<word id="word_1586">Malaria</word>
<word id="word_1587">normal</word>
<word id="word_1588">ist</word>
<word id="word_1589">,</word>
<word id="word_1590">wie</word>
<word id="word_1591">bekommt</word>
<word id="word_1592">man</word>
<word id="word_1593">sie</word>
<word id="word_1594">dazu</word>
<word id="word_1595">,</word>
<word id="word_1596">zum</word>
<word id="word_1597">Arzt</word>
<word id="word_1598">zu</word>
<word id="word_1599">gehen</word>
<word id="word_1600">,</word>
<word id="word_1601">diagnostiziert</word>
<word id="word_1602">zu</word>
<word id="word_1603">werden</word>
<word id="word_1604">,</word>
<word id="word_1605">ihr</word>
<word id="word_1606">Rezept</word>
<word id="word_1607">zu</word>
<word id="word_1608">holen</word>
<word id="word_1609">und</word>
<word id="word_1610">einzulösen</word>
<word id="word_1611">,</word>
<word id="word_1612">die</word>
<word id="word_1613">Arznei</word>
<word id="word_1614">zu</word>
<word id="word_1615">sich</word>
<word id="word_1616">zu</word>
<word id="word_1617">nehmen</word>
<word id="word_1618">,</word>
<word id="word_1619">die</word>
<word id="word_1620">Abwehrmittel</word>
<word id="word_1621">aufzutragen</word>
<word id="word_1622">,</word>
<word id="word_1623">ihre</word>
<word id="word_1624">Moskitonetze</word>
<word id="word_1625">zu</word>
<word id="word_1626">benutzen</word>
<word id="word_1627">.</word>
<word id="word_1628">Im</word>
<word id="word_1629">Bändigen</word>
<word id="word_1630">der</word>
<word id="word_1631">Krankheit</word>
<word id="word_1632">besteht</word>
<word id="word_1633">eine</word>
<word id="word_1634">riesige</word>
<word id="word_1635">kulturelle</word>
<word id="word_1636">Herausforderung</word>
<word id="word_1637">.</word>
<word id="word_1638">Also</word>
<word id="word_1639">fassen</word>
<word id="word_1640">wir</word>
<word id="word_1641">das</word>
<word id="word_1642">mal</word>
<word id="word_1643">zusammen</word>
<word id="word_1644">.</word>
<word id="word_1645">Wir</word>
<word id="word_1646">haben</word>
<word id="word_1647">eine</word>
<word id="word_1648">Krankheit</word>
<word id="word_1649">.</word>
<word id="word_1650">Sie</word>
<word id="word_1651">ist</word>
<word id="word_1652">wissenschaftlich</word>
<word id="word_1653">komplex</word>
<word id="word_1654">,</word>
<word id="word_1655">eine</word>
<word id="word_1656">wirtschaftliche</word>
<word id="word_1657">Herausforderung</word>
<word id="word_1658">,</word>
<word id="word_1659">und</word>
<word id="word_1660">die</word>
<word id="word_1661">größten</word>
<word id="word_1662">potentiellen</word>
<word id="word_1663">Nutznießer</word>
<word id="word_1664">interessieren</word>
<word id="word_1665">sich</word>
<word id="word_1666">am</word>
<word id="word_1667">wenigsten</word>
<word id="word_1668">für</word>
<word id="word_1669">sie</word>
<word id="word_1670">.</word>
<word id="word_1671">Und</word>
<word id="word_1672">das</word>
<word id="word_1673">summiert</word>
<word id="word_1674">sich</word>
<word id="word_1675">zum</word>
<word id="word_1676">größten</word>
<word id="word_1677">Problem</word>
<word id="word_1678">überhaupt</word>
<word id="word_1679">,</word>
<word id="word_1680">was</word>
<word id="word_1681">,</word>
<word id="word_1682">natürlich</word>
<word id="word_1683">,</word>
<word id="word_1684">das</word>
<word id="word_1685">politische</word>
<word id="word_1686">Problem</word>
<word id="word_1687">ist</word>
<word id="word_1688">.</word>
<word id="word_1689">Wie</word>
<word id="word_1690">überzeugt</word>
<word id="word_1691">man</word>
<word id="word_1692">politische</word>
<word id="word_1693">Führer</word>
<word id="word_1694">,</word>
<word id="word_1695">etwas</word>
<word id="word_1696">gegen</word>
<word id="word_1697">so</word>
<word id="word_1698">ein</word>
<word id="word_1699">Problem</word>
<word id="word_1700">zu</word>
<word id="word_1701">tun</word>
<word id="word_1702">?</word>
<word id="word_1703">Geschichtlich</word>
<word id="word_1704">gesehen</word>
<word id="word_1705">kann</word>
<word id="word_1706">man</word>
<word id="word_1707">es</word>
<word id="word_1708">nicht</word>
<word id="word_1709">.</word>
<word id="word_1710">Die</word>
<word id="word_1711">meisten</word>
<word id="word_1712">Malaria-Gesellschaften</word>
<word id="word_1713">haben</word>
<word id="word_1714">die</word>
<word id="word_1715">Geschichte</word>
<word id="word_1716">hindurch</word>
<word id="word_1717">einfach</word>
<word id="word_1718">mit</word>
<word id="word_1719">der</word>
<word id="word_1720">Krankheit</word>
<word id="word_1721">gelebt</word>
<word id="word_1722">.</word>
<word id="word_1723">Demnach</word>
<word id="word_1724">kamen</word>
<word id="word_1725">die</word>
<word id="word_1726">Hauptangriffe</word>
<word id="word_1727">gegen</word>
<word id="word_1728">Malaria</word>
<word id="word_1729">von</word>
<word id="word_1730">außerhalb</word>
<word id="word_1731">der</word>
<word id="word_1732">Malaria-Gesellschaften</word>
<word id="word_1733">,</word>
<word id="word_1734">von</word>
<word id="word_1735">Leuten</word>
<word id="word_1736">,</word>
<word id="word_1737">die</word>
<word id="word_1738">nicht</word>
<word id="word_1739">durch</word>
<word id="word_1740">diese</word>
<word id="word_1741">eher</word>
<word id="word_1742">lähmende</word>
<word id="word_1743">Politik</word>
<word id="word_1744">eingeengt</word>
<word id="word_1745">werden</word>
<word id="word_1746">.</word>
<word id="word_1747">Aber</word>
<word id="word_1748">das</word>
<word id="word_1749">führt</word>
<word id="word_1750">zu</word>
<word id="word_1751">einer</word>
<word id="word_1752">Reihe</word>
<word id="word_1753">neuartiger</word>
<word id="word_1754">Schwierigkeiten</word>
<word id="word_1755">.</word>
<word id="word_1756">Der</word>
<word id="word_1757">erste</word>
<word id="word_1758">gezielte</word>
<word id="word_1759">Angriff</word>
<word id="word_1760">gegen</word>
<word id="word_1761">Malaria</word>
<word id="word_1762">begann</word>
<word id="word_1763">in</word>
<word id="word_1764">den</word>
<word id="word_1765">50er</word>
<word id="word_1766">Jahren</word>
<word id="word_1767">.</word>
<word id="word_1768">Es</word>
<word id="word_1769">war</word>
<word id="word_1770">das</word>
<word id="word_1771">Geistesprodukt</word>
<word id="word_1772">des</word>
<word id="word_1773">U.S.-Außenministeriums.</word>
<word id="word_1774">Und</word>
<word id="word_1775">diese</word>
<word id="word_1776">Bemühungen</word>
<word id="word_1777">verstanden</word>
<word id="word_1778">die</word>
<word id="word_1779">wirtschaftliche</word>
<word id="word_1780">Herausforderung</word>
<word id="word_1781">sehr</word>
<word id="word_1782">gut</word>
<word id="word_1783">.</word>
<word id="word_1784">Sie</word>
<word id="word_1785">wussten</word>
<word id="word_1786">,</word>
<word id="word_1787">dass</word>
<word id="word_1788">sie</word>
<word id="word_1789">sich</word>
<word id="word_1790">auf</word>
<word id="word_1791">billige</word>
<word id="word_1792">,</word>
<word id="word_1793">leicht</word>
<word id="word_1794">handhabbare</word>
<word id="word_1795">Mittel</word>
<word id="word_1796">spezialisieren</word>
<word id="word_1797">mussten</word>
<word id="word_1798">und</word>
<word id="word_1799">spezialisierten</word>
<word id="word_1800">sich</word>
<word id="word_1801">auf</word>
<word id="word_1802">DDT</word>
<word id="word_1803">.</word>
<word id="word_1804">Sie</word>
<word id="word_1805">verstanden</word>
<word id="word_1806">die</word>
<word id="word_1807">kulturelle</word>
<word id="word_1808">Herausforderung</word>
<word id="word_1809">.</word>
<word id="word_1810">Sie</word>
<word id="word_1811">hatten</word>
<word id="word_1812">sogar</word>
<word id="word_1813">die</word>
<word id="word_1814">eher</word>
<word id="word_1815">bevormundende</word>
<word id="word_1816">Ansicht</word>
<word id="word_1817">,</word>
<word id="word_1818">dass</word>
<word id="word_1819">die</word>
<word id="word_1820">Leute</word>
<word id="word_1821">mit</word>
<word id="word_1822">Malariarisiko</word>
<word id="word_1823">gar</word>
<word id="word_1824">nicht</word>
<word id="word_1825">erst</word>
<word id="word_1826">gefragt</word>
<word id="word_1827">werden</word>
<word id="word_1828">sollten</word>
<word id="word_1829">.</word>
<word id="word_1830">Alles</word>
<word id="word_1831">sollte</word>
<word id="word_1832">ihnen</word>
<word id="word_1833">angetan</word>
<word id="word_1834">und</word>
<word id="word_1835">für</word>
<word id="word_1836">sie</word>
<word id="word_1837">getan</word>
<word id="word_1838">werden</word>
<word id="word_1839">.</word>
<word id="word_1840">Aber</word>
<word id="word_1841">sie</word>
<word id="word_1842">unterschätzten</word>
<word id="word_1843">die</word>
<word id="word_1844">wissenschaftliche</word>
<word id="word_1845">Herausforderung</word>
<word id="word_1846">um</word>
<word id="word_1847">einiges</word>
<word id="word_1848">.</word>
<word id="word_1849">Sie</word>
<word id="word_1850">hatten</word>
<word id="word_1851">so</word>
<word id="word_1852">viel</word>
<word id="word_1853">Vertrauen</word>
<word id="word_1854">in</word>
<word id="word_1855">ihre</word>
<word id="word_1856">Instrumente</word>
<word id="word_1857">,</word>
<word id="word_1858">dass</word>
<word id="word_1859">sie</word>
<word id="word_1860">mit</word>
<word id="word_1861">der</word>
<word id="word_1862">Malariaforschung</word>
<word id="word_1863">aufhörten</word>
<word id="word_1864">.</word>
<word id="word_1865">Und</word>
<word id="word_1866">als</word>
<word id="word_1867">diese</word>
<word id="word_1868">Instrumente</word>
<word id="word_1869">anfingen</word>
<word id="word_1870">zu</word>
<word id="word_1871">versagen</word>
<word id="word_1872">und</word>
<word id="word_1873">die</word>
<word id="word_1874">öffentliche</word>
<word id="word_1875">Meinung</word>
<word id="word_1876">anfing</word>
<word id="word_1877">,</word>
<word id="word_1878">sich</word>
<word id="word_1879">gegen</word>
<word id="word_1880">diese</word>
<word id="word_1881">Instrumente</word>
<word id="word_1882">zu</word>
<word id="word_1883">wehren</word>
<word id="word_1884">,</word>
<word id="word_1885">hatten</word>
<word id="word_1886">sie</word>
<word id="word_1887">keine</word>
<word id="word_1888">wissenschaftliche</word>
<word id="word_1889">Kompetenzen</word>
<word id="word_1890">,</word>
<word id="word_1891">um</word>
<word id="word_1892">herauszufinden</word>
<word id="word_1893">,</word>
<word id="word_1894">was</word>
<word id="word_1895">zu</word>
<word id="word_1896">machen</word>
<word id="word_1897">sei</word>
<word id="word_1898">.</word>
<word id="word_1899">Die</word>
<word id="word_1900">Kampagne</word>
<word id="word_1901">brach</word>
<word id="word_1902">zusammen</word>
<word id="word_1903">,</word>
<word id="word_1904">Malaria</word>
<word id="word_1905">kam</word>
<word id="word_1906">zurück</word>
<word id="word_1907">,</word>
<word id="word_1908">aber</word>
<word id="word_1909">dieses</word>
<word id="word_1910">Mal</word>
<word id="word_1911">war</word>
<word id="word_1912">sie</word>
<word id="word_1913">schlimmer</word>
<word id="word_1914">als</word>
<word id="word_1915">je</word>
<word id="word_1916">zuvor</word>
<word id="word_1917">,</word>
<word id="word_1918">weil</word>
<word id="word_1919">sie</word>
<word id="word_1920">an</word>
<word id="word_1921">den</word>
<word id="word_1922">entlegensten</word>
<word id="word_1923">Orten</word>
<word id="word_1924">eingezäunt</word>
<word id="word_1925">wurde</word>
<word id="word_1926">in</word>
<word id="word_1927">den</word>
<word id="word_1928">am</word>
<word id="word_1929">schwierigsten</word>
<word id="word_1930">kontrollierbaren</word>
<word id="word_1931">Formen</word>
<word id="word_1932">.</word>
<word id="word_1933">Ein</word>
<word id="word_1934">WHO-Funktionär</word>
<word id="word_1935">jener</word>
<word id="word_1936">Zeit</word>
<word id="word_1937">nannte</word>
<word id="word_1938">diese</word>
<word id="word_1939">Kampagne</word>
<word id="word_1940">sogar</word>
<word id="word_1941">"</word>
<word id="word_1942">einen</word>
<word id="word_1943">der</word>
<word id="word_1944">größten</word>
<word id="word_1945">Fehler</word>
<word id="word_1946">aller</word>
<word id="word_1947">Zeiten</word>
<word id="word_1948">in</word>
<word id="word_1949">der</word>
<word id="word_1950">öffentlichen</word>
<word id="word_1951">Gesundheit</word>
<word id="word_1952">.</word>
<word id="word_1953">"</word>
<word id="word_1954">Der</word>
<word id="word_1955">letzte</word>
<word id="word_1956">Versuch</word>
<word id="word_1957">,</word>
<word id="word_1958">Malaria</word>
<word id="word_1959">zu</word>
<word id="word_1960">bändigen</word>
<word id="word_1961">,</word>
<word id="word_1962">wurde</word>
<word id="word_1963">in</word>
<word id="word_1964">den</word>
<word id="word_1965">späten</word>
<word id="word_1966">90ern</word>
<word id="word_1967">angefangen</word>
<word id="word_1968">.</word>
<word id="word_1969">Er</word>
<word id="word_1970">wird</word>
<word id="word_1971">auf</word>
<word id="word_1972">ähnliche</word>
<word id="word_1973">Weise</word>
<word id="word_1974">von</word>
<word id="word_1975">außerhalb</word>
<word id="word_1976">der</word>
<word id="word_1977">Malariagebiete</word>
<word id="word_1978">dirigiert</word>
<word id="word_1979">und</word>
<word id="word_1980">finanziert</word>
<word id="word_1981">.</word>
<word id="word_1982">Dieser</word>
<word id="word_1983">Versuch</word>
<word id="word_1984">versteht</word>
<word id="word_1985">die</word>
<word id="word_1986">wissenschaftliche</word>
<word id="word_1987">Herausforderung</word>
<word id="word_1988">gut</word>
<word id="word_1989">.</word>
<word id="word_1990">Diese</word>
<word id="word_1991">Leute</word>
<word id="word_1992">betreiben</word>
<word id="word_1993">jede</word>
<word id="word_1994">Menge</word>
<word id="word_1995">Malariaforschung</word>
<word id="word_1996">und</word>
<word id="word_1997">sie</word>
<word id="word_1998">verstehen</word>
<word id="word_1999">auch</word>
<word id="word_2000">die</word>
<word id="word_2001">wirtschaftliche</word>
<word id="word_2002">Herausforderung</word>
<word id="word_2003">.</word>
<word id="word_2004">Sie</word>
<word id="word_2005">spezialisieren</word>
<word id="word_2006">sich</word>
<word id="word_2007">auf</word>
<word id="word_2008">sehr</word>
<word id="word_2009">billige</word>
<word id="word_2010">,</word>
<word id="word_2011">leicht</word>
<word id="word_2012">handhabbare</word>
<word id="word_2013">Instrumente</word>
<word id="word_2014">.</word>
<word id="word_2015">Aber</word>
<word id="word_2016">hier</word>
<word id="word_2017">denke</word>
<word id="word_2018">ich</word>
<word id="word_2019">,</word>
<word id="word_2020">das</word>
<word id="word_2021">Problem</word>
<word id="word_2022">ist</word>
<word id="word_2023">die</word>
<word id="word_2024">kulturelle</word>
<word id="word_2025">Herausforderung</word>
<word id="word_2026">.</word>
<word id="word_2027">Das</word>
<word id="word_2028">Herzstück</word>
<word id="word_2029">des</word>
<word id="word_2030">jetzigen</word>
<word id="word_2031">Versuchs</word>
<word id="word_2032">ist</word>
<word id="word_2033">das</word>
<word id="word_2034">Moskitonetz</word>
<word id="word_2035">.</word>
<word id="word_2036">Es</word>
<word id="word_2037">wird</word>
<word id="word_2038">mit</word>
<word id="word_2039">Insektiziden</word>
<word id="word_2040">behandelt</word>
<word id="word_2041">.</word>
<word id="word_2042">Es</word>
<word id="word_2043">wurde</word>
<word id="word_2044">millionenfach</word>
<word id="word_2045">in</word>
<word id="word_2046">allen</word>
<word id="word_2047">Malariagebieten</word>
<word id="word_2048">verteilt</word>
<word id="word_2049">.</word>
<word id="word_2050">Und</word>
<word id="word_2051">wenn</word>
<word id="word_2052">man</word>
<word id="word_2053">darüber</word>
<word id="word_2054">nachdenkt</word>
<word id="word_2055">,</word>
<word id="word_2056">ist</word>
<word id="word_2057">das</word>
<word id="word_2058">Moskitonetz</word>
<word id="word_2059">eine</word>
<word id="word_2060">Art</word>
<word id="word_2061">chirurgischer</word>
<word id="word_2062">Eingriff</word>
<word id="word_2063">.</word>
<word id="word_2064">Es</word>
<word id="word_2065">hat</word>
<word id="word_2066">keinen</word>
<word id="word_2067">wirklichen</word>
<word id="word_2068">Wert</word>
<word id="word_2069">für</word>
<word id="word_2070">eine</word>
<word id="word_2071">Familie</word>
<word id="word_2072">,</word>
<word id="word_2073">außer</word>
<word id="word_2074">dass</word>
<word id="word_2075">es</word>
<word id="word_2076">hilft</word>
<word id="word_2077">,</word>
<word id="word_2078">Malaria</word>
<word id="word_2079">vorzubeugen</word>
<word id="word_2080">.</word>
<word id="word_2081">Und</word>
<word id="word_2082">trotzdem</word>
<word id="word_2083">bitten</word>
<word id="word_2084">wir</word>
<word id="word_2085">die</word>
<word id="word_2086">Leute</word>
<word id="word_2087">darum</word>
<word id="word_2088">,</word>
<word id="word_2089">jede</word>
<word id="word_2090">Nacht</word>
<word id="word_2091">unter</word>
<word id="word_2092">diesem</word>
<word id="word_2093">Netz</word>
<word id="word_2094">zu</word>
<word id="word_2095">schlafen</word>
<word id="word_2096">.</word>
<word id="word_2097">Nur</word>
<word id="word_2098">so</word>
<word id="word_2099">können</word>
<word id="word_2100">sie</word>
<word id="word_2101">effektiv</word>
<word id="word_2102">sein</word>
<word id="word_2103">.</word>
<word id="word_2104">Und</word>
<word id="word_2105">sie</word>
<word id="word_2106">sollen</word>
<word id="word_2107">dies</word>
<word id="word_2108">selbst</word>
<word id="word_2109">dann</word>
<word id="word_2110">tun</word>
<word id="word_2111">,</word>
<word id="word_2112">wenn</word>
<word id="word_2113">das</word>
<word id="word_2114">Netz</word>
<word id="word_2115">die</word>
<word id="word_2116">Brise</word>
<word id="word_2117">aufhält</word>
<word id="word_2118">,</word>
<word id="word_2119">oder</word>
<word id="word_2120">wenn</word>
<word id="word_2121">sie</word>
<word id="word_2122">mitten</word>
<word id="word_2123">in</word>
<word id="word_2124">der</word>
<word id="word_2125">Nacht</word>
<word id="word_2126">auf</word>
<word id="word_2127">die</word>
<word id="word_2128">Toilette</word>
<word id="word_2129">müssen</word>
<word id="word_2130">,</word>
<word id="word_2131">oder</word>
<word id="word_2132">wenn</word>
<word id="word_2133">sie</word>
<word id="word_2134">ihr</word>
<word id="word_2135">Mobiliar</word>
<word id="word_2136">umstellen</word>
<word id="word_2137">müssen</word>
<word id="word_2138">,</word>
<word id="word_2139">um</word>
<word id="word_2140">das</word>
<word id="word_2141">Netz</word>
<word id="word_2142">aufzuhängen</word>
<word id="word_2143">,</word>
<word id="word_2144">auch</word>
<word id="word_2145">wenn</word>
<word id="word_2146">sie</word>
<word id="word_2147">vielleicht</word>
<word id="word_2148">in</word>
<word id="word_2149">einer</word>
<word id="word_2150">runden</word>
<word id="word_2151">Hütte</word>
<word id="word_2152">leben</word>
<word id="word_2153">,</word>
<word id="word_2154">in</word>
<word id="word_2155">der</word>
<word id="word_2156">es</word>
<word id="word_2157">schwierig</word>
<word id="word_2158">ist</word>
<word id="word_2159">,</word>
<word id="word_2160">ein</word>
<word id="word_2161">viereckiges</word>
<word id="word_2162">Netz</word>
<word id="word_2163">zu</word>
<word id="word_2164">montieren</word>
<word id="word_2165">.</word>
<word id="word_2166">Nun</word>
<word id="word_2167">ist</word>
<word id="word_2168">das</word>
<word id="word_2169">eigentlich</word>
<word id="word_2170">kein</word>
<word id="word_2171">großes</word>
<word id="word_2172">Ding</word>
<word id="word_2173">,</word>
<word id="word_2174">wenn</word>
<word id="word_2175">man</word>
<word id="word_2176">eine</word>
<word id="word_2177">tödliche</word>
<word id="word_2178">Krankheit</word>
<word id="word_2179">bekämpft</word>
<word id="word_2180">.</word>
<word id="word_2181">Das</word>
<word id="word_2182">sind</word>
<word id="word_2183">schließlich</word>
<word id="word_2184">kleine</word>
<word id="word_2185">Unannehmlichkeiten</word>
<word id="word_2186">.</word>
<word id="word_2187">Aber</word>
<word id="word_2188">so</word>
<word id="word_2189">denken</word>
<word id="word_2190">Leute</word>
<word id="word_2191">nun</word>
<word id="word_2192">mal</word>
<word id="word_2193">nicht</word>
<word id="word_2194">über</word>
<word id="word_2195">Malaria</word>
<word id="word_2196">.</word>
<word id="word_2197">Also</word>
<word id="word_2198">müsste</word>
<word id="word_2199">für</word>
<word id="word_2200">sie</word>
<word id="word_2201">die</word>
<word id="word_2202">Rechnung</word>
<word id="word_2203">ganz</word>
<word id="word_2204">anders</word>
<word id="word_2205">lauten</word>
<word id="word_2206">.</word>
<word id="word_2207">Stellen</word>
<word id="word_2208">Sie</word>
<word id="word_2209">sich</word>
<word id="word_2210">vor</word>
<word id="word_2211">,</word>
<word id="word_2212">ein</word>
<word id="word_2213">Haufen</word>
<word id="word_2214">wohlmeinender</word>
<word id="word_2215">Kenianer</word>
<word id="word_2216">käme</word>
<word id="word_2217">auf</word>
<word id="word_2218">uns</word>
<word id="word_2219">in</word>
<word id="word_2220">den</word>
<word id="word_2221">gemäßigten</word>
<word id="word_2222">Breiten</word>
<word id="word_2223">zu</word>
<word id="word_2224">:</word>
<word id="word_2225">"</word>
<word id="word_2226">Bei</word>
<word id="word_2227">euch</word>
<word id="word_2228">gibt</word>
<word id="word_2229">es</word>
<word id="word_2230">ja</word>
<word id="word_2231">sehr</word>
<word id="word_2232">viele</word>
<word id="word_2233">Erkältungs-</word>
<word id="word_2234">und</word>
<word id="word_2235">Grippefälle</word>
<word id="word_2236">.</word>
<word id="word_2237">Wir</word>
<word id="word_2238">haben</word>
<word id="word_2239">dieses</word>
<word id="word_2240">tolle</word>
<word id="word_2241">,</word>
<word id="word_2242">leicht</word>
<word id="word_2243">handhabbare</word>
<word id="word_2244">,</word>
<word id="word_2245">billige</word>
<word id="word_2246">Ding</word>
<word id="word_2247">erfunden</word>
<word id="word_2248">,</word>
<word id="word_2249">ihr</word>
<word id="word_2250">kriegt</word>
<word id="word_2251">es</word>
<word id="word_2252">umsonst</word>
<word id="word_2253">.</word>
<word id="word_2254">Es</word>
<word id="word_2255">nennt</word>
<word id="word_2256">sich</word>
<word id="word_2257">Gesichtsmaske</word>
<word id="word_2258">,</word>
<word id="word_2259">und</word>
<word id="word_2260">ihr</word>
<word id="word_2261">müsst</word>
<word id="word_2262">es</word>
<word id="word_2263">nur</word>
<word id="word_2264">jeden</word>
<word id="word_2265">Tag</word>
<word id="word_2266">während</word>
<word id="word_2267">der</word>
<word id="word_2268">Grippezeit</word>
<word id="word_2269">tragen</word>
<word id="word_2270">,</word>
<word id="word_2271">auch</word>
<word id="word_2272">wenn</word>
<word id="word_2273">ihr</word>
<word id="word_2274">zur</word>
<word id="word_2275">Schule</word>
<word id="word_2276">und</word>
<word id="word_2277">zur</word>
<word id="word_2278">Arbeit</word>
<word id="word_2279">geht</word>
<word id="word_2280">.</word>
<word id="word_2281">"</word>
<word id="word_2282">Würden</word>
<word id="word_2283">wir</word>
<word id="word_2284">das</word>
<word id="word_2285">tun</word>
<word id="word_2286">?</word>
<word id="word_2287">Und</word>
<word id="word_2288">ich</word>
<word id="word_2289">frage</word>
<word id="word_2290">mich</word>
<word id="word_2291">,</word>
<word id="word_2292">ob</word>
<word id="word_2293">so</word>
<word id="word_2294">die</word>
<word id="word_2295">Leute</word>
<word id="word_2296">in</word>
<word id="word_2297">den</word>
<word id="word_2298">Malariagebieten</word>
<word id="word_2299">über</word>
<word id="word_2300">diese</word>
<word id="word_2301">Netze</word>
<word id="word_2302">gedacht</word>
<word id="word_2303">haben</word>
<word id="word_2304">,</word>
<word id="word_2305">als</word>
<word id="word_2306">sie</word>
<word id="word_2307">sie</word>
<word id="word_2308">zum</word>
<word id="word_2309">ersten</word>
<word id="word_2310">Mal</word>
<word id="word_2311">bekamen</word>
<word id="word_2312">.</word>
<word id="word_2313">Tatsächlich</word>
<word id="word_2314">wissen</word>
<word id="word_2315">wir</word>
<word id="word_2316">aus</word>
<word id="word_2317">Studien</word>
<word id="word_2318">,</word>
<word id="word_2319">dass</word>
<word id="word_2320">nur</word>
<word id="word_2321">20</word>
<word id="word_2322">%</word>
<word id="word_2323">der</word>
<word id="word_2324">Moskitonetze</word>
<word id="word_2325">,</word>
<word id="word_2326">die</word>
<word id="word_2327">zu</word>
<word id="word_2328">Anfang</word>
<word id="word_2329">verteilt</word>
<word id="word_2330">wurden</word>
<word id="word_2331">,</word>
<word id="word_2332">überhaupt</word>
<word id="word_2333">benutzt</word>
<word id="word_2334">wurden</word>
<word id="word_2335">.</word>
<word id="word_2336">Das</word>
<word id="word_2337">ist</word>
<word id="word_2338">wahrscheinlich</word>
<word id="word_2339">noch</word>
<word id="word_2340">zu</word>
<word id="word_2341">optimistisch</word>
<word id="word_2342">,</word>
<word id="word_2343">weil</word>
<word id="word_2344">die</word>
<word id="word_2345">selben</word>
<word id="word_2346">Leute</word>
<word id="word_2347">,</word>
<word id="word_2348">die</word>
<word id="word_2349">die</word>
<word id="word_2350">Netze</word>
<word id="word_2351">verteilt</word>
<word id="word_2352">haben</word>
<word id="word_2353">,</word>
<word id="word_2354">zurück</word>
<word id="word_2355">gegangen</word>
<word id="word_2356">sind</word>
<word id="word_2357">und</word>
<word id="word_2358">die</word>
<word id="word_2359">Abnehmer</word>
<word id="word_2360">gefragt</word>
<word id="word_2361">haben</word>
<word id="word_2362">:</word>
<word id="word_2363">"</word>
<word id="word_2364">Haben</word>
<word id="word_2365">Sie</word>
<word id="word_2366">denn</word>
<word id="word_2367">das</word>
<word id="word_2368">Netz</word>
<word id="word_2369">benutzt</word>
<word id="word_2370">,</word>
<word id="word_2371">das</word>
<word id="word_2372">ich</word>
<word id="word_2373">Ihnen</word>
<word id="word_2374">gegeben</word>
<word id="word_2375">habe</word>
<word id="word_2376">?</word>
<word id="word_2377">"</word>
<word id="word_2378">Was</word>
<word id="word_2379">so</word>
<word id="word_2380">ähnlich</word>
<word id="word_2381">ist</word>
<word id="word_2382">,</word>
<word id="word_2383">wie</word>
<word id="word_2384">wenn</word>
<word id="word_2385">Tante</word>
<word id="word_2386">Jane</word>
<word id="word_2387">dich</word>
<word id="word_2388">fragt</word>
<word id="word_2389">:</word>
<word id="word_2390">"</word>
<word id="word_2391">Hast</word>
<word id="word_2392">du</word>
<word id="word_2393">denn</word>
<word id="word_2394">die</word>
<word id="word_2395">Vase</word>
<word id="word_2396">benutzt</word>
<word id="word_2397">,</word>
<word id="word_2398">die</word>
<word id="word_2399">ich</word>
<word id="word_2400">dir</word>
<word id="word_2401">zu</word>
<word id="word_2402">Weihnachten</word>
<word id="word_2403">geschenkt</word>
<word id="word_2404">habe</word>
<word id="word_2405">?</word>
<word id="word_2406">"</word>
<word id="word_2407">Also</word>
<word id="word_2408">ist</word>
<word id="word_2409">die</word>
<word id="word_2410">Zahl</word>
<word id="word_2411">wahrscheinlich</word>
<word id="word_2412">zu</word>
<word id="word_2413">hoch</word>
<word id="word_2414">.</word>
<word id="word_2415">Aber</word>
<word id="word_2416">das</word>
<word id="word_2417">ist</word>
<word id="word_2418">kein</word>
<word id="word_2419">unüberwindbares</word>
<word id="word_2420">Problem</word>
<word id="word_2421">.</word>
<word id="word_2422">Wir</word>
<word id="word_2423">können</word>
<word id="word_2424">besser</word>
<word id="word_2425">aufklären</word>
<word id="word_2426">und</word>
<word id="word_2427">Leute</word>
<word id="word_2428">überzeugen</word>
<word id="word_2429">,</word>
<word id="word_2430">ihre</word>
<word id="word_2431">Netze</word>
<word id="word_2432">zu</word>
<word id="word_2433">benutzen</word>
<word id="word_2434">.</word>
<word id="word_2435">Genau</word>
<word id="word_2436">das</word>
<word id="word_2437">passiert</word>
<word id="word_2438">jetzt</word>
<word id="word_2439">auch</word>
<word id="word_2440">.</word>
<word id="word_2441">Wir</word>
<word id="word_2442">investieren</word>
<word id="word_2443">gerade</word>
<word id="word_2444">viel</word>
<word id="word_2445">mehr</word>
<word id="word_2446">Geld</word>
<word id="word_2447">und</word>
<word id="word_2448">Zeit</word>
<word id="word_2449">in</word>
<word id="word_2450">Workshops</word>
<word id="word_2451">,</word>
<word id="word_2452">Seminare</word>
<word id="word_2453">,</word>
<word id="word_2454">Trainings</word>
<word id="word_2455">,</word>
<word id="word_2456">Musicals</word>
<word id="word_2457">,</word>
<word id="word_2458">Theaterstücke</word>
<word id="word_2459">und</word>
<word id="word_2460">Infoabende</word>
<word id="word_2461">und</word>
<word id="word_2462">tun</word>
<word id="word_2463">all</word>
<word id="word_2464">diese</word>
<word id="word_2465">Dinge</word>
<word id="word_2466">,</word>
<word id="word_2467">um</word>
<word id="word_2468">Leute</word>
<word id="word_2469">zu</word>
<word id="word_2470">überzeugen</word>
<word id="word_2471">,</word>
<word id="word_2472">die</word>
<word id="word_2473">Netze</word>
<word id="word_2474">zu</word>
<word id="word_2475">nutzen</word>
<word id="word_2476">,</word>
<word id="word_2477">die</word>
<word id="word_2478">wir</word>
<word id="word_2479">ihnen</word>
<word id="word_2480">gegeben</word>
<word id="word_2481">haben</word>
<word id="word_2482">.</word>
<word id="word_2483">Und</word>
<word id="word_2484">das</word>
<word id="word_2485">könnte</word>
<word id="word_2486">funktionieren</word>
<word id="word_2487">.</word>
<word id="word_2488">Aber</word>
<word id="word_2489">es</word>
<word id="word_2490">braucht</word>
<word id="word_2491">Zeit</word>
<word id="word_2492">.</word>
<word id="word_2493">Es</word>
<word id="word_2494">braucht</word>
<word id="word_2495">Geld</word>
<word id="word_2496">.</word>
<word id="word_2497">Es</word>
<word id="word_2498">braucht</word>
<word id="word_2499">Ressourcen</word>
<word id="word_2500">.</word>
<word id="word_2501">Es</word>
<word id="word_2502">braucht</word>
<word id="word_2503">eine</word>
<word id="word_2504">Infrastruktur</word>
<word id="word_2505">.</word>
<word id="word_2506">Alles</word>
<word id="word_2507">Dinge</word>
<word id="word_2508">,</word>
<word id="word_2509">die</word>
<word id="word_2510">dieses</word>
<word id="word_2511">billige</word>
<word id="word_2512">,</word>
<word id="word_2513">leicht</word>
<word id="word_2514">anwendbare</word>
<word id="word_2515">Moskitonetz</word>
<word id="word_2516">nicht</word>
<word id="word_2517">hätte</word>
<word id="word_2518">brauchen</word>
<word id="word_2519">sollen</word>
<word id="word_2520">.</word>
<word id="word_2521">Es</word>
<word id="word_2522">ist</word>
<word id="word_2523">also</word>
<word id="word_2524">schwierig</word>
<word id="word_2525">,</word>
<word id="word_2526">Malaria</word>
<word id="word_2527">von</word>
<word id="word_2528">innerhalb</word>
<word id="word_2529">der</word>
<word id="word_2530">Malariagesellschaften</word>
<word id="word_2531">anzugreifen</word>
<word id="word_2532">,</word>
<word id="word_2533">aber</word>
<word id="word_2534">genauso</word>
<word id="word_2535">schwierig</word>
<word id="word_2536">,</word>
<word id="word_2537">wenn</word>
<word id="word_2538">wir</word>
<word id="word_2539">sie</word>
<word id="word_2540">von</word>
<word id="word_2541">außerhalb</word>
<word id="word_2542">dieser</word>
<word id="word_2543">Gesellschaften</word>
<word id="word_2544">angreifen</word>
<word id="word_2545">wollen</word>
<word id="word_2546">.</word>
<word id="word_2547">Am</word>
<word id="word_2548">Ende</word>
<word id="word_2549">streifen</word>
<word id="word_2550">wir</word>
<word id="word_2551">unsere</word>
<word id="word_2552">Prioritäten</word>
<word id="word_2553">den</word>
<word id="word_2554">Leuten</word>
<word id="word_2555">in</word>
<word id="word_2556">den</word>
<word id="word_2557">Malariagebieten</word>
<word id="word_2558">über</word>
<word id="word_2559">.</word>
<word id="word_2560">Genau</word>
<word id="word_2561">das</word>
<word id="word_2562">haben</word>
<word id="word_2563">wir</word>
<word id="word_2564">in</word>
<word id="word_2565">den</word>
<word id="word_2566">50ern</word>
<word id="word_2567">gemacht</word>
<word id="word_2568">und</word>
<word id="word_2569">diese</word>
<word id="word_2570">Bemühungen</word>
<word id="word_2571">sind</word>
<word id="word_2572">fehlgeschlagen</word>
<word id="word_2573">.</word>
<word id="word_2574">Ich</word>
<word id="word_2575">würde</word>
<word id="word_2576">heute</word>
<word id="word_2577">sagen</word>
<word id="word_2578">,</word>
<word id="word_2579">wenn</word>
<word id="word_2580">wir</word>
<word id="word_2581">Mittel</word>
<word id="word_2582">verteilen</word>
<word id="word_2583">,</word>
<word id="word_2584">die</word>
<word id="word_2585">wir</word>
<word id="word_2586">entworfen</word>
<word id="word_2587">haben</word>
<word id="word_2588">,</word>
<word id="word_2589">und</word>
<word id="word_2590">diese</word>
<word id="word_2591">nicht</word>
<word id="word_2592">zwingend</word>
<word id="word_2593">in</word>
<word id="word_2594">dem</word>
<word id="word_2595">Leben</word>
<word id="word_2596">der</word>
<word id="word_2597">Leute</word>
<word id="word_2598">Sinn</word>
<word id="word_2599">ergeben</word>
<word id="word_2600">,</word>
<word id="word_2601">laufen</word>
<word id="word_2602">wir</word>
<word id="word_2603">Gefahr</word>
<word id="word_2604">,</word>
<word id="word_2605">den</word>
<word id="word_2606">gleichen</word>
<word id="word_2607">Fehler</word>
<word id="word_2608">zu</word>
<word id="word_2609">wiederholen</word>
<word id="word_2610">.</word>
<word id="word_2611">Das</word>
<word id="word_2612">soll</word>
<word id="word_2613">nicht</word>
<word id="word_2614">heißen</word>
<word id="word_2615">,</word>
<word id="word_2616">dass</word>
<word id="word_2617">Malaria</word>
<word id="word_2618">unüberwindbar</word>
<word id="word_2619">ist</word>
<word id="word_2620">,</word>
<word id="word_2621">denn</word>
<word id="word_2622">ich</word>
<word id="word_2623">meine</word>
<word id="word_2624">,</word>
<word id="word_2625">sie</word>
<word id="word_2626">ist</word>
<word id="word_2627">es</word>
<word id="word_2628">.</word>
<word id="word_2629">Aber</word>
<word id="word_2630">wie</word>
<word id="word_2631">wäre</word>
<word id="word_2632">es</word>
<word id="word_2633">,</word>
<word id="word_2634">wenn</word>
<word id="word_2635">wir</word>
<word id="word_2636">diese</word>
<word id="word_2637">Krankheit</word>
<word id="word_2638">im</word>
<word id="word_2639">Einklang</word>
<word id="word_2640">mit</word>
<word id="word_2641">den</word>
<word id="word_2642">Prioritäten</word>
<word id="word_2643">der</word>
<word id="word_2644">Leute</word>
<word id="word_2645">,</word>
<word id="word_2646">die</word>
<word id="word_2647">mit</word>
<word id="word_2648">ihr</word>
<word id="word_2649">leben</word>
<word id="word_2650">,</word>
<word id="word_2651">angehen</word>
<word id="word_2652">würden</word>
<word id="word_2653">?</word>
<word id="word_2654">Nehmen</word>
<word id="word_2655">wir</word>
<word id="word_2656">das</word>
<word id="word_2657">Beispiel</word>
<word id="word_2658">von</word>
<word id="word_2659">England</word>
<word id="word_2660">und</word>
<word id="word_2661">den</word>
<word id="word_2662">USA</word>
<word id="word_2663">.</word>
<word id="word_2664">Hunderte</word>
<word id="word_2665">von</word>
<word id="word_2666">Jahren</word>
<word id="word_2667">gab</word>
<word id="word_2668">es</word>
<word id="word_2669">dort</word>
<word id="word_2670">Malaria</word>
<word id="word_2671">und</word>
<word id="word_2672">wir</word>
<word id="word_2673">sind</word>
<word id="word_2674">sie</word>
<word id="word_2675">vollständig</word>
<word id="word_2676">losgeworden</word>
<word id="word_2677">,</word>
<word id="word_2678">nicht</word>
<word id="word_2679">,</word>
<word id="word_2680">weil</word>
<word id="word_2681">wir</word>
<word id="word_2682">sie</word>
<word id="word_2683">angegriffen</word>
<word id="word_2684">haben</word>
<word id="word_2685">.</word>
<word id="word_2686">Haben</word>
<word id="word_2687">wir</word>
<word id="word_2688">nicht</word>
<word id="word_2689">.</word>
<word id="word_2690">Wir</word>
<word id="word_2691">haben</word>
<word id="word_2692">schlechte</word>
<word id="word_2693">Straßen</word>
<word id="word_2694">und</word>
<word id="word_2695">schlechte</word>
<word id="word_2696">Häuser</word>
<word id="word_2697">,</word>
<word id="word_2698">schlechte</word>
<word id="word_2699">Kanalisation</word>
<word id="word_2700">,</word>
<word id="word_2701">Strommangel</word>
<word id="word_2702">und</word>
<word id="word_2703">Landarmut</word>
<word id="word_2704">in</word>
<word id="word_2705">Angriff</word>
<word id="word_2706">genommen</word>
<word id="word_2707">.</word>
<word id="word_2708">Wir</word>
<word id="word_2709">griffen</word>
<word id="word_2710">die</word>
<word id="word_2711">Malaria-Lebensart</word>
<word id="word_2712">an</word>
<word id="word_2713">und</word>
<word id="word_2714">dadurch</word>
<word id="word_2715">haben</word>
<word id="word_2716">wir</word>
<word id="word_2717">langsam</word>
<word id="word_2718">Malaria</word>
<word id="word_2719">ausgeschlossen</word>
<word id="word_2720">.</word>
<word id="word_2721">Die</word>
<word id="word_2722">Malaria-Lebensart</word>
<word id="word_2723">angreifen</word>
<word id="word_2724">–</word>
<word id="word_2725">dafür</word>
<word id="word_2726">könnte</word>
<word id="word_2727">man</word>
<word id="word_2728">Leute</word>
<word id="word_2729">heute</word>
<word id="word_2730">begeistern</word>
<word id="word_2731">.</word>
<word id="word_2732">Und</word>
<word id="word_2733">die</word>
<word id="word_2734">Malaria-Lebensart</word>
<word id="word_2735">anzugreifen</word>
<word id="word_2736">ist</word>
<word id="word_2737">weder</word>
<word id="word_2738">schnell</word>
<word id="word_2739">,</word>
<word id="word_2740">noch</word>
<word id="word_2741">billig</word>
<word id="word_2742">,</word>
<word id="word_2743">noch</word>
<word id="word_2744">leicht</word>
<word id="word_2745">,</word>
<word id="word_2746">aber</word>
<word id="word_2747">ich</word>
<word id="word_2748">denke</word>
<word id="word_2749">,</word>
<word id="word_2750">es</word>
<word id="word_2751">ist</word>
<word id="word_2752">der</word>
<word id="word_2753">einzig</word>
<word id="word_2754">haltbare</word>
<word id="word_2755">Weg</word>
<word id="word_2756">nach</word>
<word id="word_2757">vorne</word>
<word id="word_2758">.</word>
<word id="word_2759">Vielen</word>
<word id="word_2760">Dank</word>
<word id="word_2761">.</word>
</words>
