<?xml version="1.0" encoding="UTF-8" ?>
<!DOCTYPE words SYSTEM "words.dtd">
<words>
<word id="word_1">Die</word>
<word id="word_2">Demokratie</word>
<word id="word_3">steckt</word>
<word id="word_4">in</word>
<word id="word_5">Schwierigkeiten</word>
<word id="word_6">,</word>
<word id="word_7">das</word>
<word id="word_8">steht</word>
<word id="word_9">außer</word>
<word id="word_10">Frage</word>
<word id="word_11">.</word>
<word id="word_12">Das</word>
<word id="word_13">liegt</word>
<word id="word_14">zum</word>
<word id="word_15">Teil</word>
<word id="word_16">an</word>
<word id="word_17">einem</word>
<word id="word_18">tiefen</word>
<word id="word_19">Dilemma</word>
<word id="word_20">,</word>
<word id="word_21">in</word>
<word id="word_22">der</word>
<word id="word_23">sie</word>
<word id="word_24">steckt</word>
<word id="word_25">.</word>
<word id="word_26">Für</word>
<word id="word_27">bestimmte</word>
<word id="word_28">Probleme</word>
<word id="word_29">ist</word>
<word id="word_30">sie</word>
<word id="word_31">zunehmend</word>
<word id="word_32">bedeutungslos</word>
<word id="word_33">geworden</word>
<word id="word_34">:</word>
<word id="word_35">bei</word>
<word id="word_36">globalen</word>
<word id="word_37">Pandemien</word>
<word id="word_38">,</word>
<word id="word_39">ein</word>
<word id="word_40">grenzüberschreitendes</word>
<word id="word_41">Problem</word>
<word id="word_42">;</word>
<word id="word_43">bei</word>
<word id="word_44">HIV</word>
<word id="word_45">,</word>
<word id="word_46">ein</word>
<word id="word_47">transnationales</word>
<word id="word_48">Problem</word>
<word id="word_49">;</word>
<word id="word_50">bei</word>
<word id="word_51">Wirtschaft</word>
<word id="word_52">und</word>
<word id="word_53">Immigration</word>
<word id="word_54">,</word>
<word id="word_55">welche</word>
<word id="word_56">die</word>
<word id="word_57">nationalen</word>
<word id="word_58">Grenzen</word>
<word id="word_59">übersteigen</word>
<word id="word_60">;</word>
<word id="word_61">wie</word>
<word id="word_62">auch</word>
<word id="word_63">Terrorismus</word>
<word id="word_64">und</word>
<word id="word_65">Krieg</word>
<word id="word_66">,</word>
<word id="word_67">alles</word>
<word id="word_68">grenzüberschreitende</word>
<word id="word_69">Probleme</word>
<word id="word_70">.</word>
<word id="word_71">Wir</word>
<word id="word_72">leben</word>
<word id="word_73">im</word>
<word id="word_74">21.</word>
<word id="word_75">Jahrhundert</word>
<word id="word_76">,</word>
<word id="word_77">in</word>
<word id="word_78">einer</word>
<word id="word_79">Welt</word>
<word id="word_80">mit</word>
<word id="word_81">gegenseitigen</word>
<word id="word_82">Abhängigkeiten</word>
<word id="word_83">und</word>
<word id="word_84">brutalen</word>
<word id="word_85">wechselseitigen</word>
<word id="word_86">Problemen</word>
<word id="word_87">.</word>
<word id="word_88">Wenn</word>
<word id="word_89">wir</word>
<word id="word_90">in</word>
<word id="word_91">der</word>
<word id="word_92">Politik</word>
<word id="word_93">und</word>
<word id="word_94">der</word>
<word id="word_95">Demokratie</word>
<word id="word_96">nach</word>
<word id="word_97">Lösungen</word>
<word id="word_98">suchen</word>
<word id="word_99">,</word>
<word id="word_100">werden</word>
<word id="word_101">wir</word>
<word id="word_102">mit</word>
<word id="word_103">politischen</word>
<word id="word_104">Institutionen</word>
<word id="word_105">konfrontiert</word>
<word id="word_106">,</word>
<word id="word_107">die</word>
<word id="word_108">vor</word>
<word id="word_109">400</word>
<word id="word_110">Jahren</word>
<word id="word_111">entworfen</word>
<word id="word_112">wurden</word>
<word id="word_113">:</word>
<word id="word_114">Autonome</word>
<word id="word_115">,</word>
<word id="word_116">souveräne</word>
<word id="word_117">Nationalstaaten</word>
<word id="word_118">mit</word>
<word id="word_119">Rechtssprechung</word>
<word id="word_120">und</word>
<word id="word_121">Staatsgebieten</word>
<word id="word_122">,</word>
<word id="word_123">die</word>
<word id="word_124">sie</word>
<word id="word_125">voneinander</word>
<word id="word_126">trennen</word>
<word id="word_127">.</word>
<word id="word_128">Jeder</word>
<word id="word_129">behauptet</word>
<word id="word_130">,</word>
<word id="word_131">die</word>
<word id="word_132">Probleme</word>
<word id="word_133">des</word>
<word id="word_134">eigenen</word>
<word id="word_135">Volkes</word>
<word id="word_136">lösen</word>
<word id="word_137">zu</word>
<word id="word_138">können</word>
<word id="word_139">.</word>
<word id="word_140">Eine</word>
<word id="word_141">Welt</word>
<word id="word_142">des</word>
<word id="word_143">21.</word>
<word id="word_144">Jahrhunderts</word>
<word id="word_145">,</word>
<word id="word_146">mit</word>
<word id="word_147">transnationalen</word>
<word id="word_148">Problemen</word>
<word id="word_149">und</word>
<word id="word_150">Herausforderungen</word>
<word id="word_151">,</word>
<word id="word_152">und</word>
<word id="word_153">politische</word>
<word id="word_154">Institutionen</word>
<word id="word_155">des</word>
<word id="word_156">17.</word>
<word id="word_157">Jahrhunderts</word>
<word id="word_158">.</word>
<word id="word_159">Dieses</word>
<word id="word_160">Dilemma</word>
<word id="word_161">ist</word>
<word id="word_162">das</word>
<word id="word_163">eigentliche</word>
<word id="word_164">Problem</word>
<word id="word_165">der</word>
<word id="word_166">Demokratie</word>
<word id="word_167">.</word>
<word id="word_168">Wie</word>
<word id="word_169">viele</word>
<word id="word_170">andere</word>
<word id="word_171">habe</word>
<word id="word_172">ich</word>
<word id="word_173">darüber</word>
<word id="word_174">nachgedacht</word>
<word id="word_175">,</word>
<word id="word_176">was</word>
<word id="word_177">wir</word>
<word id="word_178">gegen</word>
<word id="word_179">dieses</word>
<word id="word_180">Ungleichgewicht</word>
<word id="word_181">tun</word>
<word id="word_182">können</word>
<word id="word_183">.</word>
<word id="word_184">Die</word>
<word id="word_185">Herausforderungen</word>
<word id="word_186">des</word>
<word id="word_187">21.</word>
<word id="word_188">Jahrhunderts</word>
<word id="word_189">und</word>
<word id="word_190">die</word>
<word id="word_191">veralteten</word>
<word id="word_192">und</word>
<word id="word_193">zunehmend</word>
<word id="word_194">funktionsunfähigen</word>
<word id="word_195">politischen</word>
<word id="word_196">Institutionen</word>
<word id="word_197">wie</word>
<word id="word_198">die</word>
<word id="word_199">Nationalstaaten</word>
<word id="word_200">.</word>
<word id="word_201">Ich</word>
<word id="word_202">schlage</word>
<word id="word_203">vor</word>
<word id="word_204">,</word>
<word id="word_205">dass</word>
<word id="word_206">wir</word>
<word id="word_207">das</word>
<word id="word_208">Thema</word>
<word id="word_209">wechseln</word>
<word id="word_210">,</word>
<word id="word_211">dass</word>
<word id="word_212">wir</word>
<word id="word_213">nicht</word>
<word id="word_214">mehr</word>
<word id="word_215">über</word>
<word id="word_216">Nationen</word>
<word id="word_217">reden</word>
<word id="word_218">,</word>
<word id="word_219">über</word>
<word id="word_220">Staaten</word>
<word id="word_221">mit</word>
<word id="word_222">Grenzen</word>
<word id="word_223">,</word>
<word id="word_224">sondern</word>
<word id="word_225">über</word>
<word id="word_226">Städte</word>
<word id="word_227">.</word>
<word id="word_228">Sie</word>
<word id="word_229">werden</word>
<word id="word_230">mir</word>
<word id="word_231">sicher</word>
<word id="word_232">zustimmen</word>
<word id="word_233">,</word>
<word id="word_234">dass</word>
<word id="word_235">wenn</word>
<word id="word_236">wir</word>
<word id="word_237">über</word>
<word id="word_238">Städte</word>
<word id="word_239">reden</word>
<word id="word_240">,</word>
<word id="word_241">wir</word>
<word id="word_242">über</word>
<word id="word_243">die</word>
<word id="word_244">politischen</word>
<word id="word_245">Institutionen</word>
<word id="word_246">reden</word>
<word id="word_247">,</word>
<word id="word_248">in</word>
<word id="word_249">denen</word>
<word id="word_250">Zivilisation</word>
<word id="word_251">und</word>
<word id="word_252">Kultur</word>
<word id="word_253">geboren</word>
<word id="word_254">wurden</word>
<word id="word_255">.</word>
<word id="word_256">Wir</word>
<word id="word_257">reden</word>
<word id="word_258">über</word>
<word id="word_259">die</word>
<word id="word_260">Wiege</word>
<word id="word_261">der</word>
<word id="word_262">Demokratie</word>
<word id="word_263">.</word>
<word id="word_264">Wir</word>
<word id="word_265">reden</word>
<word id="word_266">über</word>
<word id="word_267">die</word>
<word id="word_268">Orte</word>
<word id="word_269">,</word>
<word id="word_270">an</word>
<word id="word_271">denen</word>
<word id="word_272">wir</word>
<word id="word_273">uns</word>
<word id="word_274">versammeln</word>
<word id="word_275">,</word>
<word id="word_276">wo</word>
<word id="word_277">Demokratie</word>
<word id="word_278">entsteht</word>
<word id="word_279">und</word>
<word id="word_280">wir</word>
<word id="word_281">gemeinsam</word>
<word id="word_282">gegen</word>
<word id="word_283">diejenigen</word>
<word id="word_284">,</word>
<word id="word_285">die</word>
<word id="word_286">uns</word>
<word id="word_287">unsere</word>
<word id="word_288">Freiheit</word>
<word id="word_289">nehmen</word>
<word id="word_290">wollen</word>
<word id="word_291">,</word>
<word id="word_292">protestieren</word>
<word id="word_293">.</word>
<word id="word_294">Denken</word>
<word id="word_295">Sie</word>
<word id="word_296">an</word>
<word id="word_297">einige</word>
<word id="word_298">große</word>
<word id="word_299">Namen</word>
<word id="word_300">:</word>
<word id="word_301">Place</word>
<word id="word_302">de</word>
<word id="word_303">la</word>
<word id="word_304">Bastille</word>
<word id="word_305">,</word>
<word id="word_306">Zuccotti-Park</word>
<word id="word_307">,</word>
<word id="word_308">Tahrir-Platz</word>
<word id="word_309">,</word>
<word id="word_310">Taksim-Platz</word>
<word id="word_311">--</word>
<word id="word_312">in</word>
<word id="word_313">den</word>
<word id="word_314">heutigen</word>
<word id="word_315">Schlagzeilen</word>
<word id="word_316">--</word>
<word id="word_317">in</word>
<word id="word_318">Istanbul</word>
<word id="word_319">,</word>
<word id="word_320">oder</word>
<word id="word_321">,</word>
<word id="word_322">genau</word>
<word id="word_323">,</word>
<word id="word_324">Tian</word>
<word id="word_325">’</word>
<word id="word_326">anmen-Platz</word>
<word id="word_327">in</word>
<word id="word_328">Peking</word>
<word id="word_329">.</word>
<word id="word_330">Dies</word>
<word id="word_331">sind</word>
<word id="word_332">die</word>
<word id="word_333">öffentlichen</word>
<word id="word_334">Orte</word>
<word id="word_335">,</word>
<word id="word_336">an</word>
<word id="word_337">denen</word>
<word id="word_338">wir</word>
<word id="word_339">uns</word>
<word id="word_340">als</word>
<word id="word_341">Bürger</word>
<word id="word_342">zu</word>
<word id="word_343">erkennen</word>
<word id="word_344">geben</word>
<word id="word_345">,</word>
<word id="word_346">als</word>
<word id="word_347">Teilnehmer</word>
<word id="word_348">,</word>
<word id="word_349">als</word>
<word id="word_350">Menschen</word>
<word id="word_351">mit</word>
<word id="word_352">dem</word>
<word id="word_353">Recht</word>
<word id="word_354">,</word>
<word id="word_355">die</word>
<word id="word_356">eigene</word>
<word id="word_357">Geschichte</word>
<word id="word_358">zu</word>
<word id="word_359">schreiben</word>
<word id="word_360">.</word>
<word id="word_361">Städte</word>
<word id="word_362">sind</word>
<word id="word_363">nicht</word>
<word id="word_364">nur</word>
<word id="word_365">die</word>
<word id="word_366">ältesten</word>
<word id="word_367">Institutionen</word>
<word id="word_368">,</word>
<word id="word_369">sie</word>
<word id="word_370">sind</word>
<word id="word_371">auch</word>
<word id="word_372">die</word>
<word id="word_373">beständigsten</word>
<word id="word_374">.</word>
<word id="word_375">Wenn</word>
<word id="word_376">Sie</word>
<word id="word_377">darüber</word>
<word id="word_378">nachdenken</word>
<word id="word_379">,</word>
<word id="word_380">Konstantinopel</word>
<word id="word_381">,</word>
<word id="word_382">ist</word>
<word id="word_383">viel</word>
<word id="word_384">älter</word>
<word id="word_385">als</word>
<word id="word_386">die</word>
<word id="word_387">Türkei</word>
<word id="word_388">.</word>
<word id="word_389">Alexandria</word>
<word id="word_390">ist</word>
<word id="word_391">viel</word>
<word id="word_392">älter</word>
<word id="word_393">als</word>
<word id="word_394">Ägypten</word>
<word id="word_395">.</word>
<word id="word_396">Rom</word>
<word id="word_397">ist</word>
<word id="word_398">viel</word>
<word id="word_399">älter</word>
<word id="word_400">als</word>
<word id="word_401">Italien</word>
<word id="word_402">.</word>
<word id="word_403">Städte</word>
<word id="word_404">überdauern</word>
<word id="word_405">die</word>
<word id="word_406">Zeiten</word>
<word id="word_407">.</word>
<word id="word_408">Sie</word>
<word id="word_409">sind</word>
<word id="word_410">die</word>
<word id="word_411">Orte</word>
<word id="word_412">,</word>
<word id="word_413">an</word>
<word id="word_414">denen</word>
<word id="word_415">wir</word>
<word id="word_416">geboren</word>
<word id="word_417">werden</word>
<word id="word_418">,</word>
<word id="word_419">aufwachsen</word>
<word id="word_420">,</word>
<word id="word_421">zur</word>
<word id="word_422">Schule</word>
<word id="word_423">gehen</word>
<word id="word_424">,</word>
<word id="word_425">arbeiten</word>
<word id="word_426">,</word>
<word id="word_427">heiraten</word>
<word id="word_428">,</word>
<word id="word_429">beten</word>
<word id="word_430">,</word>
<word id="word_431">spielen</word>
<word id="word_432">,</word>
<word id="word_433">alt</word>
<word id="word_434">werden</word>
<word id="word_435">und</word>
<word id="word_436">letztendlich</word>
<word id="word_437">sterben</word>
<word id="word_438">.</word>
<word id="word_439">Sie</word>
<word id="word_440">sind</word>
<word id="word_441">Heimat</word>
<word id="word_442">.</word>
<word id="word_443">Ganz</word>
<word id="word_444">anders</word>
<word id="word_445">als</word>
<word id="word_446">Nationalstaaten</word>
<word id="word_447">,</word>
<word id="word_448">welche</word>
<word id="word_449">abstrakte</word>
<word id="word_450">Gebilde</word>
<word id="word_451">sind</word>
<word id="word_452">.</word>
<word id="word_453">Wir</word>
<word id="word_454">zahlen</word>
<word id="word_455">Steuern</word>
<word id="word_456">,</word>
<word id="word_457">wir</word>
<word id="word_458">gehen</word>
<word id="word_459">manchmal</word>
<word id="word_460">zur</word>
<word id="word_461">Wahl</word>
<word id="word_462">.</word>
<word id="word_463">Wir</word>
<word id="word_464">schauen</word>
<word id="word_465">zu</word>
<word id="word_466">,</word>
<word id="word_467">wie</word>
<word id="word_468">die</word>
<word id="word_469">Männer</word>
<word id="word_470">und</word>
<word id="word_471">Frauen</word>
<word id="word_472">,</word>
<word id="word_473">die</word>
<word id="word_474">wir</word>
<word id="word_475">wählen</word>
<word id="word_476">,</word>
<word id="word_477">mehr</word>
<word id="word_478">oder</word>
<word id="word_479">weniger</word>
<word id="word_480">ohne</word>
<word id="word_481">uns</word>
<word id="word_482">regieren</word>
<word id="word_483">.</word>
<word id="word_484">Ganz</word>
<word id="word_485">anders</word>
<word id="word_486">in</word>
<word id="word_487">der</word>
<word id="word_488">Heimat</word>
<word id="word_489">,</word>
<word id="word_490">in</word>
<word id="word_491">unseren</word>
<word id="word_492">Ortschaften</word>
<word id="word_493">und</word>
<word id="word_494">den</word>
<word id="word_495">Städten</word>
<word id="word_496">,</word>
<word id="word_497">in</word>
<word id="word_498">denen</word>
<word id="word_499">wir</word>
<word id="word_500">leben</word>
<word id="word_501">.</word>
<word id="word_502">Heutzutage</word>
<word id="word_503">lebt</word>
<word id="word_504">mehr</word>
<word id="word_505">als</word>
<word id="word_506">die</word>
<word id="word_507">Hälfte</word>
<word id="word_508">der</word>
<word id="word_509">Weltbevölkerung</word>
<word id="word_510">in</word>
<word id="word_511">Städten</word>
<word id="word_512">.</word>
<word id="word_513">In</word>
<word id="word_514">der</word>
<word id="word_515">entwickelten</word>
<word id="word_516">Welt</word>
<word id="word_517">sind</word>
<word id="word_518">es</word>
<word id="word_519">ungefähr</word>
<word id="word_520">78</word>
<word id="word_521">Prozent</word>
<word id="word_522">.</word>
<word id="word_523">Heutzutage</word>
<word id="word_524">leben</word>
<word id="word_525">drei</word>
<word id="word_526">von</word>
<word id="word_527">vier</word>
<word id="word_528">Menschen</word>
<word id="word_529">in</word>
<word id="word_530">städtischen</word>
<word id="word_531">Institutionen</word>
<word id="word_532">,</word>
<word id="word_533">städtischen</word>
<word id="word_534">Orten</word>
<word id="word_535">,</word>
<word id="word_536">in</word>
<word id="word_537">Städten</word>
<word id="word_538">.</word>
<word id="word_539">In</word>
<word id="word_540">Städten</word>
<word id="word_541">spielt</word>
<word id="word_542">sich</word>
<word id="word_543">das</word>
<word id="word_544">Leben</word>
<word id="word_545">ab</word>
<word id="word_546">.</word>
<word id="word_547">Wir</word>
<word id="word_548">sind</word>
<word id="word_549">unsere</word>
<word id="word_550">Städte</word>
<word id="word_551">.</word>
<word id="word_552">Aristoteles</word>
<word id="word_553">sagte</word>
<word id="word_554">in</word>
<word id="word_555">der</word>
<word id="word_556">Antike</word>
<word id="word_557">,</word>
<word id="word_558">dass</word>
<word id="word_559">der</word>
<word id="word_560">Mensch</word>
<word id="word_561">ein</word>
<word id="word_562">politisches</word>
<word id="word_563">Tier</word>
<word id="word_564">ist</word>
<word id="word_565">.</word>
<word id="word_566">Ich</word>
<word id="word_567">sage</word>
<word id="word_568">,</word>
<word id="word_569">wir</word>
<word id="word_570">sind</word>
<word id="word_571">ein</word>
<word id="word_572">städtisches</word>
<word id="word_573">Tier</word>
<word id="word_574">.</word>
<word id="word_575">Wir</word>
<word id="word_576">sind</word>
<word id="word_577">eine</word>
<word id="word_578">städtische</word>
<word id="word_579">Spezies</word>
<word id="word_580">,</word>
<word id="word_581">unsere</word>
<word id="word_582">Städte</word>
<word id="word_583">sind</word>
<word id="word_584">unser</word>
<word id="word_585">Zuhause</word>
<word id="word_586">.</word>
<word id="word_587">Um</word>
<word id="word_588">auf</word>
<word id="word_589">das</word>
<word id="word_590">Dilemma</word>
<word id="word_591">zurückzukommen</word>
<word id="word_592">,</word>
<word id="word_593">wenn</word>
<word id="word_594">das</word>
<word id="word_595">Dilemma</word>
<word id="word_596">ist</word>
<word id="word_597">,</word>
<word id="word_598">dass</word>
<word id="word_599">unsere</word>
<word id="word_600">altmodischen</word>
<word id="word_601">politischen</word>
<word id="word_602">Nationalstaaten</word>
<word id="word_603">die</word>
<word id="word_604">Welt</word>
<word id="word_605">nicht</word>
<word id="word_606">regieren</word>
<word id="word_607">können</word>
<word id="word_608">,</word>
<word id="word_609">unseren</word>
<word id="word_610">globalen</word>
<word id="word_611">Herausforderungen</word>
<word id="word_612">nicht</word>
<word id="word_613">gewachsen</word>
<word id="word_614">sind</word>
<word id="word_615">,</word>
<word id="word_616">wie</word>
<word id="word_617">der</word>
<word id="word_618">Klimawandel</word>
<word id="word_619">,</word>
<word id="word_620">dann</word>
<word id="word_621">wird</word>
<word id="word_622">es</word>
<word id="word_623">vielleicht</word>
<word id="word_624">Zeit</word>
<word id="word_625">,</word>
<word id="word_626">dass</word>
<word id="word_627">die</word>
<word id="word_628">Bürgermeister</word>
<word id="word_629">die</word>
<word id="word_630">Welt</word>
<word id="word_631">regieren</word>
<word id="word_632">.</word>
<word id="word_633">Zeit</word>
<word id="word_634">,</word>
<word id="word_635">dass</word>
<word id="word_636">Bürgermeister</word>
<word id="word_637">und</word>
<word id="word_638">die</word>
<word id="word_639">Bürger</word>
<word id="word_640">,</word>
<word id="word_641">die</word>
<word id="word_642">sie</word>
<word id="word_643">vertreten</word>
<word id="word_644">,</word>
<word id="word_645">sich</word>
<word id="word_646">mit</word>
<word id="word_647">den</word>
<word id="word_648">globalen</word>
<word id="word_649">Regierungsfragen</word>
<word id="word_650">beschäftigen</word>
<word id="word_651">.</word>
<word id="word_652">"</word>
<word id="word_653">Wenn</word>
<word id="word_654">Bürgermeister</word>
<word id="word_655">die</word>
<word id="word_656">Welt</word>
<word id="word_657">regieren</word>
<word id="word_658">würden</word>
<word id="word_659">?</word>
<word id="word_660">"</word>
<word id="word_661">Als</word>
<word id="word_662">mir</word>
<word id="word_663">dieser</word>
<word id="word_664">Satz</word>
<word id="word_665">zum</word>
<word id="word_666">ersten</word>
<word id="word_667">Mal</word>
<word id="word_668">in</word>
<word id="word_669">den</word>
<word id="word_670">Sinn</word>
<word id="word_671">kam</word>
<word id="word_672">,</word>
<word id="word_673">wurde</word>
<word id="word_674">mir</word>
<word id="word_675">klar</word>
<word id="word_676">,</word>
<word id="word_677">dass</word>
<word id="word_678">sie</word>
<word id="word_679">das</word>
<word id="word_680">eigentlich</word>
<word id="word_681">schon</word>
<word id="word_682">tun</word>
<word id="word_683">.</word>
<word id="word_684">Es</word>
<word id="word_685">gibt</word>
<word id="word_686">bereits</word>
<word id="word_687">internationale</word>
<word id="word_688">,</word>
<word id="word_689">interstädtische</word>
<word id="word_690">grenzüberschreitende</word>
<word id="word_691">Institutionen</word>
<word id="word_692">und</word>
<word id="word_693">Städtenetzwerke</word>
<word id="word_694">,</word>
<word id="word_695">in</word>
<word id="word_696">denen</word>
<word id="word_697">Städte</word>
<word id="word_698">bereits</word>
<word id="word_699">sehr</word>
<word id="word_700">unauffällig</word>
<word id="word_701">,</word>
<word id="word_702">im</word>
<word id="word_703">Verborgenen</word>
<word id="word_704">,</word>
<word id="word_705">zusammenarbeiten</word>
<word id="word_706">,</word>
<word id="word_707">um</word>
<word id="word_708">den</word>
<word id="word_709">Klimawandel</word>
<word id="word_710">zu</word>
<word id="word_711">bekämpfen</word>
<word id="word_712">,</word>
<word id="word_713">um</word>
<word id="word_714">Sicherheit</word>
<word id="word_715">zu</word>
<word id="word_716">gewährleisten</word>
<word id="word_717">.</word>
<word id="word_718">Sich</word>
<word id="word_719">mit</word>
<word id="word_720">Immigration</word>
<word id="word_721">befassen</word>
<word id="word_722">.</word>
<word id="word_723">All</word>
<word id="word_724">diese</word>
<word id="word_725">schwierigen</word>
<word id="word_726">und</word>
<word id="word_727">voneinander</word>
<word id="word_728">abhängigen</word>
<word id="word_729">Probleme</word>
<word id="word_730">angehen</word>
<word id="word_731">.</word>
<word id="word_732">Diese</word>
<word id="word_733">Institutionen</word>
<word id="word_734">haben</word>
<word id="word_735">merkwürdige</word>
<word id="word_736">Namen</word>
<word id="word_737">:</word>
<word id="word_738">UCLG</word>
<word id="word_739">,</word>
<word id="word_740">Vereinte</word>
<word id="word_741">Städte</word>
<word id="word_742">und</word>
<word id="word_743">Kommunalverwaltungen</word>
<word id="word_744">.</word>
<word id="word_745">ICLEI</word>
<word id="word_746">,</word>
<word id="word_747">Internationaler</word>
<word id="word_748">Rat</word>
<word id="word_749">für</word>
<word id="word_750">lokale</word>
<word id="word_751">Umweltfragen</word>
<word id="word_752">.</word>
<word id="word_753">Und</word>
<word id="word_754">die</word>
<word id="word_755">Liste</word>
<word id="word_756">geht</word>
<word id="word_757">weiter</word>
<word id="word_758">:</word>
<word id="word_759">Citynet</word>
<word id="word_760">in</word>
<word id="word_761">Asien</word>
<word id="word_762">;</word>
<word id="word_763">City</word>
<word id="word_764">Protocol</word>
<word id="word_765">,</word>
<word id="word_766">eine</word>
<word id="word_767">neue</word>
<word id="word_768">Organisation</word>
<word id="word_769">aus</word>
<word id="word_770">Barcelona</word>
<word id="word_771">,</word>
<word id="word_772">welche</word>
<word id="word_773">das</word>
<word id="word_774">Web</word>
<word id="word_775">nutzt</word>
<word id="word_776">,</word>
<word id="word_777">um</word>
<word id="word_778">Erfolgsrezepte</word>
<word id="word_779">mit</word>
<word id="word_780">anderen</word>
<word id="word_781">Ländern</word>
<word id="word_782">zu</word>
<word id="word_783">teilen</word>
<word id="word_784">.</word>
<word id="word_785">Und</word>
<word id="word_786">die</word>
<word id="word_787">bekannten</word>
<word id="word_788">Einrichtungen</word>
<word id="word_789">:</word>
<word id="word_790">die</word>
<word id="word_791">US-Bürgermeisterkonferenz</word>
<word id="word_792">,</word>
<word id="word_793">die</word>
<word id="word_794">mexikanische</word>
<word id="word_795">Bürgermeisterkonferenz</word>
<word id="word_796">und</word>
<word id="word_797">die</word>
<word id="word_798">europäische</word>
<word id="word_799">Bürgermeisterkonferenz</word>
<word id="word_800">.</word>
<word id="word_801">Bürgermeister</word>
<word id="word_802">sind</word>
<word id="word_803">vor</word>
<word id="word_804">Ort</word>
<word id="word_805">.</word>
<word id="word_806">Also</word>
<word id="word_807">stellt</word>
<word id="word_808">sich</word>
<word id="word_809">die</word>
<word id="word_810">Frage</word>
<word id="word_811">:</word>
<word id="word_812">Wie</word>
<word id="word_813">können</word>
<word id="word_814">wir</word>
<word id="word_815">eine</word>
<word id="word_816">Welt</word>
<word id="word_817">erschaffen</word>
<word id="word_818">,</word>
<word id="word_819">in</word>
<word id="word_820">der</word>
<word id="word_821">Bürgermeister</word>
<word id="word_822">und</word>
<word id="word_823">die</word>
<word id="word_824">Bürger</word>
<word id="word_825">,</word>
<word id="word_826">die</word>
<word id="word_827">sie</word>
<word id="word_828">vertreten</word>
<word id="word_829">,</word>
<word id="word_830">eine</word>
<word id="word_831">wichtigere</word>
<word id="word_832">Rolle</word>
<word id="word_833">spielen</word>
<word id="word_834">?</word>
<word id="word_835">Um</word>
<word id="word_836">zu</word>
<word id="word_837">begreifen</word>
<word id="word_838">,</word>
<word id="word_839">warum</word>
<word id="word_840">das</word>
<word id="word_841">wichtig</word>
<word id="word_842">ist</word>
<word id="word_843">,</word>
<word id="word_844">muss</word>
<word id="word_845">man</word>
<word id="word_846">verstehen</word>
<word id="word_847">,</word>
<word id="word_848">warum</word>
<word id="word_849">Städte</word>
<word id="word_850">so</word>
<word id="word_851">besonders</word>
<word id="word_852">sind</word>
<word id="word_853">.</word>
<word id="word_854">Warum</word>
<word id="word_855">Bürgermeister</word>
<word id="word_856">so</word>
<word id="word_857">anders</word>
<word id="word_858">sind</word>
<word id="word_859">als</word>
<word id="word_860">Premierminister</word>
<word id="word_861">und</word>
<word id="word_862">Präsidenten</word>
<word id="word_863">.</word>
<word id="word_864">Mein</word>
<word id="word_865">Ausgangspunkt</word>
<word id="word_866">ist</word>
<word id="word_867">,</word>
<word id="word_868">dass</word>
<word id="word_869">Bürgermeister</word>
<word id="word_870">und</word>
<word id="word_871">Premierminister</word>
<word id="word_872">sich</word>
<word id="word_873">am</word>
<word id="word_874">jeweils</word>
<word id="word_875">anderen</word>
<word id="word_876">Ende</word>
<word id="word_877">eines</word>
<word id="word_878">politischen</word>
<word id="word_879">Spektrums</word>
<word id="word_880">befinden</word>
<word id="word_881">.</word>
<word id="word_882">Um</word>
<word id="word_883">Premierminister</word>
<word id="word_884">oder</word>
<word id="word_885">Präsident</word>
<word id="word_886">zu</word>
<word id="word_887">sein</word>
<word id="word_888">,</word>
<word id="word_889">braucht</word>
<word id="word_890">man</word>
<word id="word_891">eine</word>
<word id="word_892">Ideologie</word>
<word id="word_893">,</word>
<word id="word_894">braucht</word>
<word id="word_895">man</word>
<word id="word_896">eine</word>
<word id="word_897">Meta-Erzählung</word>
<word id="word_898">,</word>
<word id="word_899">braucht</word>
<word id="word_900">man</word>
<word id="word_901">eine</word>
<word id="word_902">Theorie</word>
<word id="word_903">darüber</word>
<word id="word_904">,</word>
<word id="word_905">wie</word>
<word id="word_906">Dinge</word>
<word id="word_907">funktionieren</word>
<word id="word_908">und</word>
<word id="word_909">man</word>
<word id="word_910">braucht</word>
<word id="word_911">eine</word>
<word id="word_912">Partei</word>
<word id="word_913">.</word>
<word id="word_914">werden</word>
<word id="word_915">nicht</word>
<word id="word_916">gewählt</word>
<word id="word_917">.</word>
<word id="word_918">Bei</word>
<word id="word_919">Bürgermeistern</word>
<word id="word_920">ist</word>
<word id="word_921">es</word>
<word id="word_922">genau</word>
<word id="word_923">umgekehrt</word>
<word id="word_924">.</word>
<word id="word_925">Bürgermeister</word>
<word id="word_926">sind</word>
<word id="word_927">Pragmatiker</word>
<word id="word_928">;</word>
<word id="word_929">sie</word>
<word id="word_930">sind</word>
<word id="word_931">Problemlöser</word>
<word id="word_932">.</word>
<word id="word_933">und</word>
<word id="word_934">wenn</word>
<word id="word_935">sie</word>
<word id="word_936">das</word>
<word id="word_937">nicht</word>
<word id="word_938">tun</word>
<word id="word_939">,</word>
<word id="word_940">verlieren</word>
<word id="word_941">sie</word>
<word id="word_942">ihren</word>
<word id="word_943">Job</word>
<word id="word_944">.</word>
<word id="word_945">Bürgermeister</word>
<word id="word_946">Nutter</word>
<word id="word_947">aus</word>
<word id="word_948">Philadelphia</word>
<word id="word_949">sagte</word>
<word id="word_950">:</word>
<word id="word_951">In</word>
<word id="word_952">Philadelphia</word>
<word id="word_953">könnten</word>
<word id="word_954">wir</word>
<word id="word_955">uns</word>
<word id="word_956">niemals</word>
<word id="word_957">das</word>
<word id="word_958">erlauben</word>
<word id="word_959">,</word>
<word id="word_960">was</word>
<word id="word_961">man</word>
<word id="word_962">in</word>
<word id="word_963">Washington</word>
<word id="word_964">treibt</word>
<word id="word_965">.</word>
<word id="word_966">Diese</word>
<word id="word_967">Paralyse</word>
<word id="word_968">,</word>
<word id="word_969">die</word>
<word id="word_970">Untätigkeit</word>
<word id="word_971">.</word>
<word id="word_972">Warum</word>
<word id="word_973">?</word>
<word id="word_974">Weil</word>
<word id="word_975">Schlaglöcher</word>
<word id="word_976">gefüllt</word>
<word id="word_977">werden</word>
<word id="word_978">müssen</word>
<word id="word_979">.</word>
<word id="word_980">Weil</word>
<word id="word_981">Züge</word>
<word id="word_982">fahren</word>
<word id="word_983">müssen</word>
<word id="word_984">.</word>
<word id="word_985">Weil</word>
<word id="word_986">Kinder</word>
<word id="word_987">in</word>
<word id="word_988">die</word>
<word id="word_989">Schule</word>
<word id="word_990">müssen</word>
<word id="word_991">.</word>
<word id="word_992">Das</word>
<word id="word_993">müssen</word>
<word id="word_994">wir</word>
<word id="word_995">tun</word>
<word id="word_996">.</word>
<word id="word_997">Es</word>
<word id="word_998">geht</word>
<word id="word_999">um</word>
<word id="word_1000">den</word>
<word id="word_1001">Pragmatismus</word>
<word id="word_1002">in</word>
<word id="word_1003">dem</word>
<word id="word_1004">tiefgründigen</word>
<word id="word_1005">,</word>
<word id="word_1006">amerikanischen</word>
<word id="word_1007">Sinn</word>
<word id="word_1008">,</word>
<word id="word_1009">der</word>
<word id="word_1010">Ergebnisse</word>
<word id="word_1011">erzielt</word>
<word id="word_1012">.</word>
<word id="word_1013">Washington</word>
<word id="word_1014">,</word>
<word id="word_1015">Peking</word>
<word id="word_1016">,</word>
<word id="word_1017">Paris</word>
<word id="word_1018">,</word>
<word id="word_1019">die</word>
<word id="word_1020">Hauptstädte</word>
<word id="word_1021">der</word>
<word id="word_1022">Welt</word>
<word id="word_1023">,</word>
<word id="word_1024">sind</word>
<word id="word_1025">alles</word>
<word id="word_1026">andere</word>
<word id="word_1027">als</word>
<word id="word_1028">pragmatisch</word>
<word id="word_1029">.</word>
<word id="word_1030">Jedoch</word>
<word id="word_1031">waschechte</word>
<word id="word_1032">Bürgermeister</word>
<word id="word_1033">müssen</word>
<word id="word_1034">Pragmatiker</word>
<word id="word_1035">sein</word>
<word id="word_1036">.</word>
<word id="word_1037">Sie</word>
<word id="word_1038">müssen</word>
<word id="word_1039">die</word>
<word id="word_1040">Dinge</word>
<word id="word_1041">erledigen</word>
<word id="word_1042">.</word>
<word id="word_1043">Sie</word>
<word id="word_1044">müssen</word>
<word id="word_1045">ihre</word>
<word id="word_1046">Ideologie</word>
<word id="word_1047">,</word>
<word id="word_1048">Religion</word>
<word id="word_1049">und</word>
<word id="word_1050">Ethnizität</word>
<word id="word_1051">beiseite</word>
<word id="word_1052">legen</word>
<word id="word_1053">und</word>
<word id="word_1054">ihre</word>
<word id="word_1055">Städte</word>
<word id="word_1056">zusammenhalten</word>
<word id="word_1057">.</word>
<word id="word_1058">Wir</word>
<word id="word_1059">haben</word>
<word id="word_1060">dies</word>
<word id="word_1061">schon</word>
<word id="word_1062">vor</word>
<word id="word_1063">Jahrzehnten</word>
<word id="word_1064">gesehen</word>
<word id="word_1065">,</word>
<word id="word_1066">als</word>
<word id="word_1067">Teddy</word>
<word id="word_1068">Kollek</word>
<word id="word_1069">,</word>
<word id="word_1070">der</word>
<word id="word_1071">großartige</word>
<word id="word_1072">Bürgermeister</word>
<word id="word_1073">von</word>
<word id="word_1074">Jerusalem</word>
<word id="word_1075">in</word>
<word id="word_1076">den</word>
<word id="word_1077">80ern</word>
<word id="word_1078">und</word>
<word id="word_1079">90ern</word>
<word id="word_1080">,</word>
<word id="word_1081">an</word>
<word id="word_1082">einem</word>
<word id="word_1083">Tag</word>
<word id="word_1084">in</word>
<word id="word_1085">seinem</word>
<word id="word_1086">Büro</word>
<word id="word_1087">von</word>
<word id="word_1088">religiösen</word>
<word id="word_1089">Anführern</word>
<word id="word_1090">jeglicher</word>
<word id="word_1091">Art</word>
<word id="word_1092">belagert</word>
<word id="word_1093">wurde</word>
<word id="word_1094">.</word>
<word id="word_1095">Christliche</word>
<word id="word_1096">Prälaten</word>
<word id="word_1097">,</word>
<word id="word_1098">Rabbis</word>
<word id="word_1099">und</word>
<word id="word_1100">Imame</word>
<word id="word_1101">.</word>
<word id="word_1102">Sie</word>
<word id="word_1103">stritten</word>
<word id="word_1104">miteinander</word>
<word id="word_1105">über</word>
<word id="word_1106">den</word>
<word id="word_1107">Zugang</word>
<word id="word_1108">zu</word>
<word id="word_1109">den</word>
<word id="word_1110">heiligen</word>
<word id="word_1111">Orten</word>
<word id="word_1112">.</word>
<word id="word_1113">Als</word>
<word id="word_1114">das</word>
<word id="word_1115">Geplänkel</word>
<word id="word_1116">immer</word>
<word id="word_1117">weiter</word>
<word id="word_1118">ging</word>
<word id="word_1119">und</word>
<word id="word_1120">Kollek</word>
<word id="word_1121">immer</word>
<word id="word_1122">länger</word>
<word id="word_1123">zuhörte</word>
<word id="word_1124">,</word>
<word id="word_1125">sagte</word>
<word id="word_1126">er</word>
<word id="word_1127">letztendlich</word>
<word id="word_1128">:</word>
<word id="word_1129">„</word>
<word id="word_1130">Meine</word>
<word id="word_1131">Herrschaften</word>
<word id="word_1132">,</word>
<word id="word_1133">ersparen</word>
<word id="word_1134">Sie</word>
<word id="word_1135">mir</word>
<word id="word_1136">Ihre</word>
<word id="word_1137">Predigten</word>
<word id="word_1138">und</word>
<word id="word_1139">ich</word>
<word id="word_1140">werde</word>
<word id="word_1141">Ihre</word>
<word id="word_1142">Kanalisation</word>
<word id="word_1143">reparieren</word>
<word id="word_1144">.</word>
<word id="word_1145">“</word>
<word id="word_1146">Genau</word>
<word id="word_1147">das</word>
<word id="word_1148">tun</word>
<word id="word_1149">Bürgermeister</word>
<word id="word_1150">.</word>
<word id="word_1151">Sie</word>
<word id="word_1152">reparieren</word>
<word id="word_1153">die</word>
<word id="word_1154">Kanalisation</word>
<word id="word_1155">,</word>
<word id="word_1156">sie</word>
<word id="word_1157">bringen</word>
<word id="word_1158">Züge</word>
<word id="word_1159">zum</word>
<word id="word_1160">Laufen</word>
<word id="word_1161">.</word>
<word id="word_1162">Es</word>
<word id="word_1163">gibt</word>
<word id="word_1164">keinen</word>
<word id="word_1165">linken</word>
<word id="word_1166">oder</word>
<word id="word_1167">rechten</word>
<word id="word_1168">Weg</word>
<word id="word_1169">dafür</word>
<word id="word_1170">.</word>
<word id="word_1171">Boris</word>
<word id="word_1172">Johnson</word>
<word id="word_1173">in</word>
<word id="word_1174">London</word>
<word id="word_1175">beschreibt</word>
<word id="word_1176">sich</word>
<word id="word_1177">als</word>
<word id="word_1178">‚</word>
<word id="word_1179">Anarcho-Tory</word>
<word id="word_1180">‘</word>
<word id="word_1181">.</word>
<word id="word_1182">Merkwürdiger</word>
<word id="word_1183">Begriff</word>
<word id="word_1184">,</word>
<word id="word_1185">aber</word>
<word id="word_1186">irgendwie</word>
<word id="word_1187">zutreffend</word>
<word id="word_1188">.</word>
<word id="word_1189">Er</word>
<word id="word_1190">ist</word>
<word id="word_1191">libertär</word>
<word id="word_1192">und</word>
<word id="word_1193">ein</word>
<word id="word_1194">Anarchist</word>
<word id="word_1195">.</word>
<word id="word_1196">Er</word>
<word id="word_1197">fährt</word>
<word id="word_1198">mit</word>
<word id="word_1199">dem</word>
<word id="word_1200">Fahrrad</word>
<word id="word_1201">zur</word>
<word id="word_1202">Arbeit</word>
<word id="word_1203">und</word>
<word id="word_1204">ist</word>
<word id="word_1205">trotzdem</word>
<word id="word_1206">in</word>
<word id="word_1207">mancher</word>
<word id="word_1208">Hinsicht</word>
<word id="word_1209">ein</word>
<word id="word_1210">Konservativer</word>
<word id="word_1211">.</word>
<word id="word_1212">Bloomberg</word>
<word id="word_1213">in</word>
<word id="word_1214">New</word>
<word id="word_1215">York</word>
<word id="word_1216">war</word>
<word id="word_1217">ein</word>
<word id="word_1218">Demokrat</word>
<word id="word_1219">,</word>
<word id="word_1220">dann</word>
<word id="word_1221">Republikaner</word>
<word id="word_1222">und</word>
<word id="word_1223">letztendlich</word>
<word id="word_1224">wurde</word>
<word id="word_1225">er</word>
<word id="word_1226">unabhängig</word>
<word id="word_1227">.</word>
<word id="word_1228">Er</word>
<word id="word_1229">sagte</word>
<word id="word_1230">:</word>
<word id="word_1231">Das</word>
<word id="word_1232">Partei-Etikett</word>
<word id="word_1233">ist</word>
<word id="word_1234">hinderlich</word>
<word id="word_1235">.</word>
<word id="word_1236">Luschkov</word>
<word id="word_1237">war</word>
<word id="word_1238">20</word>
<word id="word_1239">Jahre</word>
<word id="word_1240">Bürgermeister</word>
<word id="word_1241">von</word>
<word id="word_1242">Moskau</word>
<word id="word_1243">.</word>
<word id="word_1244">Obwohl</word>
<word id="word_1245">er</word>
<word id="word_1246">dabei</word>
<word id="word_1247">half</word>
<word id="word_1248">,</word>
<word id="word_1249">die</word>
<word id="word_1250">Partei</word>
<word id="word_1251">Putins</word>
<word id="word_1252">zu</word>
<word id="word_1253">gründen</word>
<word id="word_1254">,</word>
<word id="word_1255">ließ</word>
<word id="word_1256">er</word>
<word id="word_1257">sich</word>
<word id="word_1258">nicht</word>
<word id="word_1259">durch</word>
<word id="word_1260">die</word>
<word id="word_1261">Partei</word>
<word id="word_1262">definieren</word>
<word id="word_1263">.</word>
<word id="word_1264">Letztendlich</word>
<word id="word_1265">verlor</word>
<word id="word_1266">er</word>
<word id="word_1267">seinen</word>
<word id="word_1268">Job</word>
<word id="word_1269">nicht</word>
<word id="word_1270">unter</word>
<word id="word_1271">Breschnew</word>
<word id="word_1272">,</word>
<word id="word_1273">nicht</word>
<word id="word_1274">unter</word>
<word id="word_1275">Gorbatschow</word>
<word id="word_1276">,</word>
<word id="word_1277">sondern</word>
<word id="word_1278">unter</word>
<word id="word_1279">Putin</word>
<word id="word_1280">,</word>
<word id="word_1281">der</word>
<word id="word_1282">einen</word>
<word id="word_1283">treueren</word>
<word id="word_1284">Parteianhänger</word>
<word id="word_1285">wollte</word>
<word id="word_1286">.</word>
<word id="word_1287">Bürgermeister</word>
<word id="word_1288">sind</word>
<word id="word_1289">also</word>
<word id="word_1290">Pragmatiker</word>
<word id="word_1291">und</word>
<word id="word_1292">Problemlöser</word>
<word id="word_1293">.</word>
<word id="word_1294">Sie</word>
<word id="word_1295">packen</word>
<word id="word_1296">Dinge</word>
<word id="word_1297">an</word>
<word id="word_1298">.</word>
<word id="word_1299">Zweitens</word>
<word id="word_1300">:</word>
<word id="word_1301">Ein</word>
<word id="word_1302">Bürgermeister</word>
<word id="word_1303">ist</word>
<word id="word_1304">--</word>
<word id="word_1305">und</word>
<word id="word_1306">deshalb</word>
<word id="word_1307">nenne</word>
<word id="word_1308">ich</word>
<word id="word_1309">sie</word>
<word id="word_1310">gerne</word>
<word id="word_1311">"</word>
<word id="word_1312">Homeboys</word>
<word id="word_1313">"</word>
<word id="word_1314">,</word>
<word id="word_1315">oder</word>
<word id="word_1316">die</word>
<word id="word_1317">Bürgermeisterinnen</word>
<word id="word_1318">:</word>
<word id="word_1319">"</word>
<word id="word_1320">Homies</word>
<word id="word_1321">"</word>
<word id="word_1322">.</word>
<word id="word_1323">Sie</word>
<word id="word_1324">kommen</word>
<word id="word_1325">aus</word>
<word id="word_1326">der</word>
<word id="word_1327">Nachbarschaft</word>
<word id="word_1328">.</word>
<word id="word_1329">Sie</word>
<word id="word_1330">sind</word>
<word id="word_1331">Nachbarschaft</word>
<word id="word_1332">,</word>
<word id="word_1333">man</word>
<word id="word_1334">kennt</word>
<word id="word_1335">sie</word>
<word id="word_1336">.</word>
<word id="word_1337">Ed</word>
<word id="word_1338">Koch</word>
<word id="word_1339">lief</word>
<word id="word_1340">manchmal</word>
<word id="word_1341">durch</word>
<word id="word_1342">New</word>
<word id="word_1343">York</word>
<word id="word_1344">City</word>
<word id="word_1345">und</word>
<word id="word_1346">fragte</word>
<word id="word_1347">:</word>
<word id="word_1348">„</word>
<word id="word_1349">Wie</word>
<word id="word_1350">mache</word>
<word id="word_1351">ich</word>
<word id="word_1352">mich</word>
<word id="word_1353">?</word>
<word id="word_1354">“</word>
<word id="word_1355">Stellen</word>
<word id="word_1356">Sie</word>
<word id="word_1357">sich</word>
<word id="word_1358">nur</word>
<word id="word_1359">David</word>
<word id="word_1360">Cameron</word>
<word id="word_1361">vor</word>
<word id="word_1362">,</word>
<word id="word_1363">wie</word>
<word id="word_1364">er</word>
<word id="word_1365">durch</word>
<word id="word_1366">das</word>
<word id="word_1367">Vereinigte</word>
<word id="word_1368">Königreich</word>
<word id="word_1369">spaziert</word>
<word id="word_1370">und</word>
<word id="word_1371">fragt</word>
<word id="word_1372">:</word>
<word id="word_1373">„</word>
<word id="word_1374">Wie</word>
<word id="word_1375">mache</word>
<word id="word_1376">ich</word>
<word id="word_1377">mich</word>
<word id="word_1378">?</word>
<word id="word_1379">“</word>
<word id="word_1380">Er</word>
<word id="word_1381">würde</word>
<word id="word_1382">die</word>
<word id="word_1383">Antwort</word>
<word id="word_1384">nicht</word>
<word id="word_1385">mögen</word>
<word id="word_1386">.</word>
<word id="word_1387">Oder</word>
<word id="word_1388">Putin</word>
<word id="word_1389">.</word>
<word id="word_1390">Oder</word>
<word id="word_1391">irgendein</word>
<word id="word_1392">anderer</word>
<word id="word_1393">Staatschef</word>
<word id="word_1394">.</word>
<word id="word_1395">Koch</word>
<word id="word_1396">konnte</word>
<word id="word_1397">das</word>
<word id="word_1398">,</word>
<word id="word_1399">weil</word>
<word id="word_1400">er</word>
<word id="word_1401">die</word>
<word id="word_1402">New</word>
<word id="word_1403">Yorker</word>
<word id="word_1404">kannte</word>
<word id="word_1405">,</word>
<word id="word_1406">und</word>
<word id="word_1407">sie</word>
<word id="word_1408">kannten</word>
<word id="word_1409">ihn</word>
<word id="word_1410">.</word>
<word id="word_1411">Normalerweise</word>
<word id="word_1412">kommen</word>
<word id="word_1413">Bürgermeister</word>
<word id="word_1414">aus</word>
<word id="word_1415">der</word>
<word id="word_1416">Gegend</word>
<word id="word_1417">,</word>
<word id="word_1418">die</word>
<word id="word_1419">sie</word>
<word id="word_1420">regieren</word>
<word id="word_1421">.</word>
<word id="word_1422">Es</word>
<word id="word_1423">ist</word>
<word id="word_1424">schwierig</word>
<word id="word_1425">,</word>
<word id="word_1426">als</word>
<word id="word_1427">dahergereister</word>
<word id="word_1428">Politiker</word>
<word id="word_1429">Bürgermeister</word>
<word id="word_1430">zu</word>
<word id="word_1431">werden</word>
<word id="word_1432">.</word>
<word id="word_1433">Man</word>
<word id="word_1434">kann</word>
<word id="word_1435">in</word>
<word id="word_1436">einem</word>
<word id="word_1437">anderen</word>
<word id="word_1438">Bundesstaat</word>
<word id="word_1439">als</word>
<word id="word_1440">Senator</word>
<word id="word_1441">kandidieren</word>
<word id="word_1442">,</word>
<word id="word_1443">doch</word>
<word id="word_1444">für</word>
<word id="word_1445">Bürgermeister</word>
<word id="word_1446">ist</word>
<word id="word_1447">das</word>
<word id="word_1448">schwierig</word>
<word id="word_1449">.</word>
<word id="word_1450">Aus</word>
<word id="word_1451">diesem</word>
<word id="word_1452">Grund</word>
<word id="word_1453">genießen</word>
<word id="word_1454">Bürgermeister</word>
<word id="word_1455">,</word>
<word id="word_1456">Stadträte</word>
<word id="word_1457">und</word>
<word id="word_1458">Kommunalpolitiker</word>
<word id="word_1459">ein</word>
<word id="word_1460">höheres</word>
<word id="word_1461">Maß</word>
<word id="word_1462">an</word>
<word id="word_1463">Vertrauen</word>
<word id="word_1464">.</word>
<word id="word_1465">Ein</word>
<word id="word_1466">dritter</word>
<word id="word_1467">Aspekt</word>
<word id="word_1468">,</word>
<word id="word_1469">in</word>
<word id="word_1470">dem</word>
<word id="word_1471">sich</word>
<word id="word_1472">Bürgermeister</word>
<word id="word_1473">von</word>
<word id="word_1474">nationalen</word>
<word id="word_1475">Regierungs-</word>
<word id="word_1476">Offiziellen</word>
<word id="word_1477">unterscheiden</word>
<word id="word_1478">:</word>
<word id="word_1479">In</word>
<word id="word_1480">den</word>
<word id="word_1481">USA</word>
<word id="word_1482">kennen</word>
<word id="word_1483">wir</word>
<word id="word_1484">die</word>
<word id="word_1485">erbärmlichen</word>
<word id="word_1486">Zahlen</word>
<word id="word_1487">:</word>
<word id="word_1488">18</word>
<word id="word_1489">Prozent</word>
<word id="word_1490">der</word>
<word id="word_1491">Amerikaner</word>
<word id="word_1492">heißen</word>
<word id="word_1493">den</word>
<word id="word_1494">Kongress</word>
<word id="word_1495">und</word>
<word id="word_1496">was</word>
<word id="word_1497">er</word>
<word id="word_1498">tut</word>
<word id="word_1499">,</word>
<word id="word_1500">gut</word>
<word id="word_1501">.</word>
<word id="word_1502">Sogar</word>
<word id="word_1503">bei</word>
<word id="word_1504">einem</word>
<word id="word_1505">relativ</word>
<word id="word_1506">beliebten</word>
<word id="word_1507">Präsidenten</word>
<word id="word_1508">wie</word>
<word id="word_1509">Obama</word>
<word id="word_1510">ist</word>
<word id="word_1511">die</word>
<word id="word_1512">Wahlbeteiligung</word>
<word id="word_1513">40</word>
<word id="word_1514">,</word>
<word id="word_1515">45</word>
<word id="word_1516">,</word>
<word id="word_1517">höchstens</word>
<word id="word_1518">50</word>
<word id="word_1519">Prozent</word>
<word id="word_1520">.</word>
<word id="word_1521">Dem</word>
<word id="word_1522">Obersten</word>
<word id="word_1523">Gerichtshof</word>
<word id="word_1524">wird</word>
<word id="word_1525">nicht</word>
<word id="word_1526">mehr</word>
<word id="word_1527">so</word>
<word id="word_1528">vertraut</word>
<word id="word_1529">wie</word>
<word id="word_1530">früher</word>
<word id="word_1531">.</word>
<word id="word_1532">Doch</word>
<word id="word_1533">wenn</word>
<word id="word_1534">man</word>
<word id="word_1535">die</word>
<word id="word_1536">Frage</word>
<word id="word_1537">stellt</word>
<word id="word_1538">:</word>
<word id="word_1539">Vertrauen</word>
<word id="word_1540">Sie</word>
<word id="word_1541">Ihrem</word>
<word id="word_1542">Stadtrat</word>
<word id="word_1543">?</word>
<word id="word_1544">Vertrauen</word>
<word id="word_1545">Sie</word>
<word id="word_1546">Ihrem</word>
<word id="word_1547">Bürgermeister</word>
<word id="word_1548">?</word>
<word id="word_1549">schießen</word>
<word id="word_1550">die</word>
<word id="word_1551">Zahlen</word>
<word id="word_1552">in</word>
<word id="word_1553">die</word>
<word id="word_1554">Höhe</word>
<word id="word_1555">bis</word>
<word id="word_1556">zu</word>
<word id="word_1557">70</word>
<word id="word_1558">,</word>
<word id="word_1559">75</word>
<word id="word_1560">oder</word>
<word id="word_1561">sogar</word>
<word id="word_1562">80</word>
<word id="word_1563">Prozent</word>
<word id="word_1564">.</word>
<word id="word_1565">Weil</word>
<word id="word_1566">sie</word>
<word id="word_1567">aus</word>
<word id="word_1568">der</word>
<word id="word_1569">Nachbarschaft</word>
<word id="word_1570">sind</word>
<word id="word_1571">.</word>
<word id="word_1572">Weil</word>
<word id="word_1573">sie</word>
<word id="word_1574">mit</word>
<word id="word_1575">ihren</word>
<word id="word_1576">Nachbarn</word>
<word id="word_1577">arbeiten</word>
<word id="word_1578">.</word>
<word id="word_1579">Weil</word>
<word id="word_1580">sie</word>
<word id="word_1581">,</word>
<word id="word_1582">wie</word>
<word id="word_1583">Bürgermeister</word>
<word id="word_1584">Booker</word>
<word id="word_1585">aus</word>
<word id="word_1586">Newark</word>
<word id="word_1587">,</word>
<word id="word_1588">aus</word>
<word id="word_1589">ihrem</word>
<word id="word_1590">Auto</word>
<word id="word_1591">steigen</word>
<word id="word_1592">,</word>
<word id="word_1593">um</word>
<word id="word_1594">Menschen</word>
<word id="word_1595">aus</word>
<word id="word_1596">einem</word>
<word id="word_1597">brennenden</word>
<word id="word_1598">Gebäude</word>
<word id="word_1599">zu</word>
<word id="word_1600">retten</word>
<word id="word_1601">--</word>
<word id="word_1602">das</word>
<word id="word_1603">passierte</word>
<word id="word_1604">Bürgermeister</word>
<word id="word_1605">Booker</word>
<word id="word_1606">--</word>
<word id="word_1607">oder</word>
<word id="word_1608">bei</word>
<word id="word_1609">einem</word>
<word id="word_1610">Straßenraub</word>
<word id="word_1611">einschreiten</word>
<word id="word_1612">,</word>
<word id="word_1613">weil</word>
<word id="word_1614">sie</word>
<word id="word_1615">es</word>
<word id="word_1616">mitbekommen</word>
<word id="word_1617">.</word>
<word id="word_1618">Kein</word>
<word id="word_1619">Staatschef</word>
<word id="word_1620">dürfte</word>
<word id="word_1621">das</word>
<word id="word_1622">,</word>
<word id="word_1623">wegen</word>
<word id="word_1624">der</word>
<word id="word_1625">Sicherheitsbestimmungen</word>
<word id="word_1626">oder</word>
<word id="word_1627">sie</word>
<word id="word_1628">kommen</word>
<word id="word_1629">gar</word>
<word id="word_1630">nicht</word>
<word id="word_1631">in</word>
<word id="word_1632">eine</word>
<word id="word_1633">solche</word>
<word id="word_1634">Lage</word>
<word id="word_1635">.</word>
<word id="word_1636">Dieser</word>
<word id="word_1637">Unterschied</word>
<word id="word_1638">entspringt</word>
<word id="word_1639">direkt</word>
<word id="word_1640">aus</word>
<word id="word_1641">dem</word>
<word id="word_1642">Charakter</word>
<word id="word_1643">der</word>
<word id="word_1644">Städte</word>
<word id="word_1645">selbst</word>
<word id="word_1646">.</word>
<word id="word_1647">Städte</word>
<word id="word_1648">sind</word>
<word id="word_1649">zutiefst</word>
<word id="word_1650">multikulturell</word>
<word id="word_1651">,</word>
<word id="word_1652">offen</word>
<word id="word_1653">,</word>
<word id="word_1654">teilnehmend</word>
<word id="word_1655">,</word>
<word id="word_1656">demokratisch</word>
<word id="word_1657">,</word>
<word id="word_1658">zur</word>
<word id="word_1659">Zusammenarbeit</word>
<word id="word_1660">fähig</word>
<word id="word_1661">.</word>
<word id="word_1662">Wenn</word>
<word id="word_1663">Staaten</word>
<word id="word_1664">aufeinander</word>
<word id="word_1665">treffen</word>
<word id="word_1666">,</word>
<word id="word_1667">wie</word>
<word id="word_1668">China</word>
<word id="word_1669">und</word>
<word id="word_1670">die</word>
<word id="word_1671">USA</word>
<word id="word_1672">,</word>
<word id="word_1673">dann</word>
<word id="word_1674">handeln</word>
<word id="word_1675">sie</word>
<word id="word_1676">etwa</word>
<word id="word_1677">so</word>
<word id="word_1678">.</word>
<word id="word_1679">Wenn</word>
<word id="word_1680">Städte</word>
<word id="word_1681">aufeinander</word>
<word id="word_1682">eingehen</word>
<word id="word_1683">,</word>
<word id="word_1684">dann</word>
<word id="word_1685">tun</word>
<word id="word_1686">sie</word>
<word id="word_1687">das</word>
<word id="word_1688">eher</word>
<word id="word_1689">so</word>
<word id="word_1690">.</word>
<word id="word_1691">China</word>
<word id="word_1692">und</word>
<word id="word_1693">die</word>
<word id="word_1694">USA</word>
<word id="word_1695">sind</word>
<word id="word_1696">,</word>
<word id="word_1697">trotz</word>
<word id="word_1698">des</word>
<word id="word_1699">jüngsten</word>
<word id="word_1700">Gipfeltreffens</word>
<word id="word_1701">in</word>
<word id="word_1702">Kalifornien</word>
<word id="word_1703">,</word>
<word id="word_1704">gefangen</word>
<word id="word_1705">in</word>
<word id="word_1706">Wut</word>
<word id="word_1707">,</word>
<word id="word_1708">Missgunst</word>
<word id="word_1709">und</word>
<word id="word_1710">Rivalität</word>
<word id="word_1711">um</word>
<word id="word_1712">den</word>
<word id="word_1713">ersten</word>
<word id="word_1714">Platz</word>
<word id="word_1715">.</word>
<word id="word_1716">Viele</word>
<word id="word_1717">wollen</word>
<word id="word_1718">die</word>
<word id="word_1719">Nummer</word>
<word id="word_1720">eins</word>
<word id="word_1721">sein</word>
<word id="word_1722">.</word>
<word id="word_1723">Städte</word>
<word id="word_1724">machen</word>
<word id="word_1725">sich</word>
<word id="word_1726">darüber</word>
<word id="word_1727">keine</word>
<word id="word_1728">Gedanken</word>
<word id="word_1729">.</word>
<word id="word_1730">Sie</word>
<word id="word_1731">müssen</word>
<word id="word_1732">zusammenarbeiten</word>
<word id="word_1733">und</word>
<word id="word_1734">sie</word>
<word id="word_1735">tun</word>
<word id="word_1736">es</word>
<word id="word_1737">auch</word>
<word id="word_1738">.</word>
<word id="word_1739">Sie</word>
<word id="word_1740">arbeiten</word>
<word id="word_1741">zum</word>
<word id="word_1742">Beispiel</word>
<word id="word_1743">gemeinsam</word>
<word id="word_1744">gegen</word>
<word id="word_1745">den</word>
<word id="word_1746">Klimawandel</word>
<word id="word_1747">.</word>
<word id="word_1748">Organisationen</word>
<word id="word_1749">wie</word>
<word id="word_1750">C40</word>
<word id="word_1751">und</word>
<word id="word_1752">die</word>
<word id="word_1753">bereits</word>
<word id="word_1754">erwähnte</word>
<word id="word_1755">ICLEI</word>
<word id="word_1756">,</word>
<word id="word_1757">haben</word>
<word id="word_1758">schon</word>
<word id="word_1759">viele</word>
<word id="word_1760">Jahre</word>
<word id="word_1761">vor</word>
<word id="word_1762">Kopenhagen</word>
<word id="word_1763">miteinander</word>
<word id="word_1764">gearbeitet</word>
<word id="word_1765">.</word>
<word id="word_1766">In</word>
<word id="word_1767">Kopenhagen</word>
<word id="word_1768">,</word>
<word id="word_1769">vor</word>
<word id="word_1770">etwa</word>
<word id="word_1771">vier</word>
<word id="word_1772">oder</word>
<word id="word_1773">fünf</word>
<word id="word_1774">Jahren</word>
<word id="word_1775">,</word>
<word id="word_1776">kamen</word>
<word id="word_1777">184</word>
<word id="word_1778">Nationen</word>
<word id="word_1779">zusammen</word>
<word id="word_1780">und</word>
<word id="word_1781">erklärten</word>
<word id="word_1782">einander</word>
<word id="word_1783">,</word>
<word id="word_1784">warum</word>
<word id="word_1785">ihre</word>
<word id="word_1786">Souveränität</word>
<word id="word_1787">es</word>
<word id="word_1788">ihnen</word>
<word id="word_1789">nicht</word>
<word id="word_1790">erlaubt</word>
<word id="word_1791">,</word>
<word id="word_1792">sich</word>
<word id="word_1793">mit</word>
<word id="word_1794">der</word>
<word id="word_1795">sehr</word>
<word id="word_1796">ernsten</word>
<word id="word_1797">Krise</word>
<word id="word_1798">des</word>
<word id="word_1799">Klimawandels</word>
<word id="word_1800">zu</word>
<word id="word_1801">beschäftigen</word>
<word id="word_1802">.</word>
<word id="word_1803">Doch</word>
<word id="word_1804">dem</word>
<word id="word_1805">Bürgermeister</word>
<word id="word_1806">Kopenhagens</word>
<word id="word_1807">gelang</word>
<word id="word_1808">es</word>
<word id="word_1809">,</word>
<word id="word_1810">200</word>
<word id="word_1811">Bürgermeister</word>
<word id="word_1812">zusammenzurufen</word>
<word id="word_1813">.</word>
<word id="word_1814">Sie</word>
<word id="word_1815">kamen</word>
<word id="word_1816">,</word>
<word id="word_1817">sie</word>
<word id="word_1818">blieben</word>
<word id="word_1819">und</word>
<word id="word_1820">fanden</word>
<word id="word_1821">neue</word>
<word id="word_1822">Wege</word>
<word id="word_1823">,</word>
<word id="word_1824">und</word>
<word id="word_1825">finden</word>
<word id="word_1826">noch</word>
<word id="word_1827">immer</word>
<word id="word_1828">Wege</word>
<word id="word_1829">der</word>
<word id="word_1830">Zusammenarbeit</word>
<word id="word_1831">.</word>
<word id="word_1832">Unmittelbar</word>
<word id="word_1833">und</word>
<word id="word_1834">durch</word>
<word id="word_1835">Städte-Organisationen</word>
<word id="word_1836">.</word>
<word id="word_1837">80</word>
<word id="word_1838">Prozent</word>
<word id="word_1839">der</word>
<word id="word_1840">Kohlenstoffemissionen</word>
<word id="word_1841">kommen</word>
<word id="word_1842">aus</word>
<word id="word_1843">Städten</word>
<word id="word_1844">.</word>
<word id="word_1845">Also</word>
<word id="word_1846">sind</word>
<word id="word_1847">Städte</word>
<word id="word_1848">in</word>
<word id="word_1849">der</word>
<word id="word_1850">Position</word>
<word id="word_1851">,</word>
<word id="word_1852">das</word>
<word id="word_1853">Emissionsproblem</word>
<word id="word_1854">oder</word>
<word id="word_1855">einen</word>
<word id="word_1856">Großteil</word>
<word id="word_1857">davon</word>
<word id="word_1858">,</word>
<word id="word_1859">zu</word>
<word id="word_1860">lösen</word>
<word id="word_1861">.</word>
<word id="word_1862">Unabhängig</word>
<word id="word_1863">davon</word>
<word id="word_1864">,</word>
<word id="word_1865">ob</word>
<word id="word_1866">die</word>
<word id="word_1867">Staaten</word>
<word id="word_1868">,</word>
<word id="word_1869">zu</word>
<word id="word_1870">denen</word>
<word id="word_1871">sie</word>
<word id="word_1872">gehören</word>
<word id="word_1873">,</word>
<word id="word_1874">Abkommen</word>
<word id="word_1875">dazu</word>
<word id="word_1876">vereinbaren</word>
<word id="word_1877">.</word>
<word id="word_1878">Und</word>
<word id="word_1879">sie</word>
<word id="word_1880">tun</word>
<word id="word_1881">es</word>
<word id="word_1882">auch</word>
<word id="word_1883">.</word>
<word id="word_1884">Los</word>
<word id="word_1885">Angeles</word>
<word id="word_1886">hat</word>
<word id="word_1887">seinen</word>
<word id="word_1888">Hafen</word>
<word id="word_1889">gereinigt</word>
<word id="word_1890">,</word>
<word id="word_1891">der</word>
<word id="word_1892">40</word>
<word id="word_1893">Prozent</word>
<word id="word_1894">der</word>
<word id="word_1895">Emissionen</word>
<word id="word_1896">erzeugte</word>
<word id="word_1897">.</word>
<word id="word_1898">und</word>
<word id="word_1899">hat</word>
<word id="word_1900">damit</word>
<word id="word_1901">20</word>
<word id="word_1902">Prozent</word>
<word id="word_1903">der</word>
<word id="word_1904">Kohlenstoffemissionen</word>
<word id="word_1905">reduziert</word>
<word id="word_1906">.</word>
<word id="word_1907">New</word>
<word id="word_1908">York</word>
<word id="word_1909">hat</word>
<word id="word_1910">ein</word>
<word id="word_1911">Sanierungsprogramm</word>
<word id="word_1912">für</word>
<word id="word_1913">Altbauten</word>
<word id="word_1914">,</word>
<word id="word_1915">damit</word>
<word id="word_1916">sie</word>
<word id="word_1917">für</word>
<word id="word_1918">den</word>
<word id="word_1919">Winter</word>
<word id="word_1920">besser</word>
<word id="word_1921">isoliert</word>
<word id="word_1922">sind</word>
<word id="word_1923">und</word>
<word id="word_1924">im</word>
<word id="word_1925">Sommer</word>
<word id="word_1926">keine</word>
<word id="word_1927">Energie</word>
<word id="word_1928">verlieren</word>
<word id="word_1929">und</word>
<word id="word_1930">die</word>
<word id="word_1931">Klimaanlage</word>
<word id="word_1932">dicht</word>
<word id="word_1933">ist</word>
<word id="word_1934">.</word>
<word id="word_1935">Das</word>
<word id="word_1936">hat</word>
<word id="word_1937">viel</word>
<word id="word_1938">ausgemacht</word>
<word id="word_1939">.</word>
<word id="word_1940">In</word>
<word id="word_1941">Bogotá</word>
<word id="word_1942">hat</word>
<word id="word_1943">Bürgermeister</word>
<word id="word_1944">Mockus</word>
<word id="word_1945">in</word>
<word id="word_1946">seiner</word>
<word id="word_1947">Amtszeit</word>
<word id="word_1948">ein</word>
<word id="word_1949">Transportsystem</word>
<word id="word_1950">bauen</word>
<word id="word_1951">lassen</word>
<word id="word_1952">,</word>
<word id="word_1953">um</word>
<word id="word_1954">Energie</word>
<word id="word_1955">zu</word>
<word id="word_1956">sparen</word>
<word id="word_1957">.</word>
<word id="word_1958">Normale</word>
<word id="word_1959">Busse</word>
<word id="word_1960">fahren</word>
<word id="word_1961">praktisch</word>
<word id="word_1962">wie</word>
<word id="word_1963">U-Bahnen</word>
<word id="word_1964">.</word>
<word id="word_1965">Schnellbusse</word>
<word id="word_1966">mit</word>
<word id="word_1967">eigenen</word>
<word id="word_1968">Fahrspuren</word>
<word id="word_1969">.</word>
<word id="word_1970">Es</word>
<word id="word_1971">half</word>
<word id="word_1972">der</word>
<word id="word_1973">Arbeitslosigkeit</word>
<word id="word_1974">,</word>
<word id="word_1975">da</word>
<word id="word_1976">Menschen</word>
<word id="word_1977">nun</word>
<word id="word_1978">besser</word>
<word id="word_1979">durch</word>
<word id="word_1980">die</word>
<word id="word_1981">Stadt</word>
<word id="word_1982">kamen</word>
<word id="word_1983">,</word>
<word id="word_1984">und</word>
<word id="word_1985">es</word>
<word id="word_1986">hatte</word>
<word id="word_1987">einen</word>
<word id="word_1988">großen</word>
<word id="word_1989">Einfluss</word>
<word id="word_1990">auf</word>
<word id="word_1991">das</word>
<word id="word_1992">Klima</word>
<word id="word_1993">und</word>
<word id="word_1994">viele</word>
<word id="word_1995">andere</word>
<word id="word_1996">Dinge</word>
<word id="word_1997">.</word>
<word id="word_1998">Singapur</word>
<word id="word_1999">baute</word>
<word id="word_2000">zusammen</word>
<word id="word_2001">mit</word>
<word id="word_2002">den</word>
<word id="word_2003">Hochhäusern</word>
<word id="word_2004">und</word>
<word id="word_2005">den</word>
<word id="word_2006">bemerkenswerten</word>
<word id="word_2007">Sozialwohnungen</word>
<word id="word_2008">eine</word>
<word id="word_2009">Insel</word>
<word id="word_2010">mit</word>
<word id="word_2011">Parkanlagen</word>
<word id="word_2012">und</word>
<word id="word_2013">wenn</word>
<word id="word_2014">Sie</word>
<word id="word_2015">dort</word>
<word id="word_2016">sind</word>
<word id="word_2017">,</word>
<word id="word_2018">sehen</word>
<word id="word_2019">Sie</word>
<word id="word_2020">,</word>
<word id="word_2021">wie</word>
<word id="word_2022">viele</word>
<word id="word_2023">Grünflächen</word>
<word id="word_2024">und</word>
<word id="word_2025">Parks</word>
<word id="word_2026">es</word>
<word id="word_2027">dort</word>
<word id="word_2028">gibt</word>
<word id="word_2029">.</word>
<word id="word_2030">Das</word>
<word id="word_2031">machen</word>
<word id="word_2032">Städte</word>
<word id="word_2033">und</word>
<word id="word_2034">zwar</word>
<word id="word_2035">nicht</word>
<word id="word_2036">alleine</word>
<word id="word_2037">.</word>
<word id="word_2038">Sie</word>
<word id="word_2039">tun</word>
<word id="word_2040">es</word>
<word id="word_2041">gemeinsam</word>
<word id="word_2042">.</word>
<word id="word_2043">Sie</word>
<word id="word_2044">tauschen</word>
<word id="word_2045">ihre</word>
<word id="word_2046">Pläne</word>
<word id="word_2047">aus</word>
<word id="word_2048">und</word>
<word id="word_2049">sie</word>
<word id="word_2050">erreichen</word>
<word id="word_2051">so</word>
<word id="word_2052">viel</word>
<word id="word_2053">durch</word>
<word id="word_2054">den</word>
<word id="word_2055">Austausch</word>
<word id="word_2056">ihrer</word>
<word id="word_2057">Erfolgsrezepte</word>
<word id="word_2058">.</word>
<word id="word_2059">Viele</word>
<word id="word_2060">von</word>
<word id="word_2061">ihnen</word>
<word id="word_2062">kennen</word>
<word id="word_2063">Fahrradverleihsysteme</word>
<word id="word_2064">.</word>
<word id="word_2065">Sie</word>
<word id="word_2066">wurden</word>
<word id="word_2067">vor</word>
<word id="word_2068">20</word>
<word id="word_2069">oder</word>
<word id="word_2070">30</word>
<word id="word_2071">Jahren</word>
<word id="word_2072">in</word>
<word id="word_2073">Lateinamerika</word>
<word id="word_2074">eingeführt</word>
<word id="word_2075">.</word>
<word id="word_2076">Es</word>
<word id="word_2077">gibt</word>
<word id="word_2078">sie</word>
<word id="word_2079">nun</word>
<word id="word_2080">in</word>
<word id="word_2081">hunderten</word>
<word id="word_2082">Städten</word>
<word id="word_2083">auf</word>
<word id="word_2084">der</word>
<word id="word_2085">ganzen</word>
<word id="word_2086">Welt</word>
<word id="word_2087">.</word>
<word id="word_2088">Fußgängerzonen</word>
<word id="word_2089">,</word>
<word id="word_2090">Mautsysteme</word>
<word id="word_2091">,</word>
<word id="word_2092">Emissionsgrenzen</word>
<word id="word_2093">wie</word>
<word id="word_2094">in</word>
<word id="word_2095">den</word>
<word id="word_2096">Städten</word>
<word id="word_2097">Kaliforniens</word>
<word id="word_2098">.</word>
<word id="word_2099">Es</word>
<word id="word_2100">gibt</word>
<word id="word_2101">so</word>
<word id="word_2102">vieles</word>
<word id="word_2103">,</word>
<word id="word_2104">was</word>
<word id="word_2105">Städte</word>
<word id="word_2106">tun</word>
<word id="word_2107">können</word>
<word id="word_2108">,</word>
<word id="word_2109">selbst</word>
<word id="word_2110">dann</word>
<word id="word_2111">,</word>
<word id="word_2112">wenn</word>
<word id="word_2113">undurchsichtige</word>
<word id="word_2114">,</word>
<word id="word_2115">sture</word>
<word id="word_2116">Nationen</word>
<word id="word_2117">sich</word>
<word id="word_2118">weigern</word>
<word id="word_2119">zu</word>
<word id="word_2120">handeln</word>
<word id="word_2121">.</word>
<word id="word_2122">Was</word>
<word id="word_2123">lernen</word>
<word id="word_2124">wir</word>
<word id="word_2125">daraus</word>
<word id="word_2126">?</word>
<word id="word_2127">Politisch</word>
<word id="word_2128">leben</word>
<word id="word_2129">wir</word>
<word id="word_2130">noch</word>
<word id="word_2131">immer</word>
<word id="word_2132">in</word>
<word id="word_2133">einer</word>
<word id="word_2134">Welt</word>
<word id="word_2135">mit</word>
<word id="word_2136">Grenzen</word>
<word id="word_2137">,</word>
<word id="word_2138">einer</word>
<word id="word_2139">Welt</word>
<word id="word_2140">mit</word>
<word id="word_2141">Mauern</word>
<word id="word_2142">,</word>
<word id="word_2143">einer</word>
<word id="word_2144">Welt</word>
<word id="word_2145">,</word>
<word id="word_2146">in</word>
<word id="word_2147">der</word>
<word id="word_2148">Staaten</word>
<word id="word_2149">sich</word>
<word id="word_2150">weigern</word>
<word id="word_2151">,</word>
<word id="word_2152">gemeinsam</word>
<word id="word_2153">zu</word>
<word id="word_2154">handeln</word>
<word id="word_2155">.</word>
<word id="word_2156">Doch</word>
<word id="word_2157">unsere</word>
<word id="word_2158">tagtägliche</word>
<word id="word_2159">Wirklichkeit</word>
<word id="word_2160">ist</word>
<word id="word_2161">eine</word>
<word id="word_2162">Welt</word>
<word id="word_2163">ohne</word>
<word id="word_2164">Grenzen</word>
<word id="word_2165">.</word>
<word id="word_2166">Eine</word>
<word id="word_2167">Welt</word>
<word id="word_2168">der</word>
<word id="word_2169">Krankheiten</word>
<word id="word_2170">ohne</word>
<word id="word_2171">Grenzen</word>
<word id="word_2172">und</word>
<word id="word_2173">Ärzte</word>
<word id="word_2174">ohne</word>
<word id="word_2175">Grenzen</word>
<word id="word_2176">.</word>
<word id="word_2177">Maladies</word>
<word id="word_2178">sans</word>
<word id="word_2179">frontiéres</word>
<word id="word_2180">,</word>
<word id="word_2181">Médecins</word>
<word id="word_2182">Sans</word>
<word id="word_2183">Frontiéres</word>
<word id="word_2184">.</word>
<word id="word_2185">Eine</word>
<word id="word_2186">Welt</word>
<word id="word_2187">der</word>
<word id="word_2188">Wirtschaft</word>
<word id="word_2189">und</word>
<word id="word_2190">Technologie</word>
<word id="word_2191">ohne</word>
<word id="word_2192">Grenzen</word>
<word id="word_2193">,</word>
<word id="word_2194">der</word>
<word id="word_2195">Bildung</word>
<word id="word_2196">ohne</word>
<word id="word_2197">Grenzen</word>
<word id="word_2198">,</word>
<word id="word_2199">des</word>
<word id="word_2200">Terrorismus</word>
<word id="word_2201">und</word>
<word id="word_2202">Krieges</word>
<word id="word_2203">ohne</word>
<word id="word_2204">Grenzen</word>
<word id="word_2205">.</word>
<word id="word_2206">Das</word>
<word id="word_2207">ist</word>
<word id="word_2208">die</word>
<word id="word_2209">reale</word>
<word id="word_2210">Welt</word>
<word id="word_2211">und</word>
<word id="word_2212">wenn</word>
<word id="word_2213">wir</word>
<word id="word_2214">keinen</word>
<word id="word_2215">Weg</word>
<word id="word_2216">finden</word>
<word id="word_2217">,</word>
<word id="word_2218">um</word>
<word id="word_2219">die</word>
<word id="word_2220">Demokratie</word>
<word id="word_2221">zu</word>
<word id="word_2222">globalisieren</word>
<word id="word_2223">oder</word>
<word id="word_2224">die</word>
<word id="word_2225">Globalisierung</word>
<word id="word_2226">zu</word>
<word id="word_2227">demokratisieren</word>
<word id="word_2228">,</word>
<word id="word_2229">dann</word>
<word id="word_2230">steigt</word>
<word id="word_2231">nicht</word>
<word id="word_2232">nur</word>
<word id="word_2233">das</word>
<word id="word_2234">Risiko</word>
<word id="word_2235">,</word>
<word id="word_2236">dass</word>
<word id="word_2237">wir</word>
<word id="word_2238">bei</word>
<word id="word_2239">der</word>
<word id="word_2240">Bewältigung</word>
<word id="word_2241">dieser</word>
<word id="word_2242">transnationalen</word>
<word id="word_2243">Probleme</word>
<word id="word_2244">versagen</word>
<word id="word_2245">,</word>
<word id="word_2246">sondern</word>
<word id="word_2247">auch</word>
<word id="word_2248">,</word>
<word id="word_2249">dass</word>
<word id="word_2250">wir</word>
<word id="word_2251">die</word>
<word id="word_2252">Demokratie</word>
<word id="word_2253">selbst</word>
<word id="word_2254">verlieren</word>
<word id="word_2255">.</word>
<word id="word_2256">Gefangen</word>
<word id="word_2257">in</word>
<word id="word_2258">der</word>
<word id="word_2259">Schachtel</word>
<word id="word_2260">der</word>
<word id="word_2261">alten</word>
<word id="word_2262">Nationalstaaten</word>
<word id="word_2263">,</word>
<word id="word_2264">nicht</word>
<word id="word_2265">imstande</word>
<word id="word_2266">,</word>
<word id="word_2267">die</word>
<word id="word_2268">globalen</word>
<word id="word_2269">Probleme</word>
<word id="word_2270">demokratisch</word>
<word id="word_2271">zu</word>
<word id="word_2272">lösen</word>
<word id="word_2273">.</word>
<word id="word_2274">Wie</word>
<word id="word_2275">verbleiben</word>
<word id="word_2276">wir</word>
<word id="word_2277">?</word>
<word id="word_2278">Ich</word>
<word id="word_2279">sage</word>
<word id="word_2280">es</word>
<word id="word_2281">Ihnen</word>
<word id="word_2282">.</word>
<word id="word_2283">Der</word>
<word id="word_2284">Weg</word>
<word id="word_2285">zur</word>
<word id="word_2286">globalen</word>
<word id="word_2287">Demokratie</word>
<word id="word_2288">führt</word>
<word id="word_2289">nicht</word>
<word id="word_2290">durch</word>
<word id="word_2291">die</word>
<word id="word_2292">Staaten</word>
<word id="word_2293">.</word>
<word id="word_2294">Er</word>
<word id="word_2295">führt</word>
<word id="word_2296">durch</word>
<word id="word_2297">Städte</word>
<word id="word_2298">.</word>
<word id="word_2299">Die</word>
<word id="word_2300">Demokratie</word>
<word id="word_2301">wurde</word>
<word id="word_2302">in</word>
<word id="word_2303">der</word>
<word id="word_2304">antiken</word>
<word id="word_2305">Polis</word>
<word id="word_2306">geboren</word>
<word id="word_2307">.</word>
<word id="word_2308">Ich</word>
<word id="word_2309">glaube</word>
<word id="word_2310">,</word>
<word id="word_2311">sie</word>
<word id="word_2312">kann</word>
<word id="word_2313">in</word>
<word id="word_2314">der</word>
<word id="word_2315">globalen</word>
<word id="word_2316">Kosmopolis</word>
<word id="word_2317">wiedergeboren</word>
<word id="word_2318">werden</word>
<word id="word_2319">.</word>
<word id="word_2320">Auf</word>
<word id="word_2321">dieser</word>
<word id="word_2322">Reise</word>
<word id="word_2323">von</word>
<word id="word_2324">Polis</word>
<word id="word_2325">zu</word>
<word id="word_2326">Kosmopolis</word>
<word id="word_2327">können</word>
<word id="word_2328">wir</word>
<word id="word_2329">die</word>
<word id="word_2330">Macht</word>
<word id="word_2331">der</word>
<word id="word_2332">Demokratie</word>
<word id="word_2333">wieder</word>
<word id="word_2334">entdecken</word>
<word id="word_2335">auf</word>
<word id="word_2336">einer</word>
<word id="word_2337">globalen</word>
<word id="word_2338">Ebene</word>
<word id="word_2339">.</word>
<word id="word_2340">Einen</word>
<word id="word_2341">Völkerbund</word>
<word id="word_2342">können</word>
<word id="word_2343">wir</word>
<word id="word_2344">nicht</word>
<word id="word_2345">kreieren</word>
<word id="word_2346">.</word>
<word id="word_2347">Das</word>
<word id="word_2348">ist</word>
<word id="word_2349">gescheitert</word>
<word id="word_2350">.</word>
<word id="word_2351">Aber</word>
<word id="word_2352">einen</word>
<word id="word_2353">Städtebund</word>
<word id="word_2354">.</word>
<word id="word_2355">Keine</word>
<word id="word_2356">Vereinten</word>
<word id="word_2357">oder</word>
<word id="word_2358">Un-Vereinten</word>
<word id="word_2359">Nationen</word>
<word id="word_2360">,</word>
<word id="word_2361">sondern</word>
<word id="word_2362">die</word>
<word id="word_2363">Vereinten</word>
<word id="word_2364">Städte</word>
<word id="word_2365">der</word>
<word id="word_2366">Welt</word>
<word id="word_2367">.</word>
<word id="word_2368">Wir</word>
<word id="word_2369">können</word>
<word id="word_2370">ein</word>
<word id="word_2371">globales</word>
<word id="word_2372">Bürgermeisterparlament</word>
<word id="word_2373">gründen</word>
<word id="word_2374">.</word>
<word id="word_2375">Das</word>
<word id="word_2376">wäre</word>
<word id="word_2377">eine</word>
<word id="word_2378">Idee</word>
<word id="word_2379">.</word>
<word id="word_2380">Es</word>
<word id="word_2381">ist</word>
<word id="word_2382">nicht</word>
<word id="word_2383">nur</word>
<word id="word_2384">mein</word>
<word id="word_2385">Konzept</word>
<word id="word_2386">der</word>
<word id="word_2387">zukünftigen</word>
<word id="word_2388">Welt</word>
<word id="word_2389">,</word>
<word id="word_2390">sondern</word>
<word id="word_2391">wird</word>
<word id="word_2392">bereits</word>
<word id="word_2393">in</word>
<word id="word_2394">Erwägung</word>
<word id="word_2395">gezogen</word>
<word id="word_2396">in</word>
<word id="word_2397">Seoul</word>
<word id="word_2398">,</word>
<word id="word_2399">Korea</word>
<word id="word_2400">,</word>
<word id="word_2401">in</word>
<word id="word_2402">Amsterdam</word>
<word id="word_2403">,</word>
<word id="word_2404">in</word>
<word id="word_2405">Hamburg</word>
<word id="word_2406">und</word>
<word id="word_2407">in</word>
<word id="word_2408">New</word>
<word id="word_2409">York</word>
<word id="word_2410">.</word>
<word id="word_2411">Bürgermeister</word>
<word id="word_2412">überlegen</word>
<word id="word_2413">bereits</word>
<word id="word_2414">,</word>
<word id="word_2415">wie</word>
<word id="word_2416">ein</word>
<word id="word_2417">solches</word>
<word id="word_2418">globales</word>
<word id="word_2419">Bürgermeisterparlament</word>
<word id="word_2420">umgesetzt</word>
<word id="word_2421">werden</word>
<word id="word_2422">kann</word>
<word id="word_2423">.</word>
<word id="word_2424">Ich</word>
<word id="word_2425">liebe</word>
<word id="word_2426">diese</word>
<word id="word_2427">Idee</word>
<word id="word_2428">,</word>
<word id="word_2429">denn</word>
<word id="word_2430">ein</word>
<word id="word_2431">Bürgermeisterparlament</word>
<word id="word_2432">ist</word>
<word id="word_2433">ein</word>
<word id="word_2434">Parlament</word>
<word id="word_2435">der</word>
<word id="word_2436">Bürger</word>
<word id="word_2437">und</word>
<word id="word_2438">ein</word>
<word id="word_2439">Parlament</word>
<word id="word_2440">der</word>
<word id="word_2441">Bürger</word>
<word id="word_2442">ist</word>
<word id="word_2443">ein</word>
<word id="word_2444">Parlament</word>
<word id="word_2445">von</word>
<word id="word_2446">uns</word>
<word id="word_2447">,</word>
<word id="word_2448">von</word>
<word id="word_2449">Ihnen</word>
<word id="word_2450">und</word>
<word id="word_2451">mir</word>
<word id="word_2452">.</word>
<word id="word_2453">Wenn</word>
<word id="word_2454">es</word>
<word id="word_2455">irgendwann</word>
<word id="word_2456">Bürger</word>
<word id="word_2457">ohne</word>
<word id="word_2458">Grenzen</word>
<word id="word_2459">gegeben</word>
<word id="word_2460">hat</word>
<word id="word_2461">,</word>
<word id="word_2462">dann</word>
<word id="word_2463">sind</word>
<word id="word_2464">es</word>
<word id="word_2465">,</word>
<word id="word_2466">denke</word>
<word id="word_2467">ich</word>
<word id="word_2468">,</word>
<word id="word_2469">die</word>
<word id="word_2470">Bürger</word>
<word id="word_2471">von</word>
<word id="word_2472">TED</word>
<word id="word_2473">,</word>
<word id="word_2474">die</word>
<word id="word_2475">sehr</word>
<word id="word_2476">vielversprechende</word>
<word id="word_2477">Bürger</word>
<word id="word_2478">ohne</word>
<word id="word_2479">Grenzen</word>
<word id="word_2480">sind</word>
<word id="word_2481">.</word>
<word id="word_2482">Ich</word>
<word id="word_2483">bin</word>
<word id="word_2484">bereit</word>
<word id="word_2485">,</word>
<word id="word_2486">die</word>
<word id="word_2487">Hand</word>
<word id="word_2488">auszustrecken</word>
<word id="word_2489">,</word>
<word id="word_2490">zu</word>
<word id="word_2491">Gunsten</word>
<word id="word_2492">einer</word>
<word id="word_2493">neuen</word>
<word id="word_2494">globalen</word>
<word id="word_2495">Demokratie</word>
<word id="word_2496">,</word>
<word id="word_2497">um</word>
<word id="word_2498">unsere</word>
<word id="word_2499">Demokratie</word>
<word id="word_2500">zurückzuerobern</word>
<word id="word_2501">.</word>
<word id="word_2502">Und</word>
<word id="word_2503">die</word>
<word id="word_2504">einzige</word>
<word id="word_2505">Frage</word>
<word id="word_2506">ist</word>
<word id="word_2507">:</word>
<word id="word_2508">Sind</word>
<word id="word_2509">Sie</word>
<word id="word_2510">es</word>
<word id="word_2511">auch</word>
<word id="word_2512">?</word>
<word id="word_2513">Vielen</word>
<word id="word_2514">Dank</word>
<word id="word_2515">,</word>
<word id="word_2516">meine</word>
<word id="word_2517">Mitbürger</word>
<word id="word_2518">.</word>
<word id="word_2519">Danke</word>
<word id="word_2520">.</word>
</words>
