<?xml version="1.0" encoding="UTF-8" ?>
<!DOCTYPE words SYSTEM "words.dtd">
<words>
<word id="word_1">Ich</word>
<word id="word_2">werde</word>
<word id="word_3">ein</word>
<word id="word_4">wenig</word>
<word id="word_5">über</word>
<word id="word_6">Strategie</word>
<word id="word_7">und</word>
<word id="word_8">ihre</word>
<word id="word_9">Beziehung</word>
<word id="word_10">zu</word>
<word id="word_11">Technologie</word>
<word id="word_12">reden</word>
<word id="word_13">.</word>
<word id="word_14">Wir</word>
<word id="word_15">neigen</word>
<word id="word_16">dazu</word>
<word id="word_17">,</word>
<word id="word_18">Geschäftsstrategie</word>
<word id="word_19">als</word>
<word id="word_20">ein</word>
<word id="word_21">ziemlich</word>
<word id="word_22">abstraktes</word>
<word id="word_23">Gebilde</word>
<word id="word_24">wirtschaftlichen</word>
<word id="word_25">Denkens</word>
<word id="word_26">zu</word>
<word id="word_27">betrachten</word>
<word id="word_28">,</word>
<word id="word_29">ein</word>
<word id="word_30">zeitloses</word>
<word id="word_31">vielleicht</word>
<word id="word_32">.</word>
<word id="word_33">Ich</word>
<word id="word_34">werde</word>
<word id="word_35">argumentieren</word>
<word id="word_36">,</word>
<word id="word_37">dass</word>
<word id="word_38">Geschäftsstrategie</word>
<word id="word_39">immer</word>
<word id="word_40">schon</word>
<word id="word_41">auf</word>
<word id="word_42">Annahmen</word>
<word id="word_43">über</word>
<word id="word_44">Technologie</word>
<word id="word_45">basiert</word>
<word id="word_46">,</word>
<word id="word_47">dass</word>
<word id="word_48">sich</word>
<word id="word_49">diese</word>
<word id="word_50">Annahmen</word>
<word id="word_51">ändern</word>
<word id="word_52">,</word>
<word id="word_53">und</word>
<word id="word_54">dass</word>
<word id="word_55">sie</word>
<word id="word_56">sich</word>
<word id="word_57">sogar</word>
<word id="word_58">ziemlich</word>
<word id="word_59">dramatisch</word>
<word id="word_60">ändern</word>
<word id="word_61">,</word>
<word id="word_62">und</word>
<word id="word_63">folglich</word>
<word id="word_64">,</word>
<word id="word_65">dass</word>
<word id="word_66">das</word>
<word id="word_67">,</word>
<word id="word_68">wohin</word>
<word id="word_69">uns</word>
<word id="word_70">das</word>
<word id="word_71">führt</word>
<word id="word_72">,</word>
<word id="word_73">ein</word>
<word id="word_74">anderes</word>
<word id="word_75">Konzept</word>
<word id="word_76">ist</word>
<word id="word_77">als</word>
<word id="word_78">das</word>
<word id="word_79">,</word>
<word id="word_80">was</word>
<word id="word_81">wir</word>
<word id="word_82">unter</word>
<word id="word_83">Geschäftsstrategie</word>
<word id="word_84">verstehen</word>
<word id="word_85">.</word>
<word id="word_86">Ich</word>
<word id="word_87">möchte</word>
<word id="word_88">mit</word>
<word id="word_89">ein</word>
<word id="word_90">wenig</word>
<word id="word_91">Geschichte</word>
<word id="word_92">beginnen</word>
<word id="word_93">.</word>
<word id="word_94">Strategie</word>
<word id="word_95">im</word>
<word id="word_96">Unternehmen</word>
<word id="word_97">verdankt</word>
<word id="word_98">ihre</word>
<word id="word_99">Ursprünge</word>
<word id="word_100">zwei</word>
<word id="word_101">Geistesgrößen</word>
<word id="word_102">:</word>
<word id="word_103">Bruce</word>
<word id="word_104">Henderson</word>
<word id="word_105">,</word>
<word id="word_106">der</word>
<word id="word_107">Gründer</word>
<word id="word_108">von</word>
<word id="word_109">BCG</word>
<word id="word_110">,</word>
<word id="word_111">und</word>
<word id="word_112">Michael</word>
<word id="word_113">Porter</word>
<word id="word_114">,</word>
<word id="word_115">Professor</word>
<word id="word_116">an</word>
<word id="word_117">der</word>
<word id="word_118">Harvard</word>
<word id="word_119">Business</word>
<word id="word_120">School</word>
<word id="word_121">.</word>
<word id="word_122">Henderson</word>
<word id="word_123">vertrat</word>
<word id="word_124">die</word>
<word id="word_125">"</word>
<word id="word_126">Napoleonische</word>
<word id="word_127">Idee</word>
<word id="word_128">"</word>
<word id="word_129">,</word>
<word id="word_130">die</word>
<word id="word_131">Konzentration</word>
<word id="word_132">von</word>
<word id="word_133">Masse</word>
<word id="word_134">gegen</word>
<word id="word_135">Schwäche</word>
<word id="word_136">,</word>
<word id="word_137">die</word>
<word id="word_138">Überforderung</word>
<word id="word_139">des</word>
<word id="word_140">Feindes</word>
<word id="word_141">.</word>
<word id="word_142">Henderson</word>
<word id="word_143">erkannte</word>
<word id="word_144">,</word>
<word id="word_145">dass</word>
<word id="word_146">es</word>
<word id="word_147">in</word>
<word id="word_148">der</word>
<word id="word_149">Wirtschaftswelt</word>
<word id="word_150">viele</word>
<word id="word_151">Phänomene</word>
<word id="word_152">gibt</word>
<word id="word_153">,</word>
<word id="word_154">deren</word>
<word id="word_155">Kennzeichen</word>
<word id="word_156">für</word>
<word id="word_157">Ökonome</word>
<word id="word_158">so</word>
<word id="word_159">genannte</word>
<word id="word_160">steigende</word>
<word id="word_161">Renditen</word>
<word id="word_162">sind</word>
<word id="word_163">--</word>
<word id="word_164">Wachstum</word>
<word id="word_165">,</word>
<word id="word_166">Erfahrung</word>
<word id="word_167">.</word>
<word id="word_168">Je</word>
<word id="word_169">mehr</word>
<word id="word_170">man</word>
<word id="word_171">etwas</word>
<word id="word_172">tut</word>
<word id="word_173">,</word>
<word id="word_174">desto</word>
<word id="word_175">besser</word>
<word id="word_176">wird</word>
<word id="word_177">man</word>
<word id="word_178">.</word>
<word id="word_179">Und</word>
<word id="word_180">deshalb</word>
<word id="word_181">entwickelte</word>
<word id="word_182">er</word>
<word id="word_183">ein</word>
<word id="word_184">System</word>
<word id="word_185">,</word>
<word id="word_186">wie</word>
<word id="word_187">man</word>
<word id="word_188">in</word>
<word id="word_189">diese</word>
<word id="word_190">Art</word>
<word id="word_191">der</word>
<word id="word_192">überwältigenden</word>
<word id="word_193">Masse</word>
<word id="word_194">investiert</word>
<word id="word_195">,</word>
<word id="word_196">um</word>
<word id="word_197">einen</word>
<word id="word_198">Wettbewerbsvorteil</word>
<word id="word_199">zu</word>
<word id="word_200">erlangen</word>
<word id="word_201">.</word>
<word id="word_202">Und</word>
<word id="word_203">das</word>
<word id="word_204">war</word>
<word id="word_205">die</word>
<word id="word_206">erste</word>
<word id="word_207">Einführung</word>
<word id="word_208">des</word>
<word id="word_209">im</word>
<word id="word_210">Wesentlichen</word>
<word id="word_211">militärischen</word>
<word id="word_212">Konzepts</word>
<word id="word_213">der</word>
<word id="word_214">Strategie</word>
<word id="word_215">in</word>
<word id="word_216">die</word>
<word id="word_217">Geschäftswelt</word>
<word id="word_218">.</word>
<word id="word_219">Porter</word>
<word id="word_220">stimmte</word>
<word id="word_221">dieser</word>
<word id="word_222">Prämisse</word>
<word id="word_223">zu</word>
<word id="word_224">,</word>
<word id="word_225">aber</word>
<word id="word_226">er</word>
<word id="word_227">modifizierte</word>
<word id="word_228">sie</word>
<word id="word_229">.</word>
<word id="word_230">Zu</word>
<word id="word_231">Recht</word>
<word id="word_232">wies</word>
<word id="word_233">er</word>
<word id="word_234">darauf</word>
<word id="word_235">hin</word>
<word id="word_236">,</word>
<word id="word_237">dass</word>
<word id="word_238">das</word>
<word id="word_239">schön</word>
<word id="word_240">und</word>
<word id="word_241">gut</word>
<word id="word_242">ist</word>
<word id="word_243">,</word>
<word id="word_244">aber</word>
<word id="word_245">dass</word>
<word id="word_246">Unternehmen</word>
<word id="word_247">eigentlich</word>
<word id="word_248">mehrere</word>
<word id="word_249">Schritte</word>
<word id="word_250">umfassen</word>
<word id="word_251">.</word>
<word id="word_252">Sie</word>
<word id="word_253">beinhalten</word>
<word id="word_254">unterschiedliche</word>
<word id="word_255">Komponenten</word>
<word id="word_256">und</word>
<word id="word_257">jede</word>
<word id="word_258">dieser</word>
<word id="word_259">Komponenten</word>
<word id="word_260">könnte</word>
<word id="word_261">vielleicht</word>
<word id="word_262">durch</word>
<word id="word_263">eine</word>
<word id="word_264">andere</word>
<word id="word_265">Art</word>
<word id="word_266">Strategie</word>
<word id="word_267">gesteuert</word>
<word id="word_268">werden</word>
<word id="word_269">.</word>
<word id="word_270">Eine</word>
<word id="word_271">Firma</word>
<word id="word_272">oder</word>
<word id="word_273">ein</word>
<word id="word_274">Unternehmen</word>
<word id="word_275">könnte</word>
<word id="word_276">so</word>
<word id="word_277">in</word>
<word id="word_278">einigen</word>
<word id="word_279">Aktivitäten</word>
<word id="word_280">bevorteilt</word>
<word id="word_281">,</word>
<word id="word_282">aber</word>
<word id="word_283">in</word>
<word id="word_284">anderen</word>
<word id="word_285">benachteiligt</word>
<word id="word_286">sein</word>
<word id="word_287">.</word>
<word id="word_288">Er</word>
<word id="word_289">entwickelte</word>
<word id="word_290">das</word>
<word id="word_291">Konzept</word>
<word id="word_292">der</word>
<word id="word_293">Wertschöpfungskette</word>
<word id="word_294">,</word>
<word id="word_295">im</word>
<word id="word_296">Grunde</word>
<word id="word_297">die</word>
<word id="word_298">Reihenfolge</word>
<word id="word_299">der</word>
<word id="word_300">Schritte</word>
<word id="word_301">,</word>
<word id="word_302">mit</word>
<word id="word_303">denen</word>
<word id="word_304">ein</word>
<word id="word_305">,</word>
<word id="word_306">sagen</word>
<word id="word_307">wir</word>
<word id="word_308">mal</word>
<word id="word_309">"</word>
<word id="word_310">Rohmaterial</word>
<word id="word_311">"</word>
<word id="word_312">zu</word>
<word id="word_313">einem</word>
<word id="word_314">Einzelteil</word>
<word id="word_315">wird</word>
<word id="word_316">,</word>
<word id="word_317">in</word>
<word id="word_318">ein</word>
<word id="word_319">fertiges</word>
<word id="word_320">Produkt</word>
<word id="word_321">eingebaut</word>
<word id="word_322">und</word>
<word id="word_323">dann</word>
<word id="word_324">zum</word>
<word id="word_325">Beispiel</word>
<word id="word_326">vertrieben</word>
<word id="word_327">wird</word>
<word id="word_328">.</word>
<word id="word_329">Und</word>
<word id="word_330">er</word>
<word id="word_331">argumentierte</word>
<word id="word_332">,</word>
<word id="word_333">dass</word>
<word id="word_334">Vorteile</word>
<word id="word_335">für</word>
<word id="word_336">jede</word>
<word id="word_337">dieser</word>
<word id="word_338">Komponenten</word>
<word id="word_339">entstehen</word>
<word id="word_340">,</word>
<word id="word_341">und</word>
<word id="word_342">dass</word>
<word id="word_343">der</word>
<word id="word_344">Nutzen</word>
<word id="word_345">für</word>
<word id="word_346">das</word>
<word id="word_347">Ganze</word>
<word id="word_348">in</word>
<word id="word_349">gewisser</word>
<word id="word_350">Weise</word>
<word id="word_351">die</word>
<word id="word_352">Summe</word>
<word id="word_353">oder</word>
<word id="word_354">der</word>
<word id="word_355">Durchschnitt</word>
<word id="word_356">aller</word>
<word id="word_357">Einzelteile</word>
<word id="word_358">war</word>
<word id="word_359">.</word>
<word id="word_360">Und</word>
<word id="word_361">diese</word>
<word id="word_362">Idee</word>
<word id="word_363">der</word>
<word id="word_364">Wertschöpfungskette</word>
<word id="word_365">beruhte</word>
<word id="word_366">auf</word>
<word id="word_367">der</word>
<word id="word_368">Erkenntnis</word>
<word id="word_369">,</word>
<word id="word_370">dass</word>
<word id="word_371">ein</word>
<word id="word_372">Unternehmen</word>
<word id="word_373">grundlegend</word>
<word id="word_374">auf</word>
<word id="word_375">Transaktionskosten</word>
<word id="word_376">aufbaut</word>
<word id="word_377">,</word>
<word id="word_378">die</word>
<word id="word_379">man</word>
<word id="word_380">koordinieren</word>
<word id="word_381">muss</word>
<word id="word_382">,</word>
<word id="word_383">und</word>
<word id="word_384">da</word>
<word id="word_385">Organisationen</word>
<word id="word_386">im</word>
<word id="word_387">Koordinieren</word>
<word id="word_388">oft</word>
<word id="word_389">effizienter</word>
<word id="word_390">sind</word>
<word id="word_391">als</word>
<word id="word_392">Märkte</word>
<word id="word_393">,</word>
<word id="word_394">und</word>
<word id="word_395">damit</word>
<word id="word_396">die</word>
<word id="word_397">Natur</word>
<word id="word_398">,</word>
<word id="word_399">die</word>
<word id="word_400">Rolle</word>
<word id="word_401">und</word>
<word id="word_402">die</word>
<word id="word_403">Grenzen</word>
<word id="word_404">einer</word>
<word id="word_405">Kooperation</word>
<word id="word_406">durch</word>
<word id="word_407">die</word>
<word id="word_408">Transaktionskosten</word>
<word id="word_409">definiert</word>
<word id="word_410">sind</word>
<word id="word_411">.</word>
<word id="word_412">Es</word>
<word id="word_413">basierte</word>
<word id="word_414">auf</word>
<word id="word_415">diesen</word>
<word id="word_416">beiden</word>
<word id="word_417">Ideen</word>
<word id="word_418">,</word>
<word id="word_419">also</word>
<word id="word_420">Hendersons</word>
<word id="word_421">Idee</word>
<word id="word_422">der</word>
<word id="word_423">zunehmenden</word>
<word id="word_424">Rendite</word>
<word id="word_425">bei</word>
<word id="word_426">Wachstum</word>
<word id="word_427">und</word>
<word id="word_428">Erfahrung</word>
<word id="word_429">und</word>
<word id="word_430">Porters</word>
<word id="word_431">Idee</word>
<word id="word_432">der</word>
<word id="word_433">Wertschöpfungskette</word>
<word id="word_434">,</word>
<word id="word_435">das</word>
<word id="word_436">Umfassen</word>
<word id="word_437">heterogener</word>
<word id="word_438">Elemente</word>
<word id="word_439">,</word>
<word id="word_440">auf</word>
<word id="word_441">denen</word>
<word id="word_442">das</word>
<word id="word_443">ganze</word>
<word id="word_444">Gebäude</word>
<word id="word_445">der</word>
<word id="word_446">Geschäftsstrategie</word>
<word id="word_447">später</word>
<word id="word_448">errichtet</word>
<word id="word_449">wurde</word>
<word id="word_450">.</word>
<word id="word_451">Ich</word>
<word id="word_452">möchte</word>
<word id="word_453">weiter</word>
<word id="word_454">erörtern</word>
<word id="word_455">,</word>
<word id="word_456">dass</word>
<word id="word_457">diese</word>
<word id="word_458">Prämissen</word>
<word id="word_459">in</word>
<word id="word_460">der</word>
<word id="word_461">Tat</word>
<word id="word_462">für</word>
<word id="word_463">ungültig</word>
<word id="word_464">erklärt</word>
<word id="word_465">werden</word>
<word id="word_466">.</word>
<word id="word_467">Betrachten</word>
<word id="word_468">wir</word>
<word id="word_469">zunächst</word>
<word id="word_470">den</word>
<word id="word_471">Gedanken</word>
<word id="word_472">der</word>
<word id="word_473">Transaktionskosten</word>
<word id="word_474">.</word>
<word id="word_475">Im</word>
<word id="word_476">Prinzip</word>
<word id="word_477">gibt</word>
<word id="word_478">es</word>
<word id="word_479">bei</word>
<word id="word_480">den</word>
<word id="word_481">Transaktionskosten</word>
<word id="word_482">zwei</word>
<word id="word_483">Komponenten</word>
<word id="word_484">.</word>
<word id="word_485">Es</word>
<word id="word_486">geht</word>
<word id="word_487">um</word>
<word id="word_488">Informationsverarbeitung</word>
<word id="word_489">und</word>
<word id="word_490">um</word>
<word id="word_491">Kommunikation</word>
<word id="word_492">.</word>
<word id="word_493">Dies</word>
<word id="word_494">ist</word>
<word id="word_495">die</word>
<word id="word_496">Ökonomie</word>
<word id="word_497">der</word>
<word id="word_498">Verarbeitung</word>
<word id="word_499">und</word>
<word id="word_500">Kommunikation</word>
<word id="word_501">,</word>
<word id="word_502">die</word>
<word id="word_503">sich</word>
<word id="word_504">über</word>
<word id="word_505">einen</word>
<word id="word_506">langen</word>
<word id="word_507">Zeitraum</word>
<word id="word_508">entwickelt</word>
<word id="word_509">haben</word>
<word id="word_510">.</word>
<word id="word_511">Wie</word>
<word id="word_512">wir</word>
<word id="word_513">alle</word>
<word id="word_514">aus</word>
<word id="word_515">vielen</word>
<word id="word_516">Kontexten</word>
<word id="word_517">wissen</word>
<word id="word_518">,</word>
<word id="word_519">haben</word>
<word id="word_520">sie</word>
<word id="word_521">sich</word>
<word id="word_522">grundlegend</word>
<word id="word_523">verändert</word>
<word id="word_524">seit</word>
<word id="word_525">den</word>
<word id="word_526">Tagen</word>
<word id="word_527">,</word>
<word id="word_528">als</word>
<word id="word_529">Porter</word>
<word id="word_530">und</word>
<word id="word_531">Henderson</word>
<word id="word_532">erstmals</word>
<word id="word_533">ihre</word>
<word id="word_534">Theorien</word>
<word id="word_535">formulierten</word>
<word id="word_536">.</word>
<word id="word_537">Insbesondere</word>
<word id="word_538">seit</word>
<word id="word_539">Mitte</word>
<word id="word_540">der</word>
<word id="word_541">1990er</word>
<word id="word_542">sind</word>
<word id="word_543">Kommunikationskosten</word>
<word id="word_544">noch</word>
<word id="word_545">schneller</word>
<word id="word_546">gefallen</word>
<word id="word_547">als</word>
<word id="word_548">Transaktionskosten</word>
<word id="word_549">,</word>
<word id="word_550">weshalb</word>
<word id="word_551">Kommunikation</word>
<word id="word_552">,</word>
<word id="word_553">das</word>
<word id="word_554">Internet</word>
<word id="word_555">,</word>
<word id="word_556">in</word>
<word id="word_557">so</word>
<word id="word_558">dramatischer</word>
<word id="word_559">Weise</word>
<word id="word_560">explodiert</word>
<word id="word_561">sind</word>
<word id="word_562">.</word>
<word id="word_563">Diese</word>
<word id="word_564">Transaktionskosten</word>
<word id="word_565">haben</word>
<word id="word_566">tiefgreifende</word>
<word id="word_567">Folgen</word>
<word id="word_568">,</word>
<word id="word_569">denn</word>
<word id="word_570">wenn</word>
<word id="word_571">Transaktionskosten</word>
<word id="word_572">der</word>
<word id="word_573">Leim</word>
<word id="word_574">sind</word>
<word id="word_575">,</word>
<word id="word_576">der</word>
<word id="word_577">die</word>
<word id="word_578">Wertschöpfungskette</word>
<word id="word_579">zusammenhält</word>
<word id="word_580">,</word>
<word id="word_581">und</word>
<word id="word_582">diese</word>
<word id="word_583">fallen</word>
<word id="word_584">,</word>
<word id="word_585">dann</word>
<word id="word_586">gibt</word>
<word id="word_587">es</word>
<word id="word_588">weniger</word>
<word id="word_589">zu</word>
<word id="word_590">sparen</word>
<word id="word_591">.</word>
<word id="word_592">Es</word>
<word id="word_593">gibt</word>
<word id="word_594">weniger</word>
<word id="word_595">Bedarf</word>
<word id="word_596">für</word>
<word id="word_597">vertikal</word>
<word id="word_598">integrierte</word>
<word id="word_599">Unternehmen</word>
<word id="word_600">,</word>
<word id="word_601">und</word>
<word id="word_602">Wertschöpfungsketten</word>
<word id="word_603">können</word>
<word id="word_604">zumindest</word>
<word id="word_605">aufgebrochen</word>
<word id="word_606">werden</word>
<word id="word_607">.</word>
<word id="word_608">Müssen</word>
<word id="word_609">sie</word>
<word id="word_610">nicht</word>
<word id="word_611">unbedingt</word>
<word id="word_612">,</word>
<word id="word_613">aber</word>
<word id="word_614">sie</word>
<word id="word_615">können</word>
<word id="word_616">.</word>
<word id="word_617">Im</word>
<word id="word_618">Einzelfall</word>
<word id="word_619">kann</word>
<word id="word_620">ein</word>
<word id="word_621">Mitbewerber</word>
<word id="word_622">auf</word>
<word id="word_623">diese</word>
<word id="word_624">Weise</word>
<word id="word_625">in</word>
<word id="word_626">einem</word>
<word id="word_627">Geschäft</word>
<word id="word_628">seine</word>
<word id="word_629">Position</word>
<word id="word_630">in</word>
<word id="word_631">einem</word>
<word id="word_632">Schritt</word>
<word id="word_633">der</word>
<word id="word_634">Wertschöpfungskette</word>
<word id="word_635">ausnutzen</word>
<word id="word_636">,</word>
<word id="word_637">um</word>
<word id="word_638">einzudringen</word>
<word id="word_639">,</word>
<word id="word_640">anzugreifen</word>
<word id="word_641">,</word>
<word id="word_642">oder</word>
<word id="word_643">einen</word>
<word id="word_644">Konkurrenten</word>
<word id="word_645">überflüssig</word>
<word id="word_646">machen</word>
<word id="word_647">.</word>
<word id="word_648">Das</word>
<word id="word_649">ist</word>
<word id="word_650">nicht</word>
<word id="word_651">nur</word>
<word id="word_652">ein</word>
<word id="word_653">abstraktes</word>
<word id="word_654">Unterfangen</word>
<word id="word_655">.</word>
<word id="word_656">Es</word>
<word id="word_657">gibt</word>
<word id="word_658">viele</word>
<word id="word_659">ganz</word>
<word id="word_660">konkrete</word>
<word id="word_661">Geschichten</word>
<word id="word_662">,</word>
<word id="word_663">wie</word>
<word id="word_664">das</word>
<word id="word_665">wirklich</word>
<word id="word_666">geschah</word>
<word id="word_667">.</word>
<word id="word_668">Ein</word>
<word id="word_669">Paradebeispiel</word>
<word id="word_670">dafür</word>
<word id="word_671">war</word>
<word id="word_672">das</word>
<word id="word_673">Geschäft</word>
<word id="word_674">mit</word>
<word id="word_675">Enzyklopädien</word>
<word id="word_676">.</word>
<word id="word_677">Das</word>
<word id="word_678">Enzyklopädien-Geschäft</word>
<word id="word_679">aus</word>
<word id="word_680">den</word>
<word id="word_681">Tagen</word>
<word id="word_682">der</word>
<word id="word_683">ledergebundenen</word>
<word id="word_684">Bücher</word>
<word id="word_685">war</word>
<word id="word_686">im</word>
<word id="word_687">Grunde</word>
<word id="word_688">ein</word>
<word id="word_689">Vertriebsgeschäft</word>
<word id="word_690">.</word>
<word id="word_691">Der</word>
<word id="word_692">Großteil</word>
<word id="word_693">der</word>
<word id="word_694">Kosten</word>
<word id="word_695">war</word>
<word id="word_696">die</word>
<word id="word_697">Kommission</word>
<word id="word_698">an</word>
<word id="word_699">den</word>
<word id="word_700">Verkäufer</word>
<word id="word_701">.</word>
<word id="word_702">Dann</word>
<word id="word_703">kamen</word>
<word id="word_704">die</word>
<word id="word_705">CD-ROM</word>
<word id="word_706">und</word>
<word id="word_707">danach</word>
<word id="word_708">das</word>
<word id="word_709">Internet</word>
<word id="word_710">auf</word>
<word id="word_711">,</word>
<word id="word_712">die</word>
<word id="word_713">neuen</word>
<word id="word_714">Technologien</word>
<word id="word_715">machten</word>
<word id="word_716">die</word>
<word id="word_717">Verbreitung</word>
<word id="word_718">von</word>
<word id="word_719">Wissen</word>
<word id="word_720">um</word>
<word id="word_721">ein</word>
<word id="word_722">Vielfaches</word>
<word id="word_723">preiswerter</word>
<word id="word_724">und</word>
<word id="word_725">die</word>
<word id="word_726">Enzyklopädie-Industrie</word>
<word id="word_727">stürzte</word>
<word id="word_728">ein</word>
<word id="word_729">.</word>
<word id="word_730">Das</word>
<word id="word_731">ist</word>
<word id="word_732">natürlich</word>
<word id="word_733">eine</word>
<word id="word_734">sehr</word>
<word id="word_735">bekannte</word>
<word id="word_736">Geschichte</word>
<word id="word_737">.</word>
<word id="word_738">Dies</word>
<word id="word_739">ist</word>
<word id="word_740">im</word>
<word id="word_741">Allgemeinen</word>
<word id="word_742">die</word>
<word id="word_743">Geschichte</word>
<word id="word_744">der</word>
<word id="word_745">ersten</word>
<word id="word_746">Generation</word>
<word id="word_747">von</word>
<word id="word_748">Internet-Wirtschaft</word>
<word id="word_749">.</word>
<word id="word_750">Es</word>
<word id="word_751">ging</word>
<word id="word_752">um</word>
<word id="word_753">fallende</word>
<word id="word_754">Transaktionskosten</word>
<word id="word_755">,</word>
<word id="word_756">um</word>
<word id="word_757">das</word>
<word id="word_758">Aufbrechen</word>
<word id="word_759">der</word>
<word id="word_760">Wertschöpfungsketten</word>
<word id="word_761">und</word>
<word id="word_762">folglich</word>
<word id="word_763">das</word>
<word id="word_764">Ermöglichen</word>
<word id="word_765">von</word>
<word id="word_766">Disintermediation</word>
<word id="word_767">,</word>
<word id="word_768">oder</word>
<word id="word_769">was</word>
<word id="word_770">wir</word>
<word id="word_771">Dekonstruktion</word>
<word id="word_772">nennen</word>
<word id="word_773">.</word>
<word id="word_774">Manchmal</word>
<word id="word_775">wurde</word>
<word id="word_776">ich</word>
<word id="word_777">gefragt</word>
<word id="word_778">,</word>
<word id="word_779">was</word>
<word id="word_780">die</word>
<word id="word_781">Enzyklopädie</word>
<word id="word_782">ersetzen</word>
<word id="word_783">würde</word>
<word id="word_784">,</word>
<word id="word_785">wenn</word>
<word id="word_786">Britannica</word>
<word id="word_787">kein</word>
<word id="word_788">Geschäftsmodell</word>
<word id="word_789">mehr</word>
<word id="word_790">hat</word>
<word id="word_791">?</word>
<word id="word_792">Die</word>
<word id="word_793">Antwort</word>
<word id="word_794">wurde</word>
<word id="word_795">erst</word>
<word id="word_796">nach</word>
<word id="word_797">einer</word>
<word id="word_798">Weile</word>
<word id="word_799">offenkundig</word>
<word id="word_800">.</word>
<word id="word_801">Jetzt</word>
<word id="word_802">wissen</word>
<word id="word_803">wir</word>
<word id="word_804">selbstverständlich</word>
<word id="word_805">,</word>
<word id="word_806">was</word>
<word id="word_807">es</word>
<word id="word_808">ist</word>
<word id="word_809">:</word>
<word id="word_810">Wikipedia</word>
<word id="word_811">.</word>
<word id="word_812">Das</word>
<word id="word_813">Besondere</word>
<word id="word_814">an</word>
<word id="word_815">Wikipedia</word>
<word id="word_816">ist</word>
<word id="word_817">nicht</word>
<word id="word_818">ihr</word>
<word id="word_819">Vertrieb</word>
<word id="word_820">.</word>
<word id="word_821">Das</word>
<word id="word_822">Besondere</word>
<word id="word_823">an</word>
<word id="word_824">Wikipedia</word>
<word id="word_825">ist</word>
<word id="word_826">ihr</word>
<word id="word_827">Produktionsprozess</word>
<word id="word_828">.</word>
<word id="word_829">Wikipedia</word>
<word id="word_830">ist</word>
<word id="word_831">natürlich</word>
<word id="word_832">eine</word>
<word id="word_833">Enzyklopädie</word>
<word id="word_834">,</word>
<word id="word_835">die</word>
<word id="word_836">von</word>
<word id="word_837">ihren</word>
<word id="word_838">Nutzern</word>
<word id="word_839">erstellt</word>
<word id="word_840">wird</word>
<word id="word_841">.</word>
<word id="word_842">Und</word>
<word id="word_843">das</word>
<word id="word_844">,</word>
<word id="word_845">wiederum</word>
<word id="word_846">,</word>
<word id="word_847">definiert</word>
<word id="word_848">,</word>
<word id="word_849">was</word>
<word id="word_850">Sie</word>
<word id="word_851">das</word>
<word id="word_852">zweite</word>
<word id="word_853">Jahrzehnt</word>
<word id="word_854">der</word>
<word id="word_855">Internet-Wirtschaft</word>
<word id="word_856">nennen</word>
<word id="word_857">können</word>
<word id="word_858">,</word>
<word id="word_859">das</word>
<word id="word_860">Jahrzehnt</word>
<word id="word_861">,</word>
<word id="word_862">in</word>
<word id="word_863">dem</word>
<word id="word_864">das</word>
<word id="word_865">Internet</word>
<word id="word_866">als</word>
<word id="word_867">Substantiv</word>
<word id="word_868">zum</word>
<word id="word_869">Internet</word>
<word id="word_870">als</word>
<word id="word_871">Verb</word>
<word id="word_872">wurde</word>
<word id="word_873">.</word>
<word id="word_874">Es</word>
<word id="word_875">wurde</word>
<word id="word_876">zu</word>
<word id="word_877">einer</word>
<word id="word_878">Reihe</word>
<word id="word_879">von</word>
<word id="word_880">Gesprächen</word>
<word id="word_881">,</word>
<word id="word_882">die</word>
<word id="word_883">Zeit</word>
<word id="word_884">,</word>
<word id="word_885">in</word>
<word id="word_886">der</word>
<word id="word_887">nutzergenerierte</word>
<word id="word_888">Inhalte</word>
<word id="word_889">und</word>
<word id="word_890">soziale</word>
<word id="word_891">Netzwerke</word>
<word id="word_892">das</word>
<word id="word_893">dominierende</word>
<word id="word_894">Phänomen</word>
<word id="word_895">wurden</word>
<word id="word_896">.</word>
<word id="word_897">Was</word>
<word id="word_898">das</word>
<word id="word_899">alles</word>
<word id="word_900">bedeutet</word>
<word id="word_901">,</word>
<word id="word_902">in</word>
<word id="word_903">Bezug</word>
<word id="word_904">auf</word>
<word id="word_905">die</word>
<word id="word_906">Porter-Henderson-Theorie</word>
<word id="word_907">,</word>
<word id="word_908">war</word>
<word id="word_909">der</word>
<word id="word_910">Zusammenbruch</word>
<word id="word_911">bestimmter</word>
<word id="word_912">Arten</word>
<word id="word_913">von</word>
<word id="word_914">Größeneffekten</word>
<word id="word_915">.</word>
<word id="word_916">Es</word>
<word id="word_917">stellte</word>
<word id="word_918">sich</word>
<word id="word_919">heraus</word>
<word id="word_920">,</word>
<word id="word_921">dass</word>
<word id="word_922">Zehntausende</word>
<word id="word_923">von</word>
<word id="word_924">autonomen</word>
<word id="word_925">Einzelpersonen</word>
<word id="word_926">,</word>
<word id="word_927">die</word>
<word id="word_928">ein</word>
<word id="word_929">Lexikon</word>
<word id="word_930">schreiben</word>
<word id="word_931">,</word>
<word id="word_932">genauso</word>
<word id="word_933">gute</word>
<word id="word_934">Arbeit</word>
<word id="word_935">verrichten</word>
<word id="word_936">können</word>
<word id="word_937">,</word>
<word id="word_938">und</word>
<word id="word_939">gewiss</word>
<word id="word_940">sehr</word>
<word id="word_941">viel</word>
<word id="word_942">billiger</word>
<word id="word_943">als</word>
<word id="word_944">Fachleute</word>
<word id="word_945">in</word>
<word id="word_946">einer</word>
<word id="word_947">hierarchischen</word>
<word id="word_948">Organisation</word>
<word id="word_949">.</word>
<word id="word_950">Im</word>
<word id="word_951">Grunde</word>
<word id="word_952">genommen</word>
<word id="word_953">war</word>
<word id="word_954">eine</word>
<word id="word_955">Schicht</word>
<word id="word_956">dieser</word>
<word id="word_957">Wertschöpfungskette</word>
<word id="word_958">fragmentiert</word>
<word id="word_959">worden</word>
<word id="word_960">,</word>
<word id="word_961">da</word>
<word id="word_962">Einzelpersonen</word>
<word id="word_963">übernehmen</word>
<word id="word_964">konnten</word>
<word id="word_965">,</word>
<word id="word_966">wo</word>
<word id="word_967">Organisationen</word>
<word id="word_968">nicht</word>
<word id="word_969">mehr</word>
<word id="word_970">benötigt</word>
<word id="word_971">wurden</word>
<word id="word_972">.</word>
<word id="word_973">Doch</word>
<word id="word_974">es</word>
<word id="word_975">gibt</word>
<word id="word_976">noch</word>
<word id="word_977">eine</word>
<word id="word_978">andere</word>
<word id="word_979">Frage</word>
<word id="word_980">,</word>
<word id="word_981">die</word>
<word id="word_982">dieses</word>
<word id="word_983">Diagramm</word>
<word id="word_984">klar</word>
<word id="word_985">aufwirft</word>
<word id="word_986">.</word>
<word id="word_987">Gut</word>
<word id="word_988">,</word>
<word id="word_989">wir</word>
<word id="word_990">haben</word>
<word id="word_991">zwei</word>
<word id="word_992">Jahrzehnte</word>
<word id="word_993">durchlaufen</word>
<word id="word_994">--</word>
<word id="word_995">unterscheidet</word>
<word id="word_996">irgendetwas</word>
<word id="word_997">das</word>
<word id="word_998">Dritte</word>
<word id="word_999">?</word>
<word id="word_1000">Ich</word>
<word id="word_1001">werde</word>
<word id="word_1002">behaupten</word>
<word id="word_1003">,</word>
<word id="word_1004">dass</word>
<word id="word_1005">tatsächlich</word>
<word id="word_1006">etwas</word>
<word id="word_1007">das</word>
<word id="word_1008">Dritte</word>
<word id="word_1009">unterscheidet</word>
<word id="word_1010">,</word>
<word id="word_1011">und</word>
<word id="word_1012">es</word>
<word id="word_1013">ordnet</word>
<word id="word_1014">sich</word>
<word id="word_1015">genau</word>
<word id="word_1016">in</word>
<word id="word_1017">die</word>
<word id="word_1018">Art</word>
<word id="word_1019">der</word>
<word id="word_1020">Porter-Henderson-Logik</word>
<word id="word_1021">ein</word>
<word id="word_1022">,</word>
<word id="word_1023">über</word>
<word id="word_1024">die</word>
<word id="word_1025">wir</word>
<word id="word_1026">gesprochen</word>
<word id="word_1027">haben</word>
<word id="word_1028">.</word>
<word id="word_1029">Es</word>
<word id="word_1030">geht</word>
<word id="word_1031">hier</word>
<word id="word_1032">um</word>
<word id="word_1033">Daten</word>
<word id="word_1034">.</word>
<word id="word_1035">Gehen</word>
<word id="word_1036">wir</word>
<word id="word_1037">bis</word>
<word id="word_1038">ungefähr</word>
<word id="word_1039">2000</word>
<word id="word_1040">zurück</word>
<word id="word_1041">.</word>
<word id="word_1042">Damals</word>
<word id="word_1043">sprachen</word>
<word id="word_1044">viele</word>
<word id="word_1045">Menschen</word>
<word id="word_1046">über</word>
<word id="word_1047">die</word>
<word id="word_1048">Informationsrevolution</word>
<word id="word_1049">,</word>
<word id="word_1050">und</word>
<word id="word_1051">es</word>
<word id="word_1052">war</word>
<word id="word_1053">tatsächlich</word>
<word id="word_1054">wahr</word>
<word id="word_1055">,</word>
<word id="word_1056">dass</word>
<word id="word_1057">der</word>
<word id="word_1058">weltweite</word>
<word id="word_1059">Datenbestand</word>
<word id="word_1060">wuchs</word>
<word id="word_1061">,</word>
<word id="word_1062">und</word>
<word id="word_1063">das</word>
<word id="word_1064">sogar</word>
<word id="word_1065">recht</word>
<word id="word_1066">schnell</word>
<word id="word_1067">.</word>
<word id="word_1068">Aber</word>
<word id="word_1069">zu</word>
<word id="word_1070">diesem</word>
<word id="word_1071">Zeitpunkt</word>
<word id="word_1072">war</word>
<word id="word_1073">es</word>
<word id="word_1074">immer</word>
<word id="word_1075">noch</word>
<word id="word_1076">überwiegend</word>
<word id="word_1077">analog</word>
<word id="word_1078">.</word>
<word id="word_1079">Wir</word>
<word id="word_1080">gehen</word>
<word id="word_1081">vorwärts</word>
<word id="word_1082">bis</word>
<word id="word_1083">2007</word>
<word id="word_1084">,</word>
<word id="word_1085">nicht</word>
<word id="word_1086">nur</word>
<word id="word_1087">ist</word>
<word id="word_1088">der</word>
<word id="word_1089">Datenbestand</word>
<word id="word_1090">der</word>
<word id="word_1091">Welt</word>
<word id="word_1092">explodiert</word>
<word id="word_1093">,</word>
<word id="word_1094">sondern</word>
<word id="word_1095">es</word>
<word id="word_1096">gab</word>
<word id="word_1097">diese</word>
<word id="word_1098">massive</word>
<word id="word_1099">Substitution</word>
<word id="word_1100">von</word>
<word id="word_1101">analogen</word>
<word id="word_1102">Daten</word>
<word id="word_1103">gegen</word>
<word id="word_1104">digitale</word>
<word id="word_1105">.</word>
<word id="word_1106">Und</word>
<word id="word_1107">wichtiger</word>
<word id="word_1108">noch</word>
<word id="word_1109">:</word>
<word id="word_1110">Betrachten</word>
<word id="word_1111">Sie</word>
<word id="word_1112">dieses</word>
<word id="word_1113">Diagramm</word>
<word id="word_1114">sorgfältig</word>
<word id="word_1115">.</word>
<word id="word_1116">Sie</word>
<word id="word_1117">werden</word>
<word id="word_1118">sehen</word>
<word id="word_1119">,</word>
<word id="word_1120">dass</word>
<word id="word_1121">etwa</word>
<word id="word_1122">die</word>
<word id="word_1123">Hälfte</word>
<word id="word_1124">der</word>
<word id="word_1125">digitalen</word>
<word id="word_1126">Daten</word>
<word id="word_1127">Informationen</word>
<word id="word_1128">sind</word>
<word id="word_1129">,</word>
<word id="word_1130">die</word>
<word id="word_1131">eine</word>
<word id="word_1132">IP-Adresse</word>
<word id="word_1133">haben</word>
<word id="word_1134">.</word>
<word id="word_1135">Sie</word>
<word id="word_1136">sind</word>
<word id="word_1137">auf</word>
<word id="word_1138">einem</word>
<word id="word_1139">Server</word>
<word id="word_1140">oder</word>
<word id="word_1141">auf</word>
<word id="word_1142">einem</word>
<word id="word_1143">PC</word>
<word id="word_1144">.</word>
<word id="word_1145">Aber</word>
<word id="word_1146">eine</word>
<word id="word_1147">IP-Adresse</word>
<word id="word_1148">zu</word>
<word id="word_1149">haben</word>
<word id="word_1150">,</word>
<word id="word_1151">bedeutet</word>
<word id="word_1152">,</word>
<word id="word_1153">dass</word>
<word id="word_1154">sie</word>
<word id="word_1155">verbunden</word>
<word id="word_1156">werden</word>
<word id="word_1157">können</word>
<word id="word_1158">mit</word>
<word id="word_1159">allen</word>
<word id="word_1160">möglichen</word>
<word id="word_1161">anderen</word>
<word id="word_1162">Daten</word>
<word id="word_1163">,</word>
<word id="word_1164">die</word>
<word id="word_1165">eine</word>
<word id="word_1166">IP-Adresse</word>
<word id="word_1167">haben</word>
<word id="word_1168">.</word>
<word id="word_1169">So</word>
<word id="word_1170">wird</word>
<word id="word_1171">es</word>
<word id="word_1172">möglich</word>
<word id="word_1173">,</word>
<word id="word_1174">die</word>
<word id="word_1175">Hälfte</word>
<word id="word_1176">des</word>
<word id="word_1177">Wissens</word>
<word id="word_1178">der</word>
<word id="word_1179">Welt</word>
<word id="word_1180">zusammenzufügen</word>
<word id="word_1181">,</word>
<word id="word_1182">um</word>
<word id="word_1183">Muster</word>
<word id="word_1184">zu</word>
<word id="word_1185">erkennen</word>
<word id="word_1186">,</word>
<word id="word_1187">eine</word>
<word id="word_1188">völlig</word>
<word id="word_1189">neue</word>
<word id="word_1190">Sache</word>
<word id="word_1191">.</word>
<word id="word_1192">Wenn</word>
<word id="word_1193">wir</word>
<word id="word_1194">die</word>
<word id="word_1195">Zahlen</word>
<word id="word_1196">bis</word>
<word id="word_1197">heute</word>
<word id="word_1198">vorwärts</word>
<word id="word_1199">laufen</word>
<word id="word_1200">lassen</word>
<word id="word_1201">,</word>
<word id="word_1202">schaut</word>
<word id="word_1203">es</word>
<word id="word_1204">vermutlich</word>
<word id="word_1205">ungefähr</word>
<word id="word_1206">so</word>
<word id="word_1207">aus</word>
<word id="word_1208">.</word>
<word id="word_1209">Wir</word>
<word id="word_1210">sind</word>
<word id="word_1211">nicht</word>
<word id="word_1212">ganz</word>
<word id="word_1213">sicher</word>
<word id="word_1214">.</word>
<word id="word_1215">Wenn</word>
<word id="word_1216">wir</word>
<word id="word_1217">die</word>
<word id="word_1218">Zahlen</word>
<word id="word_1219">bis</word>
<word id="word_1220">2020</word>
<word id="word_1221">laufen</word>
<word id="word_1222">lassen</word>
<word id="word_1223">,</word>
<word id="word_1224">haben</word>
<word id="word_1225">wir</word>
<word id="word_1226">eine</word>
<word id="word_1227">genaue</word>
<word id="word_1228">Zahl</word>
<word id="word_1229">,</word>
<word id="word_1230">mit</word>
<word id="word_1231">freundlicher</word>
<word id="word_1232">Genehmigung</word>
<word id="word_1233">von</word>
<word id="word_1234">IDC</word>
<word id="word_1235">.</word>
<word id="word_1236">Es</word>
<word id="word_1237">ist</word>
<word id="word_1238">seltsam</word>
<word id="word_1239">,</word>
<word id="word_1240">dass</word>
<word id="word_1241">die</word>
<word id="word_1242">Zukunft</word>
<word id="word_1243">so</word>
<word id="word_1244">viel</word>
<word id="word_1245">prognostizierbarer</word>
<word id="word_1246">ist</word>
<word id="word_1247">als</word>
<word id="word_1248">die</word>
<word id="word_1249">Gegenwart</word>
<word id="word_1250">.</word>
<word id="word_1251">Das</word>
<word id="word_1252">deutet</word>
<word id="word_1253">auf</word>
<word id="word_1254">eine</word>
<word id="word_1255">hundertfache</word>
<word id="word_1256">Multiplikation</word>
<word id="word_1257">des</word>
<word id="word_1258">Informationsbestandes</word>
<word id="word_1259">hin</word>
<word id="word_1260">,</word>
<word id="word_1261">der</word>
<word id="word_1262">über</word>
<word id="word_1263">eine</word>
<word id="word_1264">IP-Adresse</word>
<word id="word_1265">angeschlossen</word>
<word id="word_1266">wird</word>
<word id="word_1267">.</word>
<word id="word_1268">Wenn</word>
<word id="word_1269">die</word>
<word id="word_1270">Anzahl</word>
<word id="word_1271">der</word>
<word id="word_1272">möglichen</word>
<word id="word_1273">Verbindungen</word>
<word id="word_1274">proportional</word>
<word id="word_1275">ist</word>
<word id="word_1276">zur</word>
<word id="word_1277">Anzahl</word>
<word id="word_1278">der</word>
<word id="word_1279">Paare</word>
<word id="word_1280">von</word>
<word id="word_1281">Datenpunkten</word>
<word id="word_1282">,</word>
<word id="word_1283">dann</word>
<word id="word_1284">ist</word>
<word id="word_1285">eine</word>
<word id="word_1286">hundertfache</word>
<word id="word_1287">Multiplikation</word>
<word id="word_1288">der</word>
<word id="word_1289">Datenmenge</word>
<word id="word_1290">eine</word>
<word id="word_1291">zehntausendfache</word>
<word id="word_1292">Multiplikation</word>
<word id="word_1293">der</word>
<word id="word_1294">Anzahl</word>
<word id="word_1295">Muster</word>
<word id="word_1296">,</word>
<word id="word_1297">die</word>
<word id="word_1298">wir</word>
<word id="word_1299">in</word>
<word id="word_1300">den</word>
<word id="word_1301">Daten</word>
<word id="word_1302">sehen</word>
<word id="word_1303">können</word>
<word id="word_1304">,</word>
<word id="word_1305">und</word>
<word id="word_1306">dies</word>
<word id="word_1307">nur</word>
<word id="word_1308">in</word>
<word id="word_1309">den</word>
<word id="word_1310">letzten</word>
<word id="word_1311">10</word>
<word id="word_1312">oder</word>
<word id="word_1313">11</word>
<word id="word_1314">Jahren</word>
<word id="word_1315">.</word>
<word id="word_1316">Dies</word>
<word id="word_1317">ist</word>
<word id="word_1318">eine</word>
<word id="word_1319">grundlegende</word>
<word id="word_1320">Veränderung</word>
<word id="word_1321">,</word>
<word id="word_1322">ein</word>
<word id="word_1323">tiefgreifender</word>
<word id="word_1324">Wandel</word>
<word id="word_1325">in</word>
<word id="word_1326">der</word>
<word id="word_1327">Wirtschaftswelt</word>
<word id="word_1328">,</word>
<word id="word_1329">in</word>
<word id="word_1330">der</word>
<word id="word_1331">wir</word>
<word id="word_1332">leben</word>
<word id="word_1333">.</word>
<word id="word_1334">Das</word>
<word id="word_1335">erste</word>
<word id="word_1336">menschliche</word>
<word id="word_1337">Genom</word>
<word id="word_1338">,</word>
<word id="word_1339">das</word>
<word id="word_1340">von</word>
<word id="word_1341">James</word>
<word id="word_1342">Watson</word>
<word id="word_1343">,</word>
<word id="word_1344">war</word>
<word id="word_1345">der</word>
<word id="word_1346">Höhepunkt</word>
<word id="word_1347">des</word>
<word id="word_1348">menschlichen</word>
<word id="word_1349">Genom-Projekts</word>
<word id="word_1350">im</word>
<word id="word_1351">Jahr</word>
<word id="word_1352">2000</word>
<word id="word_1353">,</word>
<word id="word_1354">und</word>
<word id="word_1355">es</word>
<word id="word_1356">benötigte</word>
<word id="word_1357">ungefähr</word>
<word id="word_1358">200</word>
<word id="word_1359">Millionen</word>
<word id="word_1360">Dollar</word>
<word id="word_1361">und</word>
<word id="word_1362">ungefähr</word>
<word id="word_1363">10</word>
<word id="word_1364">Jahre</word>
<word id="word_1365">Arbeit</word>
<word id="word_1366">für</word>
<word id="word_1367">die</word>
<word id="word_1368">genomische</word>
<word id="word_1369">Erfassung</word>
<word id="word_1370">von</word>
<word id="word_1371">gerade</word>
<word id="word_1372">mal</word>
<word id="word_1373">einer</word>
<word id="word_1374">Person</word>
<word id="word_1375">.</word>
<word id="word_1376">Seitdem</word>
<word id="word_1377">sind</word>
<word id="word_1378">die</word>
<word id="word_1379">Kosten</word>
<word id="word_1380">der</word>
<word id="word_1381">Kartierung</word>
<word id="word_1382">des</word>
<word id="word_1383">Genoms</word>
<word id="word_1384">gesunken</word>
<word id="word_1385">.</word>
<word id="word_1386">Genauer</word>
<word id="word_1387">gesagt</word>
<word id="word_1388">sind</word>
<word id="word_1389">sie</word>
<word id="word_1390">in</word>
<word id="word_1391">den</word>
<word id="word_1392">letzten</word>
<word id="word_1393">Jahren</word>
<word id="word_1394">sehr</word>
<word id="word_1395">drastisch</word>
<word id="word_1396">gesunken</word>
<word id="word_1397">:</word>
<word id="word_1398">Jetzt</word>
<word id="word_1399">liegen</word>
<word id="word_1400">die</word>
<word id="word_1401">Kosten</word>
<word id="word_1402">unter</word>
<word id="word_1403">1.000</word>
<word id="word_1404">US-Dollar</word>
<word id="word_1405">und</word>
<word id="word_1406">wir</word>
<word id="word_1407">können</word>
<word id="word_1408">vermuten</word>
<word id="word_1409">,</word>
<word id="word_1410">dass</word>
<word id="word_1411">sie</word>
<word id="word_1412">bis</word>
<word id="word_1413">zum</word>
<word id="word_1414">Jahr</word>
<word id="word_1415">2015</word>
<word id="word_1416">unter</word>
<word id="word_1417">100</word>
<word id="word_1418">Dollar</word>
<word id="word_1419">liegen</word>
<word id="word_1420">werden</word>
<word id="word_1421">--</word>
<word id="word_1422">ein</word>
<word id="word_1423">Fall</word>
<word id="word_1424">um</word>
<word id="word_1425">fünf</word>
<word id="word_1426">oder</word>
<word id="word_1427">sechs</word>
<word id="word_1428">Größenordnungen</word>
<word id="word_1429">bei</word>
<word id="word_1430">den</word>
<word id="word_1431">Kosten</word>
<word id="word_1432">der</word>
<word id="word_1433">genomischen</word>
<word id="word_1434">Kartierung</word>
<word id="word_1435">in</word>
<word id="word_1436">einem</word>
<word id="word_1437">Zeitraum</word>
<word id="word_1438">von</word>
<word id="word_1439">nur</word>
<word id="word_1440">15</word>
<word id="word_1441">Jahren</word>
<word id="word_1442">--</word>
<word id="word_1443">ein</word>
<word id="word_1444">außergewöhnliches</word>
<word id="word_1445">Phänomen</word>
<word id="word_1446">.</word>
<word id="word_1447">In</word>
<word id="word_1448">den</word>
<word id="word_1449">Tagen</word>
<word id="word_1450">,</word>
<word id="word_1451">als</word>
<word id="word_1452">die</word>
<word id="word_1453">Kartierung</word>
<word id="word_1454">eines</word>
<word id="word_1455">Genoms</word>
<word id="word_1456">Millionen</word>
<word id="word_1457">kostete</word>
<word id="word_1458">,</word>
<word id="word_1459">oder</word>
<word id="word_1460">noch</word>
<word id="word_1461">Zehntausende</word>
<word id="word_1462">,</word>
<word id="word_1463">war</word>
<word id="word_1464">es</word>
<word id="word_1465">im</word>
<word id="word_1466">Grunde</word>
<word id="word_1467">genommen</word>
<word id="word_1468">ein</word>
<word id="word_1469">Forschungsprojekt</word>
<word id="word_1470">.</word>
<word id="word_1471">Wissenschaftler</word>
<word id="word_1472">suchten</word>
<word id="word_1473">in</word>
<word id="word_1474">repräsentativen</word>
<word id="word_1475">Probanden</word>
<word id="word_1476">Muster</word>
<word id="word_1477">,</word>
<word id="word_1478">aus</word>
<word id="word_1479">denen</word>
<word id="word_1480">sie</word>
<word id="word_1481">dann</word>
<word id="word_1482">Verallgemeinerungen</word>
<word id="word_1483">der</word>
<word id="word_1484">menschlichen</word>
<word id="word_1485">Natur</word>
<word id="word_1486">und</word>
<word id="word_1487">Krankheiten</word>
<word id="word_1488">schlossen</word>
<word id="word_1489">,</word>
<word id="word_1490">basierend</word>
<word id="word_1491">auf</word>
<word id="word_1492">den</word>
<word id="word_1493">gefundenen</word>
<word id="word_1494">abstrakten</word>
<word id="word_1495">Mustern</word>
<word id="word_1496">bei</word>
<word id="word_1497">diesen</word>
<word id="word_1498">speziell</word>
<word id="word_1499">ausgewählten</word>
<word id="word_1500">Einzelpersonen</word>
<word id="word_1501">.</word>
<word id="word_1502">Aber</word>
<word id="word_1503">wenn</word>
<word id="word_1504">das</word>
<word id="word_1505">Genom</word>
<word id="word_1506">für</word>
<word id="word_1507">100</word>
<word id="word_1508">Dollar</word>
<word id="word_1509">abgebildet</word>
<word id="word_1510">werden</word>
<word id="word_1511">kann</word>
<word id="word_1512">,</word>
<word id="word_1513">99</word>
<word id="word_1514">Dollar</word>
<word id="word_1515">,</word>
<word id="word_1516">wenn</word>
<word id="word_1517">Sie</word>
<word id="word_1518">warten</word>
<word id="word_1519">,</word>
<word id="word_1520">dann</word>
<word id="word_1521">wird</word>
<word id="word_1522">es</word>
<word id="word_1523">zur</word>
<word id="word_1524">Massenware</word>
<word id="word_1525">.</word>
<word id="word_1526">Es</word>
<word id="word_1527">wird</word>
<word id="word_1528">vor</word>
<word id="word_1529">allem</word>
<word id="word_1530">klinisch</word>
<word id="word_1531">.</word>
<word id="word_1532">Sie</word>
<word id="word_1533">gehen</word>
<word id="word_1534">zum</word>
<word id="word_1535">Arzt</word>
<word id="word_1536">mit</word>
<word id="word_1537">einer</word>
<word id="word_1538">Erkältung</word>
<word id="word_1539">und</word>
<word id="word_1540">wenn</word>
<word id="word_1541">er</word>
<word id="word_1542">oder</word>
<word id="word_1543">sie</word>
<word id="word_1544">es</word>
<word id="word_1545">nicht</word>
<word id="word_1546">bereits</word>
<word id="word_1547">getan</word>
<word id="word_1548">hat</word>
<word id="word_1549">,</word>
<word id="word_1550">wird</word>
<word id="word_1551">er</word>
<word id="word_1552">zuerst</word>
<word id="word_1553">Ihr</word>
<word id="word_1554">Genom</word>
<word id="word_1555">abbilden</word>
<word id="word_1556">,</word>
<word id="word_1557">an</word>
<word id="word_1558">welcher</word>
<word id="word_1559">Stelle</word>
<word id="word_1560">sie</word>
<word id="word_1561">jetzt</word>
<word id="word_1562">nicht</word>
<word id="word_1563">mit</word>
<word id="word_1564">abstraktem</word>
<word id="word_1565">Wissen</word>
<word id="word_1566">der</word>
<word id="word_1567">Genommedizin</word>
<word id="word_1568">anfangen</word>
<word id="word_1569">und</word>
<word id="word_1570">versuchen</word>
<word id="word_1571">herauszufinden</word>
<word id="word_1572">,</word>
<word id="word_1573">wie</word>
<word id="word_1574">es</word>
<word id="word_1575">auf</word>
<word id="word_1576">Sie</word>
<word id="word_1577">zutrifft</word>
<word id="word_1578">,</word>
<word id="word_1579">aber</word>
<word id="word_1580">sie</word>
<word id="word_1581">beginnen</word>
<word id="word_1582">mit</word>
<word id="word_1583">Ihrem</word>
<word id="word_1584">eigenen</word>
<word id="word_1585">Genom</word>
<word id="word_1586">.</word>
<word id="word_1587">Was</word>
<word id="word_1588">für</word>
<word id="word_1589">ein</word>
<word id="word_1590">unglaubliches</word>
<word id="word_1591">Potential</word>
<word id="word_1592">!</word>
<word id="word_1593">Denken</word>
<word id="word_1594">Sie</word>
<word id="word_1595">daran</word>
<word id="word_1596">,</word>
<word id="word_1597">wohin</word>
<word id="word_1598">uns</word>
<word id="word_1599">das</word>
<word id="word_1600">führt</word>
<word id="word_1601">:</word>
<word id="word_1602">eine</word>
<word id="word_1603">Kombination</word>
<word id="word_1604">von</word>
<word id="word_1605">genomischen</word>
<word id="word_1606">Daten</word>
<word id="word_1607">mit</word>
<word id="word_1608">klinischen</word>
<word id="word_1609">Daten</word>
<word id="word_1610">,</word>
<word id="word_1611">mit</word>
<word id="word_1612">Daten</word>
<word id="word_1613">über</word>
<word id="word_1614">Wechselwirkungen</word>
<word id="word_1615">,</word>
<word id="word_1616">mit</word>
<word id="word_1617">der</word>
<word id="word_1618">Art</word>
<word id="word_1619">von</word>
<word id="word_1620">Daten</word>
<word id="word_1621">,</word>
<word id="word_1622">die</word>
<word id="word_1623">Geräte</word>
<word id="word_1624">wie</word>
<word id="word_1625">unser</word>
<word id="word_1626">Telefon</word>
<word id="word_1627">und</word>
<word id="word_1628">medizinische</word>
<word id="word_1629">Sensoren</word>
<word id="word_1630">zunehmend</word>
<word id="word_1631">sammeln</word>
<word id="word_1632">.</word>
<word id="word_1633">Was</word>
<word id="word_1634">passiert</word>
<word id="word_1635">,</word>
<word id="word_1636">wenn</word>
<word id="word_1637">wir</word>
<word id="word_1638">all</word>
<word id="word_1639">diese</word>
<word id="word_1640">Daten</word>
<word id="word_1641">sammeln</word>
<word id="word_1642">und</word>
<word id="word_1643">wir</word>
<word id="word_1644">sie</word>
<word id="word_1645">zusammenfügen</word>
<word id="word_1646">können</word>
<word id="word_1647">,</word>
<word id="word_1648">um</word>
<word id="word_1649">Muster</word>
<word id="word_1650">zu</word>
<word id="word_1651">erkennen</word>
<word id="word_1652">,</word>
<word id="word_1653">die</word>
<word id="word_1654">wir</word>
<word id="word_1655">nicht</word>
<word id="word_1656">vorher</word>
<word id="word_1657">sehen</word>
<word id="word_1658">konnten</word>
<word id="word_1659">.</word>
<word id="word_1660">Vielleicht</word>
<word id="word_1661">dauert</word>
<word id="word_1662">dies</word>
<word id="word_1663">ja</word>
<word id="word_1664">noch</word>
<word id="word_1665">eine</word>
<word id="word_1666">Weile</word>
<word id="word_1667">,</word>
<word id="word_1668">aber</word>
<word id="word_1669">es</word>
<word id="word_1670">wird</word>
<word id="word_1671">eine</word>
<word id="word_1672">Revolution</word>
<word id="word_1673">in</word>
<word id="word_1674">der</word>
<word id="word_1675">Medizin</word>
<word id="word_1676">.</word>
<word id="word_1677">Fabelhaft</word>
<word id="word_1678">--</word>
<word id="word_1679">sehr</word>
<word id="word_1680">viele</word>
<word id="word_1681">Leute</word>
<word id="word_1682">sprechen</word>
<word id="word_1683">darüber</word>
<word id="word_1684">.</word>
<word id="word_1685">Aber</word>
<word id="word_1686">es</word>
<word id="word_1687">gibt</word>
<word id="word_1688">eine</word>
<word id="word_1689">Sache</word>
<word id="word_1690">,</word>
<word id="word_1691">die</word>
<word id="word_1692">nicht</word>
<word id="word_1693">so</word>
<word id="word_1694">viel</word>
<word id="word_1695">Aufmerksamkeit</word>
<word id="word_1696">erhält</word>
<word id="word_1697">.</word>
<word id="word_1698">Wie</word>
<word id="word_1699">ist</word>
<word id="word_1700">das</word>
<word id="word_1701">Modell</word>
<word id="word_1702">der</word>
<word id="word_1703">kolossalen</word>
<word id="word_1704">,</word>
<word id="word_1705">gemeinsamen</word>
<word id="word_1706">Nutzung</word>
<word id="word_1707">durch</word>
<word id="word_1708">alle</word>
<word id="word_1709">Arten</word>
<word id="word_1710">von</word>
<word id="word_1711">Datenbanken</word>
<word id="word_1712">kompatibel</word>
<word id="word_1713">mit</word>
<word id="word_1714">den</word>
<word id="word_1715">Geschäftsmodellen</word>
<word id="word_1716">der</word>
<word id="word_1717">Institutionen</word>
<word id="word_1718">,</word>
<word id="word_1719">Organisationen</word>
<word id="word_1720">und</word>
<word id="word_1721">Korporationen</word>
<word id="word_1722">,</word>
<word id="word_1723">die</word>
<word id="word_1724">heute</word>
<word id="word_1725">in</word>
<word id="word_1726">diesen</word>
<word id="word_1727">Unternehmen</word>
<word id="word_1728">involviert</word>
<word id="word_1729">sind</word>
<word id="word_1730">?</word>
<word id="word_1731">Wenn</word>
<word id="word_1732">Ihr</word>
<word id="word_1733">Geschäft</word>
<word id="word_1734">auf</word>
<word id="word_1735">geschützten</word>
<word id="word_1736">Daten</word>
<word id="word_1737">basiert</word>
<word id="word_1738">,</word>
<word id="word_1739">wenn</word>
<word id="word_1740">Ihr</word>
<word id="word_1741">Wettbewerbsvorteil</word>
<word id="word_1742">durch</word>
<word id="word_1743">Ihre</word>
<word id="word_1744">Daten</word>
<word id="word_1745">definiert</word>
<word id="word_1746">ist</word>
<word id="word_1747">,</word>
<word id="word_1748">wie</word>
<word id="word_1749">in</word>
<word id="word_1750">aller</word>
<word id="word_1751">Welt</word>
<word id="word_1752">wird</word>
<word id="word_1753">diese</word>
<word id="word_1754">Firma</word>
<word id="word_1755">oder</word>
<word id="word_1756">diese</word>
<word id="word_1757">Gesellschaft</word>
<word id="word_1758">den</word>
<word id="word_1759">Wert</word>
<word id="word_1760">erzielen</word>
<word id="word_1761">,</word>
<word id="word_1762">der</word>
<word id="word_1763">implizit</word>
<word id="word_1764">in</word>
<word id="word_1765">der</word>
<word id="word_1766">Technologie</word>
<word id="word_1767">ist</word>
<word id="word_1768">?</word>
<word id="word_1769">Sie</word>
<word id="word_1770">können</word>
<word id="word_1771">es</word>
<word id="word_1772">nicht</word>
<word id="word_1773">.</word>
<word id="word_1774">Im</word>
<word id="word_1775">Grunde</word>
<word id="word_1776">passiert</word>
<word id="word_1777">Folgendes</word>
<word id="word_1778">,</word>
<word id="word_1779">und</word>
<word id="word_1780">Genomik</word>
<word id="word_1781">ist</word>
<word id="word_1782">bloß</word>
<word id="word_1783">ein</word>
<word id="word_1784">Beispiel</word>
<word id="word_1785">davon</word>
<word id="word_1786">:</word>
<word id="word_1787">Technologie</word>
<word id="word_1788">ist</word>
<word id="word_1789">der</word>
<word id="word_1790">Antrieb</word>
<word id="word_1791">für</word>
<word id="word_1792">das</word>
<word id="word_1793">natürliche</word>
<word id="word_1794">Wachstum</word>
<word id="word_1795">der</word>
<word id="word_1796">Tätigkeit</word>
<word id="word_1797">über</word>
<word id="word_1798">die</word>
<word id="word_1799">uns</word>
<word id="word_1800">vertrauten</word>
<word id="word_1801">Institutionsgrenzen</word>
<word id="word_1802">hinaus</word>
<word id="word_1803">,</word>
<word id="word_1804">und</word>
<word id="word_1805">vor</word>
<word id="word_1806">allem</word>
<word id="word_1807">über</word>
<word id="word_1808">die</word>
<word id="word_1809">institutionellen</word>
<word id="word_1810">Grenzen</word>
<word id="word_1811">hinaus</word>
<word id="word_1812">,</word>
<word id="word_1813">in</word>
<word id="word_1814">der</word>
<word id="word_1815">Geschäftsstrategie</word>
<word id="word_1816">als</word>
<word id="word_1817">Disziplin</word>
<word id="word_1818">formuliert</word>
<word id="word_1819">ist</word>
<word id="word_1820">.</word>
<word id="word_1821">Im</word>
<word id="word_1822">Grunde</word>
<word id="word_1823">geht</word>
<word id="word_1824">es</word>
<word id="word_1825">hier</word>
<word id="word_1826">darum</word>
<word id="word_1827">,</word>
<word id="word_1828">dass</word>
<word id="word_1829">die</word>
<word id="word_1830">ehemals</word>
<word id="word_1831">vertikal</word>
<word id="word_1832">integrierte</word>
<word id="word_1833">,</word>
<word id="word_1834">oligopolistische</word>
<word id="word_1835">Konkurrenz</word>
<word id="word_1836">unter</word>
<word id="word_1837">im</word>
<word id="word_1838">Wesentlichen</word>
<word id="word_1839">ähnlichen</word>
<word id="word_1840">Konkurrenten</word>
<word id="word_1841">sich</word>
<word id="word_1842">von</word>
<word id="word_1843">einer</word>
<word id="word_1844">vertikalen</word>
<word id="word_1845">Struktur</word>
<word id="word_1846">zu</word>
<word id="word_1847">einer</word>
<word id="word_1848">horizontalen</word>
<word id="word_1849">entwickelt</word>
<word id="word_1850">.</word>
<word id="word_1851">Warum</word>
<word id="word_1852">geschieht</word>
<word id="word_1853">das</word>
<word id="word_1854">?</word>
<word id="word_1855">und</word>
<word id="word_1856">weil</word>
<word id="word_1857">Wachstum</word>
<word id="word_1858">polarisiert</word>
<word id="word_1859">.</word>
<word id="word_1860">Das</word>
<word id="word_1861">Sinken</word>
<word id="word_1862">von</word>
<word id="word_1863">Transaktionskosten</word>
<word id="word_1864">schwächt</word>
<word id="word_1865">den</word>
<word id="word_1866">Kleber</word>
<word id="word_1867">,</word>
<word id="word_1868">der</word>
<word id="word_1869">die</word>
<word id="word_1870">Wertketten</word>
<word id="word_1871">zusammenhält</word>
<word id="word_1872">,</word>
<word id="word_1873">so</word>
<word id="word_1874">dass</word>
<word id="word_1875">sie</word>
<word id="word_1876">sich</word>
<word id="word_1877">aufspalten</word>
<word id="word_1878">.</word>
<word id="word_1879">Die</word>
<word id="word_1880">Polarisation</word>
<word id="word_1881">riesiger</word>
<word id="word_1882">Wirtschaftssysteme</word>
<word id="word_1883">hin</word>
<word id="word_1884">zum</word>
<word id="word_1885">sehr</word>
<word id="word_1886">Kleinen</word>
<word id="word_1887">--</word>
<word id="word_1888">klein</word>
<word id="word_1889">ist</word>
<word id="word_1890">schön</word>
<word id="word_1891">--</word>
<word id="word_1892">ermöglicht</word>
<word id="word_1893">es</word>
<word id="word_1894">Gemeinschaften</word>
<word id="word_1895">mit</word>
<word id="word_1896">Wachstumsmöglichkeiten</word>
<word id="word_1897">,</word>
<word id="word_1898">die</word>
<word id="word_1899">herkömmliche</word>
<word id="word_1900">kommerzielle</word>
<word id="word_1901">Produktion</word>
<word id="word_1902">zu</word>
<word id="word_1903">ersetzen</word>
<word id="word_1904">.</word>
<word id="word_1905">Wachstum</word>
<word id="word_1906">in</word>
<word id="word_1907">die</word>
<word id="word_1908">entgegengesetzte</word>
<word id="word_1909">Richtung</word>
<word id="word_1910">hin</word>
<word id="word_1911">zu</word>
<word id="word_1912">Dingen</word>
<word id="word_1913">wie</word>
<word id="word_1914">Big</word>
<word id="word_1915">Data</word>
<word id="word_1916">steuert</word>
<word id="word_1917">die</word>
<word id="word_1918">Struktur</word>
<word id="word_1919">der</word>
<word id="word_1920">Geschäfte</word>
<word id="word_1921">in</word>
<word id="word_1922">Richtung</word>
<word id="word_1923">Erschaffung</word>
<word id="word_1924">von</word>
<word id="word_1925">neuen</word>
<word id="word_1926">Institutionen</word>
<word id="word_1927">,</word>
<word id="word_1928">die</word>
<word id="word_1929">dieses</word>
<word id="word_1930">Wachstum</word>
<word id="word_1931">erreichen</word>
<word id="word_1932">können</word>
<word id="word_1933">.</word>
<word id="word_1934">Aber</word>
<word id="word_1935">so</word>
<word id="word_1936">oder</word>
<word id="word_1937">so</word>
<word id="word_1938">,</word>
<word id="word_1939">die</word>
<word id="word_1940">gewöhnlich</word>
<word id="word_1941">vertikale</word>
<word id="word_1942">Struktur</word>
<word id="word_1943">wird</word>
<word id="word_1944">mehr</word>
<word id="word_1945">und</word>
<word id="word_1946">mehr</word>
<word id="word_1947">horizontal</word>
<word id="word_1948">.</word>
<word id="word_1949">Die</word>
<word id="word_1950">Logik</word>
<word id="word_1951">ist</word>
<word id="word_1952">nicht</word>
<word id="word_1953">nur</word>
<word id="word_1954">über</word>
<word id="word_1955">Big</word>
<word id="word_1956">Data</word>
<word id="word_1957">.</word>
<word id="word_1958">Z.</word>
<word id="word_1959">B.</word>
<word id="word_1960">in</word>
<word id="word_1961">der</word>
<word id="word_1962">Telekommunikation</word>
<word id="word_1963">können</word>
<word id="word_1964">Sie</word>
<word id="word_1965">die</word>
<word id="word_1966">gleiche</word>
<word id="word_1967">Geschichte</word>
<word id="word_1968">über</word>
<word id="word_1969">Glasfaser</word>
<word id="word_1970">erklären</word>
<word id="word_1971">.</word>
<word id="word_1972">Oder</word>
<word id="word_1973">in</word>
<word id="word_1974">der</word>
<word id="word_1975">Pharmaindustrie</word>
<word id="word_1976">oder</word>
<word id="word_1977">,</word>
<word id="word_1978">eigentlich</word>
<word id="word_1979">auch</word>
<word id="word_1980">,</word>
<word id="word_1981">Universitätsforschung</word>
<word id="word_1982">,</word>
<word id="word_1983">können</word>
<word id="word_1984">Sie</word>
<word id="word_1985">die</word>
<word id="word_1986">genau</word>
<word id="word_1987">gleiche</word>
<word id="word_1988">Geschichte</word>
<word id="word_1989">über</word>
<word id="word_1990">die</word>
<word id="word_1991">sogenannte</word>
<word id="word_1992">”</word>
<word id="word_1993">Großforschung</word>
<word id="word_1994">”</word>
<word id="word_1995">erzählen</word>
<word id="word_1996">.</word>
<word id="word_1997">Und</word>
<word id="word_1998">in</word>
<word id="word_1999">der</word>
<word id="word_2000">entgegengesetzten</word>
<word id="word_2001">Richtung</word>
<word id="word_2002">,</word>
<word id="word_2003">wenn</word>
<word id="word_2004">wir</word>
<word id="word_2005">etwa</word>
<word id="word_2006">den</word>
<word id="word_2007">Energiesektor</word>
<word id="word_2008">betrachten</word>
<word id="word_2009">,</word>
<word id="word_2010">wo</word>
<word id="word_2011">alle</word>
<word id="word_2012">darüber</word>
<word id="word_2013">reden</word>
<word id="word_2014">,</word>
<word id="word_2015">wie</word>
<word id="word_2016">Haushalte</word>
<word id="word_2017">effiziente</word>
<word id="word_2018">Erzeuger</word>
<word id="word_2019">grüner</word>
<word id="word_2020">Energie</word>
<word id="word_2021">und</word>
<word id="word_2022">effiziente</word>
<word id="word_2023">Energiesparer</word>
<word id="word_2024">sein</word>
<word id="word_2025">werden</word>
<word id="word_2026">,</word>
<word id="word_2027">dann</word>
<word id="word_2028">ist</word>
<word id="word_2029">das</word>
<word id="word_2030">sogar</word>
<word id="word_2031">das</word>
<word id="word_2032">entgegengesetzte</word>
<word id="word_2033">Phänomen</word>
<word id="word_2034">.</word>
<word id="word_2035">Es</word>
<word id="word_2036">ist</word>
<word id="word_2037">die</word>
<word id="word_2038">Zerteilung</word>
<word id="word_2039">des</word>
<word id="word_2040">Wachstums</word>
<word id="word_2041">,</word>
<word id="word_2042">weil</word>
<word id="word_2043">das</word>
<word id="word_2044">sehr</word>
<word id="word_2045">kleine</word>
<word id="word_2046">das</word>
<word id="word_2047">traditionelle</word>
<word id="word_2048">unternehmerische</word>
<word id="word_2049">Wachstum</word>
<word id="word_2050">ersetzen</word>
<word id="word_2051">kann</word>
<word id="word_2052">.</word>
<word id="word_2053">Wohin</word>
<word id="word_2054">wir</word>
<word id="word_2055">auch</word>
<word id="word_2056">geführt</word>
<word id="word_2057">werden</word>
<word id="word_2058">,</word>
<word id="word_2059">[</word>
<word id="word_2060">überall</word>
<word id="word_2061">]</word>
<word id="word_2062">finden</word>
<word id="word_2063">wir</word>
<word id="word_2064">diese</word>
<word id="word_2065">Horizontalisierung</word>
<word id="word_2066">von</word>
<word id="word_2067">Industriestrukturen</word>
<word id="word_2068">.</word>
<word id="word_2069">Das</word>
<word id="word_2070">bringt</word>
<word id="word_2071">grundlegende</word>
<word id="word_2072">Änderungen</word>
<word id="word_2073">mit</word>
<word id="word_2074">sich</word>
<word id="word_2075">,</word>
<word id="word_2076">in</word>
<word id="word_2077">der</word>
<word id="word_2078">Art</word>
<word id="word_2079">und</word>
<word id="word_2080">Weise</word>
<word id="word_2081">,</word>
<word id="word_2082">wie</word>
<word id="word_2083">wir</word>
<word id="word_2084">über</word>
<word id="word_2085">Strategie</word>
<word id="word_2086">denken</word>
<word id="word_2087">.</word>
<word id="word_2088">Das</word>
<word id="word_2089">heißt</word>
<word id="word_2090">zum</word>
<word id="word_2091">Beispiel</word>
<word id="word_2092">,</word>
<word id="word_2093">dass</word>
<word id="word_2094">wir</word>
<word id="word_2095">uns</word>
<word id="word_2096">die</word>
<word id="word_2097">Strategie</word>
<word id="word_2098">als</word>
<word id="word_2099">Gerüst</word>
<word id="word_2100">solcher</word>
<word id="word_2101">horizontaler</word>
<word id="word_2102">Strukturen</word>
<word id="word_2103">denken</word>
<word id="word_2104">müssen</word>
<word id="word_2105">,</word>
<word id="word_2106">wo</word>
<word id="word_2107">Dinge</word>
<word id="word_2108">wie</word>
<word id="word_2109">Geschäftsdefinition</word>
<word id="word_2110">und</word>
<word id="word_2111">sogar</word>
<word id="word_2112">Industriedefinition</word>
<word id="word_2113">wirklich</word>
<word id="word_2114">die</word>
<word id="word_2115">Resultate</word>
<word id="word_2116">der</word>
<word id="word_2117">Strategie</word>
<word id="word_2118">sind</word>
<word id="word_2119">,</word>
<word id="word_2120">nicht</word>
<word id="word_2121">etwas</word>
<word id="word_2122">,</word>
<word id="word_2123">das</word>
<word id="word_2124">die</word>
<word id="word_2125">Strategie</word>
<word id="word_2126">voraussetzt</word>
<word id="word_2127">.</word>
<word id="word_2128">Es</word>
<word id="word_2129">bedeutet</word>
<word id="word_2130">z.</word>
<word id="word_2131">B.</word>
<word id="word_2132">,</word>
<word id="word_2133">dass</word>
<word id="word_2134">wir</word>
<word id="word_2135">ausarbeiten</word>
<word id="word_2136">müssen</word>
<word id="word_2137">,</word>
<word id="word_2138">wie</word>
<word id="word_2139">man</word>
<word id="word_2140">Zusammenarbeit</word>
<word id="word_2141">und</word>
<word id="word_2142">Konkurrenz</word>
<word id="word_2143">gleichzeitig</word>
<word id="word_2144">unterbringt</word>
<word id="word_2145">.</word>
<word id="word_2146">Denken</word>
<word id="word_2147">Sie</word>
<word id="word_2148">an</word>
<word id="word_2149">das</word>
<word id="word_2150">Genom</word>
<word id="word_2151">.</word>
<word id="word_2152">Wir</word>
<word id="word_2153">müssen</word>
<word id="word_2154">das</word>
<word id="word_2155">sehr</word>
<word id="word_2156">Große</word>
<word id="word_2157">und</word>
<word id="word_2158">das</word>
<word id="word_2159">sehr</word>
<word id="word_2160">Kleine</word>
<word id="word_2161">gleichzeitig</word>
<word id="word_2162">unterbringen</word>
<word id="word_2163">.</word>
<word id="word_2164">Und</word>
<word id="word_2165">wir</word>
<word id="word_2166">benötigen</word>
<word id="word_2167">Industriestrukturen</word>
<word id="word_2168">,</word>
<word id="word_2169">die</word>
<word id="word_2170">sehr</word>
<word id="word_2171">unterschiedliche</word>
<word id="word_2172">Beweggründe</word>
<word id="word_2173">berücksichtigen</word>
<word id="word_2174">,</word>
<word id="word_2175">die</word>
<word id="word_2176">von</word>
<word id="word_2177">Amateuren</word>
<word id="word_2178">in</word>
<word id="word_2179">kleineren</word>
<word id="word_2180">Gruppen</word>
<word id="word_2181">bis</word>
<word id="word_2182">hin</word>
<word id="word_2183">zu</word>
<word id="word_2184">vielleicht</word>
<word id="word_2185">sozialen</word>
<word id="word_2186">Beweggründen</word>
<word id="word_2187">der</word>
<word id="word_2188">Infrastruktur</word>
<word id="word_2189">auf</word>
<word id="word_2190">Regierungsebene</word>
<word id="word_2191">,</word>
<word id="word_2192">oder</word>
<word id="word_2193">hier</word>
<word id="word_2194">von</word>
<word id="word_2195">unternehmerischen</word>
<word id="word_2196">Institutionen</word>
<word id="word_2197">,</word>
<word id="word_2198">die</word>
<word id="word_2199">von</word>
<word id="word_2200">den</word>
<word id="word_2201">Firmen</word>
<word id="word_2202">errichtet</word>
<word id="word_2203">werden</word>
<word id="word_2204">,</word>
<word id="word_2205">die</word>
<word id="word_2206">anderenfalls</word>
<word id="word_2207">konkurrieren</word>
<word id="word_2208">weil</word>
<word id="word_2209">das</word>
<word id="word_2210">ihr</word>
<word id="word_2211">einziger</word>
<word id="word_2212">Weg</word>
<word id="word_2213">ist</word>
<word id="word_2214">zu</word>
<word id="word_2215">wachsen</word>
<word id="word_2216">.</word>
<word id="word_2217">Durch</word>
<word id="word_2218">solche</word>
<word id="word_2219">Transformationen</word>
<word id="word_2220">werden</word>
<word id="word_2221">die</word>
<word id="word_2222">traditionellen</word>
<word id="word_2223">Prämissen</word>
<word id="word_2224">der</word>
<word id="word_2225">Geschäftsstrategie</word>
<word id="word_2226">überholt</word>
<word id="word_2227">.</word>
<word id="word_2228">Sie</word>
<word id="word_2229">treiben</word>
<word id="word_2230">uns</word>
<word id="word_2231">in</word>
<word id="word_2232">eine</word>
<word id="word_2233">ganz</word>
<word id="word_2234">neue</word>
<word id="word_2235">Welt</word>
<word id="word_2236">.</word>
<word id="word_2237">Ob</word>
<word id="word_2238">wir</word>
<word id="word_2239">nun</word>
<word id="word_2240">im</word>
<word id="word_2241">öffentlichen</word>
<word id="word_2242">oder</word>
<word id="word_2243">im</word>
<word id="word_2244">privaten</word>
<word id="word_2245">Sektor</word>
<word id="word_2246">sind</word>
<word id="word_2247">,</word>
<word id="word_2248">sie</word>
<word id="word_2249">machen</word>
<word id="word_2250">es</word>
<word id="word_2251">nötig</word>
<word id="word_2252">,</word>
<word id="word_2253">fundamental</word>
<word id="word_2254">anders</word>
<word id="word_2255">über</word>
<word id="word_2256">Geschäftsstrukturen</word>
<word id="word_2257">zu</word>
<word id="word_2258">denken</word>
<word id="word_2259">.</word>
<word id="word_2260">So</word>
<word id="word_2261">wird</word>
<word id="word_2262">Strategie</word>
<word id="word_2263">wieder</word>
<word id="word_2264">interessant</word>
<word id="word_2265">.</word>
<word id="word_2266">Vielen</word>
<word id="word_2267">Dank</word>
<word id="word_2268">.</word>
</words>
