<?xml version="1.0" encoding="UTF-8" ?>
<!DOCTYPE words SYSTEM "words.dtd">
<words>
<word id="word_1">Dieses</word>
<word id="word_2">Jahr</word>
<word id="word_3">feiert</word>
<word id="word_4">Deutschland</word>
<word id="word_5">den</word>
<word id="word_6">25.</word>
<word id="word_7">Jahrestag</word>
<word id="word_8">der</word>
<word id="word_9">friedlichen</word>
<word id="word_10">Revolution</word>
<word id="word_11">in</word>
<word id="word_12">Ostdeutschland</word>
<word id="word_13">.</word>
<word id="word_14">1989</word>
<word id="word_15">wurde</word>
<word id="word_16">das</word>
<word id="word_17">kommunistische</word>
<word id="word_18">Regime</word>
<word id="word_19">abgesetzt</word>
<word id="word_20">,</word>
<word id="word_21">die</word>
<word id="word_22">Berliner</word>
<word id="word_23">Mauer</word>
<word id="word_24">fiel</word>
<word id="word_25">,</word>
<word id="word_26">und</word>
<word id="word_27">ein</word>
<word id="word_28">Jahr</word>
<word id="word_29">später</word>
<word id="word_30">wurde</word>
<word id="word_31">die</word>
<word id="word_32">Deutsche</word>
<word id="word_33">Demokratische</word>
<word id="word_34">Republik</word>
<word id="word_35">,</word>
<word id="word_36">die</word>
<word id="word_37">DDR</word>
<word id="word_38">,</word>
<word id="word_39">im</word>
<word id="word_40">Osten</word>
<word id="word_41">mit</word>
<word id="word_42">der</word>
<word id="word_43">Bundesrepublik</word>
<word id="word_44">Deutschland</word>
<word id="word_45">im</word>
<word id="word_46">Westen</word>
<word id="word_47">vereint</word>
<word id="word_48">,</word>
<word id="word_49">um</word>
<word id="word_50">das</word>
<word id="word_51">heutige</word>
<word id="word_52">Deutschland</word>
<word id="word_53">zu</word>
<word id="word_54">gründen</word>
<word id="word_55">.</word>
<word id="word_56">Unter</word>
<word id="word_57">anderem</word>
<word id="word_58">erbte</word>
<word id="word_59">Deutschland</word>
<word id="word_60">die</word>
<word id="word_61">Archive</word>
<word id="word_62">der</word>
<word id="word_63">Ostdeutschen</word>
<word id="word_64">Geheimpolizei</word>
<word id="word_65">,</word>
<word id="word_66">bekannt</word>
<word id="word_67">als</word>
<word id="word_68">die</word>
<word id="word_69">Stasi</word>
<word id="word_70">.</word>
<word id="word_71">Erst</word>
<word id="word_72">zwei</word>
<word id="word_73">Jahre</word>
<word id="word_74">nach</word>
<word id="word_75">ihrer</word>
<word id="word_76">Auflösung</word>
<word id="word_77">wurden</word>
<word id="word_78">die</word>
<word id="word_79">Dokumente</word>
<word id="word_80">der</word>
<word id="word_81">Öffentlichkeit</word>
<word id="word_82">zugänglich</word>
<word id="word_83">gemacht</word>
<word id="word_84">,</word>
<word id="word_85">und</word>
<word id="word_86">Historiker</word>
<word id="word_87">,</word>
<word id="word_88">wie</word>
<word id="word_89">ich</word>
<word id="word_90">,</word>
<word id="word_91">begannen</word>
<word id="word_92">,</word>
<word id="word_93">diese</word>
<word id="word_94">Dokumente</word>
<word id="word_95">zu</word>
<word id="word_96">untersuchen</word>
<word id="word_97">,</word>
<word id="word_98">um</word>
<word id="word_99">mehr</word>
<word id="word_100">darüber</word>
<word id="word_101">zu</word>
<word id="word_102">erfahren</word>
<word id="word_103">,</word>
<word id="word_104">wie</word>
<word id="word_105">der</word>
<word id="word_106">DDR-Überwachungsstaat</word>
<word id="word_107">funktionierte</word>
<word id="word_108">.</word>
<word id="word_109">Vielleicht</word>
<word id="word_110">haben</word>
<word id="word_111">Sie</word>
<word id="word_112">den</word>
<word id="word_113">Film</word>
<word id="word_114">"</word>
<word id="word_115">Das</word>
<word id="word_116">Leben</word>
<word id="word_117">der</word>
<word id="word_118">Anderen</word>
<word id="word_119">"</word>
<word id="word_120">gesehen</word>
<word id="word_121">.</word>
<word id="word_122">Dieser</word>
<word id="word_123">Film</word>
<word id="word_124">machte</word>
<word id="word_125">die</word>
<word id="word_126">Stasi</word>
<word id="word_127">weltweit</word>
<word id="word_128">bekannt</word>
<word id="word_129">,</word>
<word id="word_130">und</word>
<word id="word_131">da</word>
<word id="word_132">wir</word>
<word id="word_133">in</word>
<word id="word_134">einem</word>
<word id="word_135">Zeitalter</word>
<word id="word_136">leben</word>
<word id="word_137">,</word>
<word id="word_138">in</word>
<word id="word_139">dem</word>
<word id="word_140">Worte</word>
<word id="word_141">wie</word>
<word id="word_142">"</word>
<word id="word_143">Überwachung</word>
<word id="word_144">"</word>
<word id="word_145">oder</word>
<word id="word_146">"</word>
<word id="word_147">Abhören</word>
<word id="word_148">"</word>
<word id="word_149">auf</word>
<word id="word_150">den</word>
<word id="word_151">Titelseiten</word>
<word id="word_152">der</word>
<word id="word_153">Zeitungen</word>
<word id="word_154">stehen</word>
<word id="word_155">,</word>
<word id="word_156">möchte</word>
<word id="word_157">ich</word>
<word id="word_158">darüber</word>
<word id="word_159">sprechen</word>
<word id="word_160">,</word>
<word id="word_161">wie</word>
<word id="word_162">die</word>
<word id="word_163">Stasi</word>
<word id="word_164">wirklich</word>
<word id="word_165">gearbeitet</word>
<word id="word_166">hat</word>
<word id="word_167">.</word>
<word id="word_168">Beginnen</word>
<word id="word_169">wir</word>
<word id="word_170">mit</word>
<word id="word_171">einem</word>
<word id="word_172">kurzen</word>
<word id="word_173">Blick</word>
<word id="word_174">in</word>
<word id="word_175">die</word>
<word id="word_176">Geschichte</word>
<word id="word_177">der</word>
<word id="word_178">Stasi</word>
<word id="word_179">,</word>
<word id="word_180">denn</word>
<word id="word_181">das</word>
<word id="word_182">ist</word>
<word id="word_183">wirklich</word>
<word id="word_184">wichtig</word>
<word id="word_185">,</word>
<word id="word_186">um</word>
<word id="word_187">das</word>
<word id="word_188">Selbstverständnis</word>
<word id="word_189">zu</word>
<word id="word_190">begreifen</word>
<word id="word_191">.</word>
<word id="word_192">Ihre</word>
<word id="word_193">Ursprünge</word>
<word id="word_194">liegen</word>
<word id="word_195">in</word>
<word id="word_196">Russland</word>
<word id="word_197">.</word>
<word id="word_198">1917</word>
<word id="word_199">gründeten</word>
<word id="word_200">die</word>
<word id="word_201">russischen</word>
<word id="word_202">Kommunisten</word>
<word id="word_203">die</word>
<word id="word_204">Außerordentliche</word>
<word id="word_205">Kommission</word>
<word id="word_206">zur</word>
<word id="word_207">Bekämpfung</word>
<word id="word_208">von</word>
<word id="word_209">Konterrevolution</word>
<word id="word_210">und</word>
<word id="word_211">Sabotage</word>
<word id="word_212">,</word>
<word id="word_213">kurz</word>
<word id="word_214">Tscheka</word>
<word id="word_215">.</word>
<word id="word_216">Sie</word>
<word id="word_217">wurde</word>
<word id="word_218">von</word>
<word id="word_219">Felix</word>
<word id="word_220">Dzerzhinsky</word>
<word id="word_221">geleitet</word>
<word id="word_222">.</word>
<word id="word_223">Die</word>
<word id="word_224">Tscheka</word>
<word id="word_225">war</word>
<word id="word_226">ein</word>
<word id="word_227">Instrument</word>
<word id="word_228">der</word>
<word id="word_229">Kommunisten</word>
<word id="word_230">,</word>
<word id="word_231">um</word>
<word id="word_232">ihr</word>
<word id="word_233">Regime</word>
<word id="word_234">durchzusetzen</word>
<word id="word_235">,</word>
<word id="word_236">indem</word>
<word id="word_237">sie</word>
<word id="word_238">die</word>
<word id="word_239">Bevölkerung</word>
<word id="word_240">terrorisierten</word>
<word id="word_241">und</word>
<word id="word_242">ihre</word>
<word id="word_243">Feinde</word>
<word id="word_244">hinrichteten</word>
<word id="word_245">.</word>
<word id="word_246">Sie</word>
<word id="word_247">entwickelte</word>
<word id="word_248">sich</word>
<word id="word_249">später</word>
<word id="word_250">zum</word>
<word id="word_251">bekannten</word>
<word id="word_252">KGB</word>
<word id="word_253">.</word>
<word id="word_254">Die</word>
<word id="word_255">Tscheka</word>
<word id="word_256">war</word>
<word id="word_257">das</word>
<word id="word_258">Vorbild</word>
<word id="word_259">der</word>
<word id="word_260">Stasi-Offiziere</word>
<word id="word_261">.</word>
<word id="word_262">Sie</word>
<word id="word_263">nannten</word>
<word id="word_264">sich</word>
<word id="word_265">selbst</word>
<word id="word_266">Tschekisten</word>
<word id="word_267">und</word>
<word id="word_268">auch</word>
<word id="word_269">das</word>
<word id="word_270">Wappen</word>
<word id="word_271">war</word>
<word id="word_272">sehr</word>
<word id="word_273">ähnlich</word>
<word id="word_274">,</word>
<word id="word_275">wie</word>
<word id="word_276">man</word>
<word id="word_277">hier</word>
<word id="word_278">sehen</word>
<word id="word_279">kann</word>
<word id="word_280">.</word>
<word id="word_281">Tatsächlich</word>
<word id="word_282">war</word>
<word id="word_283">es</word>
<word id="word_284">die</word>
<word id="word_285">russische</word>
<word id="word_286">Geheimpolizei</word>
<word id="word_287">,</word>
<word id="word_288">die</word>
<word id="word_289">die</word>
<word id="word_290">Stasi</word>
<word id="word_291">aufbaute</word>
<word id="word_292">und</word>
<word id="word_293">die</word>
<word id="word_294">Offiziere</word>
<word id="word_295">ausbildete</word>
<word id="word_296">.</word>
<word id="word_297">Als</word>
<word id="word_298">die</word>
<word id="word_299">Rote</word>
<word id="word_300">Armee</word>
<word id="word_301">Ostdeutschland</word>
<word id="word_302">1945</word>
<word id="word_303">besetzte</word>
<word id="word_304">,</word>
<word id="word_305">breitete</word>
<word id="word_306">sie</word>
<word id="word_307">sich</word>
<word id="word_308">dort</word>
<word id="word_309">sofort</word>
<word id="word_310">aus</word>
<word id="word_311">,</word>
<word id="word_312">und</word>
<word id="word_313">bildete</word>
<word id="word_314">bald</word>
<word id="word_315">die</word>
<word id="word_316">deutschen</word>
<word id="word_317">Kommunisten</word>
<word id="word_318">darin</word>
<word id="word_319">aus</word>
<word id="word_320">,</word>
<word id="word_321">ihre</word>
<word id="word_322">eigene</word>
<word id="word_323">Geheimpolizei</word>
<word id="word_324">aufzubauen</word>
<word id="word_325">.</word>
<word id="word_326">Übrigens</word>
<word id="word_327">wurde</word>
<word id="word_328">in</word>
<word id="word_329">der</word>
<word id="word_330">Halle</word>
<word id="word_331">,</word>
<word id="word_332">in</word>
<word id="word_333">der</word>
<word id="word_334">wir</word>
<word id="word_335">jetzt</word>
<word id="word_336">sind</word>
<word id="word_337">,</word>
<word id="word_338">1946</word>
<word id="word_339">die</word>
<word id="word_340">Regierungspartei</word>
<word id="word_341">der</word>
<word id="word_342">DDR</word>
<word id="word_343">gegründet</word>
<word id="word_344">.</word>
<word id="word_345">Fünf</word>
<word id="word_346">Jahre</word>
<word id="word_347">später</word>
<word id="word_348">wurde</word>
<word id="word_349">die</word>
<word id="word_350">Stasi</word>
<word id="word_351">gegründet</word>
<word id="word_352">und</word>
<word id="word_353">die</word>
<word id="word_354">Drecksarbeit</word>
<word id="word_355">der</word>
<word id="word_356">Unterdrückung</word>
<word id="word_357">wurde</word>
<word id="word_358">ihr</word>
<word id="word_359">schrittweise</word>
<word id="word_360">übertragen</word>
<word id="word_361">.</word>
<word id="word_362">So</word>
<word id="word_363">wurde</word>
<word id="word_364">etwa</word>
<word id="word_365">das</word>
<word id="word_366">Zentralgefängnis</word>
<word id="word_367">für</word>
<word id="word_368">politische</word>
<word id="word_369">Gefangene</word>
<word id="word_370">,</word>
<word id="word_371">das</word>
<word id="word_372">von</word>
<word id="word_373">den</word>
<word id="word_374">Russen</word>
<word id="word_375">errichten</word>
<word id="word_376">worden</word>
<word id="word_377">war</word>
<word id="word_378">,</word>
<word id="word_379">von</word>
<word id="word_380">der</word>
<word id="word_381">Stasi</word>
<word id="word_382">übernommen</word>
<word id="word_383">und</word>
<word id="word_384">bis</word>
<word id="word_385">zum</word>
<word id="word_386">Ende</word>
<word id="word_387">des</word>
<word id="word_388">Kommunismus</word>
<word id="word_389">genutzt</word>
<word id="word_390">.</word>
<word id="word_391">Sie</word>
<word id="word_392">sehen</word>
<word id="word_393">es</word>
<word id="word_394">hier</word>
<word id="word_395">.</word>
<word id="word_396">Anfangs</word>
<word id="word_397">wurde</word>
<word id="word_398">jeder</word>
<word id="word_399">wichtige</word>
<word id="word_400">Schritt</word>
<word id="word_401">unter</word>
<word id="word_402">russischer</word>
<word id="word_403">Aufsicht</word>
<word id="word_404">unternommen</word>
<word id="word_405">.</word>
<word id="word_406">Aber</word>
<word id="word_407">die</word>
<word id="word_408">Deutschen</word>
<word id="word_409">sind</word>
<word id="word_410">für</word>
<word id="word_411">ihre</word>
<word id="word_412">Effektiviät</word>
<word id="word_413">bekannt</word>
<word id="word_414">,</word>
<word id="word_415">daher</word>
<word id="word_416">wuchs</word>
<word id="word_417">die</word>
<word id="word_418">Stasi</word>
<word id="word_419">sehr</word>
<word id="word_420">schnell</word>
<word id="word_421">,</word>
<word id="word_422">und</word>
<word id="word_423">hatte</word>
<word id="word_424">1953</word>
<word id="word_425">schon</word>
<word id="word_426">mehr</word>
<word id="word_427">Angestellte</word>
<word id="word_428">als</word>
<word id="word_429">die</word>
<word id="word_430">Gestapo</word>
<word id="word_431">,</word>
<word id="word_432">die</word>
<word id="word_433">Geheimpolizei</word>
<word id="word_434">Nazideutschlands</word>
<word id="word_435">,</word>
<word id="word_436">gehabt</word>
<word id="word_437">hatte</word>
<word id="word_438">.</word>
<word id="word_439">Die</word>
<word id="word_440">Zahl</word>
<word id="word_441">verdoppelte</word>
<word id="word_442">sich</word>
<word id="word_443">alle</word>
<word id="word_444">zehn</word>
<word id="word_445">Jahre</word>
<word id="word_446">.</word>
<word id="word_447">1989</word>
<word id="word_448">arbeiteten</word>
<word id="word_449">über</word>
<word id="word_450">90</word>
<word id="word_451">000</word>
<word id="word_452">Mitarbeiter</word>
<word id="word_453">für</word>
<word id="word_454">die</word>
<word id="word_455">Stasi</word>
<word id="word_456">.</word>
<word id="word_457">Das</word>
<word id="word_458">hieß</word>
<word id="word_459">,</word>
<word id="word_460">dass</word>
<word id="word_461">jeder</word>
<word id="word_462">Mitarbeiter</word>
<word id="word_463">für</word>
<word id="word_464">180</word>
<word id="word_465">Einwohner</word>
<word id="word_466">zuständig</word>
<word id="word_467">war</word>
<word id="word_468">,</word>
<word id="word_469">was</word>
<word id="word_470">einmalig</word>
<word id="word_471">auf</word>
<word id="word_472">der</word>
<word id="word_473">Welt</word>
<word id="word_474">war</word>
<word id="word_475">.</word>
<word id="word_476">Auf</word>
<word id="word_477">oberster</word>
<word id="word_478">Ebene</word>
<word id="word_479">dieses</word>
<word id="word_480">enormen</word>
<word id="word_481">Apparats</word>
<word id="word_482">stand</word>
<word id="word_483">ein</word>
<word id="word_484">Mann</word>
<word id="word_485">namens</word>
<word id="word_486">Erich</word>
<word id="word_487">Mielke</word>
<word id="word_488">.</word>
<word id="word_489">Er</word>
<word id="word_490">leitete</word>
<word id="word_491">das</word>
<word id="word_492">Ministerium</word>
<word id="word_493">für</word>
<word id="word_494">Staatssicherheit</word>
<word id="word_495">mehr</word>
<word id="word_496">als</word>
<word id="word_497">30</word>
<word id="word_498">Jahre</word>
<word id="word_499">.</word>
<word id="word_500">Er</word>
<word id="word_501">war</word>
<word id="word_502">ein</word>
<word id="word_503">skrupelloser</word>
<word id="word_504">Funktionär</word>
<word id="word_505">.</word>
<word id="word_506">In</word>
<word id="word_507">der</word>
<word id="word_508">Vergangenheit</word>
<word id="word_509">hatte</word>
<word id="word_510">er</word>
<word id="word_511">zwei</word>
<word id="word_512">Polizisten</word>
<word id="word_513">getötet</word>
<word id="word_514">,</word>
<word id="word_515">nicht</word>
<word id="word_516">weit</word>
<word id="word_517">entfernt</word>
<word id="word_518">von</word>
<word id="word_519">hier</word>
<word id="word_520">.</word>
<word id="word_521">Genau</word>
<word id="word_522">genommen</word>
<word id="word_523">war</word>
<word id="word_524">er</word>
<word id="word_525">die</word>
<word id="word_526">Stasi</word>
<word id="word_527">in</word>
<word id="word_528">Person</word>
<word id="word_529">.</word>
<word id="word_530">Aber</word>
<word id="word_531">was</word>
<word id="word_532">war</word>
<word id="word_533">an</word>
<word id="word_534">der</word>
<word id="word_535">Stasi</word>
<word id="word_536">so</word>
<word id="word_537">außergewöhnlich</word>
<word id="word_538">?</word>
<word id="word_539">Es</word>
<word id="word_540">lag</word>
<word id="word_541">vor</word>
<word id="word_542">allem</word>
<word id="word_543">an</word>
<word id="word_544">ihrer</word>
<word id="word_545">enormen</word>
<word id="word_546">Macht</word>
<word id="word_547">,</word>
<word id="word_548">denn</word>
<word id="word_549">sie</word>
<word id="word_550">vereinte</word>
<word id="word_551">verschiedene</word>
<word id="word_552">Funktionen</word>
<word id="word_553">in</word>
<word id="word_554">einer</word>
<word id="word_555">Organisation</word>
<word id="word_556">.</word>
<word id="word_557">Erstens</word>
<word id="word_558">war</word>
<word id="word_559">die</word>
<word id="word_560">Stasi</word>
<word id="word_561">ein</word>
<word id="word_562">Geheimdienst</word>
<word id="word_563">.</word>
<word id="word_564">Sie</word>
<word id="word_565">nutzte</word>
<word id="word_566">alle</word>
<word id="word_567">erdenklichen</word>
<word id="word_568">Mittel</word>
<word id="word_569">,</word>
<word id="word_570">um</word>
<word id="word_571">heimlich</word>
<word id="word_572">an</word>
<word id="word_573">Informationen</word>
<word id="word_574">zu</word>
<word id="word_575">gelangen</word>
<word id="word_576">,</word>
<word id="word_577">wie</word>
<word id="word_578">etwa</word>
<word id="word_579">Informanten</word>
<word id="word_580">oder</word>
<word id="word_581">Telefonabhörung</word>
<word id="word_582">,</word>
<word id="word_583">wie</word>
<word id="word_584">man</word>
<word id="word_585">auf</word>
<word id="word_586">diesem</word>
<word id="word_587">Bild</word>
<word id="word_588">sehen</word>
<word id="word_589">kann</word>
<word id="word_590">.</word>
<word id="word_591">Sie</word>
<word id="word_592">war</word>
<word id="word_593">nicht</word>
<word id="word_594">nur</word>
<word id="word_595">in</word>
<word id="word_596">Ostdeutschland</word>
<word id="word_597">aktiv</word>
<word id="word_598">,</word>
<word id="word_599">sondern</word>
<word id="word_600">überall</word>
<word id="word_601">auf</word>
<word id="word_602">der</word>
<word id="word_603">Welt</word>
<word id="word_604">.</word>
<word id="word_605">Zweitens</word>
<word id="word_606">war</word>
<word id="word_607">die</word>
<word id="word_608">Stasi</word>
<word id="word_609">eine</word>
<word id="word_610">Geheimpolizei</word>
<word id="word_611">.</word>
<word id="word_612">Sie</word>
<word id="word_613">konnte</word>
<word id="word_614">Menschen</word>
<word id="word_615">auf</word>
<word id="word_616">der</word>
<word id="word_617">Straße</word>
<word id="word_618">anhalten</word>
<word id="word_619">und</word>
<word id="word_620">sie</word>
<word id="word_621">in</word>
<word id="word_622">ihren</word>
<word id="word_623">eigenen</word>
<word id="word_624">Gefängnissen</word>
<word id="word_625">inhaftieren</word>
<word id="word_626">.</word>
<word id="word_627">Drittens</word>
<word id="word_628">funktionierte</word>
<word id="word_629">die</word>
<word id="word_630">Stasi</word>
<word id="word_631">wie</word>
<word id="word_632">eine</word>
<word id="word_633">Art</word>
<word id="word_634">Generalstaatsanwaltschaft</word>
<word id="word_635">.</word>
<word id="word_636">Sie</word>
<word id="word_637">hatte</word>
<word id="word_638">das</word>
<word id="word_639">Recht</word>
<word id="word_640">,</word>
<word id="word_641">Voruntersuchungen</word>
<word id="word_642">einzuleiten</word>
<word id="word_643">,</word>
<word id="word_644">und</word>
<word id="word_645">Personen</word>
<word id="word_646">offiziell</word>
<word id="word_647">zu</word>
<word id="word_648">befragen</word>
<word id="word_649">.</word>
<word id="word_650">Zu</word>
<word id="word_651">guter</word>
<word id="word_652">Letzt</word>
<word id="word_653">besaß</word>
<word id="word_654">die</word>
<word id="word_655">Stasi</word>
<word id="word_656">eine</word>
<word id="word_657">eigene</word>
<word id="word_658">Streitkraft</word>
<word id="word_659">.</word>
<word id="word_660">Über</word>
<word id="word_661">11</word>
<word id="word_662">000</word>
<word id="word_663">Soldaten</word>
<word id="word_664">dienten</word>
<word id="word_665">dem</word>
<word id="word_666">sogenannten</word>
<word id="word_667">"</word>
<word id="word_668">Wachregiment</word>
<word id="word_669">"</word>
<word id="word_670">.</word>
<word id="word_671">Es</word>
<word id="word_672">wurde</word>
<word id="word_673">gegründet</word>
<word id="word_674">,</word>
<word id="word_675">um</word>
<word id="word_676">Proteste</word>
<word id="word_677">und</word>
<word id="word_678">Aufstände</word>
<word id="word_679">niederzuschlagen</word>
<word id="word_680">.</word>
<word id="word_681">Aufgrund</word>
<word id="word_682">der</word>
<word id="word_683">Machtkonzentration</word>
<word id="word_684">nannte</word>
<word id="word_685">man</word>
<word id="word_686">die</word>
<word id="word_687">Stasi</word>
<word id="word_688">auch</word>
<word id="word_689">den</word>
<word id="word_690">Staat</word>
<word id="word_691">im</word>
<word id="word_692">Staat</word>
<word id="word_693">.</word>
<word id="word_694">Schauen</word>
<word id="word_695">wir</word>
<word id="word_696">uns</word>
<word id="word_697">die</word>
<word id="word_698">Werkzeuge</word>
<word id="word_699">der</word>
<word id="word_700">Stasi</word>
<word id="word_701">mal</word>
<word id="word_702">genau</word>
<word id="word_703">an</word>
<word id="word_704">.</word>
<word id="word_705">Bitte</word>
<word id="word_706">bedenken</word>
<word id="word_707">Sie</word>
<word id="word_708">,</word>
<word id="word_709">dass</word>
<word id="word_710">das</word>
<word id="word_711">Internet</word>
<word id="word_712">und</word>
<word id="word_713">Smartphones</word>
<word id="word_714">damals</word>
<word id="word_715">noch</word>
<word id="word_716">nicht</word>
<word id="word_717">erfunden</word>
<word id="word_718">waren</word>
<word id="word_719">.</word>
<word id="word_720">Natürlich</word>
<word id="word_721">nutzte</word>
<word id="word_722">die</word>
<word id="word_723">Stasi</word>
<word id="word_724">alle</word>
<word id="word_725">möglichen</word>
<word id="word_726">technischen</word>
<word id="word_727">Instrumente</word>
<word id="word_728">,</word>
<word id="word_729">um</word>
<word id="word_730">Leute</word>
<word id="word_731">zu</word>
<word id="word_732">überwachen</word>
<word id="word_733">.</word>
<word id="word_734">Telefone</word>
<word id="word_735">wurden</word>
<word id="word_736">verwanzt</word>
<word id="word_737">,</word>
<word id="word_738">einschließlich</word>
<word id="word_739">des</word>
<word id="word_740">Telefons</word>
<word id="word_741">des</word>
<word id="word_742">westdeutschen</word>
<word id="word_743">Kanzlers</word>
<word id="word_744">,</word>
<word id="word_745">genauso</word>
<word id="word_746">wie</word>
<word id="word_747">dessen</word>
<word id="word_748">Apartments</word>
<word id="word_749">.</word>
<word id="word_750">Täglich</word>
<word id="word_751">wurden</word>
<word id="word_752">90</word>
<word id="word_753">000</word>
<word id="word_754">Briefe</word>
<word id="word_755">von</word>
<word id="word_756">diesen</word>
<word id="word_757">Maschinen</word>
<word id="word_758">geöffnet</word>
<word id="word_759">.</word>
<word id="word_760">Die</word>
<word id="word_761">Stasi</word>
<word id="word_762">beschattete</word>
<word id="word_763">Zehntausende</word>
<word id="word_764">von</word>
<word id="word_765">Menschen</word>
<word id="word_766">,</word>
<word id="word_767">mittels</word>
<word id="word_768">speziell</word>
<word id="word_769">trainierter</word>
<word id="word_770">Agenten</word>
<word id="word_771">und</word>
<word id="word_772">Geheimkameras</word>
<word id="word_773">,</word>
<word id="word_774">um</word>
<word id="word_775">jeden</word>
<word id="word_776">ihrer</word>
<word id="word_777">Schritte</word>
<word id="word_778">zu</word>
<word id="word_779">dokumentieren</word>
<word id="word_780">.</word>
<word id="word_781">Auf</word>
<word id="word_782">diesem</word>
<word id="word_783">Bild</word>
<word id="word_784">können</word>
<word id="word_785">Sie</word>
<word id="word_786">mich</word>
<word id="word_787">als</word>
<word id="word_788">jungen</word>
<word id="word_789">Mann</word>
<word id="word_790">vor</word>
<word id="word_791">dem</word>
<word id="word_792">Gebäude</word>
<word id="word_793">sehen</word>
<word id="word_794">,</word>
<word id="word_795">wo</word>
<word id="word_796">wir</word>
<word id="word_797">jetzt</word>
<word id="word_798">sind</word>
<word id="word_799">--</word>
<word id="word_800">fotografiert</word>
<word id="word_801">von</word>
<word id="word_802">einem</word>
<word id="word_803">Stasi-Agenten</word>
<word id="word_804">.</word>
<word id="word_805">Die</word>
<word id="word_806">Stasi</word>
<word id="word_807">sammelte</word>
<word id="word_808">sogar</word>
<word id="word_809">den</word>
<word id="word_810">Geruch</word>
<word id="word_811">von</word>
<word id="word_812">Menschen</word>
<word id="word_813">.</word>
<word id="word_814">Sie</word>
<word id="word_815">bewahrte</word>
<word id="word_816">Proben</word>
<word id="word_817">davon</word>
<word id="word_818">in</word>
<word id="word_819">verschlossenen</word>
<word id="word_820">Gefäßen</word>
<word id="word_821">auf</word>
<word id="word_822">,</word>
<word id="word_823">welche</word>
<word id="word_824">man</word>
<word id="word_825">nach</word>
<word id="word_826">der</word>
<word id="word_827">friedlichen</word>
<word id="word_828">Revolution</word>
<word id="word_829">fand</word>
<word id="word_830">.</word>
<word id="word_831">Für</word>
<word id="word_832">all</word>
<word id="word_833">diese</word>
<word id="word_834">Aufgaben</word>
<word id="word_835">waren</word>
<word id="word_836">hochspezialisierte</word>
<word id="word_837">Abteilungen</word>
<word id="word_838">verantwortlich</word>
<word id="word_839">.</word>
<word id="word_840">Die</word>
<word id="word_841">Abteilung</word>
<word id="word_842">für</word>
<word id="word_843">Telefon-Abhörung</word>
<word id="word_844">war</word>
<word id="word_845">komplett</word>
<word id="word_846">getrennt</word>
<word id="word_847">von</word>
<word id="word_848">derjenigen</word>
<word id="word_849">,</word>
<word id="word_850">die</word>
<word id="word_851">Briefe</word>
<word id="word_852">kontrollierte</word>
<word id="word_853">,</word>
<word id="word_854">und</word>
<word id="word_855">zwar</word>
<word id="word_856">aus</word>
<word id="word_857">gutem</word>
<word id="word_858">Grund</word>
<word id="word_859">.</word>
<word id="word_860">Wenn</word>
<word id="word_861">ein</word>
<word id="word_862">Agent</word>
<word id="word_863">nämlich</word>
<word id="word_864">die</word>
<word id="word_865">Stasi</word>
<word id="word_866">verließ</word>
<word id="word_867">,</word>
<word id="word_868">war</word>
<word id="word_869">sein</word>
<word id="word_870">Wissen</word>
<word id="word_871">sehr</word>
<word id="word_872">begrenzt</word>
<word id="word_873">.</word>
<word id="word_874">Vergleichen</word>
<word id="word_875">Sie</word>
<word id="word_876">das</word>
<word id="word_877">etwa</word>
<word id="word_878">mit</word>
<word id="word_879">Snowden</word>
<word id="word_880">.</word>
<word id="word_881">Aber</word>
<word id="word_882">auch</word>
<word id="word_883">die</word>
<word id="word_884">vertikale</word>
<word id="word_885">Spezialisierung</word>
<word id="word_886">war</word>
<word id="word_887">wichtig</word>
<word id="word_888">,</word>
<word id="word_889">um</word>
<word id="word_890">jegliches</word>
<word id="word_891">Mitgefühl</word>
<word id="word_892">mit</word>
<word id="word_893">dem</word>
<word id="word_894">Überwachungsobjekt</word>
<word id="word_895">zu</word>
<word id="word_896">verhindern</word>
<word id="word_897">.</word>
<word id="word_898">Der</word>
<word id="word_899">Agent</word>
<word id="word_900">,</word>
<word id="word_901">der</word>
<word id="word_902">mich</word>
<word id="word_903">beschattete</word>
<word id="word_904">,</word>
<word id="word_905">wusste</word>
<word id="word_906">nicht</word>
<word id="word_907">,</word>
<word id="word_908">wer</word>
<word id="word_909">ich</word>
<word id="word_910">war</word>
<word id="word_911">oder</word>
<word id="word_912">warum</word>
<word id="word_913">ich</word>
<word id="word_914">überwacht</word>
<word id="word_915">wurde</word>
<word id="word_916">.</word>
<word id="word_917">Ich</word>
<word id="word_918">schmuggelte</word>
<word id="word_919">verbotene</word>
<word id="word_920">Bücher</word>
<word id="word_921">aus</word>
<word id="word_922">West-</word>
<word id="word_923">nach</word>
<word id="word_924">Ostdeutschland</word>
<word id="word_925">.</word>
<word id="word_926">Aber</word>
<word id="word_927">noch</word>
<word id="word_928">typischer</word>
<word id="word_929">für</word>
<word id="word_930">die</word>
<word id="word_931">Stasi</word>
<word id="word_932">war</word>
<word id="word_933">der</word>
<word id="word_934">Einsatz</word>
<word id="word_935">menschlicher</word>
<word id="word_936">Intelligenz</word>
<word id="word_937">,</word>
<word id="word_938">also</word>
<word id="word_939">Menschen</word>
<word id="word_940">,</word>
<word id="word_941">die</word>
<word id="word_942">der</word>
<word id="word_943">Stasi</word>
<word id="word_944">heimlich</word>
<word id="word_945">berichteten</word>
<word id="word_946">.</word>
<word id="word_947">Für</word>
<word id="word_948">das</word>
<word id="word_949">Ministerium</word>
<word id="word_950">für</word>
<word id="word_951">Staatssicherheit</word>
<word id="word_952">waren</word>
<word id="word_953">die</word>
<word id="word_954">sogenannten</word>
<word id="word_955">"</word>
<word id="word_956">Inoffiziellen</word>
<word id="word_957">Mitarbeiter</word>
<word id="word_958">"</word>
<word id="word_959">die</word>
<word id="word_960">wichtigsten</word>
<word id="word_961">Werkzeuge</word>
<word id="word_962">.</word>
<word id="word_963">Ab</word>
<word id="word_964">1975</word>
<word id="word_965">kollaborierten</word>
<word id="word_966">fast</word>
<word id="word_967">200</word>
<word id="word_968">000</word>
<word id="word_969">Personen</word>
<word id="word_970">stetig</word>
<word id="word_971">mit</word>
<word id="word_972">der</word>
<word id="word_973">Stasi</word>
<word id="word_974">,</word>
<word id="word_975">also</word>
<word id="word_976">mehr</word>
<word id="word_977">als</word>
<word id="word_978">1</word>
<word id="word_979">%</word>
<word id="word_980">der</word>
<word id="word_981">Bevölkerung</word>
<word id="word_982">.</word>
<word id="word_983">Und</word>
<word id="word_984">gewissermaßen</word>
<word id="word_985">hatte</word>
<word id="word_986">der</word>
<word id="word_987">Minister</word>
<word id="word_988">recht</word>
<word id="word_989">,</word>
<word id="word_990">denn</word>
<word id="word_991">technische</word>
<word id="word_992">Instrumente</word>
<word id="word_993">können</word>
<word id="word_994">nur</word>
<word id="word_995">registrieren</word>
<word id="word_996">,</word>
<word id="word_997">was</word>
<word id="word_998">Menschen</word>
<word id="word_999">machen</word>
<word id="word_1000">,</word>
<word id="word_1001">aber</word>
<word id="word_1002">Agenten</word>
<word id="word_1003">und</word>
<word id="word_1004">Spitzel</word>
<word id="word_1005">können</word>
<word id="word_1006">auch</word>
<word id="word_1007">melden</word>
<word id="word_1008">,</word>
<word id="word_1009">was</word>
<word id="word_1010">Menschen</word>
<word id="word_1011">vorhaben</word>
<word id="word_1012">und</word>
<word id="word_1013">was</word>
<word id="word_1014">sie</word>
<word id="word_1015">denken</word>
<word id="word_1016">.</word>
<word id="word_1017">Daher</word>
<word id="word_1018">rekrutierte</word>
<word id="word_1019">die</word>
<word id="word_1020">Stasi</word>
<word id="word_1021">so</word>
<word id="word_1022">viele</word>
<word id="word_1023">Informanten</word>
<word id="word_1024">.</word>
<word id="word_1025">Das</word>
<word id="word_1026">System</word>
<word id="word_1027">,</word>
<word id="word_1028">wie</word>
<word id="word_1029">man</word>
<word id="word_1030">an</word>
<word id="word_1031">sie</word>
<word id="word_1032">herankommt</word>
<word id="word_1033">und</word>
<word id="word_1034">wie</word>
<word id="word_1035">man</word>
<word id="word_1036">sie</word>
<word id="word_1037">ausbildet</word>
<word id="word_1038">,</word>
<word id="word_1039">wie</word>
<word id="word_1040">das</word>
<word id="word_1041">genannt</word>
<word id="word_1042">wurde</word>
<word id="word_1043">,</word>
<word id="word_1044">war</word>
<word id="word_1045">sehr</word>
<word id="word_1046">ausgeklügelt</word>
<word id="word_1047">.</word>
<word id="word_1048">Die</word>
<word id="word_1049">Stasi</word>
<word id="word_1050">hatte</word>
<word id="word_1051">ihre</word>
<word id="word_1052">eigene</word>
<word id="word_1053">Universität</word>
<word id="word_1054">,</word>
<word id="word_1055">nicht</word>
<word id="word_1056">weit</word>
<word id="word_1057">weg</word>
<word id="word_1058">von</word>
<word id="word_1059">hier</word>
<word id="word_1060">,</word>
<word id="word_1061">wo</word>
<word id="word_1062">die</word>
<word id="word_1063">Methoden</word>
<word id="word_1064">untersucht</word>
<word id="word_1065">und</word>
<word id="word_1066">den</word>
<word id="word_1067">Offizieren</word>
<word id="word_1068">gelehrt</word>
<word id="word_1069">wurden</word>
<word id="word_1070">.</word>
<word id="word_1071">Diese</word>
<word id="word_1072">Richtlinie</word>
<word id="word_1073">lieferte</word>
<word id="word_1074">eine</word>
<word id="word_1075">detaillierte</word>
<word id="word_1076">Beschreibung</word>
<word id="word_1077">jeden</word>
<word id="word_1078">Schrittes</word>
<word id="word_1079">,</word>
<word id="word_1080">den</word>
<word id="word_1081">man</word>
<word id="word_1082">machen</word>
<word id="word_1083">musste</word>
<word id="word_1084">,</word>
<word id="word_1085">wenn</word>
<word id="word_1086">man</word>
<word id="word_1087">Menschen</word>
<word id="word_1088">überzeugen</word>
<word id="word_1089">will</word>
<word id="word_1090">,</word>
<word id="word_1091">ihre</word>
<word id="word_1092">Mitbürger</word>
<word id="word_1093">zu</word>
<word id="word_1094">verraten</word>
<word id="word_1095">.</word>
<word id="word_1096">Es</word>
<word id="word_1097">heißt</word>
<word id="word_1098">,</word>
<word id="word_1099">dass</word>
<word id="word_1100">Informanten</word>
<word id="word_1101">manchmal</word>
<word id="word_1102">gezwungen</word>
<word id="word_1103">wurden</word>
<word id="word_1104">beizutreten</word>
<word id="word_1105">,</word>
<word id="word_1106">aber</word>
<word id="word_1107">meist</word>
<word id="word_1108">trifft</word>
<word id="word_1109">das</word>
<word id="word_1110">nicht</word>
<word id="word_1111">zu</word>
<word id="word_1112">,</word>
<word id="word_1113">denn</word>
<word id="word_1114">ein</word>
<word id="word_1115">erzwungener</word>
<word id="word_1116">Informant</word>
<word id="word_1117">ist</word>
<word id="word_1118">ein</word>
<word id="word_1119">schlechter</word>
<word id="word_1120">Informant</word>
<word id="word_1121">.</word>
<word id="word_1122">Nur</word>
<word id="word_1123">jemand</word>
<word id="word_1124">,</word>
<word id="word_1125">der</word>
<word id="word_1126">einem</word>
<word id="word_1127">die</word>
<word id="word_1128">benötigten</word>
<word id="word_1129">Informationen</word>
<word id="word_1130">geben</word>
<word id="word_1131">will</word>
<word id="word_1132">,</word>
<word id="word_1133">ist</word>
<word id="word_1134">ein</word>
<word id="word_1135">effektiver</word>
<word id="word_1136">Informant</word>
<word id="word_1137">.</word>
<word id="word_1138">Die</word>
<word id="word_1139">Hauptgründe</word>
<word id="word_1140">,</word>
<word id="word_1141">warum</word>
<word id="word_1142">Leute</word>
<word id="word_1143">mit</word>
<word id="word_1144">der</word>
<word id="word_1145">Stasi</word>
<word id="word_1146">kooperierten</word>
<word id="word_1147">,</word>
<word id="word_1148">waren</word>
<word id="word_1149">politische</word>
<word id="word_1150">Überzeugung</word>
<word id="word_1151">und</word>
<word id="word_1152">materielle</word>
<word id="word_1153">Vorteile</word>
<word id="word_1154">.</word>
<word id="word_1155">Die</word>
<word id="word_1156">Offiziere</word>
<word id="word_1157">versuchten</word>
<word id="word_1158">auch</word>
<word id="word_1159">eine</word>
<word id="word_1160">persönliche</word>
<word id="word_1161">Bindung</word>
<word id="word_1162">zwischen</word>
<word id="word_1163">ihnen</word>
<word id="word_1164">und</word>
<word id="word_1165">dem</word>
<word id="word_1166">Informanten</word>
<word id="word_1167">zu</word>
<word id="word_1168">schaffen</word>
<word id="word_1169">,</word>
<word id="word_1170">und</word>
<word id="word_1171">ehrlich</word>
<word id="word_1172">gesagt</word>
<word id="word_1173">,</word>
<word id="word_1174">zeigt</word>
<word id="word_1175">das</word>
<word id="word_1176">Beispiel</word>
<word id="word_1177">der</word>
<word id="word_1178">Stasi</word>
<word id="word_1179">,</word>
<word id="word_1180">dass</word>
<word id="word_1181">es</word>
<word id="word_1182">nicht</word>
<word id="word_1183">schwierig</word>
<word id="word_1184">ist</word>
<word id="word_1185">,</word>
<word id="word_1186">jemanden</word>
<word id="word_1187">dafür</word>
<word id="word_1188">zu</word>
<word id="word_1189">gewinnen</word>
<word id="word_1190">,</word>
<word id="word_1191">andere</word>
<word id="word_1192">zu</word>
<word id="word_1193">verraten</word>
<word id="word_1194">.</word>
<word id="word_1195">Sogar</word>
<word id="word_1196">einige</word>
<word id="word_1197">der</word>
<word id="word_1198">höchsten</word>
<word id="word_1199">Dissidenten</word>
<word id="word_1200">Ostdeutschlands</word>
<word id="word_1201">kollaborierten</word>
<word id="word_1202">mit</word>
<word id="word_1203">der</word>
<word id="word_1204">Stasi</word>
<word id="word_1205">,</word>
<word id="word_1206">wie</word>
<word id="word_1207">z.</word>
<word id="word_1208">B.</word>
<word id="word_1209">Ibrahim</word>
<word id="word_1210">Böhme</word>
<word id="word_1211">.</word>
<word id="word_1212">1989</word>
<word id="word_1213">war</word>
<word id="word_1214">er</word>
<word id="word_1215">der</word>
<word id="word_1216">Anführer</word>
<word id="word_1217">der</word>
<word id="word_1218">Friedlichen</word>
<word id="word_1219">Revolution</word>
<word id="word_1220">und</word>
<word id="word_1221">wurde</word>
<word id="word_1222">fast</word>
<word id="word_1223">der</word>
<word id="word_1224">erste</word>
<word id="word_1225">frei</word>
<word id="word_1226">gewählte</word>
<word id="word_1227">Ministerpräsident</word>
<word id="word_1228">der</word>
<word id="word_1229">DDR</word>
<word id="word_1230">,</word>
<word id="word_1231">bis</word>
<word id="word_1232">bekannt</word>
<word id="word_1233">wurde</word>
<word id="word_1234">,</word>
<word id="word_1235">dass</word>
<word id="word_1236">er</word>
<word id="word_1237">ein</word>
<word id="word_1238">Informant</word>
<word id="word_1239">war</word>
<word id="word_1240">.</word>
<word id="word_1241">Das</word>
<word id="word_1242">Spitzel-Netzwerk</word>
<word id="word_1243">war</word>
<word id="word_1244">sehr</word>
<word id="word_1245">breit</word>
<word id="word_1246">angelegt</word>
<word id="word_1247">.</word>
<word id="word_1248">Beinahe</word>
<word id="word_1249">in</word>
<word id="word_1250">jeder</word>
<word id="word_1251">Institution</word>
<word id="word_1252">,</word>
<word id="word_1253">sogar</word>
<word id="word_1254">in</word>
<word id="word_1255">Kirchen</word>
<word id="word_1256">oder</word>
<word id="word_1257">in</word>
<word id="word_1258">Westdeutschland</word>
<word id="word_1259">,</word>
<word id="word_1260">gab</word>
<word id="word_1261">es</word>
<word id="word_1262">viele</word>
<word id="word_1263">von</word>
<word id="word_1264">ihnen</word>
<word id="word_1265">.</word>
<word id="word_1266">Ich</word>
<word id="word_1267">erinnere</word>
<word id="word_1268">mich</word>
<word id="word_1269">,</word>
<word id="word_1270">wie</word>
<word id="word_1271">ich</word>
<word id="word_1272">einem</word>
<word id="word_1273">führenden</word>
<word id="word_1274">Stasi-Offizier</word>
<word id="word_1275">erzählte</word>
<word id="word_1276">:</word>
<word id="word_1277">"</word>
<word id="word_1278">Hätten</word>
<word id="word_1279">Sie</word>
<word id="word_1280">mir</word>
<word id="word_1281">einen</word>
<word id="word_1282">Informanten</word>
<word id="word_1283">geschickt</word>
<word id="word_1284">,</word>
<word id="word_1285">hätte</word>
<word id="word_1286">ich</word>
<word id="word_1287">ihn</word>
<word id="word_1288">sicherlich</word>
<word id="word_1289">entlarvt</word>
<word id="word_1290">.</word>
<word id="word_1291">"</word>
<word id="word_1292">Seine</word>
<word id="word_1293">Antwort</word>
<word id="word_1294">war</word>
<word id="word_1295">:</word>
<word id="word_1296">"</word>
<word id="word_1297">Wir</word>
<word id="word_1298">mussten</word>
<word id="word_1299">keinen</word>
<word id="word_1300">schicken</word>
<word id="word_1301">.</word>
<word id="word_1302">Wir</word>
<word id="word_1303">nahmen</word>
<word id="word_1304">die</word>
<word id="word_1305">um</word>
<word id="word_1306">dich</word>
<word id="word_1307">herum</word>
<word id="word_1308">.</word>
<word id="word_1309">"</word>
<word id="word_1310">Und</word>
<word id="word_1311">tatsächlich</word>
<word id="word_1312">berichteten</word>
<word id="word_1313">zwei</word>
<word id="word_1314">meiner</word>
<word id="word_1315">besten</word>
<word id="word_1316">Freunde</word>
<word id="word_1317">über</word>
<word id="word_1318">mich</word>
<word id="word_1319">an</word>
<word id="word_1320">die</word>
<word id="word_1321">Stasi</word>
<word id="word_1322">.</word>
<word id="word_1323">Informanten</word>
<word id="word_1324">waren</word>
<word id="word_1325">nicht</word>
<word id="word_1326">nur</word>
<word id="word_1327">in</word>
<word id="word_1328">meinem</word>
<word id="word_1329">Fall</word>
<word id="word_1330">sehr</word>
<word id="word_1331">nah</word>
<word id="word_1332">.</word>
<word id="word_1333">Ein</word>
<word id="word_1334">anderes</word>
<word id="word_1335">Beispiel</word>
<word id="word_1336">war</word>
<word id="word_1337">Vera</word>
<word id="word_1338">Lengsfeld</word>
<word id="word_1339">,</word>
<word id="word_1340">eine</word>
<word id="word_1341">weitere</word>
<word id="word_1342">führende</word>
<word id="word_1343">Dissidentin</word>
<word id="word_1344">.</word>
<word id="word_1345">In</word>
<word id="word_1346">ihrem</word>
<word id="word_1347">Fall</word>
<word id="word_1348">bespitzelte</word>
<word id="word_1349">ihr</word>
<word id="word_1350">Mann</word>
<word id="word_1351">sie</word>
<word id="word_1352">.</word>
<word id="word_1353">Ein</word>
<word id="word_1354">berühmter</word>
<word id="word_1355">Schriftsteller</word>
<word id="word_1356">wurde</word>
<word id="word_1357">von</word>
<word id="word_1358">seinem</word>
<word id="word_1359">Bruder</word>
<word id="word_1360">verraten</word>
<word id="word_1361">.</word>
<word id="word_1362">Das</word>
<word id="word_1363">erinnert</word>
<word id="word_1364">mich</word>
<word id="word_1365">an</word>
<word id="word_1366">den</word>
<word id="word_1367">Roman</word>
<word id="word_1368">"</word>
<word id="word_1369">1984</word>
<word id="word_1370">"</word>
<word id="word_1371">von</word>
<word id="word_1372">George</word>
<word id="word_1373">Orwell</word>
<word id="word_1374">,</word>
<word id="word_1375">wo</word>
<word id="word_1376">die</word>
<word id="word_1377">einzige</word>
<word id="word_1378">scheinbar</word>
<word id="word_1379">vertrauenswürdige</word>
<word id="word_1380">Person</word>
<word id="word_1381">ein</word>
<word id="word_1382">Informant</word>
<word id="word_1383">war</word>
<word id="word_1384">.</word>
<word id="word_1385">Aber</word>
<word id="word_1386">warum</word>
<word id="word_1387">sammelte</word>
<word id="word_1388">die</word>
<word id="word_1389">Stasi</word>
<word id="word_1390">diese</word>
<word id="word_1391">ganzen</word>
<word id="word_1392">Informationen</word>
<word id="word_1393">in</word>
<word id="word_1394">ihren</word>
<word id="word_1395">Archiven</word>
<word id="word_1396">?</word>
<word id="word_1397">Der</word>
<word id="word_1398">Hauptzweck</word>
<word id="word_1399">war</word>
<word id="word_1400">,</word>
<word id="word_1401">die</word>
<word id="word_1402">Gesellschaft</word>
<word id="word_1403">zu</word>
<word id="word_1404">kontrollieren</word>
<word id="word_1405">.</word>
<word id="word_1406">In</word>
<word id="word_1407">fast</word>
<word id="word_1408">jeder</word>
<word id="word_1409">Rede</word>
<word id="word_1410">befahl</word>
<word id="word_1411">der</word>
<word id="word_1412">Stasi-Minister</word>
<word id="word_1413">,</word>
<word id="word_1414">herauszufinden</word>
<word id="word_1415">,</word>
<word id="word_1416">wer</word>
<word id="word_1417">wer</word>
<word id="word_1418">sei</word>
<word id="word_1419">,</word>
<word id="word_1420">was</word>
<word id="word_1421">hieß</word>
<word id="word_1422">,</word>
<word id="word_1423">wer</word>
<word id="word_1424">was</word>
<word id="word_1425">dachte</word>
<word id="word_1426">.</word>
<word id="word_1427">Er</word>
<word id="word_1428">wollte</word>
<word id="word_1429">nicht</word>
<word id="word_1430">warten</word>
<word id="word_1431">,</word>
<word id="word_1432">bis</word>
<word id="word_1433">jemand</word>
<word id="word_1434">versuchte</word>
<word id="word_1435">,</word>
<word id="word_1436">gegen</word>
<word id="word_1437">das</word>
<word id="word_1438">Regime</word>
<word id="word_1439">zu</word>
<word id="word_1440">agieren</word>
<word id="word_1441">.</word>
<word id="word_1442">Er</word>
<word id="word_1443">wollte</word>
<word id="word_1444">im</word>
<word id="word_1445">Vorfeld</word>
<word id="word_1446">wissen</word>
<word id="word_1447">,</word>
<word id="word_1448">was</word>
<word id="word_1449">Menschen</word>
<word id="word_1450">dachten</word>
<word id="word_1451">und</word>
<word id="word_1452">planten</word>
<word id="word_1453">.</word>
<word id="word_1454">Die</word>
<word id="word_1455">Ostdeutschen</word>
<word id="word_1456">wussten</word>
<word id="word_1457">natürlich</word>
<word id="word_1458">,</word>
<word id="word_1459">dass</word>
<word id="word_1460">sie</word>
<word id="word_1461">von</word>
<word id="word_1462">Informanten</word>
<word id="word_1463">umgeben</word>
<word id="word_1464">waren</word>
<word id="word_1465">,</word>
<word id="word_1466">in</word>
<word id="word_1467">einem</word>
<word id="word_1468">totalitären</word>
<word id="word_1469">Regime</word>
<word id="word_1470">,</word>
<word id="word_1471">das</word>
<word id="word_1472">Mistrauen</word>
<word id="word_1473">schuf</word>
<word id="word_1474">und</word>
<word id="word_1475">einen</word>
<word id="word_1476">Zustand</word>
<word id="word_1477">weitverbreiteten</word>
<word id="word_1478">Schreckens</word>
<word id="word_1479">,</word>
<word id="word_1480">die</word>
<word id="word_1481">wichtigsten</word>
<word id="word_1482">Mittel</word>
<word id="word_1483">um</word>
<word id="word_1484">Menschen</word>
<word id="word_1485">zu</word>
<word id="word_1486">unterdrücken</word>
<word id="word_1487">,</word>
<word id="word_1488">in</word>
<word id="word_1489">jeder</word>
<word id="word_1490">Diktatur</word>
<word id="word_1491">.</word>
<word id="word_1492">Daher</word>
<word id="word_1493">versuchten</word>
<word id="word_1494">nur</word>
<word id="word_1495">wenige</word>
<word id="word_1496">Ostdeutsche</word>
<word id="word_1497">gegen</word>
<word id="word_1498">das</word>
<word id="word_1499">kommunistische</word>
<word id="word_1500">Regime</word>
<word id="word_1501">zu</word>
<word id="word_1502">kämpfen</word>
<word id="word_1503">.</word>
<word id="word_1504">Tat</word>
<word id="word_1505">man</word>
<word id="word_1506">es</word>
<word id="word_1507">,</word>
<word id="word_1508">benutzte</word>
<word id="word_1509">die</word>
<word id="word_1510">Stasi</word>
<word id="word_1511">oft</word>
<word id="word_1512">eine</word>
<word id="word_1513">teuflische</word>
<word id="word_1514">Methode</word>
<word id="word_1515">.</word>
<word id="word_1516">Sie</word>
<word id="word_1517">nannte</word>
<word id="word_1518">es</word>
<word id="word_1519">"</word>
<word id="word_1520">Zersetzung</word>
<word id="word_1521">"</word>
<word id="word_1522">und</word>
<word id="word_1523">sie</word>
<word id="word_1524">wurde</word>
<word id="word_1525">in</word>
<word id="word_1526">einer</word>
<word id="word_1527">weiteren</word>
<word id="word_1528">Richtlinie</word>
<word id="word_1529">beschrieben</word>
<word id="word_1530">.</word>
<word id="word_1531">Das</word>
<word id="word_1532">Wort</word>
<word id="word_1533">lässt</word>
<word id="word_1534">sich</word>
<word id="word_1535">schwer</word>
<word id="word_1536">übersetzen</word>
<word id="word_1537">,</word>
<word id="word_1538">denn</word>
<word id="word_1539">es</word>
<word id="word_1540">bedeutet</word>
<word id="word_1541">ursprünglich</word>
<word id="word_1542">"</word>
<word id="word_1543">Biologischer</word>
<word id="word_1544">Abbau</word>
<word id="word_1545">"</word>
<word id="word_1546">.</word>
<word id="word_1547">Aber</word>
<word id="word_1548">eigentlich</word>
<word id="word_1549">ist</word>
<word id="word_1550">das</word>
<word id="word_1551">eine</word>
<word id="word_1552">ziemlich</word>
<word id="word_1553">genaue</word>
<word id="word_1554">Beschreibung</word>
<word id="word_1555">.</word>
<word id="word_1556">Das</word>
<word id="word_1557">Ziel</word>
<word id="word_1558">war</word>
<word id="word_1559">es</word>
<word id="word_1560">,</word>
<word id="word_1561">heimlich</word>
<word id="word_1562">das</word>
<word id="word_1563">Selbstvertrauen</word>
<word id="word_1564">von</word>
<word id="word_1565">Menschen</word>
<word id="word_1566">zu</word>
<word id="word_1567">zerstören</word>
<word id="word_1568">,</word>
<word id="word_1569">etwa</word>
<word id="word_1570">indem</word>
<word id="word_1571">man</word>
<word id="word_1572">ihren</word>
<word id="word_1573">Ruf</word>
<word id="word_1574">schädigte</word>
<word id="word_1575">,</word>
<word id="word_1576">Fehler</word>
<word id="word_1577">in</word>
<word id="word_1578">ihre</word>
<word id="word_1579">Arbeit</word>
<word id="word_1580">einbaute</word>
<word id="word_1581">,</word>
<word id="word_1582">und</word>
<word id="word_1583">indem</word>
<word id="word_1584">man</word>
<word id="word_1585">ihre</word>
<word id="word_1586">persönlichen</word>
<word id="word_1587">Beziehungen</word>
<word id="word_1588">zerstörte</word>
<word id="word_1589">.</word>
<word id="word_1590">Angesichts</word>
<word id="word_1591">dessen</word>
<word id="word_1592">war</word>
<word id="word_1593">Ostdeutschland</word>
<word id="word_1594">eine</word>
<word id="word_1595">sehr</word>
<word id="word_1596">moderne</word>
<word id="word_1597">Diktatur</word>
<word id="word_1598">.</word>
<word id="word_1599">Die</word>
<word id="word_1600">Stasi</word>
<word id="word_1601">versuchte</word>
<word id="word_1602">nicht</word>
<word id="word_1603">,</word>
<word id="word_1604">jeden</word>
<word id="word_1605">Dissidenten</word>
<word id="word_1606">zu</word>
<word id="word_1607">verhaften</word>
<word id="word_1608">.</word>
<word id="word_1609">Sie</word>
<word id="word_1610">bevorzugte</word>
<word id="word_1611">,</word>
<word id="word_1612">sie</word>
<word id="word_1613">zu</word>
<word id="word_1614">lähmen</word>
<word id="word_1615">,</word>
<word id="word_1616">und</word>
<word id="word_1617">sie</word>
<word id="word_1618">war</word>
<word id="word_1619">dazu</word>
<word id="word_1620">in</word>
<word id="word_1621">der</word>
<word id="word_1622">Lage</word>
<word id="word_1623">,</word>
<word id="word_1624">weil</word>
<word id="word_1625">sie</word>
<word id="word_1626">Zugang</word>
<word id="word_1627">zu</word>
<word id="word_1628">vielen</word>
<word id="word_1629">persönlichen</word>
<word id="word_1630">Informationen</word>
<word id="word_1631">und</word>
<word id="word_1632">zu</word>
<word id="word_1633">zahlreichen</word>
<word id="word_1634">Institutionen</word>
<word id="word_1635">hatte</word>
<word id="word_1636">.</word>
<word id="word_1637">Jemand</word>
<word id="word_1638">festzunehmen</word>
<word id="word_1639">wurde</word>
<word id="word_1640">nur</word>
<word id="word_1641">als</word>
<word id="word_1642">letztes</word>
<word id="word_1643">Mittel</word>
<word id="word_1644">genutzt</word>
<word id="word_1645">.</word>
<word id="word_1646">Dafür</word>
<word id="word_1647">besaß</word>
<word id="word_1648">die</word>
<word id="word_1649">Stasi</word>
<word id="word_1650">17</word>
<word id="word_1651">Untersuchungsgefängnisse</word>
<word id="word_1652">,</word>
<word id="word_1653">eines</word>
<word id="word_1654">in</word>
<word id="word_1655">jedem</word>
<word id="word_1656">Bezirk</word>
<word id="word_1657">.</word>
<word id="word_1658">Hier</word>
<word id="word_1659">entwickelte</word>
<word id="word_1660">die</word>
<word id="word_1661">Stasi</word>
<word id="word_1662">auch</word>
<word id="word_1663">relativ</word>
<word id="word_1664">moderne</word>
<word id="word_1665">Inhaftierungsmethoden</word>
<word id="word_1666">.</word>
<word id="word_1667">In</word>
<word id="word_1668">der</word>
<word id="word_1669">Regel</word>
<word id="word_1670">folterte</word>
<word id="word_1671">der</word>
<word id="word_1672">Vernehmungsoffizier</word>
<word id="word_1673">den</word>
<word id="word_1674">Gefangenen</word>
<word id="word_1675">nicht</word>
<word id="word_1676">.</word>
<word id="word_1677">Stattdessen</word>
<word id="word_1678">nutzte</word>
<word id="word_1679">er</word>
<word id="word_1680">ein</word>
<word id="word_1681">ausgefeiltes</word>
<word id="word_1682">System</word>
<word id="word_1683">von</word>
<word id="word_1684">psychischem</word>
<word id="word_1685">Druck</word>
<word id="word_1686">,</word>
<word id="word_1687">bei</word>
<word id="word_1688">dem</word>
<word id="word_1689">strikte</word>
<word id="word_1690">Isolation</word>
<word id="word_1691">wesentlich</word>
<word id="word_1692">war</word>
<word id="word_1693">.</word>
<word id="word_1694">Kaum</word>
<word id="word_1695">ein</word>
<word id="word_1696">Gefangener</word>
<word id="word_1697">hielt</word>
<word id="word_1698">diesem</word>
<word id="word_1699">Druck</word>
<word id="word_1700">stand</word>
<word id="word_1701">und</word>
<word id="word_1702">sagte</word>
<word id="word_1703">schließlich</word>
<word id="word_1704">aus</word>
<word id="word_1705">.</word>
<word id="word_1706">Wenn</word>
<word id="word_1707">Sie</word>
<word id="word_1708">die</word>
<word id="word_1709">Gelegenheit</word>
<word id="word_1710">haben</word>
<word id="word_1711">,</word>
<word id="word_1712">besuchen</word>
<word id="word_1713">Sie</word>
<word id="word_1714">das</word>
<word id="word_1715">ehemalige</word>
<word id="word_1716">Stasi-Gefängnis</word>
<word id="word_1717">in</word>
<word id="word_1718">Berlin</word>
<word id="word_1719">und</word>
<word id="word_1720">machen</word>
<word id="word_1721">Sie</word>
<word id="word_1722">eine</word>
<word id="word_1723">Führung</word>
<word id="word_1724">mit</word>
<word id="word_1725">einem</word>
<word id="word_1726">ehemaligen</word>
<word id="word_1727">politischen</word>
<word id="word_1728">Häftling</word>
<word id="word_1729">,</word>
<word id="word_1730">der</word>
<word id="word_1731">Ihnen</word>
<word id="word_1732">erklären</word>
<word id="word_1733">wird</word>
<word id="word_1734">,</word>
<word id="word_1735">wie</word>
<word id="word_1736">das</word>
<word id="word_1737">funktionierte</word>
<word id="word_1738">.</word>
<word id="word_1739">Es</word>
<word id="word_1740">muss</word>
<word id="word_1741">noch</word>
<word id="word_1742">eine</word>
<word id="word_1743">weitere</word>
<word id="word_1744">Frage</word>
<word id="word_1745">beantwortet</word>
<word id="word_1746">werden</word>
<word id="word_1747">:</word>
<word id="word_1748">Wenn</word>
<word id="word_1749">die</word>
<word id="word_1750">Stasi</word>
<word id="word_1751">so</word>
<word id="word_1752">gut</word>
<word id="word_1753">organisiert</word>
<word id="word_1754">war</word>
<word id="word_1755">,</word>
<word id="word_1756">warum</word>
<word id="word_1757">kollabierte</word>
<word id="word_1758">dann</word>
<word id="word_1759">das</word>
<word id="word_1760">kommunistische</word>
<word id="word_1761">Regime</word>
<word id="word_1762">?</word>
<word id="word_1763">Erstens</word>
<word id="word_1764">war</word>
<word id="word_1765">die</word>
<word id="word_1766">Führung</word>
<word id="word_1767">in</word>
<word id="word_1768">Ostdeutschland</word>
<word id="word_1769">1989</word>
<word id="word_1770">unsicher</word>
<word id="word_1771">,</word>
<word id="word_1772">was</word>
<word id="word_1773">sie</word>
<word id="word_1774">gegen</word>
<word id="word_1775">den</word>
<word id="word_1776">wachsenden</word>
<word id="word_1777">Protest</word>
<word id="word_1778">der</word>
<word id="word_1779">Menschen</word>
<word id="word_1780">machen</word>
<word id="word_1781">sollte</word>
<word id="word_1782">.</word>
<word id="word_1783">Sie</word>
<word id="word_1784">war</word>
<word id="word_1785">besonders</word>
<word id="word_1786">verwirrt</word>
<word id="word_1787">,</word>
<word id="word_1788">weil</word>
<word id="word_1789">im</word>
<word id="word_1790">sozialistischen</word>
<word id="word_1791">Mutterland</word>
<word id="word_1792">,</word>
<word id="word_1793">der</word>
<word id="word_1794">Sowjetunion</word>
<word id="word_1795">,</word>
<word id="word_1796">eine</word>
<word id="word_1797">liberalere</word>
<word id="word_1798">Politik</word>
<word id="word_1799">verfolgt</word>
<word id="word_1800">wurde</word>
<word id="word_1801">.</word>
<word id="word_1802">Ferner</word>
<word id="word_1803">hing</word>
<word id="word_1804">das</word>
<word id="word_1805">Regime</word>
<word id="word_1806">von</word>
<word id="word_1807">Krediten</word>
<word id="word_1808">aus</word>
<word id="word_1809">dem</word>
<word id="word_1810">Westen</word>
<word id="word_1811">ab</word>
<word id="word_1812">.</word>
<word id="word_1813">Daher</word>
<word id="word_1814">erging</word>
<word id="word_1815">kein</word>
<word id="word_1816">Befehl</word>
<word id="word_1817">an</word>
<word id="word_1818">die</word>
<word id="word_1819">Stasi</word>
<word id="word_1820">,</word>
<word id="word_1821">den</word>
<word id="word_1822">Aufstand</word>
<word id="word_1823">niederzuschlagen</word>
<word id="word_1824">.</word>
<word id="word_1825">Zweitens</word>
<word id="word_1826">gibt</word>
<word id="word_1827">es</word>
<word id="word_1828">in</word>
<word id="word_1829">der</word>
<word id="word_1830">kommunistischen</word>
<word id="word_1831">Ideologie</word>
<word id="word_1832">keinen</word>
<word id="word_1833">Platz</word>
<word id="word_1834">für</word>
<word id="word_1835">Kritik</word>
<word id="word_1836">.</word>
<word id="word_1837">Vielmehr</word>
<word id="word_1838">hielt</word>
<word id="word_1839">die</word>
<word id="word_1840">Führung</word>
<word id="word_1841">an</word>
<word id="word_1842">dem</word>
<word id="word_1843">Glauben</word>
<word id="word_1844">fest</word>
<word id="word_1845">,</word>
<word id="word_1846">dass</word>
<word id="word_1847">der</word>
<word id="word_1848">Sozialismus</word>
<word id="word_1849">ein</word>
<word id="word_1850">perfektes</word>
<word id="word_1851">System</word>
<word id="word_1852">ist</word>
<word id="word_1853">,</word>
<word id="word_1854">und</word>
<word id="word_1855">die</word>
<word id="word_1856">Stasi</word>
<word id="word_1857">musste</word>
<word id="word_1858">das</word>
<word id="word_1859">natürlich</word>
<word id="word_1860">bestätigen</word>
<word id="word_1861">.</word>
<word id="word_1862">Die</word>
<word id="word_1863">Konsequenz</word>
<word id="word_1864">war</word>
<word id="word_1865">,</word>
<word id="word_1866">dass</word>
<word id="word_1867">trotz</word>
<word id="word_1868">all</word>
<word id="word_1869">der</word>
<word id="word_1870">Informationen</word>
<word id="word_1871">das</word>
<word id="word_1872">Regime</word>
<word id="word_1873">die</word>
<word id="word_1874">wahren</word>
<word id="word_1875">Probleme</word>
<word id="word_1876">nicht</word>
<word id="word_1877">analysieren</word>
<word id="word_1878">konnte</word>
<word id="word_1879">,</word>
<word id="word_1880">und</word>
<word id="word_1881">sie</word>
<word id="word_1882">daher</word>
<word id="word_1883">nicht</word>
<word id="word_1884">lösen</word>
<word id="word_1885">konnte</word>
<word id="word_1886">.</word>
<word id="word_1887">Letztendlich</word>
<word id="word_1888">ging</word>
<word id="word_1889">die</word>
<word id="word_1890">Stasi</word>
<word id="word_1891">wegen</word>
<word id="word_1892">der</word>
<word id="word_1893">Strukturen</word>
<word id="word_1894">unter</word>
<word id="word_1895">,</word>
<word id="word_1896">mit</word>
<word id="word_1897">deren</word>
<word id="word_1898">Schutz</word>
<word id="word_1899">sie</word>
<word id="word_1900">betraut</word>
<word id="word_1901">war</word>
<word id="word_1902">.</word>
<word id="word_1903">Das</word>
<word id="word_1904">Ende</word>
<word id="word_1905">der</word>
<word id="word_1906">Stasi</word>
<word id="word_1907">war</word>
<word id="word_1908">tragisch</word>
<word id="word_1909">,</word>
<word id="word_1910">denn</word>
<word id="word_1911">diese</word>
<word id="word_1912">Offiziere</word>
<word id="word_1913">wurden</word>
<word id="word_1914">während</word>
<word id="word_1915">der</word>
<word id="word_1916">Friedlichen</word>
<word id="word_1917">Revolution</word>
<word id="word_1918">nur</word>
<word id="word_1919">mit</word>
<word id="word_1920">einer</word>
<word id="word_1921">Sache</word>
<word id="word_1922">beschäftigt</word>
<word id="word_1923">:</word>
<word id="word_1924">die</word>
<word id="word_1925">Dokumente</word>
<word id="word_1926">zu</word>
<word id="word_1927">zerstören</word>
<word id="word_1928">,</word>
<word id="word_1929">die</word>
<word id="word_1930">sie</word>
<word id="word_1931">in</word>
<word id="word_1932">Jahrzehnten</word>
<word id="word_1933">produziert</word>
<word id="word_1934">hatten</word>
<word id="word_1935">.</word>
<word id="word_1936">Glücklicherweise</word>
<word id="word_1937">wurden</word>
<word id="word_1938">sie</word>
<word id="word_1939">von</word>
<word id="word_1940">Menschenrechtsaktivisten</word>
<word id="word_1941">gestoppt</word>
<word id="word_1942">.</word>
<word id="word_1943">Daher</word>
<word id="word_1944">können</word>
<word id="word_1945">wir</word>
<word id="word_1946">heute</word>
<word id="word_1947">die</word>
<word id="word_1948">Akten</word>
<word id="word_1949">nutzen</word>
<word id="word_1950">,</word>
<word id="word_1951">um</word>
<word id="word_1952">besser</word>
<word id="word_1953">zu</word>
<word id="word_1954">verstehen</word>
<word id="word_1955">,</word>
<word id="word_1956">wie</word>
<word id="word_1957">ein</word>
<word id="word_1958">Überwachungsstaat</word>
<word id="word_1959">funktioniert</word>
<word id="word_1960">.</word>
<word id="word_1961">Vielen</word>
<word id="word_1962">Dank</word>
<word id="word_1963">.</word>
<word id="word_1964">Bruno</word>
<word id="word_1965">Giussani</word>
<word id="word_1966">:</word>
<word id="word_1967">Danke</word>
<word id="word_1968">.</word>
<word id="word_1969">Vielen</word>
<word id="word_1970">Dank</word>
<word id="word_1971">.</word>
<word id="word_1972">Also</word>
<word id="word_1973">,</word>
<word id="word_1974">Hubertus</word>
<word id="word_1975">,</word>
<word id="word_1976">ich</word>
<word id="word_1977">möchte</word>
<word id="word_1978">Ihnen</word>
<word id="word_1979">ein</word>
<word id="word_1980">paar</word>
<word id="word_1981">Fragen</word>
<word id="word_1982">stellen</word>
<word id="word_1983">,</word>
<word id="word_1984">weil</word>
<word id="word_1985">ich</word>
<word id="word_1986">hier</word>
<word id="word_1987">den</word>
<word id="word_1988">"</word>
<word id="word_1989">Spiegel</word>
<word id="word_1990">"</word>
<word id="word_1991">von</word>
<word id="word_1992">letzter</word>
<word id="word_1993">Woche</word>
<word id="word_1994">habe</word>
<word id="word_1995">.</word>
<word id="word_1996">"</word>
<word id="word_1997">Mein</word>
<word id="word_1998">Nachbar</word>
<word id="word_1999">NSA</word>
<word id="word_2000">"</word>
<word id="word_2001">.</word>
<word id="word_2002">Sie</word>
<word id="word_2003">haben</word>
<word id="word_2004">gerade</word>
<word id="word_2005">über</word>
<word id="word_2006">meinen</word>
<word id="word_2007">Nachbarn</word>
<word id="word_2008">gesprochen</word>
<word id="word_2009">,</word>
<word id="word_2010">die</word>
<word id="word_2011">Spitzel</word>
<word id="word_2012">und</word>
<word id="word_2013">Informanten</word>
<word id="word_2014">in</word>
<word id="word_2015">Ostdeutschland</word>
<word id="word_2016">.</word>
<word id="word_2017">Es</word>
<word id="word_2018">gibt</word>
<word id="word_2019">hier</word>
<word id="word_2020">also</word>
<word id="word_2021">eine</word>
<word id="word_2022">direkte</word>
<word id="word_2023">Verbindung</word>
<word id="word_2024">zwischen</word>
<word id="word_2025">diesen</word>
<word id="word_2026">zwei</word>
<word id="word_2027">Geschichten</word>
<word id="word_2028">.</word>
<word id="word_2029">Was</word>
<word id="word_2030">ist</word>
<word id="word_2031">Ihre</word>
<word id="word_2032">Reaktion</word>
<word id="word_2033">als</word>
<word id="word_2034">Historiker</word>
<word id="word_2035">darauf</word>
<word id="word_2036">?</word>
<word id="word_2037">Hubertus</word>
<word id="word_2038">Knabe</word>
<word id="word_2039">:</word>
<word id="word_2040">Ich</word>
<word id="word_2041">glaube</word>
<word id="word_2042">,</word>
<word id="word_2043">es</word>
<word id="word_2044">sind</word>
<word id="word_2045">verschiedene</word>
<word id="word_2046">Aspekte</word>
<word id="word_2047">zu</word>
<word id="word_2048">nennen</word>
<word id="word_2049">.</word>
<word id="word_2050">Erstens</word>
<word id="word_2051">gibt</word>
<word id="word_2052">es</word>
<word id="word_2053">einen</word>
<word id="word_2054">Unterschied</word>
<word id="word_2055">:</word>
<word id="word_2056">Warum</word>
<word id="word_2057">werden</word>
<word id="word_2058">diese</word>
<word id="word_2059">Daten</word>
<word id="word_2060">gesammelt</word>
<word id="word_2061">?</word>
<word id="word_2062">Um</word>
<word id="word_2063">die</word>
<word id="word_2064">Bevölkerung</word>
<word id="word_2065">vor</word>
<word id="word_2066">Terroranschlägen</word>
<word id="word_2067">zu</word>
<word id="word_2068">schützen</word>
<word id="word_2069">oder</word>
<word id="word_2070">um</word>
<word id="word_2071">man</word>
<word id="word_2072">das</word>
<word id="word_2073">eigene</word>
<word id="word_2074">Volk</word>
<word id="word_2075">zu</word>
<word id="word_2076">unterdrücken</word>
<word id="word_2077">?</word>
<word id="word_2078">Das</word>
<word id="word_2079">ist</word>
<word id="word_2080">ein</word>
<word id="word_2081">fundamentaler</word>
<word id="word_2082">Unterschied</word>
<word id="word_2083">.</word>
<word id="word_2084">Aber</word>
<word id="word_2085">andererseits</word>
<word id="word_2086">können</word>
<word id="word_2087">diese</word>
<word id="word_2088">Instrumente</word>
<word id="word_2089">,</word>
<word id="word_2090">auch</word>
<word id="word_2091">in</word>
<word id="word_2092">einer</word>
<word id="word_2093">Demokratie</word>
<word id="word_2094">,</word>
<word id="word_2095">missbraucht</word>
<word id="word_2096">werden</word>
<word id="word_2097">,</word>
<word id="word_2098">und</word>
<word id="word_2099">dessen</word>
<word id="word_2100">müssen</word>
<word id="word_2101">wir</word>
<word id="word_2102">uns</word>
<word id="word_2103">wirklich</word>
<word id="word_2104">bewusst</word>
<word id="word_2105">sein</word>
<word id="word_2106">,</word>
<word id="word_2107">um</word>
<word id="word_2108">es</word>
<word id="word_2109">zu</word>
<word id="word_2110">stoppen</word>
<word id="word_2111">,</word>
<word id="word_2112">damit</word>
<word id="word_2113">auch</word>
<word id="word_2114">die</word>
<word id="word_2115">Geheimdienste</word>
<word id="word_2116">die</word>
<word id="word_2117">bestehenden</word>
<word id="word_2118">Regeln</word>
<word id="word_2119">respektieren</word>
<word id="word_2120">.</word>
<word id="word_2121">Der</word>
<word id="word_2122">dritte</word>
<word id="word_2123">Punkt</word>
<word id="word_2124">ist</word>
<word id="word_2125">vielleicht</word>
<word id="word_2126">,</word>
<word id="word_2127">dass</word>
<word id="word_2128">wir</word>
<word id="word_2129">wirklich</word>
<word id="word_2130">froh</word>
<word id="word_2131">sein</word>
<word id="word_2132">können</word>
<word id="word_2133">,</word>
<word id="word_2134">in</word>
<word id="word_2135">einer</word>
<word id="word_2136">Demokratie</word>
<word id="word_2137">zu</word>
<word id="word_2138">leben</word>
<word id="word_2139">,</word>
<word id="word_2140">denn</word>
<word id="word_2141">sicherlich</word>
<word id="word_2142">machen</word>
<word id="word_2143">Russland</word>
<word id="word_2144">und</word>
<word id="word_2145">China</word>
<word id="word_2146">genau</word>
<word id="word_2147">das</word>
<word id="word_2148">Gleiche</word>
<word id="word_2149">,</word>
<word id="word_2150">aber</word>
<word id="word_2151">keiner</word>
<word id="word_2152">spricht</word>
<word id="word_2153">darüber</word>
<word id="word_2154">,</word>
<word id="word_2155">weil</word>
<word id="word_2156">das</word>
<word id="word_2157">niemand</word>
<word id="word_2158">machen</word>
<word id="word_2159">kann</word>
<word id="word_2160">.</word>
<word id="word_2161">BG</word>
<word id="word_2162">:</word>
<word id="word_2163">Als</word>
<word id="word_2164">die</word>
<word id="word_2165">Sache</word>
<word id="word_2166">erstmals</word>
<word id="word_2167">bekannt</word>
<word id="word_2168">wurde</word>
<word id="word_2169">,</word>
<word id="word_2170">letztes</word>
<word id="word_2171">Jahr</word>
<word id="word_2172">im</word>
<word id="word_2173">Juli</word>
<word id="word_2174">,</word>
<word id="word_2175">haben</word>
<word id="word_2176">Sie</word>
<word id="word_2177">Strafanzeige</word>
<word id="word_2178">vor</word>
<word id="word_2179">einem</word>
<word id="word_2180">deutschen</word>
<word id="word_2181">Gericht</word>
<word id="word_2182">gestellt</word>
<word id="word_2183">.</word>
<word id="word_2184">Warum</word>
<word id="word_2185">?</word>
<word id="word_2186">HK</word>
<word id="word_2187">:</word>
<word id="word_2188">Ja</word>
<word id="word_2189">,</word>
<word id="word_2190">wegen</word>
<word id="word_2191">des</word>
<word id="word_2192">zweiten</word>
<word id="word_2193">Punkts</word>
<word id="word_2194">,</word>
<word id="word_2195">den</word>
<word id="word_2196">ich</word>
<word id="word_2197">erwähnte</word>
<word id="word_2198">.</word>
<word id="word_2199">Ich</word>
<word id="word_2200">bin</word>
<word id="word_2201">der</word>
<word id="word_2202">Meinung</word>
<word id="word_2203">,</word>
<word id="word_2204">dass</word>
<word id="word_2205">,</word>
<word id="word_2206">besonders</word>
<word id="word_2207">in</word>
<word id="word_2208">einer</word>
<word id="word_2209">Demokratie</word>
<word id="word_2210">,</word>
<word id="word_2211">die</word>
<word id="word_2212">Regeln</word>
<word id="word_2213">für</word>
<word id="word_2214">alle</word>
<word id="word_2215">gelten</word>
<word id="word_2216">.</word>
<word id="word_2217">Sie</word>
<word id="word_2218">sind</word>
<word id="word_2219">für</word>
<word id="word_2220">alle</word>
<word id="word_2221">gemacht</word>
<word id="word_2222">,</word>
<word id="word_2223">daher</word>
<word id="word_2224">geht</word>
<word id="word_2225">es</word>
<word id="word_2226">nicht</word>
<word id="word_2227">,</word>
<word id="word_2228">dass</word>
<word id="word_2229">eine</word>
<word id="word_2230">Institution</word>
<word id="word_2231">diese</word>
<word id="word_2232">Regeln</word>
<word id="word_2233">nicht</word>
<word id="word_2234">respektiert</word>
<word id="word_2235">.</word>
<word id="word_2236">Im</word>
<word id="word_2237">deutschen</word>
<word id="word_2238">Strafgesetzbuch</word>
<word id="word_2239">steht</word>
<word id="word_2240">,</word>
<word id="word_2241">dass</word>
<word id="word_2242">es</word>
<word id="word_2243">verboten</word>
<word id="word_2244">ist</word>
<word id="word_2245">,</word>
<word id="word_2246">jemanden</word>
<word id="word_2247">ohne</word>
<word id="word_2248">eine</word>
<word id="word_2249">richterliche</word>
<word id="word_2250">Genehmigung</word>
<word id="word_2251">abzuhören</word>
<word id="word_2252">.</word>
<word id="word_2253">Zum</word>
<word id="word_2254">Glück</word>
<word id="word_2255">steht</word>
<word id="word_2256">im</word>
<word id="word_2257">Deutschen</word>
<word id="word_2258">Strafgesetzbuch</word>
<word id="word_2259">,</word>
<word id="word_2260">wenn</word>
<word id="word_2261">dies</word>
<word id="word_2262">missachtet</word>
<word id="word_2263">wird</word>
<word id="word_2264">,</word>
<word id="word_2265">dann</word>
<word id="word_2266">ist</word>
<word id="word_2267">eine</word>
<word id="word_2268">Untersuchung</word>
<word id="word_2269">erforderlich</word>
<word id="word_2270">,</word>
<word id="word_2271">und</word>
<word id="word_2272">es</word>
<word id="word_2273">hat</word>
<word id="word_2274">lange</word>
<word id="word_2275">gedauert</word>
<word id="word_2276">,</word>
<word id="word_2277">bis</word>
<word id="word_2278">der</word>
<word id="word_2279">deutsche</word>
<word id="word_2280">Generalstaatsanwalt</word>
<word id="word_2281">begann</word>
<word id="word_2282">und</word>
<word id="word_2283">er</word>
<word id="word_2284">wurde</word>
<word id="word_2285">nur</word>
<word id="word_2286">im</word>
<word id="word_2287">Fall</word>
<word id="word_2288">Angela</word>
<word id="word_2289">Merkel</word>
<word id="word_2290">aktiv</word>
<word id="word_2291">,</word>
<word id="word_2292">und</word>
<word id="word_2293">nicht</word>
<word id="word_2294">in</word>
<word id="word_2295">den</word>
<word id="word_2296">Fällen</word>
<word id="word_2297">aller</word>
<word id="word_2298">in</word>
<word id="word_2299">Deutschland</word>
<word id="word_2300">lebenden</word>
<word id="word_2301">Menschen</word>
<word id="word_2302">.</word>
<word id="word_2303">BG</word>
<word id="word_2304">:</word>
<word id="word_2305">Das</word>
<word id="word_2306">überrascht</word>
<word id="word_2307">mich</word>
<word id="word_2308">nicht</word>
<word id="word_2309">,</word>
<word id="word_2310">wegen</word>
<word id="word_2311">--</word>
<word id="word_2312">--</word>
<word id="word_2313">wegen</word>
<word id="word_2314">der</word>
<word id="word_2315">Geschichte</word>
<word id="word_2316">,</word>
<word id="word_2317">die</word>
<word id="word_2318">Sie</word>
<word id="word_2319">erzählt</word>
<word id="word_2320">haben</word>
<word id="word_2321">.</word>
<word id="word_2322">Von</word>
<word id="word_2323">außen</word>
<word id="word_2324">betrachtet</word>
<word id="word_2325">,</word>
<word id="word_2326">ich</word>
<word id="word_2327">lebe</word>
<word id="word_2328">nicht</word>
<word id="word_2329">in</word>
<word id="word_2330">Deutschland</word>
<word id="word_2331">,</word>
<word id="word_2332">ich</word>
<word id="word_2333">erwartete</word>
<word id="word_2334">,</word>
<word id="word_2335">die</word>
<word id="word_2336">Deutschen</word>
<word id="word_2337">würden</word>
<word id="word_2338">viel</word>
<word id="word_2339">stärker</word>
<word id="word_2340">,</word>
<word id="word_2341">direkter</word>
<word id="word_2342">reagieren</word>
<word id="word_2343">.</word>
<word id="word_2344">Stattdessen</word>
<word id="word_2345">kamen</word>
<word id="word_2346">die</word>
<word id="word_2347">Reaktionen</word>
<word id="word_2348">erst</word>
<word id="word_2349">,</word>
<word id="word_2350">als</word>
<word id="word_2351">herauskam</word>
<word id="word_2352">,</word>
<word id="word_2353">dass</word>
<word id="word_2354">Kanzlerin</word>
<word id="word_2355">Merkel</word>
<word id="word_2356">abgehört</word>
<word id="word_2357">worden</word>
<word id="word_2358">war</word>
<word id="word_2359">.</word>
<word id="word_2360">Weshalb</word>
<word id="word_2361">?</word>
<word id="word_2362">HK</word>
<word id="word_2363">:</word>
<word id="word_2364">Ich</word>
<word id="word_2365">sehe</word>
<word id="word_2366">das</word>
<word id="word_2367">als</word>
<word id="word_2368">gutes</word>
<word id="word_2369">Zeichen</word>
<word id="word_2370">.</word>
<word id="word_2371">Die</word>
<word id="word_2372">Menschen</word>
<word id="word_2373">fühlen</word>
<word id="word_2374">sich</word>
<word id="word_2375">wohl</word>
<word id="word_2376">in</word>
<word id="word_2377">dieser</word>
<word id="word_2378">Demokratie</word>
<word id="word_2379">.</word>
<word id="word_2380">Sie</word>
<word id="word_2381">haben</word>
<word id="word_2382">keine</word>
<word id="word_2383">Angst</word>
<word id="word_2384">,</word>
<word id="word_2385">verhaftet</word>
<word id="word_2386">zu</word>
<word id="word_2387">werden</word>
<word id="word_2388">.</word>
<word id="word_2389">Und</word>
<word id="word_2390">wenn</word>
<word id="word_2391">man</word>
<word id="word_2392">diesen</word>
<word id="word_2393">Saal</word>
<word id="word_2394">nach</word>
<word id="word_2395">der</word>
<word id="word_2396">Konferenz</word>
<word id="word_2397">verlässt</word>
<word id="word_2398">,</word>
<word id="word_2399">muss</word>
<word id="word_2400">keiner</word>
<word id="word_2401">Angst</word>
<word id="word_2402">haben</word>
<word id="word_2403">,</word>
<word id="word_2404">dass</word>
<word id="word_2405">die</word>
<word id="word_2406">Geheimpolizei</word>
<word id="word_2407">draußen</word>
<word id="word_2408">steht</word>
<word id="word_2409">und</word>
<word id="word_2410">einen</word>
<word id="word_2411">verhaftet</word>
<word id="word_2412">.</word>
<word id="word_2413">Das</word>
<word id="word_2414">ist</word>
<word id="word_2415">also</word>
<word id="word_2416">ein</word>
<word id="word_2417">gutes</word>
<word id="word_2418">Zeichen</word>
<word id="word_2419">.</word>
<word id="word_2420">Die</word>
<word id="word_2421">Menschen</word>
<word id="word_2422">sind</word>
<word id="word_2423">nicht</word>
<word id="word_2424">so</word>
<word id="word_2425">verängstigt</word>
<word id="word_2426">,</word>
<word id="word_2427">wie</word>
<word id="word_2428">sie</word>
<word id="word_2429">es</word>
<word id="word_2430">sein</word>
<word id="word_2431">könnten</word>
<word id="word_2432">.</word>
<word id="word_2433">Aber</word>
<word id="word_2434">natürlich</word>
<word id="word_2435">meine</word>
<word id="word_2436">ich</word>
<word id="word_2437">,</word>
<word id="word_2438">dass</word>
<word id="word_2439">die</word>
<word id="word_2440">Institutionen</word>
<word id="word_2441">illegale</word>
<word id="word_2442">Aktivitäten</word>
<word id="word_2443">stoppen</word>
<word id="word_2444">müssen</word>
<word id="word_2445">,</word>
<word id="word_2446">in</word>
<word id="word_2447">Deutschland</word>
<word id="word_2448">oder</word>
<word id="word_2449">wo</word>
<word id="word_2450">immer</word>
<word id="word_2451">sie</word>
<word id="word_2452">passieren</word>
<word id="word_2453">.</word>
<word id="word_2454">BG</word>
<word id="word_2455">:</word>
<word id="word_2456">Eine</word>
<word id="word_2457">persönliche</word>
<word id="word_2458">Frage</word>
<word id="word_2459">,</word>
<word id="word_2460">und</word>
<word id="word_2461">das</word>
<word id="word_2462">ist</word>
<word id="word_2463">auch</word>
<word id="word_2464">die</word>
<word id="word_2465">letzte</word>
<word id="word_2466">.</word>
<word id="word_2467">In</word>
<word id="word_2468">Deutschland</word>
<word id="word_2469">gab</word>
<word id="word_2470">es</word>
<word id="word_2471">eine</word>
<word id="word_2472">Debatte</word>
<word id="word_2473">darüber</word>
<word id="word_2474">,</word>
<word id="word_2475">Edward</word>
<word id="word_2476">Snowden</word>
<word id="word_2477">Asyl</word>
<word id="word_2478">zu</word>
<word id="word_2479">gewähren</word>
<word id="word_2480">.</word>
<word id="word_2481">Wären</word>
<word id="word_2482">Sie</word>
<word id="word_2483">dafür</word>
<word id="word_2484">oder</word>
<word id="word_2485">dagegen</word>
<word id="word_2486">?</word>
<word id="word_2487">HK</word>
<word id="word_2488">:</word>
<word id="word_2489">Das</word>
<word id="word_2490">ist</word>
<word id="word_2491">eine</word>
<word id="word_2492">schwierige</word>
<word id="word_2493">Frage</word>
<word id="word_2494">,</word>
<word id="word_2495">aber</word>
<word id="word_2496">wenn</word>
<word id="word_2497">Sie</word>
<word id="word_2498">mich</word>
<word id="word_2499">fragen</word>
<word id="word_2500">und</word>
<word id="word_2501">ich</word>
<word id="word_2502">ehrlich</word>
<word id="word_2503">antworte</word>
<word id="word_2504">,</word>
<word id="word_2505">würde</word>
<word id="word_2506">ich</word>
<word id="word_2507">ihm</word>
<word id="word_2508">Asyl</word>
<word id="word_2509">gewähren</word>
<word id="word_2510">,</word>
<word id="word_2511">denn</word>
<word id="word_2512">ich</word>
<word id="word_2513">denke</word>
<word id="word_2514">,</word>
<word id="word_2515">was</word>
<word id="word_2516">er</word>
<word id="word_2517">tat</word>
<word id="word_2518">,</word>
<word id="word_2519">war</word>
<word id="word_2520">mutig</word>
<word id="word_2521">,</word>
<word id="word_2522">und</word>
<word id="word_2523">er</word>
<word id="word_2524">hat</word>
<word id="word_2525">sein</word>
<word id="word_2526">ganzes</word>
<word id="word_2527">Leben</word>
<word id="word_2528">zerstört</word>
<word id="word_2529">und</word>
<word id="word_2530">seine</word>
<word id="word_2531">Familie</word>
<word id="word_2532">und</word>
<word id="word_2533">all</word>
<word id="word_2534">das</word>
<word id="word_2535">.</word>
<word id="word_2536">Ich</word>
<word id="word_2537">denke</word>
<word id="word_2538">daher</word>
<word id="word_2539">,</word>
<word id="word_2540">für</word>
<word id="word_2541">solche</word>
<word id="word_2542">Leute</word>
<word id="word_2543">sollten</word>
<word id="word_2544">wir</word>
<word id="word_2545">etwas</word>
<word id="word_2546">tun</word>
<word id="word_2547">,</word>
<word id="word_2548">besonders</word>
<word id="word_2549">wenn</word>
<word id="word_2550">man</word>
<word id="word_2551">die</word>
<word id="word_2552">deutsche</word>
<word id="word_2553">Geschichte</word>
<word id="word_2554">betrachtet</word>
<word id="word_2555">,</word>
<word id="word_2556">wo</word>
<word id="word_2557">so</word>
<word id="word_2558">viele</word>
<word id="word_2559">Menschen</word>
<word id="word_2560">fliehen</word>
<word id="word_2561">mussten</word>
<word id="word_2562">und</word>
<word id="word_2563">in</word>
<word id="word_2564">anderen</word>
<word id="word_2565">Ländern</word>
<word id="word_2566">um</word>
<word id="word_2567">Asyl</word>
<word id="word_2568">baten</word>
<word id="word_2569">und</word>
<word id="word_2570">es</word>
<word id="word_2571">nicht</word>
<word id="word_2572">erhielten</word>
<word id="word_2573">.</word>
<word id="word_2574">Es</word>
<word id="word_2575">wäre</word>
<word id="word_2576">also</word>
<word id="word_2577">ein</word>
<word id="word_2578">gutes</word>
<word id="word_2579">Signal</word>
<word id="word_2580">,</word>
<word id="word_2581">es</word>
<word id="word_2582">ihm</word>
<word id="word_2583">zu</word>
<word id="word_2584">gewähren</word>
<word id="word_2585">.</word>
<word id="word_2586">BG</word>
<word id="word_2587">:</word>
<word id="word_2588">Hubertus</word>
<word id="word_2589">,</word>
<word id="word_2590">vielen</word>
<word id="word_2591">Dank</word>
<word id="word_2592">.</word>
</words>
