<?xml version="1.0" encoding="UTF-8"?>
<!DOCTYPE markables SYSTEM "markables.dtd">
<markables xmlns="www.eml.org/NameSpaces/sentence">
<markable id="markable_162" span="word_3831..word_3853" orderid="162"  mmax_level="sentence" />
<markable id="markable_161" span="word_3792..word_3830" orderid="161"  mmax_level="sentence" />
<markable id="markable_164" span="word_3862..word_3874" orderid="164"  mmax_level="sentence" />
<markable id="markable_163" span="word_3854..word_3861" orderid="163"  mmax_level="sentence" />
<markable id="markable_160" span="word_3776..word_3791" orderid="160"  mmax_level="sentence" />
<markable id="markable_169" span="word_3976..word_3986" orderid="169"  mmax_level="sentence" />
<markable id="markable_166" span="word_3899..word_3918" orderid="166"  mmax_level="sentence" />
<markable id="markable_165" span="word_3875..word_3898" orderid="165"  mmax_level="sentence" />
<markable id="markable_168" span="word_3941..word_3975" orderid="168"  mmax_level="sentence" />
<markable id="markable_167" span="word_3919..word_3940" orderid="167"  mmax_level="sentence" />
<markable id="markable_72" span="word_1319..word_1342" orderid="72"  mmax_level="sentence" />
<markable id="markable_71" span="word_1306..word_1318" orderid="71"  mmax_level="sentence" />
<markable id="markable_70" span="word_1271..word_1305" orderid="70"  mmax_level="sentence" />
<markable id="markable_76" span="word_1397..word_1433" orderid="76"  mmax_level="sentence" />
<markable id="markable_75" span="word_1375..word_1396" orderid="75"  mmax_level="sentence" />
<markable id="markable_74" span="word_1360..word_1374" orderid="74"  mmax_level="sentence" />
<markable id="markable_73" span="word_1343..word_1359" orderid="73"  mmax_level="sentence" />
<markable id="markable_79" span="word_1506..word_1538" orderid="79"  mmax_level="sentence" />
<markable id="markable_78" span="word_1494..word_1505" orderid="78"  mmax_level="sentence" />
<markable id="markable_77" span="word_1434..word_1493" orderid="77"  mmax_level="sentence" />
<markable id="markable_173" span="word_4074..word_4094" orderid="173"  mmax_level="sentence" />
<markable id="markable_172" span="word_4014..word_4073" orderid="172"  mmax_level="sentence" />
<markable id="markable_175" span="word_4100..word_4126" orderid="175"  mmax_level="sentence" />
<markable id="markable_174" span="word_4095..word_4099" orderid="174"  mmax_level="sentence" />
<markable id="markable_171" span="word_4005..word_4013" orderid="171"  mmax_level="sentence" />
<markable id="markable_170" span="word_3987..word_4004" orderid="170"  mmax_level="sentence" />
<markable id="markable_177" span="word_4155..word_4165" orderid="177"  mmax_level="sentence" />
<markable id="markable_176" span="word_4127..word_4154" orderid="176"  mmax_level="sentence" />
<markable id="markable_179" span="word_4205..word_4224" orderid="179"  mmax_level="sentence" />
<markable id="markable_178" span="word_4166..word_4204" orderid="178"  mmax_level="sentence" />
<markable id="markable_61" span="word_1104..word_1143" orderid="61"  mmax_level="sentence" />
<markable id="markable_60" span="word_1096..word_1103" orderid="60"  mmax_level="sentence" />
<markable id="markable_65" span="word_1176..word_1188" orderid="65"  mmax_level="sentence" />
<markable id="markable_64" span="word_1171..word_1175" orderid="64"  mmax_level="sentence" />
<markable id="markable_63" span="word_1161..word_1170" orderid="63"  mmax_level="sentence" />
<markable id="markable_62" span="word_1144..word_1160" orderid="62"  mmax_level="sentence" />
<markable id="markable_69" span="word_1263..word_1270" orderid="69"  mmax_level="sentence" />
<markable id="markable_68" span="word_1251..word_1262" orderid="68"  mmax_level="sentence" />
<markable id="markable_67" span="word_1233..word_1250" orderid="67"  mmax_level="sentence" />
<markable id="markable_66" span="word_1189..word_1232" orderid="66"  mmax_level="sentence" />
<markable id="markable_184" span="word_4304..word_4369" orderid="184"  mmax_level="sentence" />
<markable id="markable_183" span="word_4279..word_4303" orderid="183"  mmax_level="sentence" />
<markable id="markable_185" span="word_4370..word_4372" orderid="185"  mmax_level="sentence" />
<markable id="markable_180" span="word_4225..word_4248" orderid="180"  mmax_level="sentence" />
<markable id="markable_182" span="word_4267..word_4278" orderid="182"  mmax_level="sentence" />
<markable id="markable_181" span="word_4249..word_4266" orderid="181"  mmax_level="sentence" />
<markable id="markable_1" span="word_15..word_34" orderid="1"  mmax_level="sentence" />
<markable id="markable_104" span="word_2134..word_2146" orderid="104"  mmax_level="sentence" />
<markable id="markable_0" span="word_1..word_14" orderid="0"  imported="false"  mmax_level="sentence" />
<markable id="markable_103" span="word_2117..word_2133" orderid="103"  mmax_level="sentence" />
<markable id="markable_3" span="word_67..word_79" orderid="3"  mmax_level="sentence" />
<markable id="markable_106" span="word_2165..word_2230" orderid="106"  mmax_level="sentence" />
<markable id="markable_2" span="word_35..word_66" orderid="2"  imported="false"  mmax_level="sentence" />
<markable id="markable_105" span="word_2147..word_2164" orderid="105"  mmax_level="sentence" />
<markable id="markable_5" span="word_94..word_106" orderid="5"  mmax_level="sentence" />
<markable id="markable_100" span="word_2057..word_2067" orderid="100"  mmax_level="sentence" />
<markable id="markable_4" span="word_80..word_93" orderid="4"  imported="false"  mmax_level="sentence" />
<markable id="markable_7" span="word_115..word_133" orderid="7"  mmax_level="sentence" />
<markable id="markable_102" span="word_2078..word_2116" orderid="102"  mmax_level="sentence" />
<markable id="markable_6" span="word_107..word_114" orderid="6"  mmax_level="sentence" />
<markable id="markable_101" span="word_2068..word_2077" orderid="101"  mmax_level="sentence" />
<markable id="markable_50" span="word_892..word_910" orderid="50"  mmax_level="sentence" />
<markable id="markable_54" span="word_980..word_997" orderid="54"  mmax_level="sentence" />
<markable id="markable_53" span="word_965..word_979" orderid="53"  mmax_level="sentence" />
<markable id="markable_52" span="word_935..word_964" orderid="52"  mmax_level="sentence" />
<markable id="markable_51" span="word_911..word_934" orderid="51"  mmax_level="sentence" />
<markable id="markable_58" span="word_1063..word_1081" orderid="58"  mmax_level="sentence" />
<markable id="markable_57" span="word_1035..word_1062" orderid="57"  mmax_level="sentence" />
<markable id="markable_56" span="word_1019..word_1034" orderid="56"  mmax_level="sentence" />
<markable id="markable_55" span="word_998..word_1018" orderid="55"  mmax_level="sentence" />
<markable id="markable_59" span="word_1082..word_1095" orderid="59"  mmax_level="sentence" />
<markable id="markable_115" span="word_2441..word_2446" orderid="115"  mmax_level="sentence" />
<markable id="markable_114" span="word_2430..word_2440" orderid="114"  mmax_level="sentence" />
<markable id="markable_117" span="word_2467..word_2483" orderid="117"  mmax_level="sentence" />
<markable id="markable_116" span="word_2447..word_2466" orderid="116"  mmax_level="sentence" />
<markable id="markable_111" span="word_2345..word_2372" orderid="111"  mmax_level="sentence" />
<markable id="markable_110" span="word_2323..word_2344" orderid="110"  mmax_level="sentence" />
<markable id="markable_113" span="word_2383..word_2429" orderid="113"  mmax_level="sentence" />
<markable id="markable_112" span="word_2373..word_2382" orderid="112"  mmax_level="sentence" />
<markable id="markable_9" span="word_151..word_162" orderid="9"  mmax_level="sentence" />
<markable id="markable_8" span="word_134..word_150" orderid="8"  mmax_level="sentence" />
<markable id="markable_43" span="word_757..word_786" orderid="43"  mmax_level="sentence" />
<markable id="markable_108" span="word_2252..word_2279" orderid="108"  mmax_level="sentence" />
<markable id="markable_42" span="word_749..word_756" orderid="42"  mmax_level="sentence" />
<markable id="markable_107" span="word_2231..word_2251" orderid="107"  mmax_level="sentence" />
<markable id="markable_41" span="word_736..word_748" orderid="41"  mmax_level="sentence" />
<markable id="markable_40" span="word_724..word_735" orderid="40"  mmax_level="sentence" />
<markable id="markable_109" span="word_2280..word_2322" orderid="109"  mmax_level="sentence" />
<markable id="markable_47" span="word_850..word_864" orderid="47"  mmax_level="sentence" />
<markable id="markable_46" span="word_834..word_849" orderid="46"  mmax_level="sentence" />
<markable id="markable_45" span="word_809..word_833" orderid="45"  mmax_level="sentence" />
<markable id="markable_44" span="word_787..word_808" orderid="44"  mmax_level="sentence" />
<markable id="markable_49" span="word_880..word_891" orderid="49"  mmax_level="sentence" />
<markable id="markable_48" span="word_865..word_879" orderid="48"  mmax_level="sentence" />
<markable id="markable_120" span="word_2555..word_2581" orderid="120"  mmax_level="sentence" />
<markable id="markable_126" span="word_2768..word_2808" orderid="126"  mmax_level="sentence" />
<markable id="markable_125" span="word_2743..word_2767" orderid="125"  mmax_level="sentence" />
<markable id="markable_128" span="word_2828..word_2835" orderid="128"  mmax_level="sentence" />
<markable id="markable_127" span="word_2809..word_2827" orderid="127"  mmax_level="sentence" />
<markable id="markable_122" span="word_2651..word_2693" orderid="122"  mmax_level="sentence" />
<markable id="markable_121" span="word_2582..word_2650" orderid="121"  mmax_level="sentence" />
<markable id="markable_124" span="word_2731..word_2742" orderid="124"  mmax_level="sentence" />
<markable id="markable_123" span="word_2694..word_2730" orderid="123"  mmax_level="sentence" />
<markable id="markable_32" span="word_539..word_588" orderid="32"  mmax_level="sentence" />
<markable id="markable_119" span="word_2541..word_2554" orderid="119"  mmax_level="sentence" />
<markable id="markable_31" span="word_486..word_538" orderid="31"  mmax_level="sentence" />
<markable id="markable_118" span="word_2484..word_2540" orderid="118"  mmax_level="sentence" />
<markable id="markable_30" span="word_455..word_485" orderid="30"  mmax_level="sentence" />
<markable id="markable_36" span="word_636..word_649" orderid="36"  mmax_level="sentence" />
<markable id="markable_35" span="word_609..word_635" orderid="35"  mmax_level="sentence" />
<markable id="markable_34" span="word_599..word_608" orderid="34"  mmax_level="sentence" />
<markable id="markable_33" span="word_589..word_598" orderid="33"  mmax_level="sentence" />
<markable id="markable_39" span="word_709..word_723" orderid="39"  mmax_level="sentence" />
<markable id="markable_38" span="word_668..word_708" orderid="38"  mmax_level="sentence" />
<markable id="markable_37" span="word_650..word_667" orderid="37"  mmax_level="sentence" />
<markable id="markable_131" span="word_2871..word_2879" orderid="131"  mmax_level="sentence" />
<markable id="markable_19" span="word_323..word_342" orderid="19"  mmax_level="sentence" />
<markable id="markable_130" span="word_2847..word_2870" orderid="130"  mmax_level="sentence" />
<markable id="markable_137" span="word_3029..word_3059" orderid="137"  mmax_level="sentence" />
<markable id="markable_136" span="word_3002..word_3028" orderid="136"  mmax_level="sentence" />
<markable id="markable_139" span="word_3099..word_3138" orderid="139"  mmax_level="sentence" />
<markable id="markable_138" span="word_3060..word_3098" orderid="138"  mmax_level="sentence" />
<markable id="markable_133" span="word_2900..word_2911" orderid="133"  mmax_level="sentence" />
<markable id="markable_132" span="word_2880..word_2899" orderid="132"  mmax_level="sentence" />
<markable id="markable_135" span="word_2952..word_3001" orderid="135"  mmax_level="sentence" />
<markable id="markable_134" span="word_2912..word_2951" orderid="134"  mmax_level="sentence" />
<markable id="markable_21" span="word_363..word_375" orderid="21"  mmax_level="sentence" />
<markable id="markable_20" span="word_343..word_362" orderid="20"  mmax_level="sentence" />
<markable id="markable_129" span="word_2836..word_2846" orderid="129"  mmax_level="sentence" />
<markable id="markable_25" span="word_413..word_421" orderid="25"  mmax_level="sentence" />
<markable id="markable_24" span="word_404..word_412" orderid="24"  mmax_level="sentence" />
<markable id="markable_23" span="word_398..word_403" orderid="23"  mmax_level="sentence" />
<markable id="markable_22" span="word_376..word_397" orderid="22"  mmax_level="sentence" />
<markable id="markable_29" span="word_446..word_454" orderid="29"  mmax_level="sentence" />
<markable id="markable_28" span="word_442..word_445" orderid="28"  mmax_level="sentence" />
<markable id="markable_27" span="word_433..word_441" orderid="27"  mmax_level="sentence" />
<markable id="markable_26" span="word_422..word_432" orderid="26"  mmax_level="sentence" />
<markable id="markable_140" span="word_3139..word_3186" orderid="140"  mmax_level="sentence" />
<markable id="markable_142" span="word_3209..word_3258" orderid="142"  mmax_level="sentence" />
<markable id="markable_141" span="word_3187..word_3208" orderid="141"  mmax_level="sentence" />
<markable id="markable_148" span="word_3492..word_3505" orderid="148"  mmax_level="sentence" />
<markable id="markable_147" span="word_3460..word_3491" orderid="147"  mmax_level="sentence" />
<markable id="markable_149" span="word_3506..word_3523" orderid="149"  mmax_level="sentence" />
<markable id="markable_90" span="word_1808..word_1824" orderid="90"  mmax_level="sentence" />
<markable id="markable_144" span="word_3336..word_3427" orderid="144"  mmax_level="sentence" />
<markable id="markable_143" span="word_3259..word_3335" orderid="143"  mmax_level="sentence" />
<markable id="markable_146" span="word_3444..word_3459" orderid="146"  mmax_level="sentence" />
<markable id="markable_145" span="word_3428..word_3443" orderid="145"  mmax_level="sentence" />
<markable id="markable_94" span="word_1920..word_1968" orderid="94"  mmax_level="sentence" />
<markable id="markable_93" span="word_1887..word_1919" orderid="93"  mmax_level="sentence" />
<markable id="markable_92" span="word_1859..word_1886" orderid="92"  mmax_level="sentence" />
<markable id="markable_91" span="word_1825..word_1858" orderid="91"  mmax_level="sentence" />
<markable id="markable_10" span="word_163..word_175" orderid="10"  mmax_level="sentence" />
<markable id="markable_98" span="word_2040..word_2046" orderid="98"  mmax_level="sentence" />
<markable id="markable_97" span="word_2017..word_2039" orderid="97"  mmax_level="sentence" />
<markable id="markable_96" span="word_1994..word_2016" orderid="96"  mmax_level="sentence" />
<markable id="markable_95" span="word_1969..word_1993" orderid="95"  mmax_level="sentence" />
<markable id="markable_14" span="word_231..word_254" orderid="14"  mmax_level="sentence" />
<markable id="markable_13" span="word_201..word_230" orderid="13"  mmax_level="sentence" />
<markable id="markable_12" span="word_189..word_200" orderid="12"  mmax_level="sentence" />
<markable id="markable_11" span="word_176..word_188" orderid="11"  mmax_level="sentence" />
<markable id="markable_99" span="word_2047..word_2056" orderid="99"  mmax_level="sentence" />
<markable id="markable_18" span="word_313..word_322" orderid="18"  mmax_level="sentence" />
<markable id="markable_17" span="word_296..word_312" orderid="17"  mmax_level="sentence" />
<markable id="markable_16" span="word_273..word_295" orderid="16"  mmax_level="sentence" />
<markable id="markable_15" span="word_255..word_272" orderid="15"  mmax_level="sentence" />
<markable id="markable_151" span="word_3554..word_3593" orderid="151"  mmax_level="sentence" />
<markable id="markable_150" span="word_3524..word_3553" orderid="150"  mmax_level="sentence" />
<markable id="markable_153" span="word_3621..word_3639" orderid="153"  mmax_level="sentence" />
<markable id="markable_152" span="word_3594..word_3620" orderid="152"  mmax_level="sentence" />
<markable id="markable_159" span="word_3754..word_3775" orderid="159"  mmax_level="sentence" />
<markable id="markable_158" span="word_3729..word_3753" orderid="158"  mmax_level="sentence" />
<markable id="markable_155" span="word_3658..word_3673" orderid="155"  mmax_level="sentence" />
<markable id="markable_154" span="word_3640..word_3657" orderid="154"  mmax_level="sentence" />
<markable id="markable_157" span="word_3716..word_3728" orderid="157"  mmax_level="sentence" />
<markable id="markable_156" span="word_3674..word_3715" orderid="156"  mmax_level="sentence" />
<markable id="markable_83" span="word_1633..word_1654" orderid="83"  mmax_level="sentence" />
<markable id="markable_82" span="word_1624..word_1632" orderid="82"  mmax_level="sentence" />
<markable id="markable_81" span="word_1602..word_1623" orderid="81"  mmax_level="sentence" />
<markable id="markable_80" span="word_1539..word_1601" orderid="80"  mmax_level="sentence" />
<markable id="markable_87" span="word_1747..word_1761" orderid="87"  mmax_level="sentence" />
<markable id="markable_86" span="word_1690..word_1746" orderid="86"  mmax_level="sentence" />
<markable id="markable_85" span="word_1668..word_1689" orderid="85"  mmax_level="sentence" />
<markable id="markable_84" span="word_1655..word_1667" orderid="84"  mmax_level="sentence" />
<markable id="markable_89" span="word_1783..word_1807" orderid="89"  mmax_level="sentence" />
<markable id="markable_88" span="word_1762..word_1782" orderid="88"  mmax_level="sentence" />
</markables>