<?xml version="1.0" encoding="UTF-8"?>
<!DOCTYPE markables SYSTEM "markables.dtd">
<markables xmlns="www.eml.org/NameSpaces/coref">
<markable id="markable_283" span="word_1051..word_1052" coref_class="set_54"  mmax_level="coref"  nptype="antecedent"  mention="np" />
<markable id="markable_282" span="word_1059" type_of_pronoun="personal"  agreement="they (pl.)"  split="simple antecedent"  coref_class="set_54"  mmax_level="coref"  position="it (non-subject)"  type="anaphoric"  antetype="entity"  mention="pronoun" />
<markable id="markable_285" span="word_1069..word_1072" coref_class="set_55"  mmax_level="coref"  nptype="antecedent"  mention="np" />
<markable id="markable_284" span="word_1064" coref_class="empty"  mmax_level="coref"  type="pleonastic"  mention="pronoun" />
<markable id="markable_281" span="word_1050" type_of_pronoun="relative"  agreement="they (pl.)"  split="simple antecedent"  coref_class="set_53"  mmax_level="coref"  position="it (subject)"  type="anaphoric"  antetype="entity"  mention="pronoun" />
<markable id="markable_280" span="word_1048" coref_class="set_53"  mmax_level="coref"  nptype="antecedent"  mention="np" />
<markable id="markable_287" span="word_1097..word_1098" split="simple antecedent"  coref_class="set_55"  mmax_level="coref"  nptype="nom-ellipsis"  antetype="entity"  mention="np" />
<markable id="markable_286" span="word_1075" type_of_pronoun="relative"  agreement="they (pl.)"  split="simple antecedent"  coref_class="set_55"  mmax_level="coref"  position="it (subject)"  type="anaphoric"  antetype="entity"  mention="pronoun" />
<markable id="markable_289" span="word_1117" type_of_pronoun="personal"  agreement="they (pl.)"  split="simple antecedent"  coref_class="set_59"  mmax_level="coref"  position="it (subject)"  type="anaphoric"  antetype="entity"  mention="pronoun" />
<markable id="markable_288" span="word_1110..word_1111" coref_class="set_59"  mmax_level="coref"  nptype="antecedent"  mention="np" />
<markable id="markable_294" span="word_1162" coref_class="set_60"  mmax_level="coref"  nptype="antecedent"  mention="np" />
<markable id="markable_293" span="word_1140" type_of_pronoun="personal"  agreement="they (pl.)"  split="simple antecedent"  coref_class="set_59"  mmax_level="coref"  position="it (non-subject)"  type="anaphoric"  antetype="entity"  mention="pronoun" />
<markable id="markable_295" span="word_1171" type_of_pronoun="personal"  agreement="they (sg.)"  split="simple antecedent"  coref_class="set_60"  mmax_level="coref"  position="it (subject)"  type="anaphoric"  antetype="entity"  mention="pronoun" />
<markable id="markable_290" span="word_1123" type_of_pronoun="possessive"  agreement="they (pl.)"  split="simple antecedent"  coref_class="set_59"  mmax_level="coref"  position="it (subject)"  type="anaphoric"  antetype="entity"  mention="pronoun" />
<markable id="markable_292" span="word_1138" type_of_pronoun="possessive"  agreement="they (pl.)"  split="simple antecedent"  coref_class="set_59"  mmax_level="coref"  position="it (subject)"  type="anaphoric"  antetype="entity"  mention="pronoun" />
<markable id="markable_291" span="word_1125" type_of_pronoun="personal"  agreement="they (pl.)"  split="simple antecedent"  coref_class="set_59"  mmax_level="coref"  position="it (non-subject)"  type="anaphoric"  antetype="entity"  mention="pronoun" />
<markable id="markable_298" span="word_1177..word_1179" coref_class="set_62"  mmax_level="coref"  nptype="antecedent"  mention="np" />
<markable id="markable_297" span="word_1181" type_of_pronoun="relative"  agreement="they (pl.)"  split="simple antecedent"  coref_class="set_62"  mmax_level="coref"  position="it (subject)"  type="anaphoric"  antetype="entity"  mention="pronoun" />
<markable id="markable_299" span="word_1186..word_1187" coref_class="set_65"  mmax_level="coref"  nptype="antecedent"  mention="np" />
<markable id="markable_186" span="word_15" type_of_pronoun="personal"  agreement="they (sg.)"  split="simple antecedent"  coref_class="set_2"  mmax_level="coref"  position="it (subject)"  type="anaphoric"  antetype="entity"  mention="pronoun" />
<markable id="markable_188" span="word_38" type_of_pronoun="personal"  agreement="they (sg.)"  split="simple antecedent"  coref_class="set_2"  mmax_level="coref"  position="it (subject)"  type="anaphoric"  antetype="entity"  mention="pronoun" />
<markable id="markable_187" span="word_8..word_9" coref_class="set_2"  mmax_level="coref"  nptype="antecedent"  mention="np" />
<markable id="markable_189" span="word_58" type_of_pronoun="personal"  agreement="they (sg.)"  split="simple antecedent"  coref_class="set_2"  mmax_level="coref"  position="it (subject)"  type="anaphoric"  antetype="entity"  mention="pronoun" />
<markable id="markable_195" span="word_163..word_164" coref_class="set_7"  mmax_level="coref"  nptype="antecedent"  mention="np" />
<markable id="markable_194" span="word_146..word_147" coref_class="set_4"  mmax_level="coref"  nptype="antecedent"  mention="np" />
<markable id="markable_197" span="word_185..word_186" npmod="demonstrative"  split="simple antecedent"  coref_class="set_6"  mmax_level="coref"  anacata="anaphoric"  nptype="np"  antetype="entity"  mention="np" />
<markable id="markable_196" span="word_179" type_of_pronoun="personal"  agreement="they (sg.)"  split="simple antecedent"  coref_class="set_7"  mmax_level="coref"  position="it (non-subject)"  type="anaphoric"  antetype="entity"  mention="pronoun" />
<markable id="markable_191" span="word_67" type_of_pronoun="demonstrative"  agreement="none"  split="simple antecedent"  coref_class="set_3"  mmax_level="coref"  position="it (subject)"  type="anaphoric"  antetype="event"  mention="pronoun" />
<markable id="markable_190" span="word_1..word_66" coref_class="set_3"  mmax_level="coref"  clausetype="antecedent"  mention="clause" />
<markable id="markable_193" span="word_160..word_161" split="simple antecedent"  coref_class="set_4"  mmax_level="coref"  type="nom substitution"  antetype="entity"  mention="pronoun" />
<markable id="markable_192" span="word_154..word_155" split="simple antecedent"  coref_class="set_4"  mmax_level="coref"  type="nom substitution"  antetype="entity"  mention="pronoun" />
<markable id="markable_199" span="word_190" type_of_pronoun="personal"  agreement="they (sg.)"  split="simple antecedent"  coref_class="set_7"  mmax_level="coref"  position="it (subject)"  type="anaphoric"  antetype="entity"  mention="pronoun" />
<markable id="markable_198" span="word_160..word_161" coref_class="set_6"  mmax_level="coref"  nptype="antecedent"  mention="np" />
<markable id="markable_560" span="word_3530..word_3532" coref_class="set_205"  mmax_level="coref"  nptype="antecedent"  mention="np" />
<markable id="markable_203" span="word_284" type_of_pronoun="personal"  agreement="they (sg.)"  split="simple antecedent"  coref_class="set_11"  mmax_level="coref"  position="it (subject)"  type="anaphoric"  antetype="entity"  mention="pronoun" />
<markable id="markable_324" span="word_1311" type_of_pronoun="personal"  agreement="they (sg.)"  split="simple antecedent"  coref_class="set_111"  mmax_level="coref"  position="it (subject)"  type="anaphoric"  antetype="entity"  mention="pronoun" />
<markable id="markable_445" span="word_2356" type_of_pronoun="relative"  agreement="they (sg.)"  split="simple antecedent"  coref_class="set_144"  mmax_level="coref"  position="it (subject)"  type="anaphoric"  antetype="entity"  mention="pronoun" />
<markable id="markable_566" span="word_3580..word_3581" coref_class="set_209"  mmax_level="coref"  nptype="antecedent"  mention="np" />
<markable id="markable_202" span="word_237..word_238" coref_class="set_11"  mmax_level="coref"  nptype="antecedent"  mention="np" />
<markable id="markable_323" span="word_1308" type_of_pronoun="possessive"  agreement="they (sg.)"  split="simple antecedent"  coref_class="set_111"  mmax_level="coref"  position="it (non-subject)"  type="anaphoric"  antetype="entity"  mention="pronoun" />
<markable id="markable_444" span="word_2354" coref_class="set_144"  mmax_level="coref"  nptype="antecedent"  mention="np" />
<markable id="markable_565" span="word_3562" type_of_pronoun="possessive"  split="simple antecedent"  agreement="they (sg.)"  coref_class="set_208"  mmax_level="coref"  position="it (subject)"  type="anaphoric"  mention="pronoun"  antetype="entity" />
<markable id="markable_205" span="word_319" type_of_pronoun="personal"  agreement="they (sg.)"  split="simple antecedent"  coref_class="set_11"  mmax_level="coref"  position="it (subject)"  type="anaphoric"  antetype="entity"  mention="pronoun" />
<markable id="markable_326" span="word_1308..word_1309" coref_class="set_77"  mmax_level="coref"  nptype="antecedent"  mention="np" />
<markable id="markable_447" span="word_2357..word_2358" npmod="demonstrative"  split="simple antecedent"  coref_class="set_145"  mmax_level="coref"  anacata="anaphoric"  nptype="np"  antetype="entity"  mention="np" />
<markable id="markable_204" span="word_286" type_of_pronoun="possessive"  agreement="they (sg.)"  split="simple antecedent"  coref_class="set_11"  mmax_level="coref"  position="it (non-subject)"  type="anaphoric"  antetype="entity"  mention="pronoun" />
<markable id="markable_325" span="word_1320" type_of_pronoun="personal"  agreement="they (sg.)"  split="simple antecedent"  coref_class="set_111"  mmax_level="coref"  position="it (subject)"  type="anaphoric"  antetype="entity"  mention="pronoun" />
<markable id="markable_446" span="word_2333" coref_class="set_145"  mmax_level="coref"  nptype="antecedent"  mention="np" />
<markable id="markable_567" span="word_3583" type_of_pronoun="relative"  split="simple antecedent"  agreement="they (sg.)"  coref_class="set_209"  mmax_level="coref"  position="it (subject)"  type="anaphoric"  mention="pronoun"  antetype="entity" />
<markable id="markable_320" span="word_1300" type_of_pronoun="personal"  agreement="they (sg.)"  split="simple antecedent"  coref_class="set_111"  mmax_level="coref"  position="it (non-subject)"  type="anaphoric"  antetype="entity"  mention="pronoun" />
<markable id="markable_441" span="word_2326" type_of_pronoun="relative"  agreement="they (sg.)"  split="simple antecedent"  coref_class="set_142"  mmax_level="coref"  position="it (subject)"  type="anaphoric"  antetype="entity"  mention="pronoun" />
<markable id="markable_562" span="word_3540..word_3543" coref_class="set_208"  mmax_level="coref"  nptype="antecedent"  mention="np" />
<markable id="markable_440" span="word_2323..word_2324" coref_class="set_142"  mmax_level="coref"  nptype="antecedent"  mention="np" />
<markable id="markable_561" span="word_3535" type_of_pronoun="relative"  split="simple antecedent"  agreement="they (sg.)"  coref_class="set_205"  mmax_level="coref"  position="it (subject)"  type="anaphoric"  mention="pronoun"  antetype="entity" />
<markable id="markable_201" span="word_228" type_of_pronoun="possessive"  agreement="they (sg.)"  split="simple antecedent"  coref_class="set_8"  mmax_level="coref"  position="it (non-subject)"  type="anaphoric"  antetype="entity"  mention="pronoun" />
<markable id="markable_322" span="word_1286..word_1296" coref_class="set_75"  mmax_level="coref"  nptype="antecedent"  mention="np" />
<markable id="markable_443" span="word_2336" agreement="none"  split="simple antecedent"  coref_class="set_143"  mmax_level="coref"  position="it (non-subject)"  type="cataphoric"  antetype="event"  mention="pronoun" />
<markable id="markable_564" span="word_3556" type_of_pronoun="possessive"  split="simple antecedent"  agreement="they (sg.)"  coref_class="set_208"  mmax_level="coref"  position="it (subject)"  type="anaphoric"  mention="pronoun"  antetype="entity" />
<markable id="markable_200" span="word_221..word_224" coref_class="set_8"  mmax_level="coref"  nptype="antecedent"  mention="np" />
<markable id="markable_321" span="word_1302" type_of_pronoun="possessive"  agreement="they (sg.)"  split="simple antecedent"  coref_class="set_75"  mmax_level="coref"  position="it (non-subject)"  type="anaphoric"  antetype="entity"  mention="pronoun" />
<markable id="markable_442" span="word_2338..word_2343" coref_class="set_143"  mmax_level="coref"  vptype="antecedent"  mention="vp" />
<markable id="markable_563" span="word_3545" type_of_pronoun="relative"  split="simple antecedent"  agreement="they (sg.)"  coref_class="set_208"  mmax_level="coref"  position="it (subject)"  type="anaphoric"  mention="pronoun"  antetype="entity" />
<markable id="markable_317" span="word_1273" type_of_pronoun="personal"  agreement="they (sg.)"  split="simple antecedent"  coref_class="set_73"  mmax_level="coref"  position="it (subject)"  type="anaphoric"  antetype="entity"  mention="pronoun" />
<markable id="markable_438" span="word_2309" type_of_pronoun="personal"  agreement="they (pl.)"  split="simple antecedent"  coref_class="set_141"  mmax_level="coref"  position="it (non-subject)"  type="anaphoric"  antetype="entity"  mention="pronoun" />
<markable id="markable_559" span="word_3440" type_of_pronoun="relative"  split="simple antecedent"  agreement="they (pl.)"  coref_class="set_204"  mmax_level="coref"  position="it (subject)"  type="anaphoric"  mention="pronoun"  antetype="entity" />
<markable id="markable_316" span="word_1265" type_of_pronoun="possessive"  agreement="they (sg.)"  split="simple antecedent"  coref_class="set_73"  mmax_level="coref"  position="it (non-subject)"  type="anaphoric"  antetype="entity"  mention="pronoun" />
<markable id="markable_437" span="word_2296" type_of_pronoun="relative"  agreement="they (pl.)"  split="simple antecedent"  coref_class="set_141"  mmax_level="coref"  position="it (subject)"  type="anaphoric"  antetype="entity"  mention="pronoun" />
<markable id="markable_558" span="word_3438" type_of_pronoun="personal"  split="simple antecedent"  agreement="they (pl.)"  coref_class="set_204"  mmax_level="coref"  position="it (non-subject)"  type="anaphoric"  mention="pronoun"  antetype="entity" />
<markable id="markable_319" span="word_1265..word_1266" coref_class="set_111"  mmax_level="coref"  nptype="antecedent"  mention="np" />
<markable id="markable_318" span="word_1285" type_of_pronoun="personal"  agreement="they (sg.)"  split="simple antecedent"  coref_class="set_73"  mmax_level="coref"  position="it (subject)"  type="anaphoric"  antetype="entity"  mention="pronoun" />
<markable id="markable_439" span="word_2312" type_of_pronoun="personal"  agreement="they (pl.)"  split="simple antecedent"  coref_class="set_140"  mmax_level="coref"  position="it (non-subject)"  type="anaphoric"  antetype="entity"  mention="pronoun" />
<markable id="markable_450" span="word_2387" type_of_pronoun="relative"  agreement="they (pl.)"  split="simple antecedent"  coref_class="set_148"  mmax_level="coref"  position="it (subject)"  type="anaphoric"  antetype="entity"  mention="pronoun" />
<markable id="markable_571" span="word_3607..word_3610" coref_class="set_210"  vptype="antecedent"  mmax_level="coref"  mention="vp" />
<markable id="markable_570" span="word_3618" type_of_pronoun="demonstrative"  split="simple antecedent"  agreement="none"  coref_class="set_210"  mmax_level="coref"  position="it (non-subject)"  type="anaphoric"  mention="pronoun"  antetype="event" />
<markable id="markable_214" span="word_430" type_of_pronoun="personal"  agreement="they (pl.)"  split="simple antecedent"  coref_class="set_15"  mmax_level="coref"  position="it (non-subject)"  type="anaphoric"  antetype="entity"  mention="pronoun" />
<markable id="markable_335" span="word_1353" type_of_pronoun="personal"  agreement="they (sg.)"  split="simple antecedent"  coref_class="set_111"  mmax_level="coref"  position="it (non-subject)"  type="anaphoric"  antetype="entity"  mention="pronoun" />
<markable id="markable_456" span="word_2490" type_of_pronoun="personal"  split="simple antecedent"  agreement="they (pl.)"  coref_class="set_150"  mmax_level="coref"  position="it (subject)"  type="anaphoric"  mention="pronoun"  antetype="entity" />
<markable id="markable_577" span="word_3648" type_of_pronoun="relative"  split="simple antecedent"  agreement="they (sg.)"  coref_class="set_213"  mmax_level="coref"  position="it (subject)"  type="anaphoric"  mention="pronoun"  antetype="entity" />
<markable id="markable_213" span="word_422" type_of_pronoun="personal"  agreement="they (pl.)"  split="simple antecedent"  coref_class="set_15"  mmax_level="coref"  position="it (subject)"  type="anaphoric"  antetype="entity"  mention="pronoun" />
<markable id="markable_334" span="word_1344" type_of_pronoun="personal"  agreement="they (sg.)"  split="simple antecedent"  coref_class="set_111"  mmax_level="coref"  position="it (subject)"  type="anaphoric"  antetype="entity"  mention="pronoun" />
<markable id="markable_455" span="word_2471" coref_class="empty"  mmax_level="coref"  type="pleonastic"  mention="pronoun" />
<markable id="markable_576" span="word_3642..word_3644" coref_class="set_213"  mmax_level="coref"  nptype="antecedent"  mention="np" />
<markable id="markable_216" span="word_511..word_512" npmod="demonstrative"  split="simple antecedent"  coref_class="set_16"  mmax_level="coref"  anacata="anaphoric"  nptype="np"  antetype="entity"  mention="np" />
<markable id="markable_337" span="word_1361" type_of_pronoun="personal"  agreement="they (sg.)"  split="simple antecedent"  coref_class="set_111"  mmax_level="coref"  position="it (subject)"  type="anaphoric"  antetype="entity"  mention="pronoun" />
<markable id="markable_458" span="word_2499" type_of_pronoun="relative"  split="simple antecedent"  agreement="they (pl.)"  coref_class="set_151"  mmax_level="coref"  position="it (subject)"  type="anaphoric"  mention="pronoun"  antetype="entity" />
<markable id="markable_579" span="word_3679..word_3680" coref_class="set_215"  mmax_level="coref"  nptype="antecedent"  mention="np" />
<markable id="markable_215" span="word_502..word_503" coref_class="set_16"  mmax_level="coref"  nptype="antecedent"  mention="np" />
<markable id="markable_336" span="word_1355" type_of_pronoun="possessive"  agreement="they (sg.)"  split="simple antecedent"  coref_class="set_111"  mmax_level="coref"  position="it (non-subject)"  type="anaphoric"  antetype="entity"  mention="pronoun" />
<markable id="markable_457" span="word_2496..word_2497" coref_class="set_151"  mmax_level="coref"  nptype="antecedent"  mention="np" />
<markable id="markable_578" span="word_3659" type_of_pronoun="personal"  split="simple antecedent"  agreement="they (sg.)"  coref_class="set_213"  mmax_level="coref"  position="it (subject)"  type="anaphoric"  mention="pronoun"  antetype="entity" />
<markable id="markable_210" span="word_339" type_of_pronoun="personal"  agreement="none"  split="simple antecedent"  coref_class="set_12"  mmax_level="coref"  position="it (subject)"  type="anaphoric"  antetype="entity"  mention="pronoun" />
<markable id="markable_331" span="word_1332..word_1333" npmod="demonstrative"  split="simple antecedent"  coref_class="set_80"  mmax_level="coref"  anacata="anaphoric"  nptype="np"  antetype="entity"  mention="np" />
<markable id="markable_452" span="word_2413" type_of_pronoun="relative"  agreement="they (pl.)"  split="simple antecedent"  coref_class="set_148"  mmax_level="coref"  position="it (subject)"  type="anaphoric"  antetype="entity"  mention="pronoun" />
<markable id="markable_573" span="word_3631" type_of_pronoun="relative"  split="simple antecedent"  agreement="they (pl.)"  coref_class="set_211"  mmax_level="coref"  position="it (non-subject)"  type="anaphoric"  mention="pronoun"  antetype="entity" />
<markable id="markable_330" span="word_1313..word_1316" coref_class="set_80"  mmax_level="coref"  nptype="antecedent"  mention="np" />
<markable id="markable_451" span="word_2394" type_of_pronoun="relative"  agreement="they (pl.)"  split="simple antecedent"  coref_class="set_148"  mmax_level="coref"  position="it (non-subject)"  type="anaphoric"  antetype="entity"  mention="pronoun" />
<markable id="markable_572" span="word_3628..word_3629" coref_class="set_211"  mmax_level="coref"  nptype="antecedent"  mention="np" />
<markable id="markable_212" span="word_417" type_of_pronoun="personal"  agreement="they (pl.)"  split="simple antecedent"  coref_class="set_15"  mmax_level="coref"  position="it (subject)"  type="anaphoric"  antetype="entity"  mention="pronoun" />
<markable id="markable_333" span="word_1338" type_of_pronoun="personal"  agreement="they (sg.)"  split="simple antecedent"  coref_class="set_111"  mmax_level="coref"  position="it (subject)"  type="anaphoric"  antetype="entity"  mention="pronoun" />
<markable id="markable_454" span="word_2445" split="split reference"  coref_class="set_150"  mmax_level="coref"  type="nom substitution"  mention="pronoun" />
<markable id="markable_575" span="word_3621..word_3622" coref_class="set_212"  mmax_level="coref"  nptype="antecedent"  mention="np" />
<markable id="markable_211" span="word_413..word_415" coref_class="set_15"  mmax_level="coref"  nptype="antecedent"  mention="np" />
<markable id="markable_332" span="word_1337" type_of_pronoun="personal"  agreement="they (pl.)"  split="simple antecedent"  coref_class="set_80"  mmax_level="coref"  position="it (non-subject)"  type="anaphoric"  antetype="entity"  mention="pronoun" />
<markable id="markable_453" span="word_2435..word_2439" coref_class="set_150"  mmax_level="coref"  nptype="antecedent"  mention="np" />
<markable id="markable_574" span="word_3632" type_of_pronoun="personal"  split="simple antecedent"  agreement="none"  coref_class="set_212"  mmax_level="coref"  position="none"  type="anaphoric"  mention="pronoun"  antetype="entity" />
<markable id="markable_207" span="word_320" type_of_pronoun="personal"  agreement="none"  split="simple antecedent"  coref_class="set_12"  mmax_level="coref"  position="it (non-subject)"  type="anaphoric"  antetype="event"  mention="pronoun" />
<markable id="markable_328" span="word_1330" type_of_pronoun="personal"  agreement="they (sg.)"  split="simple antecedent"  coref_class="set_111"  mmax_level="coref"  position="it (subject)"  type="anaphoric"  antetype="entity"  mention="pronoun" />
<markable id="markable_449" span="word_2385" coref_class="set_148"  mmax_level="coref"  nptype="antecedent"  mention="np" />
<markable id="markable_206" span="word_301..word_311" coref_class="set_12"  mmax_level="coref"  clausetype="antecedent"  mention="clause" />
<markable id="markable_327" span="word_1322..word_1324" npmod="demonstrative"  split="simple antecedent"  coref_class="set_77"  mmax_level="coref"  anacata="anaphoric"  nptype="np"  antetype="entity"  mention="np" />
<markable id="markable_448" span="word_2378" coref_class="empty"  mmax_level="coref"  type="pleonastic"  mention="pronoun" />
<markable id="markable_209" span="word_334" type_of_pronoun="personal"  agreement="none"  split="simple antecedent"  coref_class="set_12"  mmax_level="coref"  position="it (subject)"  type="anaphoric"  antetype="entity"  mention="pronoun" />
<markable id="markable_208" span="word_331" type_of_pronoun="personal"  agreement="they (sg.)"  split="simple antecedent"  coref_class="set_11"  mmax_level="coref"  position="it (subject)"  type="anaphoric"  antetype="entity"  mention="pronoun" />
<markable id="markable_329" span="word_1331" type_of_pronoun="reflexive"  agreement="they (sg.)"  split="simple antecedent"  coref_class="set_111"  mmax_level="coref"  position="it (non-subject)"  type="anaphoric"  antetype="entity"  mention="pronoun" />
<markable id="markable_580" span="word_3683" type_of_pronoun="relative"  split="simple antecedent"  agreement="they (sg.)"  coref_class="set_215"  mmax_level="coref"  position="it (subject)"  type="anaphoric"  mention="pronoun"  antetype="entity" />
<markable id="markable_340" span="word_1385" type_of_pronoun="relative"  agreement="they (sg.)"  split="simple antecedent"  coref_class="set_84"  mmax_level="coref"  position="it (subject)"  type="anaphoric"  antetype="entity"  mention="pronoun" />
<markable id="markable_461" span="word_2519..word_2520" coref_class="set_153"  mmax_level="coref"  nptype="antecedent"  mention="np" />
<markable id="markable_582" span="word_3732" coref_class="set_217"  mmax_level="coref"  nptype="antecedent"  mention="np" />
<markable id="markable_460" span="word_2518" type_of_pronoun="personal"  split="simple antecedent"  agreement="they (pl.)"  coref_class="set_152"  mmax_level="coref"  position="it (non-subject)"  type="anaphoric"  mention="pronoun"  antetype="entity" />
<markable id="markable_581" span="word_3690" type_of_pronoun="relative"  split="simple antecedent"  agreement="they (sg.)"  coref_class="set_215"  mmax_level="coref"  position="it (non-subject)"  type="anaphoric"  mention="pronoun"  antetype="entity" />
<markable id="markable_225" span="word_617" type_of_pronoun="personal"  agreement="they (sg.)"  split="simple antecedent"  coref_class="set_36"  mmax_level="coref"  position="it (subject)"  type="anaphoric"  antetype="entity"  mention="pronoun" />
<markable id="markable_346" span="word_1413" type_of_pronoun="personal"  agreement="they (sg.)"  split="simple antecedent"  coref_class="set_111"  mmax_level="coref"  position="it (subject)"  type="anaphoric"  antetype="entity"  mention="pronoun" />
<markable id="markable_467" span="word_2617" type_of_pronoun="relative"  split="simple antecedent"  agreement="they (sg.)"  coref_class="set_156"  mmax_level="coref"  position="it (subject)"  type="anaphoric"  mention="pronoun"  antetype="entity" />
<markable id="markable_588" span="word_3841..word_3842" coref_class="set_232"  mmax_level="coref"  nptype="antecedent"  mention="np" />
<markable id="markable_224" span="word_613" type_of_pronoun="possessive"  agreement="they (sg.)"  split="simple antecedent"  coref_class="set_36"  mmax_level="coref"  position="it (non-subject)"  type="anaphoric"  antetype="entity"  mention="pronoun" />
<markable id="markable_345" span="word_1406" type_of_pronoun="relative"  agreement="they (sg.)"  split="simple antecedent"  coref_class="set_87"  mmax_level="coref"  position="it (subject)"  type="anaphoric"  antetype="entity"  mention="pronoun" />
<markable id="markable_466" span="word_2579" type_of_pronoun="personal"  split="simple antecedent"  agreement="they (pl.)"  coref_class="set_155"  mmax_level="coref"  position="it (non-subject)"  type="anaphoric"  mention="pronoun"  antetype="entity" />
<markable id="markable_587" span="word_3850" type_of_pronoun="personal"  split="simple antecedent"  agreement="they (sg.)"  coref_class="set_232"  mmax_level="coref"  position="it (subject)"  type="anaphoric"  mention="pronoun"  antetype="entity" />
<markable id="markable_227" span="word_624" type_of_pronoun="relative"  agreement="they (pl.)"  split="simple antecedent"  coref_class="set_22"  mmax_level="coref"  position="it (subject)"  type="anaphoric"  antetype="entity"  mention="pronoun" />
<markable id="markable_348" span="word_1419..word_1424" coref_class="set_90"  mmax_level="coref"  nptype="antecedent"  mention="np" />
<markable id="markable_226" span="word_621" coref_class="set_22"  mmax_level="coref"  nptype="antecedent"  mention="np" />
<markable id="markable_347" span="word_1422" type_of_pronoun="personal"  agreement="they (sg.)"  split="simple antecedent"  coref_class="set_111"  mmax_level="coref"  position="it (non-subject)"  type="anaphoric"  antetype="entity"  mention="pronoun" />
<markable id="markable_468" span="word_2614..word_2615" coref_class="set_156"  mmax_level="coref"  nptype="antecedent"  mention="np" />
<markable id="markable_589" span="word_3835..word_3836" coref_class="set_255"  mmax_level="coref"  nptype="antecedent"  mention="np" />
<markable id="markable_221" span="word_568..word_569" coref_class="set_19"  mmax_level="coref"  nptype="antecedent"  mention="np" />
<markable id="markable_342" span="word_1399" type_of_pronoun="personal"  agreement="they (sg.)"  split="simple antecedent"  coref_class="set_111"  mmax_level="coref"  position="it (subject)"  type="anaphoric"  antetype="entity"  mention="pronoun" />
<markable id="markable_463" span="word_2557..word_2558" coref_class="set_154"  mmax_level="coref"  nptype="antecedent"  mention="np" />
<markable id="markable_584" span="word_3745" type_of_pronoun="possessive"  split="simple antecedent"  agreement="they (sg.)"  coref_class="set_217"  mmax_level="coref"  position="it (non-subject)"  type="anaphoric"  mention="pronoun"  antetype="entity" />
<markable id="markable_220" span="word_552" type_of_pronoun="personal"  agreement="they (sg.)"  split="simple antecedent"  coref_class="set_18"  mmax_level="coref"  position="it (non-subject)"  type="anaphoric"  antetype="entity"  mention="pronoun" />
<markable id="markable_341" span="word_1388" type_of_pronoun="possessive"  agreement="they (sg.)"  split="simple antecedent"  coref_class="set_111"  mmax_level="coref"  position="it (non-subject)"  type="anaphoric"  antetype="entity"  mention="pronoun" />
<markable id="markable_462" span="word_2524" type_of_pronoun="personal"  split="simple antecedent"  agreement="they (sg.)"  coref_class="set_153"  mmax_level="coref"  position="it (subject)"  type="anaphoric"  mention="pronoun"  antetype="entity" />
<markable id="markable_583" span="word_3734" type_of_pronoun="relative"  split="simple antecedent"  agreement="they (pl.)"  coref_class="set_217"  mmax_level="coref"  position="it (subject)"  type="anaphoric"  mention="pronoun"  antetype="entity" />
<markable id="markable_223" span="word_601..word_604" coref_class="set_36"  mmax_level="coref"  nptype="antecedent"  mention="np" />
<markable id="markable_344" span="word_1400..word_1404" coref_class="set_87"  mmax_level="coref"  nptype="antecedent"  mention="np" />
<markable id="markable_465" span="word_2571..word_2572" coref_class="set_155"  mmax_level="coref"  nptype="antecedent"  mention="np" />
<markable id="markable_586" span="word_3759" type_of_pronoun="relative"  split="simple antecedent"  agreement="they (pl.)"  coref_class="set_218"  mmax_level="coref"  position="it (subject)"  type="anaphoric"  mention="pronoun"  antetype="entity" />
<markable id="markable_222" span="word_571" type_of_pronoun="relative"  agreement="they (pl.)"  split="simple antecedent"  coref_class="set_19"  mmax_level="coref"  position="it (subject)"  type="anaphoric"  antetype="entity"  mention="pronoun" />
<markable id="markable_343" span="word_1403" type_of_pronoun="possessive"  agreement="they (sg.)"  split="simple antecedent"  coref_class="set_111"  mmax_level="coref"  position="it (non-subject)"  type="anaphoric"  antetype="entity"  mention="pronoun" />
<markable id="markable_464" span="word_2560" type_of_pronoun="relative"  split="simple antecedent"  agreement="they (sg.)"  coref_class="set_154"  mmax_level="coref"  position="it (subject)"  type="anaphoric"  mention="pronoun"  antetype="entity" />
<markable id="markable_585" span="word_3757" coref_class="set_218"  mmax_level="coref"  nptype="antecedent"  mention="np" />
<markable id="markable_218" span="word_514" type_of_pronoun="relative"  agreement="they (pl.)"  split="simple antecedent"  coref_class="set_17"  mmax_level="coref"  position="it (subject)"  type="anaphoric"  antetype="entity"  mention="pronoun" />
<markable id="markable_339" span="word_1382..word_1383" coref_class="set_84"  mmax_level="coref"  nptype="antecedent"  mention="np" />
<markable id="markable_217" span="word_508..word_512" coref_class="set_17"  mmax_level="coref"  nptype="antecedent"  mention="np" />
<markable id="markable_338" span="word_1379" type_of_pronoun="personal"  agreement="they (sg.)"  split="simple antecedent"  coref_class="set_111"  mmax_level="coref"  position="it (subject)"  type="anaphoric"  antetype="entity"  mention="pronoun" />
<markable id="markable_459" span="word_2510..word_2511" coref_class="set_152"  mmax_level="coref"  nptype="antecedent"  mention="np" />
<markable id="markable_219" span="word_542..word_543" coref_class="set_18"  mmax_level="coref"  nptype="antecedent"  mention="np" />
<markable id="markable_470" span="word_2641" type_of_pronoun="demonstrative"  split="simple antecedent"  agreement="none"  coref_class="set_157"  mmax_level="coref"  position="it (subject)"  type="anaphoric"  mention="pronoun"  antetype="event" />
<markable id="markable_591" span="word_3856" type_of_pronoun="possessive"  split="simple antecedent"  agreement="they (sg.)"  coref_class="set_255"  mmax_level="coref"  position="it (non-subject)"  type="anaphoric"  mention="pronoun"  antetype="entity" />
<markable id="markable_590" span="word_3854" type_of_pronoun="personal"  split="simple antecedent"  agreement="they (sg.)"  coref_class="set_255"  mmax_level="coref"  position="it (subject)"  type="anaphoric"  mention="pronoun"  antetype="entity" />
<markable id="markable_230" span="word_645..word_646" npmod="demonstrative"  split="simple antecedent"  coref_class="set_25"  mmax_level="coref"  anacata="anaphoric"  nptype="np"  antetype="entity"  mention="np" />
<markable id="markable_351" span="word_1434" type_of_pronoun="possessive"  agreement="they (sg.)"  split="simple antecedent"  coref_class="set_111"  mmax_level="coref"  position="it (subject)"  type="anaphoric"  antetype="entity"  mention="pronoun" />
<markable id="markable_472" span="word_2646" type_of_pronoun="personal"  split="simple antecedent"  agreement="they (pl.)"  coref_class="set_160"  mmax_level="coref"  position="it (subject)"  type="anaphoric"  mention="pronoun"  antetype="entity" />
<markable id="markable_593" span="word_3865" type_of_pronoun="demonstrative"  split="simple antecedent"  agreement="none"  coref_class="set_223"  mmax_level="coref"  position="it (subject)"  type="anaphoric"  mention="pronoun"  antetype="event" />
<markable id="markable_350" span="word_1428" type_of_pronoun="possessive"  agreement="they (sg.)"  split="simple antecedent"  coref_class="set_111"  mmax_level="coref"  position="it (non-subject)"  type="anaphoric"  antetype="entity"  mention="pronoun" />
<markable id="markable_471" span="word_2611..word_2632" coref_class="set_157"  mmax_level="coref"  clausetype="antecedent"  mention="clause" />
<markable id="markable_592" span="word_3862" type_of_pronoun="personal"  split="simple antecedent"  agreement="they (sg.)"  coref_class="set_232"  mmax_level="coref"  position="it (subject)"  type="anaphoric"  mention="pronoun"  antetype="entity" />
<markable id="markable_236" span="word_720..word_721" coref_class="set_26"  mmax_level="coref"  nptype="antecedent"  mention="np" />
<markable id="markable_357" span="word_1539" type_of_pronoun="personal"  agreement="they (sg.)"  split="simple antecedent"  coref_class="set_99"  mmax_level="coref"  position="it (subject)"  type="anaphoric"  antetype="entity"  mention="pronoun" />
<markable id="markable_478" span="word_2702" type_of_pronoun="personal"  split="simple antecedent"  agreement="they (sg.)"  coref_class="set_161"  mmax_level="coref"  position="it (subject)"  type="anaphoric"  mention="pronoun"  antetype="entity" />
<markable id="markable_599" span="word_3882" type_of_pronoun="personal"  split="simple antecedent"  agreement="they (sg.)"  coref_class="set_255"  mmax_level="coref"  position="it (subject)"  type="anaphoric"  mention="pronoun"  antetype="entity" />
<markable id="markable_235" span="word_681" type_of_pronoun="reflexive"  agreement="they (sg.)"  split="simple antecedent"  coref_class="set_25"  mmax_level="coref"  position="it (non-subject)"  type="anaphoric"  antetype="entity"  mention="pronoun" />
<markable id="markable_356" span="word_1506" type_of_pronoun="personal"  agreement="they (sg.)"  split="simple antecedent"  coref_class="set_99"  mmax_level="coref"  position="it (subject)"  type="anaphoric"  antetype="entity"  mention="pronoun" />
<markable id="markable_477" span="word_2696..word_2699" coref_class="set_161"  mmax_level="coref"  nptype="antecedent"  mention="np" />
<markable id="markable_598" span="word_3856..word_3857" coref_class="set_226"  mmax_level="coref"  nptype="antecedent"  mention="np" />
<markable id="markable_238" span="word_731" type_of_pronoun="possessive"  agreement="they (pl.)"  split="simple antecedent"  coref_class="set_26"  mmax_level="coref"  position="it (non-subject)"  type="anaphoric"  antetype="entity"  mention="pronoun" />
<markable id="markable_359" span="word_1603" type_of_pronoun="personal"  agreement="they (sg.)"  split="simple antecedent"  coref_class="set_99"  mmax_level="coref"  position="it (subject)"  type="anaphoric"  antetype="entity"  mention="pronoun" />
<markable id="markable_237" span="word_725" type_of_pronoun="demonstrative"  agreement="they (pl.)"  split="simple antecedent"  coref_class="set_26"  mmax_level="coref"  position="it (subject)"  type="anaphoric"  antetype="entity"  mention="pronoun" />
<markable id="markable_358" span="word_1578" type_of_pronoun="personal"  agreement="they (sg.)"  split="simple antecedent"  coref_class="set_99"  mmax_level="coref"  position="it (non-subject)"  type="anaphoric"  antetype="entity"  mention="pronoun" />
<markable id="markable_479" span="word_2715" type_of_pronoun="relative"  split="simple antecedent"  agreement="they (sg.)"  coref_class="set_162"  mmax_level="coref"  position="it (subject)"  type="anaphoric"  mention="pronoun"  antetype="entity" />
<markable id="markable_232" span="word_670" type_of_pronoun="personal"  agreement="they (sg.)"  split="simple antecedent"  coref_class="set_36"  mmax_level="coref"  position="it (subject)"  type="anaphoric"  antetype="entity"  mention="pronoun" />
<markable id="markable_353" span="word_1434..word_1435" coref_class="set_99"  mmax_level="coref"  nptype="antecedent"  mention="np" />
<markable id="markable_474" span="word_2656" type_of_pronoun="personal"  split="simple antecedent"  agreement="they (pl.)"  coref_class="set_160"  mmax_level="coref"  position="it (subject)"  type="anaphoric"  mention="pronoun"  antetype="entity" />
<markable id="markable_595" span="word_3870" type_of_pronoun="personal"  split="simple antecedent"  agreement="they (sg.)"  coref_class="set_255"  mmax_level="coref"  position="it (subject)"  type="anaphoric"  mention="pronoun"  antetype="entity" />
<markable id="markable_231" span="word_651" type_of_pronoun="personal"  agreement="they (sg.)"  split="simple antecedent"  coref_class="set_36"  mmax_level="coref"  position="it (subject)"  type="anaphoric"  antetype="entity"  mention="pronoun" />
<markable id="markable_352" span="word_1442" type_of_pronoun="personal"  agreement="they (sg.)"  split="simple antecedent"  coref_class="set_99"  mmax_level="coref"  position="it (subject)"  type="anaphoric"  antetype="entity"  mention="pronoun" />
<markable id="markable_473" span="word_2593" coref_class="set_160"  mmax_level="coref"  nptype="antecedent"  mention="np" />
<markable id="markable_594" span="word_3856..word_3860" coref_class="set_223"  vptype="antecedent"  mmax_level="coref"  mention="vp" />
<markable id="markable_234" span="word_695" type_of_pronoun="personal"  agreement="they (sg.)"  split="simple antecedent"  coref_class="set_25"  mmax_level="coref"  position="it (non-subject)"  type="anaphoric"  antetype="entity"  mention="pronoun" />
<markable id="markable_355" span="word_1454" type_of_pronoun="personal"  agreement="they (sg.)"  split="simple antecedent"  coref_class="set_99"  mmax_level="coref"  position="it (subject)"  type="anaphoric"  antetype="entity"  mention="pronoun" />
<markable id="markable_476" span="word_2694" coref_class="empty"  mmax_level="coref"  type="pleonastic"  mention="pronoun" />
<markable id="markable_597" span="word_3876" type_of_pronoun="personal"  split="simple antecedent"  agreement="they (sg.)"  coref_class="set_255"  mmax_level="coref"  position="it (subject)"  type="anaphoric"  mention="pronoun"  antetype="entity" />
<markable id="markable_233" span="word_677" type_of_pronoun="personal"  agreement="they (sg.)"  split="simple antecedent"  coref_class="set_25"  mmax_level="coref"  position="it (non-subject)"  type="anaphoric"  antetype="entity"  mention="pronoun" />
<markable id="markable_354" span="word_1448" type_of_pronoun="personal"  agreement="they (sg.)"  split="simple antecedent"  coref_class="set_111"  mmax_level="coref"  position="it (subject)"  type="anaphoric"  antetype="entity"  mention="pronoun" />
<markable id="markable_475" span="word_2662" type_of_pronoun="personal"  split="simple antecedent"  agreement="they (pl.)"  coref_class="set_160"  mmax_level="coref"  position="it (non-subject)"  type="anaphoric"  mention="pronoun"  antetype="entity" />
<markable id="markable_596" span="word_3877" type_of_pronoun="personal"  split="simple antecedent"  agreement="they (pl.)"  coref_class="set_226"  mmax_level="coref"  position="it (non-subject)"  type="anaphoric"  mention="pronoun"  antetype="entity" />
<markable id="markable_229" span="word_605..word_607" coref_class="set_25"  mmax_level="coref"  nptype="antecedent"  mention="np" />
<markable id="markable_228" span="word_636" type_of_pronoun="personal"  agreement="they (sg.)"  split="simple antecedent"  coref_class="set_36"  mmax_level="coref"  position="it (subject)"  type="anaphoric"  antetype="entity"  mention="pronoun" />
<markable id="markable_349" span="word_1427" type_of_pronoun="relative"  agreement="they (sg.)"  split="simple antecedent"  coref_class="set_90"  mmax_level="coref"  position="it (subject)"  type="anaphoric"  antetype="entity"  mention="pronoun" />
<markable id="markable_360" span="word_1624" coref_class="set_100"  mmax_level="coref"  nptype="antecedent"  mention="np" />
<markable id="markable_481" span="word_2709" coref_class="set_165"  mmax_level="coref"  nptype="antecedent"  mention="np" />
<markable id="markable_480" span="word_2711..word_2712" coref_class="set_162"  mmax_level="coref"  nptype="antecedent"  mention="np" />
<markable id="markable_241" span="word_747" type_of_pronoun="reflexive"  agreement="they (sg.)"  split="simple antecedent"  coref_class="set_28"  mmax_level="coref"  position="it (non-subject)"  type="anaphoric"  antetype="entity"  mention="pronoun" />
<markable id="markable_362" span="word_1643..word_1644" coref_class="set_113"  mmax_level="coref"  nptype="antecedent"  mention="np" />
<markable id="markable_483" span="word_2721" type_of_pronoun="personal"  split="simple antecedent"  agreement="they (pl.)"  coref_class="set_165"  mmax_level="coref"  position="it (subject)"  type="anaphoric"  mention="pronoun"  antetype="entity" />
<markable id="markable_240" span="word_736..word_738" npmod="demonstrative"  split="simple antecedent"  coref_class="set_28"  mmax_level="coref"  anacata="anaphoric"  nptype="np"  antetype="entity"  mention="np" />
<markable id="markable_361" span="word_1634" type_of_pronoun="possessive"  agreement="they (sg.)"  split="simple antecedent"  coref_class="set_100"  mmax_level="coref"  position="it (subject)"  type="anaphoric"  antetype="entity"  mention="pronoun" />
<markable id="markable_482" span="word_2716" type_of_pronoun="personal"  split="simple antecedent"  agreement="they (pl.)"  coref_class="set_165"  mmax_level="coref"  position="it (subject)"  type="anaphoric"  mention="pronoun"  antetype="entity" />
<markable id="markable_247" span="word_775..word_777" npmod="demonstrative"  split="simple antecedent"  coref_class="set_33"  mmax_level="coref"  anacata="anaphoric"  nptype="np"  antetype="entity"  mention="np" />
<markable id="markable_368" span="word_1521" type_of_pronoun="personal"  agreement="they (sg.)"  split="simple antecedent"  coref_class="set_111"  mmax_level="coref"  position="it (non-subject)"  type="anaphoric"  antetype="entity"  mention="pronoun" />
<markable id="markable_489" span="word_2747" type_of_pronoun="relative"  split="simple antecedent"  agreement="they (pl.)"  coref_class="set_167"  mmax_level="coref"  position="it (subject)"  type="anaphoric"  mention="pronoun"  antetype="entity" />
<markable id="markable_246" span="word_750..word_752" coref_class="set_33"  mmax_level="coref"  nptype="antecedent"  mention="np" />
<markable id="markable_367" span="word_1503" type_of_pronoun="personal"  agreement="they (sg.)"  split="simple antecedent"  coref_class="set_111"  mmax_level="coref"  position="it (non-subject)"  type="anaphoric"  antetype="entity"  mention="pronoun" />
<markable id="markable_488" span="word_2744..word_2745" coref_class="set_167"  mmax_level="coref"  nptype="antecedent"  mention="np" />
<markable id="markable_249" span="word_791..word_792" npmod="demonstrative"  split="simple antecedent"  coref_class="set_36"  mmax_level="coref"  anacata="anaphoric"  nptype="np"  antetype="entity"  mention="np" />
<markable id="markable_248" span="word_784" type_of_pronoun="reflexive"  agreement="they (pl.)"  split="simple antecedent"  coref_class="set_33"  mmax_level="coref"  position="it (non-subject)"  type="anaphoric"  antetype="entity"  mention="pronoun" />
<markable id="markable_369" span="word_1531" type_of_pronoun="personal"  agreement="they (sg.)"  split="simple antecedent"  coref_class="set_111"  mmax_level="coref"  position="it (non-subject)"  type="anaphoric"  antetype="entity"  mention="pronoun" />
<markable id="markable_243" span="word_757..word_758" npmod="demonstrative"  split="simple antecedent"  coref_class="set_31"  mmax_level="coref"  anacata="anaphoric"  nptype="np"  antetype="entity"  mention="np" />
<markable id="markable_364" span="word_1460..word_1461" coref_class="set_101"  mmax_level="coref"  nptype="antecedent"  mention="np" />
<markable id="markable_485" span="word_2733..word_2734" coref_class="set_166"  mmax_level="coref"  nptype="antecedent"  mention="np" />
<markable id="markable_242" span="word_754..word_755" coref_class="set_31"  mmax_level="coref"  nptype="antecedent"  mention="np" />
<markable id="markable_363" span="word_1460" type_of_pronoun="possessive"  agreement="they (sg.)"  split="simple antecedent"  coref_class="set_111"  mmax_level="coref"  position="it (non-subject)"  type="anaphoric"  antetype="entity"  mention="pronoun" />
<markable id="markable_484" span="word_2731" type_of_pronoun="personal"  split="simple antecedent"  agreement="they (pl.)"  coref_class="set_165"  mmax_level="coref"  position="it (subject)"  type="anaphoric"  mention="pronoun"  antetype="entity" />
<markable id="markable_245" span="word_769" type_of_pronoun="possessive"  agreement="they (pl.)"  split="simple antecedent"  coref_class="set_31"  mmax_level="coref"  position="it (non-subject)"  type="anaphoric"  antetype="entity"  mention="pronoun" />
<markable id="markable_366" span="word_1487" type_of_pronoun="personal"  agreement="they (sg.)"  split="simple antecedent"  coref_class="set_111"  mmax_level="coref"  position="it (subject)"  type="anaphoric"  antetype="entity"  mention="pronoun" />
<markable id="markable_487" span="word_2739" type_of_pronoun="personal"  split="simple antecedent"  agreement="they (sg.)"  coref_class="set_166"  mmax_level="coref"  position="it (subject)"  type="anaphoric"  mention="pronoun"  antetype="entity" />
<markable id="markable_244" span="word_763" type_of_pronoun="possessive"  agreement="they (pl.)"  split="simple antecedent"  coref_class="set_31"  mmax_level="coref"  position="it (subject)"  type="anaphoric"  antetype="entity"  mention="pronoun" />
<markable id="markable_365" span="word_1463" type_of_pronoun="relative"  agreement="they (sg.)"  split="simple antecedent"  coref_class="set_101"  mmax_level="coref"  position="it (subject)"  type="anaphoric"  antetype="entity"  mention="pronoun" />
<markable id="markable_486" span="word_2738" type_of_pronoun="relative"  split="simple antecedent"  agreement="they (sg.)"  coref_class="set_166"  mmax_level="coref"  position="it (non-subject)"  type="anaphoric"  mention="pronoun"  antetype="entity" />
<markable id="markable_239" span="word_716..word_719" coref_class="set_28"  mmax_level="coref"  nptype="antecedent"  mention="np" />
<markable id="markable_250" span="word_796" type_of_pronoun="relative"  agreement="they (sg.)"  split="simple antecedent"  coref_class="set_36"  mmax_level="coref"  position="it (subject)"  type="anaphoric"  antetype="entity"  mention="pronoun" />
<markable id="markable_371" span="word_1553" type_of_pronoun="personal"  agreement="they (sg.)"  split="simple antecedent"  coref_class="set_111"  mmax_level="coref"  position="it (subject)"  type="anaphoric"  antetype="entity"  mention="pronoun" />
<markable id="markable_492" span="word_2786" type_of_pronoun="personal"  split="simple antecedent"  agreement="none"  coref_class="set_171"  mmax_level="coref"  position="it (subject)"  type="anaphoric"  mention="pronoun"  antetype="entity" />
<markable id="markable_370" span="word_1535" type_of_pronoun="personal"  agreement="they (sg.)"  split="simple antecedent"  coref_class="set_111"  mmax_level="coref"  position="it (non-subject)"  type="anaphoric"  antetype="entity"  mention="pronoun" />
<markable id="markable_491" span="word_2756..word_2757" coref_class="set_171"  mmax_level="coref"  nptype="antecedent"  mention="np" />
<markable id="markable_252" span="word_817..word_818" coref_class="set_38"  mmax_level="coref"  nptype="antecedent"  mention="np" />
<markable id="markable_373" span="word_1570" type_of_pronoun="possessive"  agreement="they (sg.)"  split="simple antecedent"  coref_class="set_111"  mmax_level="coref"  position="it (non-subject)"  type="anaphoric"  antetype="entity"  mention="pronoun" />
<markable id="markable_494" span="word_2796" type_of_pronoun="personal"  split="simple antecedent"  agreement="none"  coref_class="set_171"  mmax_level="coref"  position="it (non-subject)"  type="anaphoric"  mention="pronoun"  antetype="entity" />
<markable id="markable_251" span="word_799" type_of_pronoun="possessive"  agreement="they (sg.)"  split="simple antecedent"  coref_class="set_36"  mmax_level="coref"  position="it (non-subject)"  type="anaphoric"  antetype="entity"  mention="pronoun" />
<markable id="markable_372" span="word_1567" type_of_pronoun="personal"  agreement="they (sg.)"  split="simple antecedent"  coref_class="set_111"  mmax_level="coref"  position="it (subject)"  type="anaphoric"  antetype="entity"  mention="pronoun" />
<markable id="markable_493" span="word_2792" type_of_pronoun="possessive"  split="simple antecedent"  agreement="none"  coref_class="set_171"  mmax_level="coref"  position="it (non-subject)"  type="anaphoric"  mention="pronoun"  antetype="entity" />
<markable id="markable_490" span="word_2774" type_of_pronoun="personal"  split="simple antecedent"  agreement="they (sg.)"  coref_class="set_171"  mmax_level="coref"  position="it (non-subject)"  type="anaphoric"  mention="pronoun"  antetype="entity" />
<markable id="markable_258" span="word_860" type_of_pronoun="possessive"  agreement="they (pl.)"  split="simple antecedent"  coref_class="set_40"  mmax_level="coref"  position="it (non-subject)"  type="anaphoric"  antetype="entity"  mention="pronoun" />
<markable id="markable_379" span="word_1649" type_of_pronoun="personal"  agreement="they (sg.)"  split="simple antecedent"  coref_class="set_114"  mmax_level="coref"  position="it (subject)"  type="anaphoric"  antetype="entity"  mention="pronoun" />
<markable id="markable_257" span="word_858" coref_class="set_40"  mmax_level="coref"  nptype="antecedent"  mention="np" />
<markable id="markable_378" span="word_1648" type_of_pronoun="relative"  agreement="they (pl.)"  split="simple antecedent"  coref_class="set_113"  mmax_level="coref"  position="it (subject)"  type="anaphoric"  antetype="entity"  mention="pronoun" />
<markable id="markable_499" span="word_2814" split="simple antecedent"  coref_class="set_173"  mmax_level="coref"  type="nom substitution"  mention="pronoun"  antetype="entity" />
<markable id="markable_259" span="word_880" coref_class="set_41"  mmax_level="coref"  nptype="antecedent"  mention="np" />
<markable id="markable_254" span="word_821" type_of_pronoun="reflexive"  agreement="they (sg.)"  split="simple antecedent"  coref_class="set_38"  mmax_level="coref"  position="it (non-subject)"  type="anaphoric"  antetype="entity"  mention="pronoun" />
<markable id="markable_375" span="word_1614" type_of_pronoun="personal"  agreement="they (sg.)"  split="simple antecedent"  coref_class="set_111"  mmax_level="coref"  position="it (non-subject)"  type="anaphoric"  antetype="entity"  mention="pronoun" />
<markable id="markable_496" span="word_2792..word_2793" coref_class="set_172"  mmax_level="coref"  nptype="antecedent"  mention="np" />
<markable id="markable_253" span="word_820" type_of_pronoun="relative"  agreement="they (sg.)"  split="simple antecedent"  coref_class="set_38"  mmax_level="coref"  position="it (subject)"  type="anaphoric"  antetype="entity"  mention="pronoun" />
<markable id="markable_374" span="word_1589" type_of_pronoun="personal"  agreement="they (sg.)"  split="simple antecedent"  coref_class="set_111"  mmax_level="coref"  position="it (non-subject)"  type="anaphoric"  antetype="entity"  mention="pronoun" />
<markable id="markable_495" span="word_2800" type_of_pronoun="personal"  split="simple antecedent"  agreement="none"  coref_class="set_171"  mmax_level="coref"  position="it (subject)"  type="anaphoric"  mention="pronoun"  antetype="entity" />
<markable id="markable_256" span="word_830" type_of_pronoun="relative"  agreement="they (sg.)"  split="simple antecedent"  coref_class="set_39"  mmax_level="coref"  position="it (subject)"  type="anaphoric"  antetype="entity"  mention="pronoun" />
<markable id="markable_377" span="word_1620" type_of_pronoun="demonstrative"  agreement="none"  split="simple antecedent"  coref_class="set_112"  mmax_level="coref"  position="it (subject)"  type="anaphoric"  antetype="event"  mention="pronoun" />
<markable id="markable_498" span="word_2810..word_2812" coref_class="set_173"  mmax_level="coref"  nptype="antecedent"  mention="np" />
<markable id="markable_255" span="word_827..word_828" coref_class="set_39"  mmax_level="coref"  nptype="antecedent"  mention="np" />
<markable id="markable_376" span="word_1612..word_1618" coref_class="set_112"  mmax_level="coref"  clausetype="antecedent"  mention="clause" />
<markable id="markable_497" span="word_2805" type_of_pronoun="personal"  split="simple antecedent"  agreement="they (sg.)"  coref_class="set_172"  mmax_level="coref"  position="it (non-subject)"  type="anaphoric"  mention="pronoun"  antetype="entity" />
<markable id="markable_261" span="word_894..word_895" split="simple antecedent"  coref_class="set_43"  mmax_level="coref"  type="nom substitution"  antetype="entity"  mention="pronoun" />
<markable id="markable_382" span="word_1686..word_1688" coref_class="set_115"  mmax_level="coref"  nptype="antecedent"  mention="np" />
<markable id="markable_260" span="word_882" type_of_pronoun="relative"  agreement="they (pl.)"  split="simple antecedent"  coref_class="set_41"  mmax_level="coref"  position="it (subject)"  type="anaphoric"  antetype="entity"  mention="pronoun" />
<markable id="markable_381" span="word_1668" coref_class="empty"  mmax_level="coref"  type="extratextual reference"  mention="pronoun" />
<markable id="markable_263" span="word_907" type_of_pronoun="personal"  agreement="they (pl.)"  split="simple antecedent"  coref_class="set_43"  mmax_level="coref"  position="it (non-subject)"  type="anaphoric"  antetype="entity"  mention="pronoun" />
<markable id="markable_384" span="word_1747" type_of_pronoun="personal"  agreement="they (sg.)"  split="simple antecedent"  coref_class="set_117"  mmax_level="coref"  position="it (subject)"  type="anaphoric"  antetype="entity"  mention="pronoun" />
<markable id="markable_262" span="word_867" coref_class="set_43"  mmax_level="coref"  nptype="antecedent"  mention="np" />
<markable id="markable_383" span="word_1690" type_of_pronoun="personal"  agreement="they (sg.)"  split="simple antecedent"  coref_class="set_115"  mmax_level="coref"  position="it (subject)"  type="anaphoric"  antetype="entity"  mention="pronoun" />
<markable id="markable_380" span="word_1628..word_1629" coref_class="set_114"  mmax_level="coref"  nptype="antecedent"  mention="np" />
<markable id="markable_269" span="word_980" type_of_pronoun="demonstrative"  agreement="they (pl.)"  split="simple antecedent"  coref_class="set_47"  mmax_level="coref"  position="it (non-subject)"  type="anaphoric"  antetype="entity"  mention="pronoun" />
<markable id="markable_268" span="word_972" type_of_pronoun="relative"  agreement="they (pl.)"  split="simple antecedent"  coref_class="set_47"  mmax_level="coref"  position="it (subject)"  type="anaphoric"  antetype="entity"  mention="pronoun" />
<markable id="markable_389" span="word_1831" coref_class="set_119"  mmax_level="coref"  nptype="antecedent"  mention="np" />
<markable id="markable_265" span="word_944..word_963" coref_class="set_44"  mmax_level="coref"  clausetype="antecedent"  mention="clause" />
<markable id="markable_386" span="word_1719..word_1721" coref_class="set_117"  mmax_level="coref"  nptype="antecedent"  mention="np" />
<markable id="markable_264" span="word_940" agreement="none"  split="simple antecedent"  coref_class="set_44"  mmax_level="coref"  position="it (non-subject)"  type="cataphoric"  antetype="event"  mention="pronoun" />
<markable id="markable_385" span="word_1757" type_of_pronoun="personal"  agreement="they (sg.)"  split="simple antecedent"  coref_class="set_117"  mmax_level="coref"  position="it (subject)"  type="anaphoric"  antetype="entity"  mention="pronoun" />
<markable id="markable_267" span="word_968..word_970" split="simple antecedent"  coref_class="set_46"  comparative="gen"  mmax_level="coref"  nptype="comparative"  antetype="entity"  mention="np" />
<markable id="markable_388" span="word_1793" type_of_pronoun="relative"  agreement="they (sg.)"  split="simple antecedent"  coref_class="set_118"  mmax_level="coref"  position="it (non-subject)"  type="anaphoric"  antetype="entity"  mention="pronoun" />
<markable id="markable_266" span="word_852..word_853" coref_class="set_46"  mmax_level="coref"  nptype="antecedent"  mention="np" />
<markable id="markable_387" span="word_1788..word_1790" coref_class="set_118"  mmax_level="coref"  nptype="antecedent"  mention="np" />
<markable id="markable_272" span="word_998" type_of_pronoun="demonstrative"  agreement="they (pl.)"  split="simple antecedent"  coref_class="set_48"  mmax_level="coref"  position="it (subject)"  type="anaphoric"  antetype="entity"  mention="pronoun" />
<markable id="markable_393" span="word_1859..word_1860" coref_class="set_122"  mmax_level="coref"  nptype="antecedent"  mention="np" />
<markable id="markable_271" span="word_984..word_985" coref_class="set_48"  mmax_level="coref"  nptype="antecedent"  mention="np" />
<markable id="markable_392" span="word_1855" type_of_pronoun="personal"  agreement="they (pl.)"  split="simple antecedent"  coref_class="set_120"  mmax_level="coref"  position="it (non-subject)"  type="anaphoric"  antetype="entity"  mention="pronoun" />
<markable id="markable_274" span="word_1002" type_of_pronoun="relative"  agreement="they (pl.)"  split="simple antecedent"  coref_class="set_51"  mmax_level="coref"  position="it (subject)"  type="anaphoric"  antetype="entity"  mention="pronoun" />
<markable id="markable_395" span="word_1868" type_of_pronoun="relative"  agreement="they (sg.)"  split="simple antecedent"  coref_class="set_122"  mmax_level="coref"  position="it (subject)"  type="anaphoric"  antetype="entity"  mention="pronoun" />
<markable id="markable_273" span="word_1000" coref_class="set_51"  mmax_level="coref"  nptype="antecedent"  mention="np" />
<markable id="markable_394" span="word_1862" type_of_pronoun="relative"  agreement="they (sg.)"  split="simple antecedent"  coref_class="set_122"  mmax_level="coref"  position="it (non-subject)"  type="anaphoric"  antetype="entity"  mention="pronoun" />
<markable id="markable_270" span="word_968..word_970" coref_class="set_47"  mmax_level="coref"  nptype="antecedent"  mention="np" />
<markable id="markable_391" span="word_1843..word_1846" coref_class="set_120"  mmax_level="coref"  nptype="antecedent"  mention="np" />
<markable id="markable_390" span="word_1835" type_of_pronoun="relative"  agreement="they (sg.)"  split="simple antecedent"  coref_class="set_119"  mmax_level="coref"  position="it (subject)"  type="anaphoric"  antetype="entity"  mention="pronoun" />
<markable id="markable_279" span="word_1046" type_of_pronoun="personal"  agreement="they (sg.)"  split="simple antecedent"  coref_class="set_52"  mmax_level="coref"  position="it (non-subject)"  type="anaphoric"  antetype="entity"  mention="pronoun" />
<markable id="markable_276" span="word_1008" type_of_pronoun="relative"  agreement="they (pl.)"  split="simple antecedent"  coref_class="set_51"  mmax_level="coref"  position="it (subject)"  type="anaphoric"  antetype="entity"  mention="pronoun" />
<markable id="markable_397" span="word_1879" type_of_pronoun="relative"  agreement="they (sg.)"  split="simple antecedent"  coref_class="set_122"  mmax_level="coref"  position="it (non-subject)"  type="anaphoric"  antetype="entity"  mention="pronoun" />
<markable id="markable_275" span="word_1003" type_of_pronoun="possessive"  agreement="they (sg.)"  split="simple antecedent"  coref_class="set_51"  mmax_level="coref"  position="it (non-subject)"  type="anaphoric"  antetype="entity"  mention="pronoun" />
<markable id="markable_396" span="word_1877" split="simple antecedent"  coref_class="set_122"  mmax_level="coref"  type="nom substitution"  antetype="entity"  mention="pronoun" />
<markable id="markable_278" span="word_1041..word_1042" coref_class="set_52"  mmax_level="coref"  nptype="antecedent"  mention="np" />
<markable id="markable_399" span="word_1891" type_of_pronoun="relative"  agreement="they (pl.)"  split="simple antecedent"  coref_class="set_123"  mmax_level="coref"  position="it (subject)"  type="anaphoric"  antetype="entity"  mention="pronoun" />
<markable id="markable_277" span="word_1020..word_1021" npmod="demonstrative"  split="simple antecedent"  coref_class="set_48"  mmax_level="coref"  anacata="anaphoric"  nptype="np"  antetype="entity"  mention="np" />
<markable id="markable_398" span="word_1888..word_1889" coref_class="set_123"  mmax_level="coref"  nptype="antecedent"  mention="np" />
<markable id="markable_601" span="word_3857,word_3860" coref_class="set_228"  vptype="antecedent"  mmax_level="coref"  mention="vp" />
<markable id="markable_600" span="word_3883" type_of_pronoun="demonstrative"  split="simple antecedent"  agreement="none"  coref_class="set_228"  mmax_level="coref"  position="it (non-subject)"  type="anaphoric"  mention="pronoun"  antetype="event" />
<markable id="markable_610" span="word_3959" type_of_pronoun="possessive"  split="simple antecedent"  agreement="they (pl.)"  coref_class="set_234"  mmax_level="coref"  position="it (non-subject)"  type="anaphoric"  mention="pronoun"  antetype="entity" />
<markable id="markable_612" span="word_3962..word_3965" coref_class="set_235"  mmax_level="coref"  nptype="antecedent"  mention="np" />
<markable id="markable_611" span="word_3971" type_of_pronoun="possessive"  split="simple antecedent"  agreement="they (pl.)"  coref_class="set_235"  mmax_level="coref"  position="it (non-subject)"  type="anaphoric"  mention="pronoun"  antetype="entity" />
<markable id="markable_607" span="word_3910" type_of_pronoun="personal"  split="simple antecedent"  agreement="they (sg.)"  coref_class="set_232"  mmax_level="coref"  position="it (subject)"  type="anaphoric"  mention="pronoun"  antetype="entity" />
<markable id="markable_606" span="word_3900" type_of_pronoun="personal"  split="simple antecedent"  agreement="they (sg.)"  coref_class="set_255"  mmax_level="coref"  position="it (subject)"  type="anaphoric"  mention="pronoun"  antetype="entity" />
<markable id="markable_609" span="word_3957" coref_class="set_234"  mmax_level="coref"  nptype="antecedent"  mention="np" />
<markable id="markable_608" span="word_3921" type_of_pronoun="personal"  split="simple antecedent"  agreement="they (sg.)"  coref_class="set_232"  mmax_level="coref"  position="it (subject)"  type="anaphoric"  mention="pronoun"  antetype="entity" />
<markable id="markable_603" span="word_3888" type_of_pronoun="personal"  split="simple antecedent"  agreement="they (sg.)"  coref_class="set_232"  mmax_level="coref"  position="it (subject)"  type="anaphoric"  mention="pronoun"  antetype="entity" />
<markable id="markable_602" span="word_3860" type_of_pronoun="personal"  agreement="none"  coref_class="empty"  mmax_level="coref"  position="none"  type="antecedent"  mention="pronoun" />
<markable id="markable_605" span="word_3875..word_3885" coref_class="set_230"  mmax_level="coref"  clausetype="antecedent"  mention="clause" />
<markable id="markable_604" span="word_3895" type_of_pronoun="demonstrative"  split="simple antecedent"  agreement="none"  coref_class="set_230"  mmax_level="coref"  position="it (non-subject)"  type="anaphoric"  mention="pronoun"  antetype="event" />
<markable id="markable_500" span="word_2816" split="simple antecedent"  coref_class="set_173"  mmax_level="coref"  type="nom substitution"  mention="pronoun"  antetype="entity" />
<markable id="markable_621" span="word_4049" type_of_pronoun="personal"  split="simple antecedent"  agreement="they (pl.)"  coref_class="set_245"  mmax_level="coref"  position="it (subject)"  type="anaphoric"  mention="pronoun"  antetype="entity" />
<markable id="markable_620" span="word_4042" type_of_pronoun="possessive"  split="simple antecedent"  agreement="they (sg.)"  coref_class="set_255"  mmax_level="coref"  position="it (non-subject)"  type="anaphoric"  mention="pronoun"  antetype="entity" />
<markable id="markable_502" span="word_2865" type_of_pronoun="personal"  split="simple antecedent"  agreement="they (sg.)"  coref_class="set_183"  mmax_level="coref"  position="it (non-subject)"  type="anaphoric"  mention="pronoun"  antetype="entity" />
<markable id="markable_623" span="word_4055" type_of_pronoun="personal"  split="simple antecedent"  agreement="they (pl.)"  coref_class="set_245"  mmax_level="coref"  position="it (subject)"  type="anaphoric"  mention="pronoun"  antetype="entity" />
<markable id="markable_501" span="word_2853" coref_class="set_183"  mmax_level="coref"  nptype="antecedent"  mention="np" />
<markable id="markable_622" span="word_4050" type_of_pronoun="possessive"  split="simple antecedent"  agreement="they (sg.)"  coref_class="set_255"  mmax_level="coref"  position="it (subject)"  type="anaphoric"  mention="pronoun"  antetype="entity" />
<markable id="markable_618" span="word_4034" type_of_pronoun="personal"  split="simple antecedent"  agreement="they (sg.)"  coref_class="set_255"  mmax_level="coref"  position="it (non-subject)"  type="anaphoric"  mention="pronoun"  antetype="entity" />
<markable id="markable_617" span="word_4032" type_of_pronoun="relative"  split="simple antecedent"  agreement="they (pl.)"  coref_class="set_245"  mmax_level="coref"  position="it (non-subject)"  type="anaphoric"  mention="pronoun"  antetype="entity" />
<markable id="markable_619" span="word_4039" type_of_pronoun="demonstrative"  split="simple antecedent"  agreement="they (pl.)"  coref_class="set_245"  mmax_level="coref"  position="it (subject)"  type="anaphoric"  mention="pronoun"  antetype="entity" />
<markable id="markable_614" span="word_3914..word_3915" type_of_pronoun="personal"  agreement="none"  coref_class="empty"  mmax_level="coref"  position="none"  type="antecedent"  mention="pronoun" />
<markable id="markable_613" span="word_4025" type_of_pronoun="personal"  split="simple antecedent"  agreement="they (sg.)"  coref_class="set_255"  mmax_level="coref"  position="it (subject)"  type="anaphoric"  mention="pronoun"  antetype="entity" />
<markable id="markable_616" span="word_4027..word_4028" npmod="demonstrative"  split="simple antecedent"  coref_class="set_245"  mmax_level="coref"  nptype="np"  anacata="anaphoric"  mention="np"  antetype="entity" />
<markable id="markable_615" span="word_3891..word_3892,word_3914..word_3915" coref_class="set_245"  mmax_level="coref"  nptype="antecedent"  mention="np" />
<markable id="markable_511" span="word_2969" coref_class="set_179"  mmax_level="coref"  nptype="antecedent"  mention="np" />
<markable id="markable_632" span="word_4130..word_4131" coref_class="set_253"  mmax_level="coref"  nptype="antecedent"  mention="np" />
<markable id="markable_510" span="word_2961" type_of_pronoun="personal"  split="simple antecedent"  agreement="they (sg.)"  coref_class="set_190"  mmax_level="coref"  position="it (non-subject)"  type="anaphoric"  mention="pronoun"  antetype="entity" />
<markable id="markable_631" span="word_4120" type_of_pronoun="possessive"  split="simple antecedent"  agreement="they (sg.)"  coref_class="set_255"  mmax_level="coref"  position="it (non-subject)"  type="anaphoric"  mention="pronoun"  antetype="entity" />
<markable id="markable_513" span="word_2977" type_of_pronoun="personal"  split="simple antecedent"  agreement="they (sg.)"  coref_class="set_190"  mmax_level="coref"  position="it (subject)"  type="anaphoric"  mention="pronoun"  antetype="entity" />
<markable id="markable_634" span="word_4143" type_of_pronoun="personal"  split="simple antecedent"  agreement="they (sg.)"  coref_class="set_253"  mmax_level="coref"  position="it (subject)"  type="anaphoric"  mention="pronoun"  antetype="entity" />
<markable id="markable_512" span="word_2971" type_of_pronoun="relative"  split="simple antecedent"  agreement="they (pl.)"  coref_class="set_179"  mmax_level="coref"  position="it (subject)"  type="anaphoric"  mention="pronoun"  antetype="entity" />
<markable id="markable_633" span="word_4141" type_of_pronoun="personal"  split="simple antecedent"  agreement="they (sg.)"  coref_class="set_253"  mmax_level="coref"  position="it (subject)"  type="anaphoric"  mention="pronoun"  antetype="entity" />
<markable id="markable_630" span="word_4119" type_of_pronoun="personal"  split="simple antecedent"  agreement="they (sg.)"  coref_class="set_255"  mmax_level="coref"  position="it (subject)"  type="anaphoric"  mention="pronoun"  antetype="entity" />
<markable id="markable_508" span="word_2929" type_of_pronoun="possessive"  split="simple antecedent"  agreement="they (sg.)"  coref_class="set_183"  mmax_level="coref"  position="it (subject)"  type="anaphoric"  mention="pronoun"  antetype="entity" />
<markable id="markable_629" span="word_4112" type_of_pronoun="possessive"  split="simple antecedent"  agreement="they (sg.)"  coref_class="set_255"  mmax_level="coref"  position="it (subject)"  type="anaphoric"  mention="pronoun"  antetype="entity" />
<markable id="markable_507" span="word_2922" type_of_pronoun="personal"  split="simple antecedent"  agreement="they (sg.)"  coref_class="set_183"  mmax_level="coref"  position="it (non-subject)"  type="anaphoric"  mention="pronoun"  antetype="entity" />
<markable id="markable_628" span="word_4088..word_4089" coref_class="set_249"  mmax_level="coref"  nptype="antecedent"  mention="np" />
<markable id="markable_509" span="word_2945" type_of_pronoun="possessive"  split="simple antecedent"  agreement="they (sg.)"  coref_class="set_183"  mmax_level="coref"  position="it (non-subject)"  type="anaphoric"  mention="pronoun"  antetype="entity" />
<markable id="markable_504" span="word_2888" type_of_pronoun="personal"  split="simple antecedent"  agreement="they (sg.)"  coref_class="set_183"  mmax_level="coref"  position="it (subject)"  type="anaphoric"  mention="pronoun"  antetype="entity" />
<markable id="markable_625" span="word_4064..word_4065" coref_class="set_248"  mmax_level="coref"  nptype="antecedent"  mention="np" />
<markable id="markable_503" span="word_2882" type_of_pronoun="personal"  split="simple antecedent"  agreement="they (sg.)"  coref_class="set_183"  mmax_level="coref"  position="it (non-subject)"  type="anaphoric"  mention="pronoun"  antetype="entity" />
<markable id="markable_624" span="word_4076" type_of_pronoun="personal"  split="simple antecedent"  agreement="they (sg.)"  coref_class="set_255"  mmax_level="coref"  position="it (non-subject)"  type="anaphoric"  mention="pronoun"  antetype="entity" />
<markable id="markable_506" span="word_2914" type_of_pronoun="personal"  split="simple antecedent"  agreement="they (sg.)"  coref_class="set_190"  mmax_level="coref"  position="it (subject)"  type="anaphoric"  mention="pronoun"  antetype="entity" />
<markable id="markable_627" span="word_4107" type_of_pronoun="personal"  split="simple antecedent"  agreement="they (pl.)"  coref_class="set_249"  mmax_level="coref"  position="it (subject)"  type="anaphoric"  mention="pronoun"  antetype="entity" />
<markable id="markable_505" span="word_2901" coref_class="set_190"  mmax_level="coref"  nptype="antecedent"  mention="np" />
<markable id="markable_626" span="word_4067" type_of_pronoun="possessive"  split="simple antecedent"  agreement="they (sg.)"  coref_class="set_248"  mmax_level="coref"  position="it (non-subject)"  type="anaphoric"  mention="pronoun"  antetype="entity" />
<markable id="markable_401" span="word_1912" type_of_pronoun="possessive"  agreement="they (sg.)"  split="simple antecedent"  coref_class="set_128"  mmax_level="coref"  position="it (non-subject)"  type="anaphoric"  antetype="entity"  mention="pronoun" />
<markable id="markable_522" span="word_3066" type_of_pronoun="relative"  split="simple antecedent"  agreement="they (sg.)"  coref_class="set_187"  mmax_level="coref"  position="it (non-subject)"  type="anaphoric"  mention="pronoun"  antetype="entity" />
<markable id="markable_643" span="word_4311..word_4312" coref_class="set_260"  mmax_level="coref"  nptype="antecedent"  mention="np" />
<markable id="markable_400" span="word_1900..word_1905" coref_class="set_128"  mmax_level="coref"  nptype="antecedent"  mention="np" />
<markable id="markable_521" span="word_3062..word_3063" coref_class="set_187"  mmax_level="coref"  nptype="antecedent"  mention="np" />
<markable id="markable_642" span="word_4299" coref_class="empty"  mmax_level="coref"  type="not sure. help!"  mention="pronoun" />
<markable id="markable_403" span="word_1912..word_1914" coref_class="set_126"  mmax_level="coref"  nptype="antecedent"  mention="np" />
<markable id="markable_524" span="word_3074" type_of_pronoun="relative"  split="simple antecedent"  agreement="they (sg.)"  coref_class="set_187"  mmax_level="coref"  position="it (non-subject)"  type="anaphoric"  mention="pronoun"  antetype="entity" />
<markable id="markable_645" span="word_4322" type_of_pronoun="personal"  split="simple antecedent"  agreement="they (pl.)"  coref_class="set_260"  mmax_level="coref"  position="it (subject)"  type="anaphoric"  mention="pronoun"  antetype="entity" />
<markable id="markable_402" span="word_1920" type_of_pronoun="personal"  agreement="they (pl.)"  split="simple antecedent"  coref_class="set_128"  mmax_level="coref"  position="it (subject)"  type="anaphoric"  antetype="entity"  mention="pronoun" />
<markable id="markable_523" span="word_3067" type_of_pronoun="personal"  split="simple antecedent"  agreement="they (pl.)"  coref_class="set_189"  mmax_level="coref"  position="it (subject)"  type="anaphoric"  mention="pronoun"  antetype="entity" />
<markable id="markable_644" span="word_4314" type_of_pronoun="relative"  split="simple antecedent"  agreement="they (pl.)"  coref_class="set_260"  mmax_level="coref"  position="it (non-subject)"  type="anaphoric"  mention="pronoun"  antetype="entity" />
<markable id="markable_520" span="word_3055" type_of_pronoun="personal"  split="simple antecedent"  agreement="they (pl.)"  coref_class="set_189"  mmax_level="coref"  position="it (non-subject)"  type="anaphoric"  mention="pronoun"  antetype="entity" />
<markable id="markable_641" span="word_4271" type_of_pronoun="possessive"  split="simple antecedent"  agreement="they (sg.)"  coref_class="set_258"  mmax_level="coref"  position="it (subject)"  type="anaphoric"  mention="pronoun"  antetype="entity" />
<markable id="markable_640" span="word_4253..word_4254" coref_class="set_258"  mmax_level="coref"  nptype="antecedent"  mention="np" />
<markable id="markable_519" span="word_3041" type_of_pronoun="relative"  split="simple antecedent"  agreement="they (pl.)"  coref_class="set_189"  mmax_level="coref"  position="it (subject)"  type="anaphoric"  mention="pronoun"  antetype="entity" />
<markable id="markable_518" span="word_3038..word_3039" coref_class="set_189"  mmax_level="coref"  nptype="antecedent"  mention="np" />
<markable id="markable_639" span="word_4263" type_of_pronoun="possessive"  split="simple antecedent"  agreement="they (sg.)"  coref_class="set_258"  mmax_level="coref"  position="it (non-subject)"  type="anaphoric"  mention="pronoun"  antetype="entity" />
<markable id="markable_515" span="word_2765..word_2766" coref_class="set_181"  mmax_level="coref"  nptype="antecedent"  mention="np" />
<markable id="markable_636" span="word_4146" type_of_pronoun="personal"  split="simple antecedent"  agreement="they (sg.)"  coref_class="set_255"  mmax_level="coref"  position="it (subject)"  type="anaphoric"  mention="pronoun"  antetype="entity" />
<markable id="markable_514" span="word_2984" type_of_pronoun="personal"  split="simple antecedent"  agreement="they (sg.)"  coref_class="set_181"  mmax_level="coref"  position="it (subject)"  type="anaphoric"  mention="pronoun"  antetype="entity" />
<markable id="markable_635" span="word_4136" type_of_pronoun="personal"  split="simple antecedent"  agreement="they (sg.)"  coref_class="set_255"  mmax_level="coref"  position="it (non-subject)"  type="anaphoric"  mention="pronoun"  antetype="entity" />
<markable id="markable_517" span="word_3022..word_3024" npmod="demonstrative"  split="simple antecedent"  coref_class="set_181"  mmax_level="coref"  nptype="np"  anacata="anaphoric"  mention="np"  antetype="entity" />
<markable id="markable_638" span="word_4172" type_of_pronoun="relative"  split="simple antecedent"  agreement="they (sg.)"  coref_class="set_256"  mmax_level="coref"  position="it (subject)"  type="anaphoric"  mention="pronoun"  antetype="entity" />
<markable id="markable_516" span="word_3017..word_3018" npmod="demonstrative"  split="simple antecedent"  coref_class="set_183"  mmax_level="coref"  nptype="np"  anacata="anaphoric"  mention="np"  antetype="entity" />
<markable id="markable_637" span="word_4169..word_4170" coref_class="set_256"  mmax_level="coref"  nptype="antecedent"  mention="np" />
<markable id="markable_412" span="word_1975..word_1976" npmod="demonstrative"  split="simple antecedent"  coref_class="set_130"  mmax_level="coref"  anacata="anaphoric"  nptype="np"  antetype="entity"  mention="np" />
<markable id="markable_533" span="word_3146..word_3147" coref_class="set_194"  mmax_level="coref"  nptype="antecedent"  mention="np" />
<markable id="markable_411" span="word_1943..word_1945" coref_class="set_130"  mmax_level="coref"  nptype="antecedent"  mention="np" />
<markable id="markable_532" span="word_3168" type_of_pronoun="personal"  split="simple antecedent"  agreement="they (pl.)"  coref_class="set_192"  mmax_level="coref"  position="it (non-subject)"  type="anaphoric"  mention="pronoun"  antetype="entity" />
<markable id="markable_414" span="word_2043" type_of_pronoun="personal"  agreement="they (pl.)"  split="simple antecedent"  coref_class="set_131"  mmax_level="coref"  position="it (subject)"  type="anaphoric"  antetype="entity"  mention="pronoun" />
<markable id="markable_535" span="word_3174" type_of_pronoun="personal"  split="simple antecedent"  agreement="they (pl.)"  coref_class="set_194"  mmax_level="coref"  position="it (subject)"  type="anaphoric"  mention="pronoun"  antetype="entity" />
<markable id="markable_534" span="word_3161" type_of_pronoun="personal"  split="simple antecedent"  agreement="they (pl.)"  coref_class="set_194"  mmax_level="coref"  position="it (subject)"  type="anaphoric"  mention="pronoun"  antetype="entity" />
<markable id="markable_410" span="word_1952" type_of_pronoun="relative"  agreement="they (pl.)"  split="simple antecedent"  coref_class="set_129"  mmax_level="coref"  position="it (subject)"  type="anaphoric"  antetype="entity"  mention="pronoun" />
<markable id="markable_531" span="word_3160" type_of_pronoun="relative"  split="simple antecedent"  agreement="they (pl.)"  coref_class="set_192"  mmax_level="coref"  position="it (subject)"  type="anaphoric"  mention="pronoun"  antetype="entity" />
<markable id="markable_530" span="word_3157" coref_class="set_192"  mmax_level="coref"  nptype="antecedent"  mention="np" />
<markable id="markable_409" span="word_1949..word_1950" coref_class="set_129"  mmax_level="coref"  nptype="antecedent"  mention="np" />
<markable id="markable_408" span="word_1953" type_of_pronoun="personal"  agreement="they (pl.)"  split="simple antecedent"  coref_class="set_128"  mmax_level="coref"  position="it (subject)"  type="anaphoric"  antetype="entity"  mention="pronoun" />
<markable id="markable_529" span="word_3107" coref_class="empty"  mmax_level="coref"  type="pleonastic"  mention="pronoun" />
<markable id="markable_405" span="word_1934" type_of_pronoun="personal"  agreement="they (pl.)"  split="simple antecedent"  coref_class="set_127"  mmax_level="coref"  position="it (subject)"  type="anaphoric"  antetype="entity"  mention="pronoun" />
<markable id="markable_526" span="word_3085" type_of_pronoun="relative"  split="simple antecedent"  agreement="they (sg.)"  coref_class="set_188"  mmax_level="coref"  position="it (non-subject)"  type="anaphoric"  mention="pronoun"  antetype="entity" />
<markable id="markable_647" span="word_4364" type_of_pronoun="personal"  split="simple antecedent"  agreement="they (pl.)"  coref_class="set_260"  mmax_level="coref"  position="it (non-subject)"  type="anaphoric"  mention="pronoun"  antetype="entity" />
<markable id="markable_404" span="word_1928" type_of_pronoun="personal"  agreement="they (sg.)"  split="simple antecedent"  coref_class="set_126"  mmax_level="coref"  position="it (non-subject)"  type="anaphoric"  antetype="entity"  mention="pronoun" />
<markable id="markable_525" span="word_3082..word_3083" coref_class="set_188"  mmax_level="coref"  nptype="antecedent"  mention="np" />
<markable id="markable_646" span="word_4329" type_of_pronoun="possessive"  split="simple antecedent"  agreement="they (pl.)"  coref_class="set_260"  mmax_level="coref"  position="it (non-subject)"  type="anaphoric"  mention="pronoun"  antetype="entity" />
<markable id="markable_407" span="word_1941" type_of_pronoun="personal"  agreement="they (pl.)"  split="simple antecedent"  coref_class="set_128"  mmax_level="coref"  position="it (subject)"  type="anaphoric"  antetype="entity"  mention="pronoun" />
<markable id="markable_528" span="word_3097" type_of_pronoun="personal"  split="simple antecedent"  agreement="they (sg.)"  coref_class="set_190"  mmax_level="coref"  position="it (subject)"  type="anaphoric"  mention="pronoun"  antetype="entity" />
<markable id="markable_406" span="word_1925..word_1926" coref_class="set_127"  mmax_level="coref"  nptype="antecedent"  mention="np" />
<markable id="markable_527" span="word_3086" type_of_pronoun="personal"  split="simple antecedent"  agreement="they (pl.)"  coref_class="set_189"  mmax_level="coref"  position="it (subject)"  type="anaphoric"  mention="pronoun"  antetype="entity" />
<markable id="markable_302" span="word_1210" type_of_pronoun="possessive"  agreement="they (sg.)"  split="simple antecedent"  coref_class="set_65"  mmax_level="coref"  position="it (non-subject)"  type="anaphoric"  antetype="entity"  mention="pronoun" />
<markable id="markable_423" span="word_2148" coref_class="set_135"  mmax_level="coref"  nptype="antecedent"  mention="np" />
<markable id="markable_544" span="word_3298" type_of_pronoun="relative"  split="simple antecedent"  agreement="they (pl.)"  coref_class="set_198"  mmax_level="coref"  position="it (subject)"  type="anaphoric"  mention="pronoun"  antetype="entity" />
<markable id="markable_301" span="word_1198" type_of_pronoun="personal"  agreement="they (sg.)"  split="simple antecedent"  coref_class="set_65"  mmax_level="coref"  position="it (non-subject)"  type="anaphoric"  antetype="entity"  mention="pronoun" />
<markable id="markable_422" span="word_2128" type_of_pronoun="demonstrative"  agreement="none"  split="simple antecedent"  coref_class="set_134"  mmax_level="coref"  position="it (subject)"  type="anaphoric"  antetype="event"  mention="pronoun" />
<markable id="markable_543" span="word_3296" coref_class="set_198"  mmax_level="coref"  nptype="antecedent"  mention="np" />
<markable id="markable_304" span="word_1210..word_1211" coref_class="set_66"  mmax_level="coref"  nptype="antecedent"  mention="np" />
<markable id="markable_425" span="word_2180" type_of_pronoun="personal"  agreement="they (sg.)"  split="simple antecedent"  coref_class="set_135"  mmax_level="coref"  position="it (subject)"  type="anaphoric"  antetype="entity"  mention="pronoun" />
<markable id="markable_546" span="word_3306..word_3310" coref_class="set_199"  mmax_level="coref"  nptype="antecedent"  mention="np" />
<markable id="markable_303" span="word_1213" type_of_pronoun="personal"  agreement="they (sg.)"  split="simple antecedent"  coref_class="set_65"  mmax_level="coref"  position="it (subject)"  type="anaphoric"  antetype="entity"  mention="pronoun" />
<markable id="markable_424" span="word_2158" type_of_pronoun="personal"  agreement="they (sg.)"  split="simple antecedent"  coref_class="set_135"  mmax_level="coref"  position="it (non-subject)"  type="anaphoric"  antetype="entity"  mention="pronoun" />
<markable id="markable_545" span="word_3313" type_of_pronoun="relative"  split="simple antecedent"  agreement="they (sg.)"  coref_class="set_199"  mmax_level="coref"  position="it (subject)"  type="anaphoric"  mention="pronoun"  antetype="entity" />
<markable id="markable_300" span="word_1190" type_of_pronoun="personal"  agreement="they (sg.)"  split="simple antecedent"  coref_class="set_65"  mmax_level="coref"  position="it (subject)"  type="anaphoric"  antetype="entity"  mention="pronoun" />
<markable id="markable_421" span="word_2121..word_2125" coref_class="set_134"  mmax_level="coref"  vptype="antecedent"  mention="vp" />
<markable id="markable_542" span="word_3279" type_of_pronoun="personal"  split="simple antecedent"  agreement="they (pl.)"  coref_class="set_197"  mmax_level="coref"  position="it (subject)"  type="anaphoric"  mention="pronoun"  antetype="entity" />
<markable id="markable_420" span="word_2110" type_of_pronoun="personal"  agreement="they (sg.)"  split="simple antecedent"  coref_class="set_133"  mmax_level="coref"  position="it (non-subject)"  type="anaphoric"  antetype="entity"  mention="pronoun" />
<markable id="markable_541" span="word_3268..word_3269" coref_class="set_197"  mmax_level="coref"  nptype="antecedent"  mention="np" />
<markable id="markable_419" span="word_2097" type_of_pronoun="personal"  agreement="they (sg.)"  split="simple antecedent"  coref_class="set_133"  mmax_level="coref"  position="it (non-subject)"  type="anaphoric"  antetype="entity"  mention="pronoun" />
<markable id="markable_416" span="word_2044..word_2045" coref_class="set_132"  mmax_level="coref"  nptype="antecedent"  mention="np" />
<markable id="markable_537" span="word_3205" type_of_pronoun="possessive"  split="simple antecedent"  agreement="they (pl.)"  coref_class="set_195"  mmax_level="coref"  position="it (non-subject)"  type="anaphoric"  mention="pronoun"  antetype="entity" />
<markable id="markable_415" span="word_2019..word_2021" coref_class="set_131"  mmax_level="coref"  nptype="antecedent"  mention="np" />
<markable id="markable_536" span="word_3201..word_3202" coref_class="set_195"  mmax_level="coref"  nptype="antecedent"  mention="np" />
<markable id="markable_418" span="word_2086" coref_class="set_133"  mmax_level="coref"  nptype="antecedent"  mention="np" />
<markable id="markable_539" span="word_3229" type_of_pronoun="personal"  split="simple antecedent"  agreement="they (pl.)"  coref_class="set_196"  mmax_level="coref"  position="it (non-subject)"  type="anaphoric"  mention="pronoun"  antetype="entity" />
<markable id="markable_417" span="word_2050" type_of_pronoun="personal"  agreement="they (pl.)"  split="simple antecedent"  coref_class="set_132"  mmax_level="coref"  position="it (non-subject)"  type="anaphoric"  antetype="entity"  mention="pronoun" />
<markable id="markable_538" span="word_3224..word_3225" coref_class="set_196"  mmax_level="coref"  nptype="antecedent"  mention="np" />
<markable id="markable_313" span="word_1258" type_of_pronoun="demonstrative"  agreement="none"  split="simple antecedent"  coref_class="set_70"  mmax_level="coref"  position="it (non-subject)"  type="anaphoric"  antetype="event"  mention="pronoun" />
<markable id="markable_434" span="word_2282..word_2283" coref_class="set_140"  mmax_level="coref"  nptype="antecedent"  mention="np" />
<markable id="markable_555" span="word_3402..word_3407" coref_class="set_203"  vptype="antecedent"  mmax_level="coref"  mention="vp" />
<markable id="markable_312" span="word_1257" type_of_pronoun="personal"  agreement="they (sg.)"  split="simple antecedent"  coref_class="set_73"  mmax_level="coref"  position="it (subject)"  type="anaphoric"  antetype="entity"  mention="pronoun" />
<markable id="markable_433" span="word_2275" type_of_pronoun="relative"  agreement="they (sg.)"  split="simple antecedent"  coref_class="set_139"  mmax_level="coref"  position="it (subject)"  type="anaphoric"  antetype="entity"  mention="pronoun" />
<markable id="markable_554" span="word_3421" type_of_pronoun="personal"  split="simple antecedent"  agreement="none"  coref_class="set_203"  mmax_level="coref"  position="it (subject)"  type="anaphoric"  mention="pronoun"  antetype="event" />
<markable id="markable_315" span="word_1263" type_of_pronoun="personal"  agreement="they (sg.)"  split="simple antecedent"  coref_class="set_73"  mmax_level="coref"  position="it (subject)"  type="anaphoric"  antetype="entity"  mention="pronoun" />
<markable id="markable_436" span="word_2294" coref_class="set_141"  mmax_level="coref"  nptype="antecedent"  mention="np" />
<markable id="markable_557" span="word_3431..word_3432" coref_class="set_204"  mmax_level="coref"  nptype="antecedent"  mention="np" />
<markable id="markable_314" span="word_1237..word_1241" coref_class="set_70"  mmax_level="coref"  vptype="antecedent"  mention="vp" />
<markable id="markable_435" span="word_2285" type_of_pronoun="relative"  agreement="they (pl.)"  split="simple antecedent"  coref_class="set_140"  mmax_level="coref"  position="it (subject)"  type="anaphoric"  antetype="entity"  mention="pronoun" />
<markable id="markable_556" span="word_3430" coref_class="empty"  mmax_level="coref"  type="pleonastic"  mention="pronoun" />
<markable id="markable_430" span="word_2257..word_2258" coref_class="set_138"  mmax_level="coref"  nptype="antecedent"  mention="np" />
<markable id="markable_551" span="word_3364" type_of_pronoun="relative"  split="simple antecedent"  agreement="they (sg.)"  coref_class="set_201"  mmax_level="coref"  position="it (subject)"  type="anaphoric"  mention="pronoun"  antetype="entity" />
<markable id="markable_550" span="word_3361..word_3362" coref_class="set_201"  mmax_level="coref"  nptype="antecedent"  mention="np" />
<markable id="markable_311" span="word_1252..word_1253" coref_class="set_73"  mmax_level="coref"  nptype="antecedent"  mention="np" />
<markable id="markable_432" span="word_2270..word_2271" coref_class="set_139"  mmax_level="coref"  nptype="antecedent"  mention="np" />
<markable id="markable_553" span="word_3382..word_3383" npmod="demonstrative"  split="simple antecedent"  coref_class="set_202"  mmax_level="coref"  nptype="np"  anacata="anaphoric"  mention="np"  antetype="entity" />
<markable id="markable_310" span="word_1252" type_of_pronoun="possessive"  agreement="they (sg.)"  split="simple antecedent"  coref_class="set_68"  mmax_level="coref"  position="it (subject)"  type="anaphoric"  antetype="entity"  mention="pronoun" />
<markable id="markable_431" span="word_2262" type_of_pronoun="demonstrative"  agreement="they (sg.)"  split="simple antecedent"  coref_class="set_138"  mmax_level="coref"  position="it (non-subject)"  type="anaphoric"  antetype="entity"  mention="pronoun" />
<markable id="markable_552" span="word_3356,word_3365,word_3368" coref_class="set_202"  mmax_level="coref"  nptype="antecedent"  mention="np" />
<markable id="markable_309" span="word_1244" type_of_pronoun="personal"  agreement="they (sg.)"  split="simple antecedent"  coref_class="set_68"  mmax_level="coref"  position="it (subject)"  type="anaphoric"  antetype="entity"  mention="pronoun" />
<markable id="markable_306" span="word_1235" type_of_pronoun="personal"  agreement="they (pl.)"  split="simple antecedent"  coref_class="set_66"  mmax_level="coref"  position="it (non-subject)"  type="anaphoric"  antetype="entity"  mention="pronoun" />
<markable id="markable_427" span="word_2238" type_of_pronoun="relative"  agreement="they (sg.)"  split="simple antecedent"  coref_class="set_136"  mmax_level="coref"  position="it (non-subject)"  type="anaphoric"  antetype="entity"  mention="pronoun" />
<markable id="markable_548" span="word_3352..word_3353" coref_class="set_200"  mmax_level="coref"  nptype="antecedent"  mention="np" />
<markable id="markable_305" span="word_1227" type_of_pronoun="personal"  agreement="they (pl.)"  split="simple antecedent"  coref_class="set_66"  mmax_level="coref"  position="it (non-subject)"  type="anaphoric"  antetype="entity"  mention="pronoun" />
<markable id="markable_426" span="word_2234..word_2235" coref_class="set_136"  mmax_level="coref"  nptype="antecedent"  mention="np" />
<markable id="markable_547" span="word_3336" coref_class="empty"  mmax_level="coref"  type="pleonastic"  mention="pronoun" />
<markable id="markable_308" span="word_1237..word_1238" coref_class="set_68"  mmax_level="coref"  nptype="antecedent"  mention="np" />
<markable id="markable_429" span="word_2124" coref_class="set_137"  mmax_level="coref"  nptype="antecedent"  mention="np" />
<markable id="markable_307" span="word_1237" type_of_pronoun="possessive"  agreement="they (pl.)"  split="simple antecedent"  coref_class="set_66"  mmax_level="coref"  position="it (subject)"  type="anaphoric"  antetype="entity"  mention="pronoun" />
<markable id="markable_428" span="word_2243" type_of_pronoun="demonstrative"  agreement="they (sg.)"  split="simple antecedent"  coref_class="set_137"  mmax_level="coref"  position="it (non-subject)"  type="anaphoric"  antetype="entity"  mention="pronoun" />
<markable id="markable_549" span="word_3360" split="simple antecedent"  coref_class="set_200"  mmax_level="coref"  nptype="nom-ellipsis"  mention="np"  antetype="entity" />
</markables>