<?xml version="1.0" encoding="UTF-8"?>
<!DOCTYPE markables SYSTEM "markables.dtd">
<markables xmlns="www.eml.org/NameSpaces/coref">
<markable id="markable_203" span="word_598..word_601" coref_class="set_27"  mmax_level="coref"  nptype="antecedent"  mention="np" />
<markable id="markable_324" span="word_1867..word_1868" npmod="demonstrative"  split="simple antecedent"  coref_class="set_86"  mmax_level="coref"  nptype="np"  anacata="anaphoric"  mention="np"  antetype="entity" />
<markable id="markable_202" span="word_606" type_of_pronoun="personal"  split="simple antecedent"  agreement="they (sg.)"  coref_class="set_26"  mmax_level="coref"  position="it (subject)"  type="anaphoric"  mention="pronoun"  antetype="entity" />
<markable id="markable_323" span="word_1855..word_1856" coref_class="set_86"  mmax_level="coref"  nptype="antecedent"  mention="np" />
<markable id="markable_205" span="word_617" type_of_pronoun="personal"  split="simple antecedent"  agreement="they (sg.)"  coref_class="set_30"  mmax_level="coref"  position="it (subject)"  type="anaphoric"  mention="pronoun"  antetype="entity" />
<markable id="markable_326" span="word_1886" type_of_pronoun="personal"  split="simple antecedent"  agreement="they (pl.)"  coref_class="set_87"  mmax_level="coref"  position="it (subject)"  type="anaphoric"  mention="pronoun"  antetype="entity" />
<markable id="markable_204" span="word_612..word_614" split="simple antecedent"  coref_class="set_27"  comparative="gen"  mmax_level="coref"  nptype="comparative"  mention="np"  antetype="entity" />
<markable id="markable_325" span="word_1880..word_1881" npmod="demonstrative"  split="simple antecedent"  coref_class="set_86"  mmax_level="coref"  nptype="np"  anacata="anaphoric"  mention="np"  antetype="entity" />
<markable id="markable_320" span="word_1849" type_of_pronoun="personal"  split="simple antecedent"  agreement="they (pl.)"  coref_class="set_87"  mmax_level="coref"  position="it (subject)"  type="anaphoric"  mention="pronoun"  antetype="entity" />
<markable id="markable_201" span="word_596" type_of_pronoun="relative"  split="simple antecedent"  agreement="they (sg.)"  coref_class="set_26"  mmax_level="coref"  position="it (subject)"  type="anaphoric"  mention="pronoun"  antetype="entity" />
<markable id="markable_322" span="word_1859" type_of_pronoun="personal"  split="simple antecedent"  agreement="they (pl.)"  coref_class="empty"  mmax_level="coref"  position="it (subject)"  type="anaphoric"  mention="pronoun"  antetype="entity" />
<markable id="markable_200" span="word_591..word_593" coref_class="set_26"  mmax_level="coref"  nptype="antecedent"  mention="np" />
<markable id="markable_321" span="word_1855" type_of_pronoun="possessive"  split="simple antecedent"  agreement="they (pl.)"  coref_class="set_87"  mmax_level="coref"  position="it (non-subject)"  type="anaphoric"  mention="pronoun"  antetype="entity" />
<markable id="markable_317" span="word_1836" type_of_pronoun="personal"  split="simple antecedent"  agreement="they (pl.)"  coref_class="set_87"  mmax_level="coref"  position="it (non-subject)"  type="anaphoric"  mention="pronoun"  antetype="entity" />
<markable id="markable_316" span="word_1832" type_of_pronoun="personal"  split="simple antecedent"  agreement="they (pl.)"  coref_class="set_87"  mmax_level="coref"  position="it (non-subject)"  type="anaphoric"  mention="pronoun"  antetype="entity" />
<markable id="markable_319" span="word_1841" type_of_pronoun="personal"  split="simple antecedent"  agreement="they (pl.)"  coref_class="set_87"  mmax_level="coref"  position="it (subject)"  type="anaphoric"  mention="pronoun"  antetype="entity" />
<markable id="markable_318" span="word_1819..word_1820" coref_class="set_87"  mmax_level="coref"  nptype="antecedent"  mention="np" />
<markable id="markable_214" span="word_668..word_669" coref_class="set_34"  mmax_level="coref"  nptype="antecedent"  mention="np" />
<markable id="markable_335" span="word_1990..word_1991" coref_class="set_92"  mmax_level="coref"  nptype="antecedent"  mention="np" />
<markable id="markable_213" span="word_686" type_of_pronoun="personal"  split="simple antecedent"  agreement="they (pl.)"  coref_class="set_34"  mmax_level="coref"  position="it (subject)"  type="anaphoric"  mention="pronoun"  antetype="entity" />
<markable id="markable_334" span="word_1982..word_1983" npmod="demonstrative"  split="simple antecedent"  coref_class="set_91"  mmax_level="coref"  nptype="np"  anacata="anaphoric"  mention="np"  antetype="entity" />
<markable id="markable_216" span="word_704" type_of_pronoun="relative"  split="simple antecedent"  agreement="they (pl.)"  coref_class="set_33"  mmax_level="coref"  position="it (non-subject)"  type="anaphoric"  mention="pronoun"  antetype="entity" />
<markable id="markable_337" span="word_2004" type_of_pronoun="personal"  split="simple antecedent"  agreement="they (pl.)"  coref_class="set_92"  mmax_level="coref"  position="it (subject)"  type="anaphoric"  mention="pronoun"  antetype="entity" />
<markable id="markable_215" span="word_700..word_701" coref_class="set_33"  mmax_level="coref"  nptype="antecedent"  mention="np" />
<markable id="markable_336" span="word_1997" type_of_pronoun="personal"  split="simple antecedent"  agreement="they (pl.)"  coref_class="set_92"  mmax_level="coref"  position="it (subject)"  type="anaphoric"  mention="pronoun"  antetype="entity" />
<markable id="markable_210" span="word_662..word_663" type_of_pronoun="relative"  agreement="none"  coref_class="set_30"  mmax_level="coref"  position="none"  type="antecedent"  mention="pronoun" />
<markable id="markable_331" span="word_1938..word_1939" npmod="demonstrative"  split="simple antecedent"  coref_class="set_90"  mmax_level="coref"  nptype="np"  anacata="anaphoric"  mention="np"  antetype="entity" />
<markable id="markable_330" span="word_1899..word_1900" coref_class="set_90"  mmax_level="coref"  nptype="antecedent"  mention="np" />
<markable id="markable_212" span="word_685" type_of_pronoun="relative"  split="simple antecedent"  agreement="they (pl.)"  coref_class="set_31"  mmax_level="coref"  position="it (non-subject)"  type="anaphoric"  mention="pronoun"  antetype="entity" />
<markable id="markable_333" span="word_1969" type_of_pronoun="personal"  split="simple antecedent"  agreement="they (sg.)"  coref_class="set_91"  mmax_level="coref"  position="it (subject)"  type="anaphoric"  mention="pronoun"  antetype="entity" />
<markable id="markable_211" span="word_681..word_682" coref_class="set_31"  mmax_level="coref"  nptype="antecedent"  mention="np" />
<markable id="markable_332" span="word_1954..word_1960" coref_class="set_91"  mmax_level="coref"  nptype="antecedent"  mention="np" />
<markable id="markable_207" span="word_649..word_650" npmod="demonstrative"  split="simple antecedent"  coref_class="set_30"  mmax_level="coref"  nptype="np"  anacata="anaphoric"  mention="np"  antetype="entity" />
<markable id="markable_328" span="word_1912" type_of_pronoun="personal"  split="simple antecedent"  agreement="they (sg.)"  coref_class="set_89"  mmax_level="coref"  position="it (subject)"  type="anaphoric"  mention="pronoun"  antetype="entity" />
<markable id="markable_206" span="word_600..word_601" coref_class="set_30"  mmax_level="coref"  nptype="antecedent"  mention="np" />
<markable id="markable_327" span="word_1904" coref_class="set_89"  mmax_level="coref"  nptype="antecedent"  mention="np" />
<markable id="markable_209" span="word_661" type_of_pronoun="relative"  split="simple antecedent"  agreement="they (sg.)"  coref_class="set_29"  mmax_level="coref"  position="it (subject)"  type="anaphoric"  mention="pronoun"  antetype="entity" />
<markable id="markable_208" span="word_658..word_659" coref_class="set_29"  mmax_level="coref"  nptype="antecedent"  mention="np" />
<markable id="markable_329" span="word_1919" type_of_pronoun="personal"  split="simple antecedent"  agreement="they (sg.)"  coref_class="set_89"  mmax_level="coref"  position="it (subject)"  type="anaphoric"  mention="pronoun"  antetype="entity" />
<markable id="markable_340" span="word_2042" type_of_pronoun="personal"  split="simple antecedent"  agreement="they (sg.)"  coref_class="set_93"  mmax_level="coref"  position="it (subject)"  type="anaphoric"  mention="pronoun"  antetype="generic" />
<markable id="markable_225" span="word_794..word_805" coref_class="set_38"  mmax_level="coref"  clausetype="antecedent"  mention="clause" />
<markable id="markable_346" span="word_2105" type_of_pronoun="personal"  split="simple antecedent"  agreement="they (pl.)"  coref_class="set_100"  mmax_level="coref"  position="it (subject)"  type="anaphoric"  mention="pronoun"  antetype="entity" />
<markable id="markable_224" span="word_778" coref_class="empty"  mmax_level="coref"  type="pleonastic"  mention="pronoun" />
<markable id="markable_345" span="word_2085..word_2086" coref_class="set_100"  mmax_level="coref"  nptype="antecedent"  mention="np" />
<markable id="markable_227" span="word_800" coref_class="set_41"  mmax_level="coref"  nptype="antecedent"  mention="np" />
<markable id="markable_348" span="word_2089..word_2095" coref_class="set_97"  vptype="antecedent"  mmax_level="coref"  mention="vp" />
<markable id="markable_226" span="word_807" type_of_pronoun="demonstrative"  split="simple antecedent"  agreement="none"  coref_class="set_38"  mmax_level="coref"  position="it (non-subject)"  type="anaphoric"  mention="pronoun"  antetype="event" />
<markable id="markable_347" span="word_2107" type_of_pronoun="demonstrative"  split="simple antecedent"  agreement="none"  coref_class="set_97"  mmax_level="coref"  position="it (non-subject)"  type="anaphoric"  mention="pronoun"  antetype="event" />
<markable id="markable_221" span="word_725" type_of_pronoun="relative"  split="simple antecedent"  agreement="they (pl.)"  coref_class="set_36"  mmax_level="coref"  position="it (non-subject)"  type="anaphoric"  mention="pronoun"  antetype="entity" />
<markable id="markable_342" span="word_2064" type_of_pronoun="personal"  split="simple antecedent"  agreement="they (sg.)"  coref_class="set_95"  mmax_level="coref"  position="it (subject)"  type="anaphoric"  mention="pronoun"  antetype="generic" />
<markable id="markable_220" span="word_721..word_722" coref_class="set_36"  mmax_level="coref"  nptype="antecedent"  mention="np" />
<markable id="markable_341" span="word_2057..word_2058" coref_class="set_95"  mmax_level="coref"  nptype="antecedent"  mention="np" />
<markable id="markable_223" span="word_749..word_759" coref_class="set_37"  vptype="antecedent"  mmax_level="coref"  mention="vp" />
<markable id="markable_344" span="word_2092..word_2093" npmod="demonstrative"  split="simple antecedent"  coref_class="set_95"  mmax_level="coref"  nptype="np"  anacata="anaphoric"  mention="np"  antetype="generic" />
<markable id="markable_222" span="word_768" type_of_pronoun="demonstrative"  split="simple antecedent"  agreement="none"  coref_class="set_37"  mmax_level="coref"  position="it (non-subject)"  type="anaphoric"  mention="pronoun"  antetype="event" />
<markable id="markable_343" span="word_2075" type_of_pronoun="personal"  split="simple antecedent"  agreement="they (sg.)"  coref_class="set_95"  mmax_level="coref"  position="it (subject)"  type="anaphoric"  mention="pronoun"  antetype="generic" />
<markable id="markable_218" span="word_711..word_712" coref_class="set_35"  mmax_level="coref"  nptype="antecedent"  mention="np" />
<markable id="markable_339" span="word_2036" type_of_pronoun="personal"  split="simple antecedent"  agreement="they (sg.)"  coref_class="set_93"  mmax_level="coref"  position="it (subject)"  type="anaphoric"  mention="pronoun"  antetype="generic" />
<markable id="markable_217" span="word_705..word_706" npmod="demonstrative"  split="simple antecedent"  coref_class="set_34"  mmax_level="coref"  nptype="np"  anacata="anaphoric"  mention="np"  antetype="entity" />
<markable id="markable_338" span="word_2033..word_2034" coref_class="set_93"  mmax_level="coref"  nptype="antecedent"  mention="np" />
<markable id="markable_219" span="word_716" type_of_pronoun="relative"  split="simple antecedent"  agreement="they (pl.)"  coref_class="set_35"  mmax_level="coref"  position="it (non-subject)"  type="anaphoric"  mention="pronoun"  antetype="entity" />
<markable id="markable_230" span="word_826" type_of_pronoun="relative"  split="simple antecedent"  agreement="they (pl.)"  coref_class="set_40"  mmax_level="coref"  position="it (non-subject)"  type="anaphoric"  mention="pronoun"  antetype="entity" />
<markable id="markable_351" span="word_2113..word_2114" npmod="def-article"  split="simple antecedent"  coref_class="set_95"  mmax_level="coref"  nptype="np"  anacata="anaphoric"  mention="np"  antetype="generic" />
<markable id="markable_350" span="word_2133" type_of_pronoun="personal"  split="simple antecedent"  agreement="they (pl.)"  coref_class="set_100"  mmax_level="coref"  position="it (subject)"  type="anaphoric"  mention="pronoun"  antetype="entity" />
<markable id="markable_236" span="word_862" coref_class="empty"  mmax_level="coref"  type="pleonastic"  mention="pronoun" />
<markable id="markable_357" span="word_2200" type_of_pronoun="personal"  split="simple antecedent"  agreement="they (pl.)"  coref_class="set_103"  mmax_level="coref"  position="it (non-subject)"  type="anaphoric"  mention="pronoun"  antetype="entity" />
<markable id="markable_235" span="word_848..word_859" coref_class="set_43"  mmax_level="coref"  clausetype="antecedent"  mention="clause" />
<markable id="markable_356" span="word_2181" type_of_pronoun="demonstrative"  split="simple antecedent"  agreement="they (sg.)"  coref_class="set_102"  mmax_level="coref"  position="it (subject)"  type="anaphoric"  mention="pronoun"  antetype="entity" />
<markable id="markable_238" span="word_888" coref_class="empty"  mmax_level="coref"  type="pleonastic"  mention="pronoun" />
<markable id="markable_359" span="word_2251" type_of_pronoun="personal"  split="simple antecedent"  agreement="they (sg.)"  coref_class="set_104"  mmax_level="coref"  position="it (non-subject)"  type="anaphoric"  mention="pronoun"  antetype="entity" />
<markable id="markable_237" span="word_874" coref_class="empty"  mmax_level="coref"  type="pleonastic"  mention="pronoun" />
<markable id="markable_358" span="word_2190" coref_class="set_103"  mmax_level="coref"  nptype="antecedent"  mention="np" />
<markable id="markable_232" span="word_837..word_840" coref_class="set_42"  mmax_level="coref"  nptype="antecedent"  mention="np" />
<markable id="markable_353" span="word_2146" type_of_pronoun="personal"  split="simple antecedent"  agreement="they (pl.)"  coref_class="set_100"  mmax_level="coref"  position="it (subject)"  type="anaphoric"  mention="pronoun"  antetype="entity" />
<markable id="markable_231" span="word_827" type_of_pronoun="personal"  split="simple antecedent"  agreement="they (pl.)"  coref_class="set_41"  mmax_level="coref"  position="it (subject)"  type="anaphoric"  mention="pronoun"  antetype="entity" />
<markable id="markable_352" span="word_2140..word_2141" npmod="def-article"  split="simple antecedent"  coref_class="set_95"  mmax_level="coref"  nptype="np"  anacata="anaphoric"  mention="np"  antetype="generic" />
<markable id="markable_234" span="word_866" type_of_pronoun="demonstrative"  split="simple antecedent"  agreement="none"  coref_class="set_43"  mmax_level="coref"  position="it (non-subject)"  type="anaphoric"  mention="pronoun"  antetype="event" />
<markable id="markable_355" span="word_2168" type_of_pronoun="demonstrative"  split="simple antecedent"  agreement="none"  coref_class="set_102"  mmax_level="coref"  position="it (subject)"  type="anaphoric"  mention="pronoun"  antetype="event" />
<markable id="markable_233" span="word_844..word_846" split="simple antecedent"  coref_class="set_42"  mmax_level="coref"  nptype="nom-ellipsis"  mention="np"  antetype="entity" />
<markable id="markable_354" span="word_2112..word_2164" coref_class="set_102"  mmax_level="coref"  clausetype="antecedent"  mention="clause" />
<markable id="markable_229" span="word_824" coref_class="set_40"  mmax_level="coref"  nptype="antecedent"  mention="np" />
<markable id="markable_228" span="word_816..word_817" npmod="demonstrative"  split="simple antecedent"  coref_class="set_41"  mmax_level="coref"  nptype="np"  anacata="anaphoric"  mention="np"  antetype="entity" />
<markable id="markable_349" span="word_2121" type_of_pronoun="personal"  split="simple antecedent"  agreement="they (pl.)"  coref_class="set_100"  mmax_level="coref"  position="it (subject)"  type="anaphoric"  mention="pronoun"  antetype="entity" />
<markable id="markable_360" span="word_2239..word_2246" coref_class="set_104"  mmax_level="coref"  nptype="antecedent"  mention="np" />
<markable id="markable_241" span="word_909..word_910" coref_class="set_45"  mmax_level="coref"  nptype="antecedent"  mention="np" />
<markable id="markable_362" span="word_2262" type_of_pronoun="personal"  split="simple antecedent"  agreement="they (sg.)"  coref_class="set_104"  mmax_level="coref"  position="it (non-subject)"  type="anaphoric"  mention="pronoun"  antetype="entity" />
<markable id="markable_240" span="word_907" type_of_pronoun="demonstrative"  split="simple antecedent"  agreement="they (sg.)"  coref_class="set_44"  mmax_level="coref"  position="it (subject)"  type="anaphoric"  mention="pronoun"  antetype="entity" />
<markable id="markable_361" span="word_2254" type_of_pronoun="personal"  split="simple antecedent"  agreement="they (sg.)"  coref_class="set_104"  mmax_level="coref"  position="it (subject)"  type="anaphoric"  mention="pronoun"  antetype="entity" />
<markable id="markable_368" span="word_2300..word_2301" coref_class="set_107"  mmax_level="coref"  nptype="antecedent"  mention="np" />
<markable id="markable_367" span="word_2307" type_of_pronoun="personal"  split="simple antecedent"  agreement="they (pl.)"  coref_class="set_107"  mmax_level="coref"  position="it (non-subject)"  type="anaphoric"  mention="pronoun"  antetype="entity" />
<markable id="markable_249" span="word_977" type_of_pronoun="personal"  split="simple antecedent"  agreement="they (sg.)"  coref_class="set_48"  mmax_level="coref"  position="it (subject)"  type="anaphoric"  mention="pronoun"  antetype="entity" />
<markable id="markable_248" span="word_969" coref_class="set_48"  mmax_level="coref"  nptype="antecedent"  mention="np" />
<markable id="markable_369" span="word_2323..word_2324" coref_class="set_108"  mmax_level="coref"  nptype="antecedent"  mention="np" />
<markable id="markable_243" span="word_918" coref_class="empty"  mmax_level="coref"  type="pleonastic"  mention="pronoun" />
<markable id="markable_364" span="word_2284" type_of_pronoun="demonstrative"  split="simple antecedent"  agreement="none"  coref_class="set_105"  mmax_level="coref"  position="it (non-subject)"  type="anaphoric"  mention="pronoun"  antetype="event" />
<markable id="markable_242" span="word_913" type_of_pronoun="relative"  split="simple antecedent"  agreement="they (pl.)"  coref_class="set_45"  mmax_level="coref"  position="it (non-subject)"  type="anaphoric"  mention="pronoun"  antetype="entity" />
<markable id="markable_363" span="word_2264..word_2269" coref_class="set_105"  vptype="antecedent"  mmax_level="coref"  mention="vp" />
<markable id="markable_245" span="word_937" type_of_pronoun="relative"  split="simple antecedent"  agreement="they (sg.)"  coref_class="set_46"  mmax_level="coref"  position="it (subject)"  type="anaphoric"  mention="pronoun"  antetype="entity" />
<markable id="markable_366" span="word_2306" type_of_pronoun="personal"  split="simple antecedent"  agreement="they (pl.)"  coref_class="set_106"  mmax_level="coref"  position="it (subject)"  type="anaphoric"  mention="pronoun"  antetype="entity" />
<markable id="markable_244" span="word_934" coref_class="set_46"  mmax_level="coref"  nptype="antecedent"  mention="np" />
<markable id="markable_365" span="word_2294..word_2298" coref_class="set_106"  mmax_level="coref"  nptype="antecedent"  mention="np" />
<markable id="markable_239" span="word_899..word_905" coref_class="set_44"  mmax_level="coref"  nptype="antecedent"  mention="np" />
<markable id="markable_250" span="word_999" type_of_pronoun="personal"  split="simple antecedent"  agreement="they (pl.)"  coref_class="set_49"  mmax_level="coref"  position="it (subject)"  type="anaphoric"  mention="pronoun"  antetype="entity" />
<markable id="markable_371" span="word_2320..word_2334" coref_class="set_109"  mmax_level="coref"  clausetype="antecedent"  mention="clause" />
<markable id="markable_370" span="word_2326" type_of_pronoun="relative"  split="simple antecedent"  agreement="they (pl.)"  coref_class="set_108"  mmax_level="coref"  position="it (subject)"  type="anaphoric"  mention="pronoun"  antetype="entity" />
<markable id="markable_252" span="word_1006" type_of_pronoun="personal"  split="simple antecedent"  agreement="they (sg.)"  coref_class="set_48"  mmax_level="coref"  position="it (subject)"  type="anaphoric"  mention="pronoun"  antetype="entity" />
<markable id="markable_373" span="word_2344..word_2346" coref_class="set_110"  mmax_level="coref"  nptype="antecedent"  mention="np" />
<markable id="markable_251" span="word_989" coref_class="set_49"  mmax_level="coref"  nptype="antecedent"  mention="np" />
<markable id="markable_372" span="word_2336" type_of_pronoun="demonstrative"  split="simple antecedent"  agreement="none"  coref_class="set_109"  mmax_level="coref"  position="it (subject)"  type="anaphoric"  mention="pronoun"  antetype="event" />
<markable id="markable_258" span="word_1114..word_1116" npmod="demonstrative"  split="simple antecedent"  coref_class="set_52"  mmax_level="coref"  nptype="np"  anacata="anaphoric"  mention="np"  antetype="entity" />
<markable id="markable_379" span="word_2424..word_2433" coref_class="set_113"  vptype="antecedent"  mmax_level="coref"  mention="vp" />
<markable id="markable_257" span="word_1053..word_1067" coref_class="set_51"  mmax_level="coref"  clausetype="antecedent"  mention="clause" />
<markable id="markable_378" span="word_2430" type_of_pronoun="possessive"  split="simple antecedent"  agreement="they (pl.)"  coref_class="set_112"  mmax_level="coref"  position="it (non-subject)"  type="anaphoric"  mention="pronoun"  antetype="entity" />
<markable id="markable_259" span="word_1090" coref_class="set_52"  mmax_level="coref"  nptype="antecedent"  mention="np" />
<markable id="markable_254" span="word_1046..word_1051" coref_class="set_50"  mmax_level="coref"  nptype="antecedent"  mention="np" />
<markable id="markable_375" span="word_2321..word_2322" coref_class="set_111"  mmax_level="coref"  nptype="antecedent"  mention="np" />
<markable id="markable_253" span="word_1021" coref_class="empty"  mmax_level="coref"  type="pleonastic"  mention="pronoun" />
<markable id="markable_374" span="word_2348" type_of_pronoun="demonstrative"  split="simple antecedent"  agreement="they (pl.)"  coref_class="set_110"  mmax_level="coref"  position="it (subject)"  type="anaphoric"  mention="pronoun"  antetype="entity" />
<markable id="markable_256" span="word_1080" type_of_pronoun="demonstrative"  split="simple antecedent"  agreement="none"  coref_class="set_51"  mmax_level="coref"  position="it (subject)"  type="anaphoric"  mention="pronoun"  antetype="event" />
<markable id="markable_377" span="word_2427" npmod="possessive"  split="simple antecedent"  coref_class="set_112"  mmax_level="coref"  nptype="np"  anacata="anaphoric"  mention="np"  antetype="entity" />
<markable id="markable_255" span="word_1056" type_of_pronoun="demonstrative"  split="simple antecedent"  agreement="they (sg.)"  coref_class="set_50"  mmax_level="coref"  position="it (non-subject)"  type="anaphoric"  mention="pronoun"  antetype="entity" />
<markable id="markable_376" span="word_2409..word_2410" npmod="demonstrative"  split="simple antecedent"  coref_class="set_111"  mmax_level="coref"  nptype="np"  anacata="anaphoric"  mention="np"  antetype="entity" />
<markable id="markable_261" span="word_1135..word_1137" coref_class="set_56"  mmax_level="coref"  nptype="antecedent"  mention="np" />
<markable id="markable_382" span="word_2464..word_2465" npmod="demonstrative"  split="simple antecedent"  coref_class="set_114"  mmax_level="coref"  nptype="np"  anacata="anaphoric"  mention="np"  antetype="entity" />
<markable id="markable_260" span="word_1148" type_of_pronoun="demonstrative"  split="simple antecedent"  agreement="they (sg.)"  coref_class="set_56"  mmax_level="coref"  position="it (non-subject)"  type="anaphoric"  mention="pronoun"  antetype="entity" />
<markable id="markable_381" span="word_2450..word_2460" coref_class="set_114"  mmax_level="coref"  nptype="antecedent"  mention="np" />
<markable id="markable_263" span="word_1178" coref_class="set_54"  mmax_level="coref"  nptype="antecedent"  mention="np" />
<markable id="markable_384" span="word_2477" type_of_pronoun="relative"  split="simple antecedent"  agreement="they (pl.)"  coref_class="set_115"  mmax_level="coref"  position="it (non-subject)"  type="anaphoric"  mention="pronoun"  antetype="entity" />
<markable id="markable_262" span="word_1159" coref_class="empty"  mmax_level="coref"  type="pleonastic"  mention="pronoun" />
<markable id="markable_383" span="word_2472..word_2473" coref_class="set_115"  mmax_level="coref"  nptype="antecedent"  mention="np" />
<markable id="markable_380" span="word_2436" type_of_pronoun="demonstrative"  split="simple antecedent"  agreement="none"  coref_class="set_113"  mmax_level="coref"  position="it (subject)"  type="anaphoric"  mention="pronoun"  antetype="event" />
<markable id="markable_269" span="word_1240..word_1261" coref_class="set_58"  mmax_level="coref"  clausetype="antecedent"  mention="clause" />
<markable id="markable_268" span="word_1243" type_of_pronoun="relative"  split="simple antecedent"  agreement="they (pl.)"  coref_class="set_57"  mmax_level="coref"  position="it (subject)"  type="anaphoric"  mention="pronoun"  antetype="entity" />
<markable id="markable_389" span="word_2489" type_of_pronoun="personal"  split="simple antecedent"  agreement="none"  coref_class="set_117"  mmax_level="coref"  position="it (subject)"  type="anaphoric"  mention="pronoun"  antetype="event" />
<markable id="markable_149" span="word_7..word_8" npmod="demonstrative"  split="simple antecedent"  coref_class="set_2"  mmax_level="coref"  nptype="np"  anacata="cataphoric"  mention="np"  antetype="entity" />
<markable id="markable_265" span="word_1182..word_1183" npmod="demonstrative"  split="simple antecedent"  coref_class="set_56"  mmax_level="coref"  nptype="np"  anacata="anaphoric"  mention="np"  antetype="entity" />
<markable id="markable_386" span="word_2479" type_of_pronoun="personal"  split="simple antecedent"  agreement="they (pl.)"  coref_class="set_116"  mmax_level="coref"  position="it (non-subject)"  type="anaphoric"  mention="pronoun"  antetype="entity" />
<markable id="markable_264" span="word_1181" type_of_pronoun="relative"  split="simple antecedent"  agreement="they (pl.)"  coref_class="set_54"  mmax_level="coref"  position="it (subject)"  type="anaphoric"  mention="pronoun"  antetype="entity" />
<markable id="markable_385" span="word_2468" coref_class="set_116"  mmax_level="coref"  nptype="antecedent"  mention="np" />
<markable id="markable_267" span="word_1240..word_1241" coref_class="set_57"  mmax_level="coref"  nptype="antecedent"  mention="np" />
<markable id="markable_388" span="word_2484" type_of_pronoun="demonstrative"  split="simple antecedent"  agreement="none"  coref_class="set_117"  mmax_level="coref"  position="it (subject)"  type="anaphoric"  mention="pronoun"  antetype="event" />
<markable id="markable_266" span="word_1188" type_of_pronoun="personal"  split="simple antecedent"  agreement="they (pl.)"  coref_class="set_56"  mmax_level="coref"  position="it (subject)"  type="anaphoric"  mention="pronoun"  antetype="entity" />
<markable id="markable_387" span="word_2468..word_2470" coref_class="set_117"  vptype="antecedent"  mmax_level="coref"  mention="vp" />
<markable id="markable_151" span="word_14..word_15" split="simple antecedent"  agreement="none"  coref_class="set_2"  mmax_level="coref"  position="none"  type="cataphoric"  mention="pronoun"  antetype="entity" />
<markable id="markable_272" span="word_1270" type_of_pronoun="personal"  split="simple antecedent"  agreement="they (pl.)"  coref_class="set_59"  mmax_level="coref"  position="it (subject)"  type="anaphoric"  mention="pronoun"  antetype="entity" />
<markable id="markable_393" span="word_2507" coref_class="set_118"  mmax_level="coref"  nptype="antecedent"  mention="np" />
<markable id="markable_150" span="word_10" split="simple antecedent"  agreement="they (sg.)"  coref_class="set_2"  mmax_level="coref"  position="it (subject)"  type="cataphoric"  mention="pronoun"  antetype="entity" />
<markable id="markable_271" span="word_1264..word_1265" coref_class="set_59"  mmax_level="coref"  nptype="antecedent"  mention="np" />
<markable id="markable_392" span="word_2501" type_of_pronoun="personal"  split="simple antecedent"  agreement="none"  coref_class="set_117"  mmax_level="coref"  position="it (subject)"  type="anaphoric"  mention="pronoun"  antetype="event" />
<markable id="markable_153" span="word_22" type_of_pronoun="personal"  split="simple antecedent"  agreement="they (sg.)"  coref_class="set_2"  mmax_level="coref"  position="it (subject)"  type="anaphoric"  mention="pronoun"  antetype="entity" />
<markable id="markable_274" span="word_1302" type_of_pronoun="personal"  split="simple antecedent"  agreement="they (pl.)"  coref_class="set_60"  mmax_level="coref"  position="it (subject)"  type="anaphoric"  mention="pronoun"  antetype="entity" />
<markable id="markable_395" span="word_2526" coref_class="set_119"  mmax_level="coref"  nptype="antecedent"  mention="np" />
<markable id="markable_152" span="word_19" type_of_pronoun="personal"  agreement="none"  coref_class="set_2"  mmax_level="coref"  position="none"  type="antecedent"  mention="pronoun" />
<markable id="markable_273" span="word_1272" coref_class="set_60"  mmax_level="coref"  nptype="antecedent"  mention="np" />
<markable id="markable_394" span="word_2509" type_of_pronoun="relative"  split="simple antecedent"  agreement="they (pl.)"  coref_class="set_118"  mmax_level="coref"  position="it (subject)"  type="anaphoric"  mention="pronoun"  antetype="entity" />
<markable id="markable_270" span="word_1262" type_of_pronoun="demonstrative"  split="simple antecedent"  agreement="none"  coref_class="set_58"  mmax_level="coref"  position="it (subject)"  type="anaphoric"  mention="pronoun"  antetype="event" />
<markable id="markable_391" span="word_2497" type_of_pronoun="personal"  split="simple antecedent"  agreement="none"  coref_class="set_117"  mmax_level="coref"  position="it (subject)"  type="anaphoric"  mention="pronoun"  antetype="event" />
<markable id="markable_390" span="word_2493" type_of_pronoun="personal"  split="simple antecedent"  agreement="none"  coref_class="set_117"  mmax_level="coref"  position="it (subject)"  type="anaphoric"  mention="pronoun"  antetype="event" />
<markable id="markable_159" span="word_117" type_of_pronoun="relative"  split="simple antecedent"  agreement="they (sg.)"  coref_class="set_5"  mmax_level="coref"  position="it (subject)"  type="anaphoric"  mention="pronoun"  antetype="entity" />
<markable id="markable_158" span="word_114" coref_class="set_5"  mmax_level="coref"  nptype="antecedent"  mention="np" />
<markable id="markable_279" span="word_1378" coref_class="empty"  mmax_level="coref"  type="pleonastic"  mention="pronoun" />
<markable id="markable_155" span="word_68..word_70" split="simple antecedent"  coref_class="set_3"  mmax_level="coref"  type="nom substitution"  mention="pronoun"  antetype="entity" />
<markable id="markable_276" span="word_1343" type_of_pronoun="personal"  split="simple antecedent"  agreement="they (pl.)"  coref_class="set_61"  mmax_level="coref"  position="it (subject)"  type="anaphoric"  mention="pronoun"  antetype="entity" />
<markable id="markable_397" span="word_2529..word_2530" coref_class="set_120"  mmax_level="coref"  nptype="antecedent"  mention="np" />
<markable id="markable_154" span="word_59" coref_class="set_3"  mmax_level="coref"  nptype="antecedent"  mention="np" />
<markable id="markable_275" span="word_1327..word_1328" coref_class="set_61"  mmax_level="coref"  nptype="antecedent"  mention="np" />
<markable id="markable_396" span="word_2539" type_of_pronoun="personal"  split="simple antecedent"  agreement="they (sg.)"  coref_class="set_119"  mmax_level="coref"  position="it (non-subject)"  type="anaphoric"  mention="pronoun"  antetype="entity" />
<markable id="markable_157" span="word_111..word_112" npmod="demonstrative"  split="simple antecedent"  coref_class="set_4"  mmax_level="coref"  nptype="np"  anacata="anaphoric"  mention="np"  antetype="entity" />
<markable id="markable_278" span="word_1402" type_of_pronoun="personal"  split="simple antecedent"  agreement="they (sg.)"  coref_class="set_66"  mmax_level="coref"  position="it (subject)"  type="anaphoric"  mention="pronoun"  antetype="entity" />
<markable id="markable_399" span="word_2549..word_2558" coref_class="set_121"  mmax_level="coref"  clausetype="antecedent"  mention="clause" />
<markable id="markable_156" span="word_107..word_108" coref_class="set_4"  mmax_level="coref"  nptype="antecedent"  mention="np" />
<markable id="markable_277" span="word_1385..word_1386" coref_class="set_66"  mmax_level="coref"  nptype="antecedent"  mention="np" />
<markable id="markable_398" span="word_2542..word_2543" npmod="demonstrative"  split="simple antecedent"  coref_class="set_120"  mmax_level="coref"  nptype="np"  anacata="anaphoric"  mention="np"  antetype="entity" />
<markable id="markable_162" span="word_202..word_205" coref_class="set_7"  mmax_level="coref"  clausetype="antecedent"  mention="clause" />
<markable id="markable_283" span="word_1431" type_of_pronoun="personal"  split="simple antecedent"  agreement="they (sg.)"  coref_class="set_66"  mmax_level="coref"  position="it (subject)"  type="anaphoric"  mention="pronoun"  antetype="entity" />
<markable id="markable_161" span="word_204" type_of_pronoun="demonstrative"  split="simple antecedent"  agreement="none"  coref_class="set_6"  mmax_level="coref"  position="it (non-subject)"  type="anaphoric"  mention="pronoun"  antetype="event" />
<markable id="markable_282" span="word_1420" type_of_pronoun="possessive"  split="simple antecedent"  agreement="they (sg.)"  coref_class="set_66"  mmax_level="coref"  position="it (subject)"  type="anaphoric"  mention="pronoun"  antetype="entity" />
<markable id="markable_164" span="word_209..word_210" coref_class="set_8"  mmax_level="coref"  nptype="antecedent"  mention="np" />
<markable id="markable_285" span="word_1479" coref_class="empty"  mmax_level="coref"  type="pleonastic"  mention="pronoun" />
<markable id="markable_163" span="word_207" type_of_pronoun="demonstrative"  split="simple antecedent"  agreement="they (sg.)"  coref_class="set_7"  mmax_level="coref"  position="it (subject)"  type="anaphoric"  mention="pronoun"  antetype="entity" />
<markable id="markable_284" span="word_1436" type_of_pronoun="possessive"  split="simple antecedent"  agreement="they (sg.)"  coref_class="set_66"  mmax_level="coref"  position="it (non-subject)"  type="anaphoric"  mention="pronoun"  antetype="entity" />
<markable id="markable_160" span="word_190..word_200" coref_class="set_6"  mmax_level="coref"  clausetype="antecedent"  mention="clause" />
<markable id="markable_281" span="word_1416" type_of_pronoun="personal"  split="simple antecedent"  agreement="they (sg.)"  coref_class="set_66"  mmax_level="coref"  position="it (subject)"  type="anaphoric"  mention="pronoun"  antetype="entity" />
<markable id="markable_280" span="word_1412" type_of_pronoun="personal"  split="simple antecedent"  agreement="they (sg.)"  coref_class="set_66"  mmax_level="coref"  position="it (subject)"  type="anaphoric"  mention="pronoun"  antetype="entity" />
<markable id="markable_169" span="word_298..word_299" coref_class="set_10"  mmax_level="coref"  nptype="antecedent"  mention="np" />
<markable id="markable_166" span="word_260..word_261" coref_class="set_9"  mmax_level="coref"  nptype="antecedent"  mention="np" />
<markable id="markable_287" span="word_1492" type_of_pronoun="relative"  split="simple antecedent"  agreement="they (sg.)"  coref_class="set_67"  mmax_level="coref"  position="it (subject)"  type="anaphoric"  mention="pronoun"  antetype="entity" />
<markable id="markable_165" span="word_212" type_of_pronoun="relative"  split="simple antecedent"  agreement="they (sg.)"  coref_class="set_8"  mmax_level="coref"  position="it (subject)"  type="anaphoric"  mention="pronoun"  antetype="entity" />
<markable id="markable_286" span="word_1486..word_1490" coref_class="set_67"  mmax_level="coref"  nptype="antecedent"  mention="np" />
<markable id="markable_289" span="word_1525..word_1527" coref_class="set_68"  mmax_level="coref"  nptype="antecedent"  mention="np" />
<markable id="markable_167" span="word_274" type_of_pronoun="personal"  split="simple antecedent"  agreement="they (pl.)"  coref_class="set_9"  mmax_level="coref"  position="it (non-subject)"  type="anaphoric"  mention="pronoun"  antetype="entity" />
<markable id="markable_288" span="word_1548" type_of_pronoun="personal"  split="simple antecedent"  agreement="they (pl.)"  coref_class="set_68"  mmax_level="coref"  position="it (non-subject)"  type="anaphoric"  mention="pronoun"  antetype="entity" />
<markable id="markable_173" span="word_353..word_355" npmod="demonstrative"  split="simple antecedent"  coref_class="set_12"  mmax_level="coref"  nptype="np"  anacata="anaphoric"  mention="np"  antetype="entity" />
<markable id="markable_294" span="word_1623" type_of_pronoun="possessive"  split="simple antecedent"  agreement="they (pl.)"  coref_class="set_71"  mmax_level="coref"  position="it (non-subject)"  type="anaphoric"  mention="pronoun"  antetype="entity" />
<markable id="markable_172" span="word_332" type_of_pronoun="demonstrative"  split="simple antecedent"  agreement="none"  coref_class="set_11"  mmax_level="coref"  position="it (non-subject)"  type="anaphoric"  mention="pronoun"  antetype="event" />
<markable id="markable_293" span="word_1605" type_of_pronoun="possessive"  split="simple antecedent"  agreement="they (pl.)"  coref_class="set_71"  mmax_level="coref"  position="it (non-subject)"  type="anaphoric"  mention="pronoun"  antetype="entity" />
<markable id="markable_175" span="word_398..word_399" coref_class="set_13"  mmax_level="coref"  nptype="antecedent"  mention="np" />
<markable id="markable_296" span="word_1650" type_of_pronoun="personal"  split="simple antecedent"  agreement="they (sg.)"  coref_class="set_73"  mmax_level="coref"  position="it (subject)"  type="anaphoric"  mention="pronoun"  antetype="entity" />
<markable id="markable_174" span="word_344" coref_class="set_12"  mmax_level="coref"  nptype="antecedent"  mention="np" />
<markable id="markable_295" span="word_1647..word_1648" coref_class="set_73"  mmax_level="coref"  nptype="antecedent"  mention="np" />
<markable id="markable_290" span="word_1552" coref_class="empty"  mmax_level="coref"  type="pleonastic"  mention="pronoun" />
<markable id="markable_171" span="word_322..word_324" coref_class="set_11"  vptype="antecedent"  mmax_level="coref"  mention="vp" />
<markable id="markable_292" span="word_1593" type_of_pronoun="personal"  split="simple antecedent"  agreement="they (pl.)"  coref_class="set_71"  mmax_level="coref"  position="it (non-subject)"  type="anaphoric"  mention="pronoun"  antetype="entity" />
<markable id="markable_170" span="word_301" type_of_pronoun="relative"  split="simple antecedent"  agreement="they (sg.)"  coref_class="set_10"  mmax_level="coref"  position="it (subject)"  type="anaphoric"  mention="pronoun"  antetype="entity" />
<markable id="markable_291" span="word_1582" coref_class="set_71"  mmax_level="coref"  nptype="antecedent"  mention="np" />
<markable id="markable_177" span="word_408..word_410" coref_class="set_14"  mmax_level="coref"  nptype="antecedent"  mention="np" />
<markable id="markable_298" span="word_1645..word_1670" coref_class="set_74"  mmax_level="coref"  clausetype="antecedent"  mention="clause" />
<markable id="markable_176" span="word_402..word_404" npmod="demonstrative"  split="simple antecedent"  coref_class="set_13"  mmax_level="coref"  nptype="np"  anacata="anaphoric"  mention="np"  antetype="entity" />
<markable id="markable_297" span="word_1669" type_of_pronoun="personal"  split="simple antecedent"  agreement="they (sg.)"  coref_class="set_73"  mmax_level="coref"  position="it (non-subject)"  type="anaphoric"  mention="pronoun"  antetype="entity" />
<markable id="markable_179" span="word_428..word_430" coref_class="set_17"  mmax_level="coref"  nptype="antecedent"  mention="np" />
<markable id="markable_178" span="word_412" type_of_pronoun="relative"  split="simple antecedent"  agreement="they (sg.)"  coref_class="set_14"  mmax_level="coref"  position="it (subject)"  type="anaphoric"  mention="pronoun"  antetype="entity" />
<markable id="markable_299" span="word_1672" type_of_pronoun="demonstrative"  split="simple antecedent"  agreement="none"  coref_class="set_74"  mmax_level="coref"  position="it (subject)"  type="anaphoric"  mention="pronoun"  antetype="event" />
<markable id="markable_184" span="word_451" type_of_pronoun="possessive"  split="simple antecedent"  agreement="they (sg.)"  coref_class="set_17"  mmax_level="coref"  position="it (non-subject)"  type="anaphoric"  mention="pronoun"  antetype="entity" />
<markable id="markable_183" span="word_449" type_of_pronoun="personal"  split="simple antecedent"  agreement="they (sg.)"  coref_class="set_17"  mmax_level="coref"  position="it (subject)"  type="anaphoric"  mention="pronoun"  antetype="entity" />
<markable id="markable_186" span="word_467..word_469" npmod="demonstrative"  split="split reference"  coref_class="set_19"  mmax_level="coref"  nptype="np"  anacata="anaphoric"  mention="np" />
<markable id="markable_185" span="word_456..word_457,word_464..word_465" coref_class="set_19"  mmax_level="coref"  nptype="antecedent"  mention="np" />
<markable id="markable_180" span="word_432" type_of_pronoun="relative"  split="simple antecedent"  agreement="they (sg.)"  coref_class="set_17"  mmax_level="coref"  position="it (subject)"  type="anaphoric"  mention="pronoun"  antetype="entity" />
<markable id="markable_182" span="word_445" type_of_pronoun="relative"  split="simple antecedent"  agreement="they (pl.)"  coref_class="set_16"  mmax_level="coref"  position="it (subject)"  type="anaphoric"  mention="pronoun"  antetype="entity" />
<markable id="markable_181" span="word_443" coref_class="set_16"  mmax_level="coref"  nptype="antecedent"  mention="np" />
<markable id="markable_188" span="word_488..word_489" coref_class="set_23"  mmax_level="coref"  nptype="antecedent"  mention="np" />
<markable id="markable_187" span="word_477" type_of_pronoun="personal"  split="simple antecedent"  agreement="they (pl.)"  coref_class="set_19"  mmax_level="coref"  position="it (subject)"  type="anaphoric"  mention="pronoun"  antetype="entity" />
<markable id="markable_189" span="word_495" type_of_pronoun="personal"  split="simple antecedent"  agreement="they (sg.)"  coref_class="set_23"  mmax_level="coref"  position="it (non-subject)"  type="anaphoric"  mention="pronoun"  antetype="entity" />
<markable id="markable_195" span="word_523" type_of_pronoun="personal"  split="simple antecedent"  agreement="they (sg.)"  coref_class="set_23"  mmax_level="coref"  position="it (subject)"  type="anaphoric"  mention="pronoun"  antetype="entity" />
<markable id="markable_194" span="word_518" type_of_pronoun="personal"  split="simple antecedent"  agreement="they (sg.)"  coref_class="set_23"  mmax_level="coref"  position="it (subject)"  type="anaphoric"  mention="pronoun"  antetype="entity" />
<markable id="markable_197" span="word_538" type_of_pronoun="personal"  split="simple antecedent"  agreement="they (sg.)"  coref_class="set_23"  mmax_level="coref"  position="it (subject)"  type="anaphoric"  mention="pronoun"  antetype="entity" />
<markable id="markable_196" span="word_528" type_of_pronoun="personal"  split="simple antecedent"  agreement="they (sg.)"  coref_class="set_23"  mmax_level="coref"  position="it (subject)"  type="anaphoric"  mention="pronoun"  antetype="entity" />
<markable id="markable_191" span="word_511" type_of_pronoun="personal"  split="simple antecedent"  agreement="they (sg.)"  coref_class="set_23"  mmax_level="coref"  position="it (subject)"  type="anaphoric"  mention="pronoun"  antetype="entity" />
<markable id="markable_190" span="word_502..word_504" npmod="demonstrative"  split="simple antecedent"  coref_class="set_23"  mmax_level="coref"  nptype="np"  anacata="anaphoric"  mention="np"  antetype="entity" />
<markable id="markable_193" span="word_513" type_of_pronoun="personal"  split="simple antecedent"  agreement="they (sg.)"  coref_class="set_22"  mmax_level="coref"  position="it (non-subject)"  type="anaphoric"  mention="pronoun"  antetype="entity" />
<markable id="markable_192" span="word_507..word_508" coref_class="set_22"  mmax_level="coref"  nptype="antecedent"  mention="np" />
<markable id="markable_199" span="word_562" type_of_pronoun="possessive"  split="simple antecedent"  agreement="they (sg.)"  coref_class="set_24"  mmax_level="coref"  position="it (non-subject)"  type="anaphoric"  mention="pronoun"  antetype="entity" />
<markable id="markable_198" span="word_557..word_558" coref_class="set_24"  mmax_level="coref"  nptype="antecedent"  mention="np" />
<markable id="markable_401" span="word_2581" coref_class="set_122"  mmax_level="coref"  nptype="antecedent"  mention="np" />
<markable id="markable_400" span="word_2561" type_of_pronoun="demonstrative"  split="simple antecedent"  agreement="none"  coref_class="set_121"  mmax_level="coref"  position="it (subject)"  type="anaphoric"  mention="pronoun"  antetype="event" />
<markable id="markable_403" span="word_2590" type_of_pronoun="personal"  split="simple antecedent"  agreement="they (pl.)"  coref_class="set_122"  mmax_level="coref"  position="it (subject)"  type="anaphoric"  mention="pronoun"  antetype="entity" />
<markable id="markable_402" span="word_2584" type_of_pronoun="relative"  split="simple antecedent"  agreement="they (pl.)"  coref_class="set_122"  mmax_level="coref"  position="it (non-subject)"  type="anaphoric"  mention="pronoun"  antetype="entity" />
<markable id="markable_412" span="word_2674" type_of_pronoun="personal"  split="simple antecedent"  agreement="they (sg.)"  coref_class="set_126"  mmax_level="coref"  position="it (non-subject)"  type="anaphoric"  mention="pronoun"  antetype="entity" />
<markable id="markable_411" span="word_2670" coref_class="set_126"  mmax_level="coref"  nptype="antecedent"  mention="np" />
<markable id="markable_414" span="word_2733..word_2735" coref_class="set_127"  vptype="antecedent"  mmax_level="coref"  mention="vp" />
<markable id="markable_413" span="word_2682" type_of_pronoun="personal"  split="simple antecedent"  agreement="they (sg.)"  coref_class="set_126"  mmax_level="coref"  position="it (non-subject)"  type="anaphoric"  mention="pronoun"  antetype="entity" />
<markable id="markable_410" span="word_2648" type_of_pronoun="personal"  split="simple antecedent"  agreement="they (sg.)"  coref_class="set_124"  mmax_level="coref"  position="it (non-subject)"  type="anaphoric"  mention="pronoun"  antetype="entity" />
<markable id="markable_409" span="word_2636..word_2637" npmod="demonstrative"  split="simple antecedent"  coref_class="set_124"  mmax_level="coref"  nptype="np"  anacata="anaphoric"  mention="np"  antetype="entity" />
<markable id="markable_408" span="word_2632" coref_class="empty"  mmax_level="coref"  type="pleonastic"  mention="pronoun" />
<markable id="markable_405" span="word_2611" type_of_pronoun="demonstrative"  split="simple antecedent"  agreement="none"  coref_class="set_123"  mmax_level="coref"  position="it (subject)"  type="anaphoric"  mention="pronoun"  antetype="event" />
<markable id="markable_404" span="word_2579..word_2609" coref_class="set_123"  mmax_level="coref"  clausetype="antecedent"  mention="clause" />
<markable id="markable_407" span="word_2617" type_of_pronoun="personal"  agreement="none"  coref_class="set_124"  mmax_level="coref"  position="none"  type="antecedent"  mention="pronoun" />
<markable id="markable_406" span="word_2625" type_of_pronoun="personal"  split="simple antecedent"  agreement="they (sg.)"  coref_class="set_124"  mmax_level="coref"  position="it (subject)"  type="anaphoric"  mention="pronoun"  antetype="entity" />
<markable id="markable_302" span="word_1707" type_of_pronoun="personal"  split="simple antecedent"  agreement="none"  coref_class="set_76"  mmax_level="coref"  position="it (non-subject)"  type="anaphoric"  mention="pronoun"  antetype="event" />
<markable id="markable_301" span="word_1680" type_of_pronoun="relative"  split="simple antecedent"  agreement="they (sg.)"  coref_class="set_75"  mmax_level="coref"  position="it (subject)"  type="anaphoric"  mention="pronoun"  antetype="entity" />
<markable id="markable_304" span="word_1735" coref_class="set_77"  mmax_level="coref"  nptype="antecedent"  mention="np" />
<markable id="markable_303" span="word_1690..word_1701" coref_class="set_76"  vptype="antecedent"  mmax_level="coref"  mention="vp" />
<markable id="markable_300" span="word_1675..word_1677" type_of_pronoun="personal"  split="simple antecedent"  agreement="none"  coref_class="set_75"  mmax_level="coref"  position="none"  type="anaphoric"  mention="pronoun"  antetype="entity" />
<markable id="markable_416" span="word_2721..word_2723" coref_class="set_128"  vptype="antecedent"  mmax_level="coref"  mention="vp" />
<markable id="markable_415" span="word_2750" type_of_pronoun="personal"  split="simple antecedent"  agreement="they (sg.)"  coref_class="set_127"  mmax_level="coref"  position="it (subject)"  type="anaphoric"  mention="pronoun"  antetype="entity" />
<markable id="markable_417" span="word_2725" type_of_pronoun="demonstrative"  split="simple antecedent"  agreement="none"  coref_class="set_128"  mmax_level="coref"  position="it (non-subject)"  type="anaphoric"  mention="pronoun"  antetype="event" />
<markable id="markable_313" span="word_1788" type_of_pronoun="personal"  split="simple antecedent"  agreement="none"  coref_class="set_82"  mmax_level="coref"  position="it (subject)"  type="anaphoric"  mention="pronoun"  antetype="entity" />
<markable id="markable_312" span="word_1784" type_of_pronoun="personal"  split="simple antecedent"  agreement="none"  coref_class="set_82"  mmax_level="coref"  position="it (subject)"  type="anaphoric"  mention="pronoun"  antetype="entity" />
<markable id="markable_315" span="word_1810" type_of_pronoun="personal"  split="simple antecedent"  agreement="none"  coref_class="set_82"  mmax_level="coref"  position="it (subject)"  type="anaphoric"  mention="pronoun"  antetype="entity" />
<markable id="markable_314" span="word_1804" type_of_pronoun="personal"  split="simple antecedent"  agreement="none"  coref_class="set_82"  mmax_level="coref"  position="it (subject)"  type="anaphoric"  mention="pronoun"  antetype="entity" />
<markable id="markable_311" span="word_1772..word_1773" coref_class="set_82"  mmax_level="coref"  nptype="antecedent"  mention="np" />
<markable id="markable_310" span="word_1775..word_1776" npmod="demonstrative"  split="simple antecedent"  coref_class="set_80"  mmax_level="coref"  nptype="np"  anacata="anaphoric"  mention="np"  antetype="entity" />
<markable id="markable_309" span="word_1768" type_of_pronoun="personal"  split="simple antecedent"  agreement="they (sg.)"  coref_class="set_80"  mmax_level="coref"  position="it (subject)"  type="anaphoric"  mention="pronoun"  antetype="entity" />
<markable id="markable_306" span="word_1748" type_of_pronoun="demonstrative"  split="simple antecedent"  agreement="none"  coref_class="set_78"  mmax_level="coref"  position="it (subject)"  type="anaphoric"  mention="pronoun"  antetype="event" />
<markable id="markable_305" span="word_1737" type_of_pronoun="relative"  split="simple antecedent"  agreement="they (pl.)"  coref_class="set_77"  mmax_level="coref"  position="it (subject)"  type="anaphoric"  mention="pronoun"  antetype="entity" />
<markable id="markable_308" span="word_1756..word_1761" coref_class="set_80"  mmax_level="coref"  nptype="antecedent"  mention="np" />
<markable id="markable_307" span="word_1723..word_1745" coref_class="set_78"  mmax_level="coref"  clausetype="antecedent"  mention="clause" />
</markables>