<?xml version="1.0" encoding="UTF-8" ?>
<!DOCTYPE markables SYSTEM "markables.dtd">
<markables xmlns="www.eml.org/NameSpaces/sentence">
<markable mmax_level="sentence" orderid="0" id="markable_0" span="word_1..word_21" />
<markable mmax_level="sentence" orderid="1" id="markable_1" span="word_22..word_37" />
<markable mmax_level="sentence" orderid="2" id="markable_2" span="word_38..word_52" />
<markable mmax_level="sentence" orderid="3" id="markable_3" span="word_53..word_65" />
<markable mmax_level="sentence" orderid="4" id="markable_4" span="word_66..word_79" />
<markable mmax_level="sentence" orderid="5" id="markable_5" span="word_80..word_87" />
<markable mmax_level="sentence" orderid="6" id="markable_6" span="word_88..word_94" />
<markable mmax_level="sentence" orderid="7" id="markable_7" span="word_95..word_126" />
<markable mmax_level="sentence" orderid="8" id="markable_8" span="word_127..word_137" />
<markable mmax_level="sentence" orderid="9" id="markable_9" span="word_138..word_147" />
<markable mmax_level="sentence" orderid="10" id="markable_10" span="word_148..word_176" />
<markable mmax_level="sentence" orderid="11" id="markable_11" span="word_177..word_201" />
<markable mmax_level="sentence" orderid="12" id="markable_12" span="word_202..word_218" />
<markable mmax_level="sentence" orderid="13" id="markable_13" span="word_219..word_277" />
<markable mmax_level="sentence" orderid="14" id="markable_14" span="word_278..word_285" />
<markable mmax_level="sentence" orderid="15" id="markable_15" span="word_286..word_311" />
<markable mmax_level="sentence" orderid="16" id="markable_16" span="word_312..word_318" />
<markable mmax_level="sentence" orderid="17" id="markable_17" span="word_319..word_338" />
<markable mmax_level="sentence" orderid="18" id="markable_18" span="word_339..word_346" />
<markable mmax_level="sentence" orderid="19" id="markable_19" span="word_347..word_391" />
<markable mmax_level="sentence" orderid="20" id="markable_20" span="word_392..word_401" />
<markable mmax_level="sentence" orderid="21" id="markable_21" span="word_402..word_420" />
<markable mmax_level="sentence" orderid="22" id="markable_22" span="word_421..word_427" />
<markable mmax_level="sentence" orderid="23" id="markable_23" span="word_428..word_448" />
<markable mmax_level="sentence" orderid="24" id="markable_24" span="word_449..word_466" />
<markable mmax_level="sentence" orderid="25" id="markable_25" span="word_467..word_481" />
<markable mmax_level="sentence" orderid="26" id="markable_26" span="word_482..word_501" />
<markable mmax_level="sentence" orderid="27" id="markable_27" span="word_502..word_522" />
<markable mmax_level="sentence" orderid="28" id="markable_28" span="word_523..word_537" />
<markable mmax_level="sentence" orderid="29" id="markable_29" span="word_538..word_544" />
<markable mmax_level="sentence" orderid="30" id="markable_30" span="word_545..word_564" />
<markable mmax_level="sentence" orderid="31" id="markable_31" span="word_565..word_583" />
<markable mmax_level="sentence" orderid="32" id="markable_32" span="word_584..word_603" />
<markable mmax_level="sentence" orderid="33" id="markable_33" span="word_604..word_616" />
<markable mmax_level="sentence" orderid="34" id="markable_34" span="word_617..word_646" />
<markable mmax_level="sentence" orderid="35" id="markable_35" span="word_647..word_665" />
<markable mmax_level="sentence" orderid="36" id="markable_36" span="word_666..word_689" />
<markable mmax_level="sentence" orderid="37" id="markable_37" span="word_690..word_708" />
<markable mmax_level="sentence" orderid="38" id="markable_38" span="word_709..word_728" />
<markable mmax_level="sentence" orderid="39" id="markable_39" span="word_729..word_760" />
<markable mmax_level="sentence" orderid="40" id="markable_40" span="word_761..word_788" />
<markable mmax_level="sentence" orderid="41" id="markable_41" span="word_789..word_806" />
<markable mmax_level="sentence" orderid="42" id="markable_42" span="word_807..word_820" />
<markable mmax_level="sentence" orderid="43" id="markable_43" span="word_821..word_836" />
<markable mmax_level="sentence" orderid="44" id="markable_44" span="word_837..word_847" />
<markable mmax_level="sentence" orderid="45" id="markable_45" span="word_848..word_867" />
<markable mmax_level="sentence" orderid="46" id="markable_46" span="word_868..word_881" />
<markable mmax_level="sentence" orderid="47" id="markable_47" span="word_882..word_897" />
<markable mmax_level="sentence" orderid="48" id="markable_48" span="word_898..word_906" />
<markable mmax_level="sentence" orderid="49" id="markable_49" span="word_907..word_917" />
<markable mmax_level="sentence" orderid="50" id="markable_50" span="word_918..word_956" />
<markable mmax_level="sentence" orderid="51" id="markable_51" span="word_957..word_973" />
<markable mmax_level="sentence" orderid="52" id="markable_52" span="word_974..word_1004" />
<markable mmax_level="sentence" orderid="53" id="markable_53" span="word_1005..word_1014" />
<markable mmax_level="sentence" orderid="54" id="markable_54" span="word_1015..word_1018" />
<markable mmax_level="sentence" orderid="55" id="markable_55" span="word_1019..word_1030" />
<markable mmax_level="sentence" orderid="56" id="markable_56" span="word_1031..word_1052" />
<markable mmax_level="sentence" orderid="57" id="markable_57" span="word_1053..word_1068" />
<markable mmax_level="sentence" orderid="58" id="markable_58" span="word_1069..word_1085" />
<markable mmax_level="sentence" orderid="59" id="markable_59" span="word_1086..word_1117" />
<markable mmax_level="sentence" orderid="60" id="markable_60" span="word_1118..word_1191" />
<markable mmax_level="sentence" orderid="61" id="markable_61" span="word_1192..word_1203" />
<markable mmax_level="sentence" orderid="62" id="markable_62" span="word_1204..word_1233" />
<markable mmax_level="sentence" orderid="63" id="markable_63" span="word_1234..word_1261" />
<markable mmax_level="sentence" orderid="64" id="markable_64" span="word_1262..word_1269" />
<markable mmax_level="sentence" orderid="65" id="markable_65" span="word_1270..word_1284" />
<markable mmax_level="sentence" orderid="66" id="markable_66" span="word_1285..word_1300" />
<markable mmax_level="sentence" orderid="67" id="markable_67" span="word_1301..word_1313" />
<markable mmax_level="sentence" orderid="68" id="markable_68" span="word_1314..word_1324" />
<markable mmax_level="sentence" orderid="69" id="markable_69" span="word_1325..word_1361" />
<markable mmax_level="sentence" orderid="70" id="markable_70" span="word_1362..word_1376" />
<markable mmax_level="sentence" orderid="71" id="markable_71" span="word_1377..word_1384" />
<markable mmax_level="sentence" orderid="72" id="markable_72" span="word_1385..word_1434" />
<markable mmax_level="sentence" orderid="73" id="markable_73" span="word_1435..word_1448" />
<markable mmax_level="sentence" orderid="74" id="markable_74" span="word_1449..word_1460" />
<markable mmax_level="sentence" orderid="75" id="markable_75" span="word_1461..word_1472" />
<markable mmax_level="sentence" orderid="76" id="markable_76" span="word_1473..word_1505" />
<markable mmax_level="sentence" orderid="77" id="markable_77" span="word_1506..word_1524" />
<markable mmax_level="sentence" orderid="78" id="markable_78" span="word_1525..word_1568" />
<markable mmax_level="sentence" orderid="79" id="markable_79" span="word_1569..word_1627" />
<markable mmax_level="sentence" orderid="80" id="markable_80" span="word_1628..word_1637" />
<markable mmax_level="sentence" orderid="81" id="markable_81" span="word_1638..word_1644" />
<markable mmax_level="sentence" orderid="82" id="markable_82" span="word_1645..word_1670" />
<markable mmax_level="sentence" orderid="83" id="markable_83" span="word_1671..word_1688" />
<markable mmax_level="sentence" orderid="84" id="markable_84" span="word_1689..word_1702" />
<markable mmax_level="sentence" orderid="85" id="markable_85" span="word_1703..word_1709" />
<markable mmax_level="sentence" orderid="86" id="markable_86" span="word_1710..word_1722" />
<markable mmax_level="sentence" orderid="87" id="markable_87" span="word_1723..word_1746" />
<markable mmax_level="sentence" orderid="88" id="markable_88" span="word_1747..word_1755" />
<markable mmax_level="sentence" orderid="89" id="markable_89" span="word_1756..word_1767" />
<markable mmax_level="sentence" orderid="90" id="markable_90" span="word_1768..word_1773" />
<markable mmax_level="sentence" orderid="91" id="markable_91" span="word_1774..word_1783" />
<markable mmax_level="sentence" orderid="92" id="markable_92" span="word_1784..word_1803" />
<markable mmax_level="sentence" orderid="93" id="markable_93" span="word_1804..word_1809" />
<markable mmax_level="sentence" orderid="94" id="markable_94" span="word_1810..word_1829" />
<markable mmax_level="sentence" orderid="95" id="markable_95" span="word_1830..word_1839" />
<markable mmax_level="sentence" orderid="96" id="markable_96" span="word_1840..word_1848" />
<markable mmax_level="sentence" orderid="97" id="markable_97" span="word_1849..word_1864" />
<markable mmax_level="sentence" orderid="98" id="markable_98" span="word_1865..word_1898" />
<markable mmax_level="sentence" orderid="99" id="markable_99" span="word_1899..word_1932" />
<markable mmax_level="sentence" orderid="100" id="markable_100" span="word_1933..word_1953" />
<markable mmax_level="sentence" orderid="101" id="markable_101" span="word_1954..word_1968" />
<markable mmax_level="sentence" orderid="102" id="markable_102" span="word_1969..word_1981" />
<markable mmax_level="sentence" orderid="103" id="markable_103" span="word_1982..word_1989" />
<markable mmax_level="sentence" orderid="104" id="markable_104" span="word_1990..word_1995" />
<markable mmax_level="sentence" orderid="105" id="markable_105" span="word_1996..word_2003" />
<markable mmax_level="sentence" orderid="106" id="markable_106" span="word_2004..word_2014" />
<markable mmax_level="sentence" orderid="107" id="markable_107" span="word_2015..word_2026" />
<markable mmax_level="sentence" orderid="108" id="markable_108" span="word_2027..word_2035" />
<markable mmax_level="sentence" orderid="109" id="markable_109" span="word_2036..word_2041" />
<markable mmax_level="sentence" orderid="110" id="markable_110" span="word_2042..word_2049" />
<markable mmax_level="sentence" orderid="111" id="markable_111" span="word_2050..word_2063" />
<markable mmax_level="sentence" orderid="112" id="markable_112" span="word_2064..word_2080" />
<markable mmax_level="sentence" orderid="113" id="markable_113" span="word_2081..word_2096" />
<markable mmax_level="sentence" orderid="114" id="markable_114" span="word_2097..word_2103" />
<markable mmax_level="sentence" orderid="115" id="markable_115" span="word_2104..word_2165" />
<markable mmax_level="sentence" orderid="116" id="markable_116" span="word_2166..word_2180" />
<markable mmax_level="sentence" orderid="117" id="markable_117" span="word_2181..word_2186" />
<markable mmax_level="sentence" orderid="118" id="markable_118" span="word_2187..word_2196" />
<markable mmax_level="sentence" orderid="119" id="markable_119" span="word_2197..word_2206" />
<markable mmax_level="sentence" orderid="120" id="markable_120" span="word_2207..word_2236" />
<markable mmax_level="sentence" orderid="121" id="markable_121" span="word_2237..word_2253" />
<markable mmax_level="sentence" orderid="122" id="markable_122" span="word_2254..word_2281" />
<markable mmax_level="sentence" orderid="123" id="markable_123" span="word_2282..word_2286" />
<markable mmax_level="sentence" orderid="124" id="markable_124" span="word_2287..word_2312" />
<markable mmax_level="sentence" orderid="125" id="markable_125" span="word_2313..word_2335" />
<markable mmax_level="sentence" orderid="126" id="markable_126" span="word_2336..word_2377" />
<markable mmax_level="sentence" orderid="127" id="markable_127" span="word_2378..word_2406" />
<markable mmax_level="sentence" orderid="128" id="markable_128" span="word_2407..word_2414" />
<markable mmax_level="sentence" orderid="129" id="markable_129" span="word_2415..word_2421" />
<markable mmax_level="sentence" orderid="130" id="markable_130" span="word_2422..word_2434" />
<markable mmax_level="sentence" orderid="131" id="markable_131" span="word_2435..word_2440" />
<markable mmax_level="sentence" orderid="132" id="markable_132" span="word_2441..word_2482" />
<markable mmax_level="sentence" orderid="133" id="markable_133" span="word_2483..word_2487" />
<markable mmax_level="sentence" orderid="134" id="markable_134" span="word_2488..word_2496" />
<markable mmax_level="sentence" orderid="135" id="markable_135" span="word_2497..word_2505" />
<markable mmax_level="sentence" orderid="136" id="markable_136" span="word_2506..word_2520" />
<markable mmax_level="sentence" orderid="137" id="markable_137" span="word_2521..word_2546" />
<markable mmax_level="sentence" orderid="138" id="markable_138" span="word_2547..word_2559" />
<markable mmax_level="sentence" orderid="139" id="markable_139" span="word_2560..word_2573" />
<markable mmax_level="sentence" orderid="140" id="markable_140" span="word_2574..word_2610" />
<markable mmax_level="sentence" orderid="141" id="markable_141" span="word_2611..word_2653" />
<markable mmax_level="sentence" orderid="142" id="markable_142" span="word_2654..word_2663" />
<markable mmax_level="sentence" orderid="143" id="markable_143" span="word_2664..word_2689" />
<markable mmax_level="sentence" orderid="144" id="markable_144" span="word_2690..word_2707" />
<markable mmax_level="sentence" orderid="145" id="markable_145" span="word_2708..word_2720" />
<markable mmax_level="sentence" orderid="146" id="markable_146" span="word_2721..word_2731" />
<markable mmax_level="sentence" orderid="147" id="markable_147" span="word_2732..word_2758" />
<markable mmax_level="sentence" orderid="148" id="markable_148" span="word_2759..word_2761" />
</markables>
