<?xml version="1.0" encoding="UTF-8" ?>
<!DOCTYPE markables SYSTEM "markables.dtd">
<markables xmlns="www.eml.org/NameSpaces/sentence">
<markable mmax_level="sentence" orderid="0" id="markable_0" span="word_1..word_25" />
<markable mmax_level="sentence" orderid="1" id="markable_1" span="word_26..word_70" />
<markable mmax_level="sentence" orderid="2" id="markable_2" span="word_71..word_139" />
<markable mmax_level="sentence" orderid="3" id="markable_3" span="word_140..word_158" />
<markable mmax_level="sentence" orderid="4" id="markable_4" span="word_159..word_167" />
<markable mmax_level="sentence" orderid="5" id="markable_5" span="word_168..word_200" />
<markable mmax_level="sentence" orderid="6" id="markable_6" span="word_201..word_227" />
<markable mmax_level="sentence" orderid="7" id="markable_7" span="word_228..word_255" />
<markable mmax_level="sentence" orderid="8" id="markable_8" span="word_256..word_263" />
<markable mmax_level="sentence" orderid="9" id="markable_9" span="word_264..word_293" />
<markable mmax_level="sentence" orderid="10" id="markable_10" span="word_294..word_329" />
<markable mmax_level="sentence" orderid="11" id="markable_11" span="word_330..word_360" />
<markable mmax_level="sentence" orderid="12" id="markable_12" span="word_361..word_374" />
<markable mmax_level="sentence" orderid="13" id="markable_13" span="word_375..word_388" />
<markable mmax_level="sentence" orderid="14" id="markable_14" span="word_389..word_395" />
<markable mmax_level="sentence" orderid="15" id="markable_15" span="word_396..word_402" />
<markable mmax_level="sentence" orderid="16" id="markable_16" span="word_403..word_407" />
<markable mmax_level="sentence" orderid="17" id="markable_17" span="word_408..word_438" />
<markable mmax_level="sentence" orderid="18" id="markable_18" span="word_439..word_442" />
<markable mmax_level="sentence" orderid="19" id="markable_19" span="word_443..word_452" />
<markable mmax_level="sentence" orderid="20" id="markable_20" span="word_453..word_483" />
<markable mmax_level="sentence" orderid="21" id="markable_21" span="word_484..word_501" />
<markable mmax_level="sentence" orderid="22" id="markable_22" span="word_502..word_512" />
<markable mmax_level="sentence" orderid="23" id="markable_23" span="word_513..word_522" />
<markable mmax_level="sentence" orderid="24" id="markable_24" span="word_523..word_538" />
<markable mmax_level="sentence" orderid="25" id="markable_25" span="word_539..word_546" />
<markable mmax_level="sentence" orderid="26" id="markable_26" span="word_547..word_565" />
<markable mmax_level="sentence" orderid="27" id="markable_27" span="word_566..word_574" />
<markable mmax_level="sentence" orderid="28" id="markable_28" span="word_575..word_586" />
<markable mmax_level="sentence" orderid="29" id="markable_29" span="word_587..word_651" />
<markable mmax_level="sentence" orderid="30" id="markable_30" span="word_652..word_683" />
<markable mmax_level="sentence" orderid="31" id="markable_31" span="word_684..word_731" />
<markable mmax_level="sentence" orderid="32" id="markable_32" span="word_732..word_752" />
<markable mmax_level="sentence" orderid="33" id="markable_33" span="word_753..word_784" />
<markable mmax_level="sentence" orderid="34" id="markable_34" span="word_785..word_800" />
<markable mmax_level="sentence" orderid="35" id="markable_35" span="word_801..word_805" />
<markable mmax_level="sentence" orderid="36" id="markable_36" span="word_806..word_834" />
<markable mmax_level="sentence" orderid="37" id="markable_37" span="word_835..word_881" />
<markable mmax_level="sentence" orderid="38" id="markable_38" span="word_882..word_913" />
<markable mmax_level="sentence" orderid="39" id="markable_39" span="word_914..word_917" />
<markable mmax_level="sentence" orderid="40" id="markable_40" span="word_918..word_924" />
<markable mmax_level="sentence" orderid="41" id="markable_41" span="word_925..word_932" />
<markable mmax_level="sentence" orderid="42" id="markable_42" span="word_933..word_944" />
<markable mmax_level="sentence" orderid="43" id="markable_43" span="word_945..word_971" />
<markable mmax_level="sentence" orderid="44" id="markable_44" span="word_972..word_991" />
<markable mmax_level="sentence" orderid="45" id="markable_45" span="word_992..word_1012" />
<markable mmax_level="sentence" orderid="46" id="markable_46" span="word_1013..word_1036" />
<markable mmax_level="sentence" orderid="47" id="markable_47" span="word_1037..word_1057" />
<markable mmax_level="sentence" orderid="48" id="markable_48" span="word_1058..word_1101" />
<markable mmax_level="sentence" orderid="49" id="markable_49" span="word_1102..word_1112" />
<markable mmax_level="sentence" orderid="50" id="markable_50" span="word_1113..word_1145" />
<markable mmax_level="sentence" orderid="51" id="markable_51" span="word_1146..word_1150" />
<markable mmax_level="sentence" orderid="52" id="markable_52" span="word_1151..word_1161" />
<markable mmax_level="sentence" orderid="53" id="markable_53" span="word_1162..word_1170" />
<markable mmax_level="sentence" orderid="54" id="markable_54" span="word_1171..word_1181" />
<markable mmax_level="sentence" orderid="55" id="markable_55" span="word_1182..word_1188" />
<markable mmax_level="sentence" orderid="56" id="markable_56" span="word_1189..word_1195" />
<markable mmax_level="sentence" orderid="57" id="markable_57" span="word_1196..word_1211" />
<markable mmax_level="sentence" orderid="58" id="markable_58" span="word_1212..word_1235" />
<markable mmax_level="sentence" orderid="59" id="markable_59" span="word_1236..word_1286" />
<markable mmax_level="sentence" orderid="60" id="markable_60" span="word_1287..word_1293" />
<markable mmax_level="sentence" orderid="61" id="markable_61" span="word_1294..word_1298" />
<markable mmax_level="sentence" orderid="62" id="markable_62" span="word_1299..word_1322" />
<markable mmax_level="sentence" orderid="63" id="markable_63" span="word_1323..word_1328" />
<markable mmax_level="sentence" orderid="64" id="markable_64" span="word_1329..word_1336" />
<markable mmax_level="sentence" orderid="65" id="markable_65" span="word_1337..word_1354" />
<markable mmax_level="sentence" orderid="66" id="markable_66" span="word_1355..word_1386" />
<markable mmax_level="sentence" orderid="67" id="markable_67" span="word_1387..word_1394" />
<markable mmax_level="sentence" orderid="68" id="markable_68" span="word_1395..word_1410" />
<markable mmax_level="sentence" orderid="69" id="markable_69" span="word_1411..word_1421" />
<markable mmax_level="sentence" orderid="70" id="markable_70" span="word_1422..word_1432" />
<markable mmax_level="sentence" orderid="71" id="markable_71" span="word_1433..word_1449" />
<markable mmax_level="sentence" orderid="72" id="markable_72" span="word_1450..word_1478" />
<markable mmax_level="sentence" orderid="73" id="markable_73" span="word_1479..word_1501" />
<markable mmax_level="sentence" orderid="74" id="markable_74" span="word_1502..word_1520" />
<markable mmax_level="sentence" orderid="75" id="markable_75" span="word_1521..word_1531" />
<markable mmax_level="sentence" orderid="76" id="markable_76" span="word_1532..word_1548" />
<markable mmax_level="sentence" orderid="77" id="markable_77" span="word_1549..word_1617" />
<markable mmax_level="sentence" orderid="78" id="markable_78" span="word_1618..word_1635" />
<markable mmax_level="sentence" orderid="79" id="markable_79" span="word_1636..word_1661" />
<markable mmax_level="sentence" orderid="80" id="markable_80" span="word_1662..word_1678" />
<markable mmax_level="sentence" orderid="81" id="markable_81" span="word_1679..word_1690" />
<markable mmax_level="sentence" orderid="82" id="markable_82" span="word_1691..word_1715" />
<markable mmax_level="sentence" orderid="83" id="markable_83" span="word_1716..word_1722" />
<markable mmax_level="sentence" orderid="84" id="markable_84" span="word_1723..word_1729" />
<markable mmax_level="sentence" orderid="85" id="markable_85" span="word_1730..word_1738" />
<markable mmax_level="sentence" orderid="86" id="markable_86" span="word_1739..word_1747" />
<markable mmax_level="sentence" orderid="87" id="markable_87" span="word_1748..word_1765" />
<markable mmax_level="sentence" orderid="88" id="markable_88" span="word_1766..word_1813" />
<markable mmax_level="sentence" orderid="89" id="markable_89" span="word_1814..word_1836" />
<markable mmax_level="sentence" orderid="90" id="markable_90" span="word_1837..word_1877" />
<markable mmax_level="sentence" orderid="91" id="markable_91" span="word_1878..word_1883" />
<markable mmax_level="sentence" orderid="92" id="markable_92" span="word_1884..word_1906" />
<markable mmax_level="sentence" orderid="93" id="markable_93" span="word_1907..word_1939" />
<markable mmax_level="sentence" orderid="94" id="markable_94" span="word_1940..word_1969" />
<markable mmax_level="sentence" orderid="95" id="markable_95" span="word_1970..word_1997" />
<markable mmax_level="sentence" orderid="96" id="markable_96" span="word_1998..word_2029" />
<markable mmax_level="sentence" orderid="97" id="markable_97" span="word_2030..word_2037" />
<markable mmax_level="sentence" orderid="98" id="markable_98" span="word_2038..word_2042" />
<markable mmax_level="sentence" orderid="99" id="markable_99" span="word_2043..word_2058" />
<markable mmax_level="sentence" orderid="100" id="markable_100" span="word_2059..word_2075" />
<markable mmax_level="sentence" orderid="101" id="markable_101" span="word_2076..word_2087" />
<markable mmax_level="sentence" orderid="102" id="markable_102" span="word_2088..word_2121" />
<markable mmax_level="sentence" orderid="103" id="markable_103" span="word_2122..word_2126" />
<markable mmax_level="sentence" orderid="104" id="markable_104" span="word_2127..word_2155" />
<markable mmax_level="sentence" orderid="105" id="markable_105" span="word_2156..word_2205" />
<markable mmax_level="sentence" orderid="106" id="markable_106" span="word_2206..word_2273" />
<markable mmax_level="sentence" orderid="107" id="markable_107" span="word_2274..word_2277" />
<markable mmax_level="sentence" orderid="108" id="markable_108" span="word_2278..word_2293" />
<markable mmax_level="sentence" orderid="109" id="markable_109" span="word_2294..word_2298" />
<markable mmax_level="sentence" orderid="110" id="markable_110" span="word_2299..word_2307" />
<markable mmax_level="sentence" orderid="111" id="markable_111" span="word_2308..word_2319" />
<markable mmax_level="sentence" orderid="112" id="markable_112" span="word_2320..word_2339" />
<markable mmax_level="sentence" orderid="113" id="markable_113" span="word_2340..word_2367" />
<markable mmax_level="sentence" orderid="114" id="markable_114" span="word_2368..word_2374" />
<markable mmax_level="sentence" orderid="115" id="markable_115" span="word_2375..word_2410" />
<markable mmax_level="sentence" orderid="116" id="markable_116" span="word_2411..word_2452" />
<markable mmax_level="sentence" orderid="117" id="markable_117" span="word_2453..word_2481" />
<markable mmax_level="sentence" orderid="118" id="markable_118" span="word_2482..word_2501" />
<markable mmax_level="sentence" orderid="119" id="markable_119" span="word_2502..word_2512" />
<markable mmax_level="sentence" orderid="120" id="markable_120" span="word_2513..word_2518" />
<markable mmax_level="sentence" orderid="121" id="markable_121" span="word_2519..word_2520" />
</markables>
