<?xml version="1.0" encoding="UTF-8"?>
<!DOCTYPE markables SYSTEM "markables.dtd">
<markables xmlns="www.eml.org/NameSpaces/coref">
<markable id="markable_283" span="word_849" type_of_pronoun="personal"  agreement="they (pl.)"  split="simple antecedent"  coref_class="set_23"  mmax_level="coref"  position="it (subject)"  type="anaphoric"  antetype="entity"  mention="pronoun" />
<markable id="markable_282" span="word_836" type_of_pronoun="personal"  agreement="they (pl.)"  split="simple antecedent"  coref_class="set_23"  mmax_level="coref"  position="it (subject)"  type="anaphoric"  antetype="entity"  mention="pronoun" />
<markable id="markable_285" span="word_965" type_of_pronoun="personal"  agreement="they (sg.)"  split="simple antecedent"  coref_class="set_25"  mmax_level="coref"  position="it (subject)"  type="anaphoric"  antetype="entity"  mention="pronoun" />
<markable id="markable_284" span="word_956..word_961" coref_class="set_25"  mmax_level="coref"  nptype="antecedent"  mention="np" />
<markable id="markable_281" span="word_827..word_828" npmod="def-article"  split="simple antecedent"  coref_class="set_23"  mmax_level="coref"  anacata="anaphoric"  nptype="np"  antetype="entity"  mention="np" />
<markable id="markable_280" span="word_822" coref_class="set_23"  mmax_level="coref"  nptype="antecedent"  mention="np" />
<markable id="markable_287" span="word_1041" type_of_pronoun="personal"  agreement="they (pl.)"  split="simple antecedent"  coref_class="set_26"  mmax_level="coref"  position="it (subject)"  type="anaphoric"  antetype="entity"  mention="pronoun" />
<markable id="markable_286" span="word_983" type_of_pronoun="personal"  agreement="they (sg.)"  split="simple antecedent"  coref_class="set_25"  mmax_level="coref"  position="it (subject)"  type="anaphoric"  antetype="entity"  mention="pronoun" />
<markable id="markable_289" span="word_1052..word_1056" coref_class="set_27"  mmax_level="coref"  nptype="antecedent"  mention="np" />
<markable id="markable_288" span="word_1027" coref_class="set_26"  mmax_level="coref"  nptype="antecedent"  mention="np" />
<markable id="markable_294" span="word_1151..word_1152" coref_class="set_28"  mmax_level="coref"  nptype="antecedent"  mention="np" />
<markable id="markable_293" span="word_1076" type_of_pronoun="personal"  agreement="they (pl.)"  split="simple antecedent"  coref_class="set_27"  mmax_level="coref"  position="it (subject)"  type="anaphoric"  antetype="entity"  mention="pronoun" />
<markable id="markable_296" span="word_1164..word_1165" coref_class="set_29"  mmax_level="coref"  nptype="antecedent"  mention="np" />
<markable id="markable_295" span="word_1157..word_1158" split="simple antecedent"  coref_class="set_28"  mmax_level="coref"  nptype="nom-ellipsis"  antetype="entity"  mention="np" />
<markable id="markable_290" span="word_1060" type_of_pronoun="personal"  agreement="they (pl.)"  split="simple antecedent"  coref_class="set_27"  mmax_level="coref"  position="it (subject)"  type="anaphoric"  antetype="entity"  mention="pronoun" />
<markable id="markable_292" span="word_1071" type_of_pronoun="personal"  agreement="they (pl.)"  split="simple antecedent"  coref_class="set_27"  mmax_level="coref"  position="it (subject)"  type="anaphoric"  antetype="entity"  mention="pronoun" />
<markable id="markable_291" span="word_1066" type_of_pronoun="personal"  agreement="they (pl.)"  split="simple antecedent"  coref_class="set_27"  mmax_level="coref"  position="it (subject)"  type="anaphoric"  antetype="entity"  mention="pronoun" />
<markable id="markable_298" span="word_1222..word_1225" coref_class="set_30"  mmax_level="coref"  vptype="antecedent"  mention="vp" />
<markable id="markable_297" span="word_1169" type_of_pronoun="personal"  agreement="they (sg.)"  split="simple antecedent"  coref_class="set_29"  mmax_level="coref"  position="it (non-subject)"  type="anaphoric"  antetype="entity"  mention="pronoun" />
<markable id="markable_299" span="word_1249" type_of_pronoun="personal"  agreement="none"  split="simple antecedent"  coref_class="set_30"  mmax_level="coref"  position="it (subject)"  type="anaphoric"  antetype="event"  mention="pronoun" />
<markable id="markable_560" span="word_3954..word_3955" split="split reference"  coref_class="set_156"  mmax_level="coref"  type="nom substitution"  mention="pronoun" />
<markable id="markable_680" span="word_5001" type_of_pronoun="relative"  split="simple antecedent"  agreement="they (pl.)"  coref_class="set_195"  mmax_level="coref"  position="it (subject)"  type="anaphoric"  mention="pronoun"  antetype="entity" />
<markable id="markable_324" span="word_1452" type_of_pronoun="relative"  agreement="they (pl.)"  split="simple antecedent"  coref_class="set_43"  mmax_level="coref"  position="it (non-subject)"  type="anaphoric"  antetype="entity"  mention="pronoun" />
<markable id="markable_445" span="word_2683..word_2684" coref_class="set_106"  mmax_level="coref"  nptype="antecedent"  mention="np" />
<markable id="markable_566" span="word_4107..word_4108" coref_class="set_157"  mmax_level="coref"  nptype="antecedent"  mention="np" />
<markable id="markable_323" span="word_1448..word_1450" coref_class="set_43"  mmax_level="coref"  nptype="antecedent"  mention="np" />
<markable id="markable_444" span="word_2681" type_of_pronoun="relative"  agreement="they (sg.)"  split="simple antecedent"  coref_class="set_101"  mmax_level="coref"  position="it (subject)"  type="anaphoric"  antetype="entity"  mention="pronoun" />
<markable id="markable_565" span="word_3998" type_of_pronoun="personal"  agreement="they (sg.)"  split="simple antecedent"  coref_class="set_156"  mmax_level="coref"  position="it (subject)"  type="anaphoric"  antetype="entity"  mention="pronoun" />
<markable id="markable_326" span="word_1477" type_of_pronoun="personal"  agreement="none"  split="simple antecedent"  coref_class="set_44"  mmax_level="coref"  position="it (subject)"  type="anaphoric"  antetype="event"  mention="pronoun" />
<markable id="markable_447" span="word_2692" type_of_pronoun="personal"  agreement="they (sg.)"  split="simple antecedent"  coref_class="set_106"  mmax_level="coref"  position="it (subject)"  type="anaphoric"  antetype="entity"  mention="pronoun" />
<markable id="markable_568" span="word_4125..word_4126" coref_class="set_158"  mmax_level="coref"  nptype="antecedent"  mention="np" />
<markable id="markable_325" span="word_1471" type_of_pronoun="demonstrative"  agreement="none"  split="simple antecedent"  coref_class="set_44"  mmax_level="coref"  position="it (non-subject)"  type="anaphoric"  antetype="event"  mention="pronoun" />
<markable id="markable_446" span="word_2687" type_of_pronoun="relative"  agreement="they (sg.)"  split="simple antecedent"  coref_class="set_106"  mmax_level="coref"  position="it (subject)"  type="anaphoric"  antetype="entity"  mention="pronoun" />
<markable id="markable_567" span="word_4118" type_of_pronoun="demonstrative"  agreement="none"  split="simple antecedent"  coref_class="set_157"  mmax_level="coref"  position="it (subject)"  type="anaphoric"  antetype="entity"  mention="pronoun" />
<markable id="markable_320" span="word_1417" split="simple antecedent"  coref_class="set_41"  mmax_level="coref"  type="nom substitution"  antetype="entity"  mention="pronoun" />
<markable id="markable_441" span="word_2658" type_of_pronoun="personal"  agreement="they (pl.)"  split="simple antecedent"  coref_class="set_99"  mmax_level="coref"  position="it (non-subject)"  type="anaphoric"  antetype="entity"  mention="pronoun" />
<markable id="markable_562" span="word_3978..word_3980" coref_class="set_155"  mmax_level="coref"  nptype="antecedent"  mention="np" />
<markable id="markable_440" span="word_2653" type_of_pronoun="relative"  agreement="they (pl.)"  split="simple antecedent"  coref_class="set_99"  mmax_level="coref"  position="it (subject)"  type="anaphoric"  antetype="entity"  mention="pronoun" />
<markable id="markable_561" span="word_3968" type_of_pronoun="personal"  agreement="they (pl.)"  split="simple antecedent"  coref_class="set_156"  mmax_level="coref"  position="it (non-subject)"  type="anaphoric"  antetype="entity"  mention="pronoun" />
<markable id="markable_682" span="word_4986..word_4987" npmod="demonstrative"  split="simple antecedent"  coref_class="set_212"  mmax_level="coref"  anacata="anaphoric"  nptype="np"  antetype="entity"  mention="np" />
<markable id="markable_322" span="word_1424" type_of_pronoun="relative"  agreement="they (pl.)"  split="simple antecedent"  coref_class="set_42"  mmax_level="coref"  position="it (subject)"  type="anaphoric"  antetype="entity"  mention="pronoun" />
<markable id="markable_443" span="word_2679" split="simple antecedent"  coref_class="set_101"  mmax_level="coref"  type="nom substitution"  antetype="entity"  mention="pronoun" />
<markable id="markable_564" span="word_3989" type_of_pronoun="personal"  agreement="they (pl.)"  split="simple antecedent"  coref_class="set_156"  mmax_level="coref"  position="it (subject)"  type="anaphoric"  antetype="entity"  mention="pronoun" />
<markable id="markable_321" span="word_1421..word_1422" coref_class="set_42"  mmax_level="coref"  nptype="antecedent"  mention="np" />
<markable id="markable_442" span="word_2672..word_2677" coref_class="set_101"  mmax_level="coref"  nptype="antecedent"  mention="np" />
<markable id="markable_563" span="word_3984" type_of_pronoun="personal"  agreement="they (sg.)"  split="simple antecedent"  coref_class="set_155"  mmax_level="coref"  position="it (subject)"  type="anaphoric"  antetype="entity"  mention="pronoun" />
<markable id="markable_317" span="word_1383" type_of_pronoun="relative"  agreement="they (pl.)"  split="simple antecedent"  coref_class="set_40"  mmax_level="coref"  position="it (subject)"  type="anaphoric"  antetype="entity"  mention="pronoun" />
<markable id="markable_438" span="word_2606" type_of_pronoun="personal"  agreement="they (sg.)"  split="simple antecedent"  coref_class="set_98"  mmax_level="coref"  position="it (subject)"  type="anaphoric"  antetype="entity"  mention="pronoun" />
<markable id="markable_559" span="word_3948..word_3949" coref_class="set_156"  mmax_level="coref"  nptype="antecedent"  mention="np" />
<markable id="markable_316" span="word_1380..word_1381" coref_class="set_40"  mmax_level="coref"  nptype="antecedent"  mention="np" />
<markable id="markable_437" span="word_2590..word_2592" coref_class="set_98"  mmax_level="coref"  nptype="antecedent"  mention="np" />
<markable id="markable_558" span="word_3942..word_3943" coref_class="set_156"  mmax_level="coref"  nptype="antecedent"  mention="np" />
<markable id="markable_679" span="word_4999" split="simple antecedent"  coref_class="set_195"  mmax_level="coref"  type="nom substitution"  mention="pronoun"  antetype="entity" />
<markable id="markable_319" span="word_1412..word_1413" coref_class="set_41"  mmax_level="coref"  nptype="antecedent"  mention="np" />
<markable id="markable_318" span="word_1398" type_of_pronoun="possessive"  agreement="they (pl.)"  split="simple antecedent"  coref_class="set_40"  mmax_level="coref"  position="it (non-subject)"  type="anaphoric"  antetype="entity"  mention="pronoun" />
<markable id="markable_439" span="word_2651" coref_class="set_99"  mmax_level="coref"  nptype="antecedent"  mention="np" />
<markable id="markable_450" span="word_2712" type_of_pronoun="personal"  agreement="they (sg.)"  split="simple antecedent"  coref_class="set_106"  mmax_level="coref"  position="it (subject)"  type="anaphoric"  antetype="entity"  mention="pronoun" />
<markable id="markable_571" span="word_4173" type_of_pronoun="demonstrative"  agreement="they (sg.)"  split="simple antecedent"  coref_class="set_159"  mmax_level="coref"  position="it (subject)"  type="anaphoric"  antetype="entity"  mention="pronoun" />
<markable id="markable_570" span="word_4160..word_4161" coref_class="set_159"  mmax_level="coref"  nptype="antecedent"  mention="np" />
<markable id="markable_335" span="word_1526" type_of_pronoun="demonstrative"  agreement="none"  split="no explicit antecedent"  coref_class="empty"  mmax_level="coref"  position="it (non-subject)"  type="anaphoric"  mention="pronoun" />
<markable id="markable_456" span="word_2755" type_of_pronoun="personal"  agreement="they (sg.)"  split="simple antecedent"  coref_class="set_106"  mmax_level="coref"  position="it (subject)"  type="anaphoric"  antetype="entity"  mention="pronoun" />
<markable id="markable_334" span="word_1521" type_of_pronoun="relative"  agreement="they (sg.)"  split="simple antecedent"  coref_class="set_47"  mmax_level="coref"  position="it (non-subject)"  type="anaphoric"  antetype="entity"  mention="pronoun" />
<markable id="markable_455" span="word_2751" type_of_pronoun="personal"  agreement="they (sg.)"  split="simple antecedent"  coref_class="set_106"  mmax_level="coref"  position="it (non-subject)"  type="anaphoric"  antetype="entity"  mention="pronoun" />
<markable id="markable_576" span="word_4229" type_of_pronoun="demonstrative"  agreement="they (sg.)"  split="simple antecedent"  coref_class="set_161"  mmax_level="coref"  position="it (subject)"  type="anaphoric"  antetype="entity"  mention="pronoun" />
<markable id="markable_337" span="word_1536" type_of_pronoun="relative"  agreement="they (sg.)"  split="simple antecedent"  coref_class="set_57"  mmax_level="coref"  position="it (subject)"  type="anaphoric"  antetype="entity"  mention="pronoun" />
<markable id="markable_458" span="word_2787" type_of_pronoun="relative"  agreement="they (sg.)"  split="simple antecedent"  coref_class="set_107"  mmax_level="coref"  position="it (subject)"  type="anaphoric"  antetype="entity"  mention="pronoun" />
<markable id="markable_579" span="word_4164..word_4165" coref_class="set_163"  mmax_level="coref"  nptype="antecedent"  mention="np" />
<markable id="markable_336" span="word_1532..word_1534" coref_class="set_57"  mmax_level="coref"  nptype="antecedent"  mention="np" />
<markable id="markable_457" span="word_2782..word_2783" coref_class="set_107"  mmax_level="coref"  nptype="antecedent"  mention="np" />
<markable id="markable_578" span="word_4190" type_of_pronoun="personal"  agreement="they (sg.)"  split="simple antecedent"  coref_class="set_163"  mmax_level="coref"  position="it (subject)"  type="anaphoric"  antetype="entity"  mention="pronoun" />
<markable id="markable_331" span="word_1457" coref_class="set_46"  mmax_level="coref"  nptype="antecedent"  mention="np" />
<markable id="markable_452" span="word_2738..word_2740" split="simple antecedent"  coref_class="set_105"  mmax_level="coref"  nptype="nom-ellipsis"  antetype="entity"  mention="np" />
<markable id="markable_573" span="word_4201..word_4202" coref_class="set_160"  mmax_level="coref"  nptype="antecedent"  mention="np" />
<markable id="markable_330" span="word_1496" type_of_pronoun="personal"  agreement="none"  split="simple antecedent"  coref_class="set_46"  mmax_level="coref"  position="it (subject)"  type="anaphoric"  antetype="entity"  mention="pronoun" />
<markable id="markable_451" span="word_2735" type_of_pronoun="personal"  agreement="they (sg.)"  split="simple antecedent"  coref_class="set_106"  mmax_level="coref"  position="it (subject)"  type="anaphoric"  antetype="entity"  mention="pronoun" />
<markable id="markable_572" span="word_4194" type_of_pronoun="personal"  agreement="they (sg.)"  split="simple antecedent"  coref_class="set_159"  mmax_level="coref"  position="it (subject)"  type="anaphoric"  antetype="entity"  mention="pronoun" />
<markable id="markable_333" span="word_1516..word_1518" coref_class="set_47"  mmax_level="coref"  nptype="antecedent"  mention="np" />
<markable id="markable_454" span="word_2745" type_of_pronoun="personal"  agreement="they (pl.)"  split="simple antecedent"  coref_class="set_105"  mmax_level="coref"  position="it (non-subject)"  type="anaphoric"  antetype="entity"  mention="pronoun" />
<markable id="markable_575" span="word_4201..word_4227" coref_class="set_161"  mmax_level="coref"  clausetype="antecedent"  mention="clause" />
<markable id="markable_332" span="word_1503" type_of_pronoun="personal"  agreement="none"  split="simple antecedent"  coref_class="set_46"  mmax_level="coref"  position="it (subject)"  type="anaphoric"  antetype="entity"  mention="pronoun" />
<markable id="markable_453" span="word_2728..word_2731" coref_class="set_105"  mmax_level="coref"  nptype="antecedent"  mention="np" />
<markable id="markable_574" span="word_4211" type_of_pronoun="personal"  agreement="they (pl.)"  split="simple antecedent"  coref_class="set_160"  mmax_level="coref"  position="it (subject)"  type="anaphoric"  antetype="entity"  mention="pronoun" />
<markable id="markable_328" span="word_1459..word_1462" coref_class="set_45"  mmax_level="coref"  nptype="antecedent"  mention="np" />
<markable id="markable_449" span="word_2705" type_of_pronoun="personal"  agreement="they (sg.)"  split="simple antecedent"  coref_class="set_106"  mmax_level="coref"  position="it (subject)"  type="anaphoric"  antetype="entity"  mention="pronoun" />
<markable id="markable_327" span="word_1456..word_1462" coref_class="set_44"  mmax_level="coref"  vptype="antecedent"  mention="vp" />
<markable id="markable_448" span="word_2700" type_of_pronoun="personal"  agreement="they (sg.)"  split="simple antecedent"  coref_class="set_106"  mmax_level="coref"  position="it (subject)"  type="anaphoric"  antetype="entity"  mention="pronoun" />
<markable id="markable_569" span="word_4129" type_of_pronoun="personal"  agreement="they (sg.)"  split="simple antecedent"  coref_class="set_158"  mmax_level="coref"  position="it (non-subject)"  type="anaphoric"  antetype="entity"  mention="pronoun" />
<markable id="markable_329" span="word_1483..word_1485" npmod="demonstrative"  split="simple antecedent"  coref_class="set_45"  mmax_level="coref"  anacata="anaphoric"  nptype="np"  antetype="entity"  mention="np" />
<markable id="markable_580" span="word_4236" type_of_pronoun="personal"  agreement="they (sg.)"  split="simple antecedent"  coref_class="set_163"  mmax_level="coref"  position="it (subject)"  type="anaphoric"  antetype="entity"  mention="pronoun" />
<markable id="markable_340" span="word_1567" type_of_pronoun="personal"  agreement="they (sg.)"  split="simple antecedent"  coref_class="set_57"  mmax_level="coref"  position="it (subject)"  type="anaphoric"  antetype="entity"  mention="pronoun" />
<markable id="markable_461" span="word_2853..word_2854" coref_class="set_109"  mmax_level="coref"  nptype="antecedent"  mention="np" />
<markable id="markable_582" span="word_4261" type_of_pronoun="personal"  agreement="they (sg.)"  split="no explicit antecedent"  coref_class="set_164"  mmax_level="coref"  position="it (non-subject)"  type="anaphoric"  mention="pronoun" />
<markable id="markable_460" span="word_2825" type_of_pronoun="personal"  agreement="they (sg.)"  split="simple antecedent"  coref_class="set_118"  mmax_level="coref"  position="it (subject)"  type="anaphoric"  antetype="entity"  mention="pronoun" />
<markable id="markable_581" span="word_4243..word_4244" type_of_pronoun="personal"  agreement="none"  split="no explicit antecedent"  coref_class="set_164"  mmax_level="coref"  position="it (non-subject)"  type="anaphoric"  mention="pronoun" />
<markable id="markable_346" span="word_1604" type_of_pronoun="personal"  agreement="they (sg.)"  split="simple antecedent"  coref_class="set_57"  mmax_level="coref"  position="it (subject)"  type="anaphoric"  antetype="entity"  mention="pronoun" />
<markable id="markable_467" span="word_2916" type_of_pronoun="personal"  agreement="they (sg.)"  split="simple antecedent"  coref_class="set_118"  mmax_level="coref"  position="it (subject)"  type="anaphoric"  antetype="entity"  mention="pronoun" />
<markable id="markable_588" span="word_4390" type_of_pronoun="personal"  agreement="they (sg.)"  split="simple antecedent"  coref_class="set_167"  mmax_level="coref"  position="it (subject)"  type="anaphoric"  antetype="entity"  mention="pronoun" />
<markable id="markable_345" span="word_1595..word_1596" npmod="def-article"  split="simple antecedent"  coref_class="set_54"  mmax_level="coref"  anacata="anaphoric"  nptype="np"  antetype="entity"  mention="np" />
<markable id="markable_466" span="word_2898" type_of_pronoun="relative"  agreement="they (pl.)"  split="simple antecedent"  coref_class="set_117"  mmax_level="coref"  position="it (subject)"  type="anaphoric"  antetype="entity"  mention="pronoun" />
<markable id="markable_587" span="word_4372..word_4375" coref_class="set_167"  mmax_level="coref"  nptype="antecedent"  mention="np" />
<markable id="markable_348" span="word_1619..word_1621" coref_class="set_55"  mmax_level="coref"  nptype="antecedent"  mention="np" />
<markable id="markable_469" span="word_2929" type_of_pronoun="personal"  agreement="they (pl.)"  split="simple antecedent"  coref_class="set_117"  mmax_level="coref"  position="it (subject)"  type="anaphoric"  antetype="entity"  mention="pronoun" />
<markable id="markable_347" span="word_1605" split="simple antecedent"  coref_class="set_54"  mmax_level="coref"  type="nom substitution"  antetype="entity"  mention="pronoun" />
<markable id="markable_468" span="word_2923" type_of_pronoun="personal"  agreement="they (pl.)"  split="simple antecedent"  coref_class="set_117"  mmax_level="coref"  position="it (subject)"  type="anaphoric"  antetype="entity"  mention="pronoun" />
<markable id="markable_589" span="word_4372..word_4393" coref_class="set_168"  mmax_level="coref"  clausetype="antecedent"  mention="clause" />
<markable id="markable_342" span="word_1573..word_1574" type_of_pronoun="personal"  agreement="none"  split="simple antecedent"  coref_class="set_51"  mmax_level="coref"  position="none"  type="anaphoric"  antetype="entity"  mention="pronoun" />
<markable id="markable_463" span="word_2877" type_of_pronoun="personal"  agreement="they (sg.)"  split="simple antecedent"  coref_class="set_118"  mmax_level="coref"  position="it (subject)"  type="anaphoric"  antetype="entity"  mention="pronoun" />
<markable id="markable_341" span="word_1577" type_of_pronoun="personal"  agreement="they (sg.)"  split="simple antecedent"  coref_class="set_51"  mmax_level="coref"  position="it (subject)"  type="anaphoric"  antetype="entity"  mention="pronoun" />
<markable id="markable_462" span="word_2856" type_of_pronoun="relative"  agreement="they (pl.)"  split="simple antecedent"  coref_class="set_109"  mmax_level="coref"  position="it (subject)"  type="anaphoric"  antetype="entity"  mention="pronoun" />
<markable id="markable_344" span="word_1589" coref_class="set_54"  mmax_level="coref"  nptype="antecedent"  mention="np" />
<markable id="markable_465" span="word_2896" split="simple antecedent"  coref_class="set_117"  mmax_level="coref"  type="nom substitution"  antetype="entity"  mention="pronoun" />
<markable id="markable_586" span="word_4354" type_of_pronoun="personal"  agreement="they (pl.)"  split="simple antecedent"  coref_class="set_166"  mmax_level="coref"  position="it (non-subject)"  type="anaphoric"  antetype="entity"  mention="pronoun" />
<markable id="markable_343" span="word_1587" type_of_pronoun="personal"  agreement="they (sg.)"  split="simple antecedent"  coref_class="set_57"  mmax_level="coref"  position="it (non-subject)"  type="anaphoric"  antetype="entity"  mention="pronoun" />
<markable id="markable_464" span="word_2889" coref_class="set_117"  mmax_level="coref"  nptype="antecedent"  mention="np" />
<markable id="markable_585" span="word_4344..word_4347" coref_class="set_166"  mmax_level="coref"  nptype="antecedent"  mention="np" />
<markable id="markable_339" span="word_1550" type_of_pronoun="possessive"  agreement="they (sg.)"  split="simple antecedent"  coref_class="set_57"  mmax_level="coref"  position="it (non-subject)"  type="anaphoric"  antetype="entity"  mention="pronoun" />
<markable id="markable_338" span="word_1545" type_of_pronoun="relative"  agreement="they (sg.)"  split="simple antecedent"  coref_class="set_57"  mmax_level="coref"  position="it (subject)"  type="anaphoric"  antetype="entity"  mention="pronoun" />
<markable id="markable_459" span="word_2823" coref_class="set_118"  mmax_level="coref"  nptype="antecedent"  mention="np" />
<markable id="markable_470" span="word_2947" type_of_pronoun="personal"  agreement="they (pl.)"  split="simple antecedent"  coref_class="set_117"  mmax_level="coref"  position="it (subject)"  type="anaphoric"  antetype="entity"  mention="pronoun" />
<markable id="markable_591" span="word_4457..word_4459" coref_class="set_169"  mmax_level="coref"  nptype="antecedent"  mention="np" />
<markable id="markable_590" span="word_4399" type_of_pronoun="demonstrative"  agreement="none"  split="simple antecedent"  coref_class="set_168"  mmax_level="coref"  position="it (subject)"  type="anaphoric"  antetype="event"  mention="pronoun" />
<markable id="markable_351" span="word_1644" type_of_pronoun="possessive"  agreement="they (sg.)"  split="simple antecedent"  coref_class="set_57"  mmax_level="coref"  position="it (non-subject)"  type="anaphoric"  antetype="entity"  mention="pronoun" />
<markable id="markable_472" span="word_2970" type_of_pronoun="personal"  agreement="they (pl.)"  split="simple antecedent"  coref_class="set_117"  mmax_level="coref"  position="it (subject)"  type="anaphoric"  antetype="entity"  mention="pronoun" />
<markable id="markable_593" span="word_4469" type_of_pronoun="demonstrative"  agreement="none"  split="simple antecedent"  coref_class="set_169"  mmax_level="coref"  position="it (non-subject)"  type="anaphoric"  antetype="event"  mention="pronoun" />
<markable id="markable_350" span="word_1628" type_of_pronoun="personal"  agreement="they (sg.)"  split="simple antecedent"  coref_class="set_57"  mmax_level="coref"  position="it (subject)"  type="anaphoric"  antetype="entity"  mention="pronoun" />
<markable id="markable_471" span="word_2963" type_of_pronoun="personal"  agreement="they (pl.)"  split="simple antecedent"  coref_class="set_117"  mmax_level="coref"  position="it (subject)"  type="anaphoric"  antetype="entity"  mention="pronoun" />
<markable id="markable_592" span="word_4462" type_of_pronoun="demonstrative"  agreement="they (sg.)"  split="simple antecedent"  coref_class="set_169"  mmax_level="coref"  position="it (subject)"  type="anaphoric"  antetype="entity"  mention="pronoun" />
<markable id="markable_236" span="word_154" type_of_pronoun="personal"  agreement="they (sg.)"  split="simple antecedent"  coref_class="set_2"  mmax_level="coref"  position="it (non-subject)"  type="anaphoric"  antetype="entity"  mention="pronoun" />
<markable id="markable_357" span="word_1697" type_of_pronoun="relative"  agreement="they (pl.)"  split="simple antecedent"  coref_class="set_58"  mmax_level="coref"  position="it (subject)"  type="anaphoric"  antetype="entity"  mention="pronoun" />
<markable id="markable_478" span="word_3008" type_of_pronoun="personal"  agreement="they (sg.)"  split="simple antecedent"  coref_class="set_118"  mmax_level="coref"  position="it (subject)"  type="anaphoric"  antetype="entity"  mention="pronoun" />
<markable id="markable_599" span="word_4577" type_of_pronoun="demonstrative"  agreement="they (sg.)"  split="simple antecedent"  coref_class="set_172"  mmax_level="coref"  position="it (subject)"  type="anaphoric"  antetype="entity"  mention="pronoun" />
<markable id="markable_235" span="word_65" type_of_pronoun="personal"  agreement="they (sg.)"  split="simple antecedent"  coref_class="set_1"  mmax_level="coref"  position="it (subject)"  type="anaphoric"  antetype="entity"  mention="pronoun" />
<markable id="markable_356" span="word_1693..word_1694" coref_class="set_58"  mmax_level="coref"  nptype="antecedent"  mention="np" />
<markable id="markable_477" span="word_2998..word_2999" coref_class="set_116"  mmax_level="coref"  nptype="antecedent"  mention="np" />
<markable id="markable_598" span="word_4541..word_4542" coref_class="set_172"  mmax_level="coref"  nptype="antecedent"  mention="np" />
<markable id="markable_238" span="word_187..word_189" coref_class="set_4"  mmax_level="coref"  nptype="antecedent"  mention="np" />
<markable id="markable_359" span="word_1757..word_1758" npmod="demonstrative"  split="simple antecedent"  coref_class="set_59"  mmax_level="coref"  anacata="anaphoric"  nptype="np"  antetype="entity"  mention="np" />
<markable id="markable_237" span="word_147" coref_class="set_2"  mmax_level="coref"  nptype="antecedent"  mention="np" />
<markable id="markable_358" span="word_1748..word_1750" coref_class="set_59"  mmax_level="coref"  nptype="antecedent"  mention="np" />
<markable id="markable_479" span="word_3014" type_of_pronoun="personal"  agreement="they (pl.)"  split="simple antecedent"  coref_class="set_117"  mmax_level="coref"  position="it (non-subject)"  type="anaphoric"  antetype="entity"  mention="pronoun" />
<markable id="markable_353" span="word_1653..word_1654" npmod="demonstrative"  split="simple antecedent"  coref_class="set_55"  mmax_level="coref"  anacata="anaphoric"  nptype="np"  antetype="entity"  mention="np" />
<markable id="markable_474" span="word_2993" type_of_pronoun="personal"  agreement="they (pl.)"  split="simple antecedent"  coref_class="set_117"  mmax_level="coref"  position="it (non-subject)"  type="anaphoric"  antetype="entity"  mention="pronoun" />
<markable id="markable_595" span="word_4497" type_of_pronoun="relative"  agreement="they (pl.)"  split="simple antecedent"  coref_class="set_170"  mmax_level="coref"  position="it (non-subject)"  type="anaphoric"  antetype="entity"  mention="pronoun" />
<markable id="markable_352" span="word_1649" type_of_pronoun="personal"  agreement="they (sg.)"  split="simple antecedent"  coref_class="set_57"  mmax_level="coref"  position="it (non-subject)"  type="anaphoric"  antetype="entity"  mention="pronoun" />
<markable id="markable_473" span="word_2982" type_of_pronoun="personal"  agreement="they (pl.)"  split="simple antecedent"  coref_class="set_117"  mmax_level="coref"  position="it (subject)"  type="anaphoric"  antetype="entity"  mention="pronoun" />
<markable id="markable_594" span="word_4493..word_4495" coref_class="set_170"  mmax_level="coref"  nptype="antecedent"  mention="np" />
<markable id="markable_234" span="word_47" type_of_pronoun="personal"  agreement="they (sg.)"  split="simple antecedent"  coref_class="set_1"  mmax_level="coref"  position="it (subject)"  type="anaphoric"  antetype="entity"  mention="pronoun" />
<markable id="markable_355" span="word_1667" type_of_pronoun="personal"  agreement="they (sg.)"  split="simple antecedent"  coref_class="set_57"  mmax_level="coref"  position="it (subject)"  type="anaphoric"  antetype="entity"  mention="pronoun" />
<markable id="markable_476" span="word_3002" type_of_pronoun="relative"  agreement="they (pl.)"  split="simple antecedent"  coref_class="set_116"  mmax_level="coref"  position="it (subject)"  type="anaphoric"  antetype="entity"  mention="pronoun" />
<markable id="markable_597" span="word_4518..word_4519" coref_class="set_171"  mmax_level="coref"  nptype="antecedent"  mention="np" />
<markable id="markable_233" span="word_42..word_43" coref_class="set_1"  mmax_level="coref"  nptype="antecedent"  mention="np" />
<markable id="markable_354" span="word_1657" type_of_pronoun="personal"  agreement="they (sg.)"  split="simple antecedent"  coref_class="set_57"  mmax_level="coref"  position="it (subject)"  type="anaphoric"  antetype="entity"  mention="pronoun" />
<markable id="markable_475" span="word_3003" type_of_pronoun="personal"  agreement="they (pl.)"  split="simple antecedent"  coref_class="set_117"  mmax_level="coref"  position="it (non-subject)"  type="anaphoric"  antetype="entity"  mention="pronoun" />
<markable id="markable_596" span="word_4522" type_of_pronoun="personal"  agreement="they (sg.)"  split="simple antecedent"  coref_class="set_171"  mmax_level="coref"  position="it (subject)"  type="anaphoric"  antetype="entity"  mention="pronoun" />
<markable id="markable_349" span="word_1623" type_of_pronoun="relative"  agreement="they (sg.)"  split="simple antecedent"  coref_class="set_55"  mmax_level="coref"  position="it (subject)"  type="anaphoric"  antetype="entity"  mention="pronoun" />
<markable id="markable_360" span="word_1768..word_1769" npmod="def-article"  split="simple antecedent"  coref_class="set_59"  mmax_level="coref"  anacata="anaphoric"  nptype="np"  antetype="entity"  mention="np" />
<markable id="markable_481" span="word_3050" type_of_pronoun="relative"  agreement="they (pl.)"  split="simple antecedent"  coref_class="empty"  mmax_level="coref"  position="it (non-subject)"  type="anaphoric"  antetype="entity"  mention="pronoun" />
<markable id="markable_480" span="word_3046..word_3048" coref_class="empty"  mmax_level="coref"  nptype="antecedent"  mention="np" />
<markable id="markable_241" span="word_209..word_229" coref_class="set_5"  mmax_level="coref"  clausetype="antecedent"  mention="clause" />
<markable id="markable_362" span="word_1793" type_of_pronoun="relative"  agreement="they (pl.)"  split="simple antecedent"  coref_class="set_61"  mmax_level="coref"  position="it (subject)"  type="anaphoric"  antetype="entity"  mention="pronoun" />
<markable id="markable_483" span="word_3060" type_of_pronoun="personal"  agreement="they (sg.)"  split="simple antecedent"  coref_class="set_119"  mmax_level="coref"  position="it (subject)"  type="anaphoric"  antetype="entity"  mention="pronoun" />
<markable id="markable_240" span="word_196" type_of_pronoun="personal"  agreement="they (sg.)"  split="simple antecedent"  coref_class="set_4"  mmax_level="coref"  position="it (subject)"  type="anaphoric"  antetype="entity"  mention="pronoun" />
<markable id="markable_361" span="word_1789" coref_class="set_61"  mmax_level="coref"  nptype="antecedent"  mention="np" />
<markable id="markable_482" span="word_3043..word_3044" coref_class="set_119"  mmax_level="coref"  nptype="antecedent"  mention="np" />
<markable id="markable_247" span="word_343..word_344" coref_class="set_8"  mmax_level="coref"  nptype="antecedent"  mention="np" />
<markable id="markable_368" span="word_1850..word_1851" coref_class="set_64"  mmax_level="coref"  nptype="antecedent"  mention="np" />
<markable id="markable_489" span="word_3117" type_of_pronoun="personal"  agreement="they (sg.)"  split="simple antecedent"  coref_class="set_122"  mmax_level="coref"  position="it (non-subject)"  type="anaphoric"  antetype="entity"  mention="pronoun" />
<markable id="markable_246" span="word_293..word_294" npmod="demonstrative"  split="simple antecedent"  coref_class="set_7"  mmax_level="coref"  anacata="anaphoric"  nptype="np"  antetype="entity"  mention="np" />
<markable id="markable_367" span="word_1836..word_1839" type_of_pronoun="personal"  agreement="none"  coref_class="set_63"  mmax_level="coref"  position="none"  type="antecedent"  mention="pronoun" />
<markable id="markable_488" span="word_3110" type_of_pronoun="personal"  agreement="they (sg.)"  split="simple antecedent"  coref_class="set_122"  mmax_level="coref"  position="it (subject)"  type="anaphoric"  antetype="entity"  mention="pronoun" />
<markable id="markable_249" span="word_355..word_358" coref_class="set_9"  mmax_level="coref"  vptype="antecedent"  mention="vp" />
<markable id="markable_248" span="word_346" type_of_pronoun="relative"  agreement="they (pl.)"  split="simple antecedent"  coref_class="set_8"  mmax_level="coref"  position="it (subject)"  type="anaphoric"  antetype="entity"  mention="pronoun" />
<markable id="markable_369" span="word_1855" type_of_pronoun="personal"  agreement="they (pl.)"  split="simple antecedent"  coref_class="set_64"  mmax_level="coref"  position="it (subject)"  type="anaphoric"  antetype="entity"  mention="pronoun" />
<markable id="markable_243" span="word_260..word_261" coref_class="set_6"  mmax_level="coref"  nptype="antecedent"  mention="np" />
<markable id="markable_364" span="word_1794..word_1795" coref_class="set_62"  mmax_level="coref"  nptype="antecedent"  mention="np" />
<markable id="markable_485" span="word_3070" type_of_pronoun="personal"  agreement="they (sg.)"  split="simple antecedent"  coref_class="set_119"  mmax_level="coref"  position="it (subject)"  type="anaphoric"  antetype="entity"  mention="pronoun" />
<markable id="markable_242" span="word_235..word_236" npmod="demonstrative"  split="simple antecedent"  coref_class="set_5"  mmax_level="coref"  anacata="anaphoric"  nptype="np"  antetype="entity"  mention="np" />
<markable id="markable_363" span="word_1797" type_of_pronoun="reflexive"  agreement="they (pl.)"  split="simple antecedent"  coref_class="set_61"  mmax_level="coref"  position="it (non-subject)"  type="anaphoric"  antetype="entity"  mention="pronoun" />
<markable id="markable_484" span="word_3067" type_of_pronoun="personal"  agreement="they (sg.)"  split="simple antecedent"  coref_class="set_119"  mmax_level="coref"  position="it (non-subject)"  type="anaphoric"  antetype="entity"  mention="pronoun" />
<markable id="markable_245" span="word_240" coref_class="set_7"  mmax_level="coref"  nptype="antecedent"  mention="np" />
<markable id="markable_366" span="word_1831..word_1832" coref_class="set_63"  mmax_level="coref"  nptype="not sure. help!"  mention="np" />
<markable id="markable_487" span="word_3085" type_of_pronoun="personal"  agreement="they (sg.)"  split="simple antecedent"  coref_class="set_119"  mmax_level="coref"  position="it (subject)"  type="anaphoric"  antetype="entity"  mention="pronoun" />
<markable id="markable_244" span="word_264" type_of_pronoun="relative"  agreement="they (pl.)"  split="simple antecedent"  coref_class="set_6"  mmax_level="coref"  position="it (subject)"  type="anaphoric"  antetype="entity"  mention="pronoun" />
<markable id="markable_365" span="word_1801" type_of_pronoun="relative"  agreement="they (sg.)"  split="simple antecedent"  coref_class="set_62"  mmax_level="coref"  position="it (subject)"  type="anaphoric"  antetype="entity"  mention="pronoun" />
<markable id="markable_486" span="word_3076" type_of_pronoun="personal"  agreement="they (sg.)"  split="simple antecedent"  coref_class="set_119"  mmax_level="coref"  position="it (subject)"  type="anaphoric"  antetype="entity"  mention="pronoun" />
<markable id="markable_239" span="word_191" type_of_pronoun="relative"  agreement="they (sg.)"  split="simple antecedent"  coref_class="set_4"  mmax_level="coref"  position="it (subject)"  type="anaphoric"  antetype="entity"  mention="pronoun" />
<markable id="markable_250" span="word_367" type_of_pronoun="demonstrative"  agreement="none"  split="simple antecedent"  coref_class="set_9"  mmax_level="coref"  position="it (non-subject)"  type="anaphoric"  antetype="event"  mention="pronoun" />
<markable id="markable_371" span="word_1866..word_1868" coref_class="set_65"  mmax_level="coref"  clausetype="antecedent"  mention="clause" />
<markable id="markable_492" span="word_3164" type_of_pronoun="personal"  agreement="they (sg.)"  split="simple antecedent"  coref_class="set_122"  mmax_level="coref"  position="it (subject)"  type="anaphoric"  antetype="entity"  mention="pronoun" />
<markable id="markable_370" span="word_1893" type_of_pronoun="demonstrative"  agreement="they (sg.)"  split="simple antecedent"  coref_class="set_65"  mmax_level="coref"  position="it (non-subject)"  type="anaphoric"  antetype="entity"  mention="pronoun" />
<markable id="markable_491" span="word_3154" coref_class="empty"  mmax_level="coref"  type="pleonastic"  mention="pronoun" />
<markable id="markable_252" span="word_372" type_of_pronoun="personal"  agreement="they (sg.)"  split="simple antecedent"  coref_class="set_11"  mmax_level="coref"  position="it (non-subject)"  type="anaphoric"  antetype="entity"  mention="pronoun" />
<markable id="markable_373" span="word_1927" type_of_pronoun="personal"  agreement="they (pl.)"  split="simple antecedent"  coref_class="set_66"  mmax_level="coref"  position="it (subject)"  type="anaphoric"  antetype="entity"  mention="pronoun" />
<markable id="markable_494" span="word_3189" type_of_pronoun="demonstrative"  agreement="they (sg.)"  split="simple antecedent"  coref_class="set_123"  mmax_level="coref"  position="it (non-subject)"  type="anaphoric"  antetype="entity"  mention="pronoun" />
<markable id="markable_251" span="word_368..word_369" coref_class="set_11"  mmax_level="coref"  nptype="antecedent"  mention="np" />
<markable id="markable_372" span="word_1905..word_1906" coref_class="set_66"  mmax_level="coref"  nptype="antecedent"  mention="np" />
<markable id="markable_493" span="word_3178..word_3181" coref_class="set_123"  mmax_level="coref"  nptype="antecedent"  mention="np" />
<markable id="markable_490" span="word_3121" type_of_pronoun="personal"  agreement="they (sg.)"  split="simple antecedent"  coref_class="set_122"  mmax_level="coref"  position="it (subject)"  type="anaphoric"  antetype="entity"  mention="pronoun" />
<markable id="markable_258" span="word_427" coref_class="empty"  mmax_level="coref"  type="pronoun"  mention="pronoun" />
<markable id="markable_379" span="word_2027" type_of_pronoun="relative"  agreement="they (sg.)"  split="simple antecedent"  coref_class="set_70"  mmax_level="coref"  position="it (subject)"  type="anaphoric"  antetype="entity"  mention="pronoun" />
<markable id="markable_257" span="word_421" coref_class="empty"  mmax_level="coref"  type="pronoun"  mention="pronoun" />
<markable id="markable_378" span="word_2024..word_2025" coref_class="set_70"  mmax_level="coref"  nptype="antecedent"  mention="np" />
<markable id="markable_499" span="word_3288..word_3290" coref_class="set_125"  mmax_level="coref"  nptype="antecedent"  mention="np" />
<markable id="markable_259" span="word_413" coref_class="empty"  mmax_level="coref"  type="pronoun"  mention="pronoun" />
<markable id="markable_254" span="word_368..word_385" coref_class="set_12"  mmax_level="coref"  vptype="antecedent"  mention="vp" />
<markable id="markable_375" span="word_1959" type_of_pronoun="demonstrative"  agreement="none"  split="simple antecedent"  coref_class="set_67"  mmax_level="coref"  position="it (subject)"  type="anaphoric"  antetype="event"  mention="pronoun" />
<markable id="markable_496" span="word_3240" type_of_pronoun="personal"  agreement="they (sg.)"  split="simple antecedent"  coref_class="set_124"  mmax_level="coref"  position="it (subject)"  type="anaphoric"  antetype="entity"  mention="pronoun" />
<markable id="markable_253" span="word_379" type_of_pronoun="personal"  agreement="they (sg.)"  split="simple antecedent"  coref_class="set_11"  mmax_level="coref"  position="it (non-subject)"  type="anaphoric"  antetype="entity"  mention="pronoun" />
<markable id="markable_374" span="word_1932..word_1950" coref_class="set_67"  mmax_level="coref"  clausetype="antecedent"  mention="clause" />
<markable id="markable_495" span="word_3235..word_3236" coref_class="set_124"  mmax_level="coref"  nptype="antecedent"  mention="np" />
<markable id="markable_377" span="word_2016" type_of_pronoun="personal"  agreement="they (pl.)"  split="simple antecedent"  coref_class="set_68"  mmax_level="coref"  position="it (subject)"  type="anaphoric"  antetype="entity"  mention="pronoun" />
<markable id="markable_498" span="word_3264" type_of_pronoun="personal"  agreement="they (sg.)"  split="simple antecedent"  coref_class="set_122"  mmax_level="coref"  position="it (subject)"  type="anaphoric"  antetype="entity"  mention="pronoun" />
<markable id="markable_255" span="word_388" type_of_pronoun="demonstrative"  agreement="none"  split="simple antecedent"  coref_class="set_12"  mmax_level="coref"  position="it (subject)"  type="anaphoric"  antetype="event"  mention="pronoun" />
<markable id="markable_376" span="word_2011..word_2013" coref_class="set_68"  mmax_level="coref"  nptype="antecedent"  mention="np" />
<markable id="markable_497" span="word_3254" type_of_pronoun="personal"  agreement="they (sg.)"  split="simple antecedent"  coref_class="set_122"  mmax_level="coref"  position="it (subject)"  type="anaphoric"  antetype="entity"  mention="pronoun" />
<markable id="markable_261" span="word_465" type_of_pronoun="personal"  agreement="none"  split="simple antecedent"  coref_class="set_13"  mmax_level="coref"  position="it (non-subject)"  type="anaphoric"  antetype="event"  mention="pronoun" />
<markable id="markable_382" span="word_2038..word_2041" coref_class="set_72"  mmax_level="coref"  nptype="antecedent"  mention="np" />
<markable id="markable_260" span="word_440..word_461" coref_class="set_13"  mmax_level="coref"  vptype="antecedent"  mention="vp" />
<markable id="markable_381" span="word_2034..word_2036" coref_class="set_72"  mmax_level="coref"  nptype="antecedent"  mention="np" />
<markable id="markable_263" span="word_400" coref_class="set_14"  mmax_level="coref"  nptype="antecedent"  mention="np" />
<markable id="markable_384" span="word_2066" type_of_pronoun="personal"  agreement="they (pl.)"  split="simple antecedent"  coref_class="set_72"  mmax_level="coref"  position="it (subject)"  type="anaphoric"  antetype="entity"  mention="pronoun" />
<markable id="markable_262" span="word_476" type_of_pronoun="possessive"  agreement="they (pl.)"  split="simple antecedent"  coref_class="set_14"  mmax_level="coref"  position="it (non-subject)"  type="anaphoric"  antetype="entity"  mention="pronoun" />
<markable id="markable_383" span="word_2059" type_of_pronoun="personal"  agreement="they (pl.)"  split="simple antecedent"  coref_class="set_72"  mmax_level="coref"  position="it (non-subject)"  type="anaphoric"  antetype="entity"  mention="pronoun" />
<markable id="markable_380" span="word_2033" type_of_pronoun="relative"  agreement="they (sg.)"  split="simple antecedent"  coref_class="set_70"  mmax_level="coref"  position="it (non-subject)"  type="anaphoric"  antetype="entity"  mention="pronoun" />
<markable id="markable_269" span="word_575" type_of_pronoun="demonstrative"  agreement="they (pl.)"  split="simple antecedent"  coref_class="set_17"  mmax_level="coref"  position="it (non-subject)"  type="anaphoric"  antetype="entity"  mention="pronoun" />
<markable id="markable_268" span="word_563..word_564" coref_class="set_17"  mmax_level="coref"  nptype="antecedent"  mention="np" />
<markable id="markable_389" span="word_2113" type_of_pronoun="personal"  agreement="none"  split="simple antecedent"  coref_class="set_74"  mmax_level="coref"  position="none"  type="anaphoric"  antetype="entity"  mention="pronoun" />
<markable id="markable_265" span="word_539" type_of_pronoun="personal"  agreement="none"  split="simple antecedent"  coref_class="set_16"  mmax_level="coref"  position="it (subject)"  type="anaphoric"  antetype="event"  mention="pronoun" />
<markable id="markable_386" span="word_2087..word_2089" coref_class="set_73"  mmax_level="coref"  nptype="antecedent"  mention="np" />
<markable id="markable_264" span="word_504" coref_class="empty"  mmax_level="coref"  type="pleonastic"  mention="pronoun" />
<markable id="markable_267" span="word_547" type_of_pronoun="demonstrative"  agreement="none"  split="simple antecedent"  coref_class="set_16"  mmax_level="coref"  position="it (non-subject)"  type="anaphoric"  antetype="event"  mention="pronoun" />
<markable id="markable_388" span="word_2134" type_of_pronoun="personal"  agreement="none"  split="simple antecedent"  coref_class="set_74"  mmax_level="coref"  position="it (non-subject)"  type="anaphoric"  antetype="entity"  mention="pronoun" />
<markable id="markable_266" span="word_529..word_530" coref_class="set_16"  mmax_level="coref"  nptype="antecedent"  mention="np" />
<markable id="markable_387" span="word_2102" type_of_pronoun="personal"  agreement="they (pl.)"  split="simple antecedent"  coref_class="set_73"  mmax_level="coref"  position="it (subject)"  type="anaphoric"  antetype="entity"  mention="pronoun" />
<markable id="markable_272" span="word_605" type_of_pronoun="personal"  agreement="they (sg.)"  split="simple antecedent"  coref_class="set_20"  mmax_level="coref"  position="it (subject)"  type="anaphoric"  antetype="entity"  mention="pronoun" />
<markable id="markable_393" span="word_2166" type_of_pronoun="personal"  agreement="they (pl.)"  split="simple antecedent"  coref_class="set_78"  mmax_level="coref"  position="it (subject)"  type="anaphoric"  antetype="entity"  mention="pronoun" />
<markable id="markable_271" span="word_584" type_of_pronoun="relative"  agreement="they (sg.)"  split="simple antecedent"  coref_class="set_20"  mmax_level="coref"  position="it (subject)"  type="anaphoric"  antetype="entity"  mention="pronoun" />
<markable id="markable_392" span="word_2160" coref_class="set_78"  mmax_level="coref"  nptype="antecedent"  mention="np" />
<markable id="markable_274" span="word_620" type_of_pronoun="personal"  agreement="they (sg.)"  split="simple antecedent"  coref_class="set_20"  mmax_level="coref"  position="it (subject)"  type="anaphoric"  antetype="entity"  mention="pronoun" />
<markable id="markable_395" span="word_2179" type_of_pronoun="possessive"  agreement="they (pl.)"  split="simple antecedent"  coref_class="set_78"  mmax_level="coref"  position="it (non-subject)"  type="anaphoric"  antetype="entity"  mention="pronoun" />
<markable id="markable_273" span="word_615" type_of_pronoun="personal"  agreement="they (sg.)"  split="simple antecedent"  coref_class="set_20"  mmax_level="coref"  position="it (subject)"  type="anaphoric"  antetype="entity"  mention="pronoun" />
<markable id="markable_394" span="word_2174" type_of_pronoun="personal"  agreement="they (pl.)"  split="simple antecedent"  coref_class="set_78"  mmax_level="coref"  position="it (subject)"  type="anaphoric"  antetype="entity"  mention="pronoun" />
<markable id="markable_270" span="word_581..word_582" coref_class="set_20"  mmax_level="coref"  nptype="antecedent"  mention="np" />
<markable id="markable_391" span="word_2141" type_of_pronoun="personal"  agreement="they (pl.)"  split="simple antecedent"  coref_class="set_75"  mmax_level="coref"  position="it (subject)"  type="anaphoric"  antetype="entity"  mention="pronoun" />
<markable id="markable_390" span="word_2118..word_2119" coref_class="set_75"  mmax_level="coref"  nptype="antecedent"  mention="np" />
<markable id="markable_279" span="word_808" type_of_pronoun="relative"  agreement="they (sg.)"  split="simple antecedent"  coref_class="set_22"  mmax_level="coref"  position="it (subject)"  type="anaphoric"  antetype="entity"  mention="pronoun" />
<markable id="markable_276" span="word_727..word_728" coref_class="set_21"  mmax_level="coref"  nptype="antecedent"  mention="np" />
<markable id="markable_397" span="word_2207..word_2208" coref_class="set_79"  mmax_level="coref"  nptype="antecedent"  mention="np" />
<markable id="markable_275" span="word_740" type_of_pronoun="personal"  agreement="they (sg.)"  split="simple antecedent"  coref_class="set_21"  mmax_level="coref"  position="it (non-subject)"  type="anaphoric"  antetype="entity"  mention="pronoun" />
<markable id="markable_396" span="word_2186" type_of_pronoun="possessive"  agreement="they (pl.)"  split="simple antecedent"  coref_class="set_78"  mmax_level="coref"  position="it (non-subject)"  type="anaphoric"  antetype="entity"  mention="pronoun" />
<markable id="markable_278" span="word_803..word_805" coref_class="set_22"  mmax_level="coref"  nptype="antecedent"  mention="np" />
<markable id="markable_399" span="word_2222..word_2223" coref_class="set_80"  mmax_level="coref"  nptype="antecedent"  mention="np" />
<markable id="markable_277" span="word_746..word_747" npmod="def-article"  split="simple antecedent"  coref_class="set_21"  mmax_level="coref"  anacata="anaphoric"  nptype="np"  antetype="entity"  mention="np" />
<markable id="markable_398" span="word_2211" type_of_pronoun="relative"  agreement="they (sg.)"  split="simple antecedent"  coref_class="set_79"  mmax_level="coref"  position="it (subject)"  type="anaphoric"  antetype="entity"  mention="pronoun" />
<markable id="markable_601" span="word_4583" type_of_pronoun="relative"  agreement="they (sg.)"  split="simple antecedent"  coref_class="set_173"  mmax_level="coref"  position="it (subject)"  type="anaphoric"  antetype="entity"  mention="pronoun" />
<markable id="markable_600" span="word_4579..word_4581" coref_class="set_173"  mmax_level="coref"  nptype="antecedent"  mention="np" />
<markable id="markable_610" span="word_4657" type_of_pronoun="personal"  agreement="none"  split="no explicit antecedent"  coref_class="set_178"  mmax_level="coref"  position="it (subject)"  type="anaphoric"  mention="pronoun" />
<markable id="markable_612" span="word_4693..word_4694" coref_class="set_179"  mmax_level="coref"  nptype="antecedent"  mention="np" />
<markable id="markable_611" span="word_4668" type_of_pronoun="personal"  agreement="none"  split="no explicit antecedent"  coref_class="set_178"  mmax_level="coref"  position="it (subject)"  type="anaphoric"  mention="pronoun" />
<markable id="markable_607" span="word_4629" type_of_pronoun="possessive"  agreement="they (pl.)"  split="simple antecedent"  coref_class="set_176"  mmax_level="coref"  position="it (non-subject)"  type="anaphoric"  antetype="entity"  mention="pronoun" />
<markable id="markable_606" span="word_4622" coref_class="set_176"  mmax_level="coref"  nptype="antecedent"  mention="np" />
<markable id="markable_609" span="word_4647" type_of_pronoun="personal"  agreement="they (sg.)"  split="simple antecedent"  coref_class="set_177"  mmax_level="coref"  position="it (subject)"  type="anaphoric"  antetype="entity"  mention="pronoun" />
<markable id="markable_608" span="word_4640" coref_class="set_177"  mmax_level="coref"  nptype="antecedent"  mention="np" />
<markable id="markable_603" span="word_4590" type_of_pronoun="demonstrative"  agreement="they (sg.)"  split="simple antecedent"  coref_class="set_174"  mmax_level="coref"  position="it (non-subject)"  type="anaphoric"  antetype="entity"  mention="pronoun" />
<markable id="markable_602" span="word_4572..word_4586" coref_class="set_174"  mmax_level="coref"  nptype="antecedent"  mention="np" />
<markable id="markable_605" span="word_4605..word_4606" split="simple antecedent"  coref_class="set_175"  comparative="gen"  mmax_level="coref"  nptype="comparative"  antetype="entity"  mention="np" />
<markable id="markable_604" span="word_4598..word_4600" coref_class="set_175"  mmax_level="coref"  nptype="antecedent"  mention="np" />
<markable id="markable_500" span="word_3298" type_of_pronoun="relative"  agreement="they (sg.)"  split="simple antecedent"  coref_class="set_125"  mmax_level="coref"  position="it (non-subject)"  type="anaphoric"  antetype="entity"  mention="pronoun" />
<markable id="markable_621" span="word_4750" type_of_pronoun="relative"  agreement="they (sg.)"  split="simple antecedent"  coref_class="set_184"  mmax_level="coref"  position="it (subject)"  type="anaphoric"  antetype="entity"  mention="pronoun" />
<markable id="markable_620" span="word_4746..word_4748" coref_class="set_184"  mmax_level="coref"  nptype="antecedent"  mention="np" />
<markable id="markable_502" span="word_3278..word_3279" coref_class="set_126"  mmax_level="coref"  nptype="antecedent"  mention="np" />
<markable id="markable_623" span="word_4834..word_4835" coref_class="set_185"  mmax_level="coref"  nptype="antecedent"  mention="np" />
<markable id="markable_501" span="word_3310" type_of_pronoun="personal"  agreement="none"  coref_class="empty"  mmax_level="coref"  position="none"  type="antecedent"  mention="pronoun" />
<markable id="markable_622" span="word_4830..word_4831" coref_class="set_185"  mmax_level="coref"  nptype="antecedent"  mention="np" />
<markable id="markable_618" span="word_4726" type_of_pronoun="personal"  agreement="they (sg.)"  split="simple antecedent"  coref_class="set_183"  mmax_level="coref"  position="it (subject)"  type="anaphoric"  antetype="entity"  mention="pronoun" />
<markable id="markable_617" span="word_4720..word_4721" npmod="def-article"  split="simple antecedent"  coref_class="set_183"  mmax_level="coref"  anacata="anaphoric"  nptype="np"  antetype="entity"  mention="np" />
<markable id="markable_619" span="word_4730" type_of_pronoun="personal"  agreement="they (sg.)"  split="simple antecedent"  coref_class="set_183"  mmax_level="coref"  position="it (subject)"  type="anaphoric"  antetype="entity"  mention="pronoun" />
<markable id="markable_614" span="word_4700..word_4702" coref_class="set_180"  mmax_level="coref"  nptype="antecedent"  mention="np" />
<markable id="markable_613" span="word_4699" type_of_pronoun="relative"  agreement="they (sg.)"  split="simple antecedent"  coref_class="set_179"  mmax_level="coref"  position="it (subject)"  type="anaphoric"  antetype="entity"  mention="pronoun" />
<markable id="markable_616" span="word_4696..word_4697" coref_class="set_183"  mmax_level="coref"  nptype="antecedent"  mention="np" />
<markable id="markable_615" span="word_4705" type_of_pronoun="relative"  agreement="they (pl.)"  split="simple antecedent"  coref_class="set_180"  mmax_level="coref"  position="it (subject)"  type="anaphoric"  antetype="entity"  mention="pronoun" />
<markable id="markable_632" span="word_4903..word_4907" coref_class="set_189"  mmax_level="coref"  vptype="antecedent"  mention="vp" />
<markable id="markable_510" span="word_3372" coref_class="set_130"  mmax_level="coref"  nptype="antecedent"  mention="np" />
<markable id="markable_631" span="word_4898" type_of_pronoun="personal"  agreement="they (pl.)"  split="simple antecedent"  coref_class="set_188"  mmax_level="coref"  position="it (subject)"  type="anaphoric"  antetype="entity"  mention="pronoun" />
<markable id="markable_513" span="word_3385" type_of_pronoun="personal"  agreement="they (sg.)"  split="simple antecedent"  coref_class="set_128"  mmax_level="coref"  position="it (subject)"  type="anaphoric"  antetype="entity"  mention="pronoun" />
<markable id="markable_634" span="word_4920" type_of_pronoun="demonstrative"  agreement="none"  split="simple antecedent"  coref_class="set_189"  mmax_level="coref"  position="it (non-subject)"  type="anaphoric"  antetype="event"  mention="pronoun" />
<markable id="markable_512" span="word_3374" type_of_pronoun="relative"  agreement="they (pl.)"  split="simple antecedent"  coref_class="set_130"  mmax_level="coref"  position="it (non-subject)"  type="anaphoric"  antetype="entity"  mention="pronoun" />
<markable id="markable_633" span="word_4913" type_of_pronoun="demonstrative"  agreement="none"  split="simple antecedent"  coref_class="set_189"  mmax_level="coref"  position="it (non-subject)"  type="anaphoric"  antetype="event"  mention="pronoun" />
<markable id="markable_630" span="word_4894" type_of_pronoun="possessive"  agreement="they (pl.)"  split="simple antecedent"  coref_class="set_188"  mmax_level="coref"  position="it (non-subject)"  type="anaphoric"  antetype="entity"  mention="pronoun" />
<markable id="markable_508" span="word_3340..word_3341" coref_class="set_129"  mmax_level="coref"  nptype="antecedent"  mention="np" />
<markable id="markable_629" span="word_4893" type_of_pronoun="relative"  agreement="they (pl.)"  split="simple antecedent"  coref_class="set_188"  mmax_level="coref"  position="it (subject)"  type="anaphoric"  antetype="entity"  mention="pronoun" />
<markable id="markable_507" span="word_3346" type_of_pronoun="relative"  agreement="they (sg.)"  split="simple antecedent"  coref_class="set_128"  mmax_level="coref"  position="it (subject)"  type="anaphoric"  antetype="entity"  mention="pronoun" />
<markable id="markable_628" span="word_4890..word_4891" coref_class="set_188"  mmax_level="coref"  nptype="antecedent"  mention="np" />
<markable id="markable_509" span="word_3352" type_of_pronoun="personal"  agreement="they (sg.)"  split="simple antecedent"  coref_class="set_129"  mmax_level="coref"  position="it (non-subject)"  type="anaphoric"  antetype="entity"  mention="pronoun" />
<markable id="markable_504" span="word_3326..word_3327" coref_class="set_127"  mmax_level="coref"  nptype="antecedent"  mention="np" />
<markable id="markable_625" span="word_4841..word_4842" npmod="demonstrative"  split="simple antecedent"  coref_class="set_185"  mmax_level="coref"  anacata="anaphoric"  nptype="np"  antetype="entity"  mention="np" />
<markable id="markable_503" span="word_3309" type_of_pronoun="personal"  agreement="they (sg.)"  split="simple antecedent"  coref_class="set_126"  mmax_level="coref"  position="it (subject)"  type="anaphoric"  antetype="entity"  mention="pronoun" />
<markable id="markable_624" span="word_4838" coref_class="set_185"  mmax_level="coref"  nptype="antecedent"  mention="np" />
<markable id="markable_506" span="word_3343..word_3344" coref_class="set_128"  mmax_level="coref"  nptype="antecedent"  mention="np" />
<markable id="markable_627" span="word_4863" type_of_pronoun="relative"  agreement="they (pl.)"  split="simple antecedent"  coref_class="set_186"  mmax_level="coref"  position="it (subject)"  type="anaphoric"  antetype="entity"  mention="pronoun" />
<markable id="markable_505" span="word_3330" type_of_pronoun="relative"  agreement="they (sg.)"  split="simple antecedent"  coref_class="set_127"  mmax_level="coref"  position="it (subject)"  type="anaphoric"  antetype="entity"  mention="pronoun" />
<markable id="markable_626" span="word_4860..word_4861" coref_class="set_186"  mmax_level="coref"  nptype="antecedent"  mention="np" />
<markable id="markable_401" span="word_2231..word_2233" coref_class="set_81"  mmax_level="coref"  nptype="antecedent"  mention="np" />
<markable id="markable_522" span="word_3563" coref_class="set_135"  mmax_level="coref"  nptype="antecedent"  mention="np" />
<markable id="markable_643" span="word_4977" split="simple antecedent"  coref_class="set_195"  mmax_level="coref"  type="nom substitution"  mention="pronoun"  antetype="entity" />
<markable id="markable_400" span="word_2227..word_2229" npmod="demonstrative"  split="simple antecedent"  coref_class="set_80"  mmax_level="coref"  anacata="anaphoric"  nptype="np"  antetype="entity"  mention="np" />
<markable id="markable_521" span="word_3552" type_of_pronoun="relative"  agreement="they (sg.)"  split="simple antecedent"  coref_class="set_134"  mmax_level="coref"  position="it (subject)"  type="anaphoric"  antetype="entity"  mention="pronoun" />
<markable id="markable_642" span="word_4971" type_of_pronoun="relative"  agreement="they (pl.)"  split="simple antecedent"  coref_class="set_195"  mmax_level="coref"  position="it (non-subject)"  type="anaphoric"  antetype="entity"  mention="pronoun" />
<markable id="markable_403" span="word_2244..word_2247" coref_class="set_86"  mmax_level="coref"  clausetype="antecedent"  mention="clause" />
<markable id="markable_524" span="word_3608" coref_class="set_136"  mmax_level="coref"  nptype="antecedent"  mention="np" />
<markable id="markable_645" span="word_4985" type_of_pronoun="personal"  agreement="they (pl.)"  split="simple antecedent"  coref_class="set_195"  mmax_level="coref"  position="it (subject)"  type="anaphoric"  antetype="entity"  mention="pronoun" />
<markable id="markable_402" span="word_2238" type_of_pronoun="personal"  agreement="they (sg.)"  split="simple antecedent"  coref_class="set_81"  mmax_level="coref"  position="it (subject)"  type="anaphoric"  antetype="entity"  mention="pronoun" />
<markable id="markable_523" span="word_3565" type_of_pronoun="relative"  agreement="they (pl.)"  split="simple antecedent"  coref_class="set_135"  mmax_level="coref"  position="it (subject)"  type="anaphoric"  antetype="entity"  mention="pronoun" />
<markable id="markable_644" span="word_4979" type_of_pronoun="relative"  agreement="they (pl.)"  split="simple antecedent"  coref_class="set_195"  mmax_level="coref"  position="it (subject)"  type="anaphoric"  antetype="entity"  mention="pronoun" />
<markable id="markable_520" span="word_3548..word_3550" coref_class="set_134"  mmax_level="coref"  nptype="antecedent"  mention="np" />
<markable id="markable_641" span="word_4968..word_4969" coref_class="set_195"  mmax_level="coref"  nptype="antecedent"  mention="np" />
<markable id="markable_640" span="word_4965" type_of_pronoun="personal"  agreement="they (pl.)"  split="simple antecedent"  coref_class="set_212"  mmax_level="coref"  position="it (subject)"  type="anaphoric"  antetype="entity"  mention="pronoun" />
<markable id="markable_519" span="word_3498" type_of_pronoun="relative"  agreement="they (sg.)"  split="simple antecedent"  coref_class="set_133"  mmax_level="coref"  position="it (subject)"  type="anaphoric"  antetype="entity"  mention="pronoun" />
<markable id="markable_518" span="word_3495..word_3496" coref_class="set_133"  mmax_level="coref"  nptype="antecedent"  mention="np" />
<markable id="markable_639" span="word_4961" type_of_pronoun="personal"  agreement="they (pl.)"  split="simple antecedent"  coref_class="set_212"  mmax_level="coref"  position="it (non-subject)"  type="anaphoric"  antetype="entity"  mention="pronoun" />
<markable id="markable_515" span="word_3456" type_of_pronoun="personal"  agreement="none"  split="simple antecedent"  coref_class="set_131"  mmax_level="coref"  position="it (subject)"  type="anaphoric"  antetype="event"  mention="pronoun" />
<markable id="markable_636" span="word_4938" type_of_pronoun="relative"  agreement="they (pl.)"  split="simple antecedent"  coref_class="set_190"  mmax_level="coref"  position="it (subject)"  type="anaphoric"  antetype="entity"  mention="pronoun" />
<markable id="markable_514" span="word_3448..word_3452" coref_class="set_131"  mmax_level="coref"  clausetype="antecedent"  mention="clause" />
<markable id="markable_635" span="word_4934..word_4935" coref_class="set_190"  mmax_level="coref"  nptype="antecedent"  mention="np" />
<markable id="markable_517" span="word_3470" coref_class="set_132"  mmax_level="coref"  nptype="antecedent"  mention="np" />
<markable id="markable_638" span="word_4954" type_of_pronoun="personal"  agreement="they (pl.)"  split="simple antecedent"  coref_class="set_212"  mmax_level="coref"  position="it (subject)"  type="anaphoric"  antetype="entity"  mention="pronoun" />
<markable id="markable_516" span="word_3488" type_of_pronoun="personal"  agreement="they (pl.)"  split="simple antecedent"  coref_class="set_132"  mmax_level="coref"  position="it (subject)"  type="anaphoric"  antetype="entity"  mention="pronoun" />
<markable id="markable_637" span="word_4950" coref_class="set_212"  mmax_level="coref"  nptype="antecedent"  mention="np" />
<markable id="markable_412" span="word_2312" type_of_pronoun="relative"  agreement="they (sg.)"  split="simple antecedent"  coref_class="set_85"  mmax_level="coref"  position="it (non-subject)"  type="anaphoric"  antetype="entity"  mention="pronoun" />
<markable id="markable_533" span="word_3684" type_of_pronoun="demonstrative"  agreement="none"  split="simple antecedent"  coref_class="set_141"  mmax_level="coref"  position="it (subject)"  type="anaphoric"  antetype="event"  mention="pronoun" />
<markable id="markable_654" span="word_5108..word_5109" coref_class="set_202"  mmax_level="coref"  nptype="antecedent"  mention="np" />
<markable id="markable_411" span="word_2308..word_2309" coref_class="set_85"  mmax_level="coref"  nptype="antecedent"  mention="np" />
<markable id="markable_532" span="word_3659..word_3681" coref_class="set_141"  mmax_level="coref"  clausetype="antecedent"  mention="clause" />
<markable id="markable_653" span="word_5079" type_of_pronoun="personal"  agreement="they (sg.)"  split="simple antecedent"  coref_class="set_198"  mmax_level="coref"  position="it (subject)"  type="anaphoric"  antetype="entity"  mention="pronoun" />
<markable id="markable_414" span="word_2313" type_of_pronoun="demonstrative"  agreement="they (sg.)"  split="simple antecedent"  coref_class="set_86"  mmax_level="coref"  position="it (subject)"  type="anaphoric"  antetype="entity"  mention="pronoun" />
<markable id="markable_535" span="word_3697" type_of_pronoun="relative"  agreement="they (sg.)"  split="simple antecedent"  coref_class="set_142"  mmax_level="coref"  position="it (subject)"  type="anaphoric"  antetype="entity"  mention="pronoun" />
<markable id="markable_656" span="word_5136" type_of_pronoun="personal"  agreement="they (pl.)"  split="simple antecedent"  coref_class="set_202"  mmax_level="coref"  position="it (non-subject)"  type="anaphoric"  antetype="entity"  mention="pronoun" />
<markable id="markable_413" span="word_2321" type_of_pronoun="demonstrative"  agreement="none"  split="simple antecedent"  coref_class="set_86"  mmax_level="coref"  position="it (subject)"  type="anaphoric"  antetype="event"  mention="pronoun" />
<markable id="markable_534" span="word_3694..word_3695" coref_class="set_142"  mmax_level="coref"  nptype="antecedent"  mention="np" />
<markable id="markable_655" span="word_5112" type_of_pronoun="relative"  agreement="they (pl.)"  split="simple antecedent"  coref_class="set_202"  mmax_level="coref"  position="it (non-subject)"  type="anaphoric"  antetype="entity"  mention="pronoun" />
<markable id="markable_650" span="word_5046..word_5053" coref_class="set_197"  mmax_level="coref"  vptype="antecedent"  mention="vp" />
<markable id="markable_410" span="word_2305" type_of_pronoun="personal"  agreement="they (sg.)"  split="simple antecedent"  coref_class="set_84"  mmax_level="coref"  position="it (subject)"  type="anaphoric"  antetype="entity"  mention="pronoun" />
<markable id="markable_531" span="word_3678" type_of_pronoun="relative"  agreement="they (sg.)"  split="simple antecedent"  coref_class="set_140"  mmax_level="coref"  position="it (subject)"  type="anaphoric"  antetype="entity"  mention="pronoun" />
<markable id="markable_652" span="word_5064..word_5071" coref_class="set_198"  mmax_level="coref"  nptype="antecedent"  mention="np" />
<markable id="markable_530" span="word_3665..word_3666" type_of_pronoun="personal"  agreement="none"  coref_class="set_140"  mmax_level="coref"  position="none"  type="antecedent"  mention="pronoun" />
<markable id="markable_651" span="word_5055" type_of_pronoun="personal"  agreement="they (sg.)"  split="simple antecedent"  coref_class="set_197"  mmax_level="coref"  position="it (subject)"  type="anaphoric"  antetype="entity"  mention="pronoun" />
<markable id="markable_409" span="word_2298..word_2299" coref_class="set_84"  mmax_level="coref"  nptype="antecedent"  mention="np" />
<markable id="markable_408" span="word_2292" type_of_pronoun="personal"  agreement="they (sg.)"  split="simple antecedent"  coref_class="set_81"  mmax_level="coref"  position="it (subject)"  type="anaphoric"  antetype="entity"  mention="pronoun" />
<markable id="markable_529" span="word_3671" type_of_pronoun="relative"  agreement="they (sg.)"  split="simple antecedent"  coref_class="set_140"  mmax_level="coref"  position="it (subject)"  type="anaphoric"  antetype="entity"  mention="pronoun" />
<markable id="markable_405" span="word_2259..word_2260" coref_class="set_83"  mmax_level="coref"  nptype="antecedent"  mention="np" />
<markable id="markable_526" span="word_3628..word_3631" coref_class="set_137"  mmax_level="coref"  vptype="antecedent"  mention="vp" />
<markable id="markable_647" span="word_5015" type_of_pronoun="personal"  agreement="none"  split="no explicit antecedent"  coref_class="set_196"  mmax_level="coref"  position="it (non-subject)"  type="anaphoric"  mention="pronoun" />
<markable id="markable_404" span="word_2254" type_of_pronoun="demonstrative"  agreement="none"  split="simple antecedent"  coref_class="set_86"  mmax_level="coref"  position="it (non-subject)"  type="anaphoric"  antetype="event"  mention="pronoun" />
<markable id="markable_525" span="word_3617" type_of_pronoun="demonstrative"  agreement="none"  split="simple antecedent"  coref_class="set_136"  mmax_level="coref"  position="it (non-subject)"  type="anaphoric"  antetype="entity"  mention="pronoun" />
<markable id="markable_646" span="word_4990" split="simple antecedent"  coref_class="set_195"  mmax_level="coref"  type="nom substitution"  mention="pronoun"  antetype="entity" />
<markable id="markable_407" span="word_2283" type_of_pronoun="personal"  agreement="they (sg.)"  split="simple antecedent"  coref_class="set_81"  mmax_level="coref"  position="it (non-subject)"  type="anaphoric"  antetype="entity"  mention="pronoun" />
<markable id="markable_649" span="word_5038" type_of_pronoun="demonstrative"  agreement="none"  split="simple antecedent"  coref_class="set_196"  mmax_level="coref"  position="it (non-subject)"  type="anaphoric"  antetype="entity"  mention="pronoun" />
<markable id="markable_406" span="word_2269" type_of_pronoun="demonstrative"  agreement="they (pl.)"  split="simple antecedent"  coref_class="set_83"  mmax_level="coref"  position="it (non-subject)"  type="anaphoric"  antetype="entity"  mention="pronoun" />
<markable id="markable_527" span="word_3655" type_of_pronoun="demonstrative"  agreement="none"  split="simple antecedent"  coref_class="set_137"  mmax_level="coref"  position="it (subject)"  type="anaphoric"  antetype="event"  mention="pronoun" />
<markable id="markable_648" span="word_5022" type_of_pronoun="personal"  agreement="none"  split="no explicit antecedent"  coref_class="set_196"  mmax_level="coref"  position="it (non-subject)"  type="anaphoric"  mention="pronoun" />
<markable id="markable_302" span="word_1287" type_of_pronoun="personal"  agreement="none"  split="simple antecedent"  coref_class="set_31"  mmax_level="coref"  position="it (subject)"  type="anaphoric"  antetype="event"  mention="pronoun" />
<markable id="markable_423" span="word_2231..word_2233" coref_class="set_91"  mmax_level="coref"  nptype="antecedent"  mention="np" />
<markable id="markable_544" span="word_3771" type_of_pronoun="personal"  agreement="they (sg.)"  split="simple antecedent"  coref_class="set_147"  mmax_level="coref"  position="it (non-subject)"  type="anaphoric"  antetype="entity"  mention="pronoun" />
<markable id="markable_665" span="word_5290" type_of_pronoun="demonstrative"  agreement="none"  split="simple antecedent"  coref_class="set_204"  mmax_level="coref"  position="it (non-subject)"  type="anaphoric"  antetype="event"  mention="pronoun" />
<markable id="markable_301" span="word_1273..word_1283" coref_class="set_31"  mmax_level="coref"  vptype="antecedent"  mention="vp" />
<markable id="markable_422" span="word_2397" type_of_pronoun="personal"  agreement="they (pl.)"  split="split reference"  coref_class="set_91"  mmax_level="coref"  position="it (subject)"  type="anaphoric"  mention="pronoun" />
<markable id="markable_543" span="word_3765..word_3766" coref_class="set_147"  mmax_level="coref"  nptype="antecedent"  mention="np" />
<markable id="markable_664" span="word_5284" type_of_pronoun="demonstrative"  agreement="none"  split="simple antecedent"  coref_class="set_204"  mmax_level="coref"  position="it (subject)"  type="anaphoric"  antetype="event"  mention="pronoun" />
<markable id="markable_304" span="word_1291" type_of_pronoun="relative"  agreement="they (pl.)"  split="simple antecedent"  coref_class="set_32"  mmax_level="coref"  position="it (subject)"  type="anaphoric"  antetype="entity"  mention="pronoun" />
<markable id="markable_425" span="word_2424" type_of_pronoun="possessive"  agreement="they (pl.)"  split="simple antecedent"  coref_class="set_91"  mmax_level="coref"  position="it (non-subject)"  type="anaphoric"  antetype="entity"  mention="pronoun" />
<markable id="markable_546" span="word_3799" type_of_pronoun="personal"  agreement="they (pl.)"  split="simple antecedent"  coref_class="set_148"  mmax_level="coref"  position="it (subject)"  type="anaphoric"  antetype="entity"  mention="pronoun" />
<markable id="markable_667" span="word_5313" type_of_pronoun="personal"  agreement="they (sg.)"  split="simple antecedent"  coref_class="set_205"  mmax_level="coref"  position="it (subject)"  type="anaphoric"  antetype="entity"  mention="pronoun" />
<markable id="markable_303" span="word_1289" coref_class="set_32"  mmax_level="coref"  nptype="antecedent"  mention="np" />
<markable id="markable_424" span="word_2347..word_2348" coref_class="set_91"  mmax_level="coref"  nptype="antecedent"  mention="np" />
<markable id="markable_545" span="word_3785..word_3786" coref_class="set_148"  mmax_level="coref"  nptype="antecedent"  mention="np" />
<markable id="markable_666" span="word_5307..word_5308" coref_class="set_205"  mmax_level="coref"  nptype="antecedent"  mention="np" />
<markable id="markable_540" span="word_3736" coref_class="set_152"  mmax_level="coref"  nptype="antecedent"  mention="np" />
<markable id="markable_661" span="word_5258..word_5259" coref_class="set_203"  mmax_level="coref"  nptype="antecedent"  mention="np" />
<markable id="markable_660" span="word_5241" coref_class="empty"  mmax_level="coref"  type="pleonastic"  mention="pronoun" />
<markable id="markable_300" span="word_1254" type_of_pronoun="personal"  agreement="none"  split="simple antecedent"  coref_class="set_30"  mmax_level="coref"  position="it (subject)"  type="anaphoric"  antetype="event"  mention="pronoun" />
<markable id="markable_421" span="word_2375..word_2385" coref_class="set_89"  mmax_level="coref"  clausetype="antecedent"  mention="clause" />
<markable id="markable_542" span="word_3747" type_of_pronoun="personal"  agreement="they (sg.)"  split="simple antecedent"  coref_class="set_152"  mmax_level="coref"  position="it (subject)"  type="anaphoric"  antetype="entity"  mention="pronoun" />
<markable id="markable_663" span="word_5274..word_5277" coref_class="set_204"  mmax_level="coref"  clausetype="antecedent"  mention="clause" />
<markable id="markable_420" span="word_2371" agreement="none"  split="simple antecedent"  coref_class="set_89"  mmax_level="coref"  position="it (non-subject)"  type="cataphoric"  antetype="event"  mention="pronoun" />
<markable id="markable_541" span="word_3742" type_of_pronoun="personal"  agreement="they (sg.)"  split="simple antecedent"  coref_class="set_152"  mmax_level="coref"  position="it (subject)"  type="anaphoric"  antetype="entity"  mention="pronoun" />
<markable id="markable_662" span="word_5275" type_of_pronoun="personal"  agreement="they (pl.)"  split="simple antecedent"  coref_class="set_203"  mmax_level="coref"  position="it (subject)"  type="anaphoric"  antetype="entity"  mention="pronoun" />
<markable id="markable_419" span="word_2370" type_of_pronoun="personal"  agreement="they (sg.)"  split="simple antecedent"  coref_class="set_88"  mmax_level="coref"  position="it (subject)"  type="anaphoric"  antetype="entity"  mention="pronoun" />
<markable id="markable_416" span="word_2335" type_of_pronoun="demonstrative"  agreement="none"  split="simple antecedent"  coref_class="set_87"  mmax_level="coref"  position="it (subject)"  type="anaphoric"  antetype="event"  mention="pronoun" />
<markable id="markable_537" span="word_3714" type_of_pronoun="relative"  agreement="they (pl.)"  split="simple antecedent"  coref_class="set_144"  mmax_level="coref"  position="it (subject)"  type="anaphoric"  antetype="entity"  mention="pronoun" />
<markable id="markable_658" span="word_5180" type_of_pronoun="personal"  agreement="they (pl.)"  split="simple antecedent"  coref_class="set_202"  mmax_level="coref"  position="it (subject)"  type="anaphoric"  antetype="entity"  mention="pronoun" />
<markable id="markable_415" span="word_2321..word_2325" coref_class="set_87"  mmax_level="coref"  clausetype="antecedent"  mention="clause" />
<markable id="markable_536" span="word_3711" coref_class="set_144"  mmax_level="coref"  nptype="antecedent"  mention="np" />
<markable id="markable_657" span="word_5145" type_of_pronoun="personal"  agreement="they (pl.)"  split="simple antecedent"  coref_class="set_202"  mmax_level="coref"  position="it (subject)"  type="anaphoric"  antetype="entity"  mention="pronoun" />
<markable id="markable_418" span="word_2357..word_2358" coref_class="set_88"  mmax_level="coref"  nptype="antecedent"  mention="np" />
<markable id="markable_539" span="word_3734" type_of_pronoun="personal"  agreement="they (pl.)"  split="simple antecedent"  coref_class="set_144"  mmax_level="coref"  position="it (non-subject)"  type="anaphoric"  antetype="entity"  mention="pronoun" />
<markable id="markable_417" span="word_2347" type_of_pronoun="possessive"  agreement="they (sg.)"  split="simple antecedent"  coref_class="set_81"  mmax_level="coref"  position="it (subject)"  type="anaphoric"  antetype="entity"  mention="pronoun" />
<markable id="markable_538" span="word_3723" type_of_pronoun="personal"  agreement="they (pl.)"  split="simple antecedent"  coref_class="set_144"  mmax_level="coref"  position="it (non-subject)"  type="anaphoric"  antetype="entity"  mention="pronoun" />
<markable id="markable_659" span="word_5185" type_of_pronoun="personal"  agreement="they (pl.)"  split="simple antecedent"  coref_class="set_202"  mmax_level="coref"  position="it (subject)"  type="anaphoric"  antetype="entity"  mention="pronoun" />
<markable id="markable_670" span="word_5356..word_5357" coref_class="set_207"  mmax_level="coref"  nptype="antecedent"  mention="np" />
<markable id="markable_313" span="word_1369" type_of_pronoun="demonstrative"  agreement="they (pl.)"  split="simple antecedent"  coref_class="set_38"  mmax_level="coref"  position="it (subject)"  type="anaphoric"  antetype="entity"  mention="pronoun" />
<markable id="markable_434" span="word_2524..word_2525" split="split reference"  coref_class="set_96"  comparative="gen"  mmax_level="coref"  type="comparative"  mention="pronoun" />
<markable id="markable_555" span="word_3906" type_of_pronoun="personal"  agreement="they (sg.)"  split="simple antecedent"  coref_class="set_152"  mmax_level="coref"  position="it (non-subject)"  type="anaphoric"  antetype="entity"  mention="pronoun" />
<markable id="markable_676" span="word_5463" type_of_pronoun="personal"  agreement="they (sg.)"  split="simple antecedent"  coref_class="set_209"  mmax_level="coref"  position="it (non-subject)"  type="anaphoric"  antetype="entity"  mention="pronoun" />
<markable id="markable_312" span="word_1359" type_of_pronoun="relative"  agreement="they (pl.)"  split="simple antecedent"  coref_class="set_38"  mmax_level="coref"  position="it (subject)"  type="anaphoric"  antetype="entity"  mention="pronoun" />
<markable id="markable_433" span="word_2521" coref_class="set_96"  mmax_level="coref"  nptype="antecedent"  mention="np" />
<markable id="markable_554" span="word_3902" type_of_pronoun="possessive"  agreement="they (sg.)"  split="simple antecedent"  coref_class="set_152"  mmax_level="coref"  position="it (non-subject)"  type="anaphoric"  antetype="entity"  mention="pronoun" />
<markable id="markable_675" span="word_5457" coref_class="set_209"  mmax_level="coref"  nptype="antecedent"  mention="np" />
<markable id="markable_315" span="word_1364..word_1366" coref_class="set_37"  mmax_level="coref"  nptype="antecedent"  mention="np" />
<markable id="markable_436" span="word_2581" type_of_pronoun="demonstrative"  agreement="none"  split="simple antecedent"  coref_class="set_97"  mmax_level="coref"  position="it (non-subject)"  type="anaphoric"  antetype="entity"  mention="pronoun" />
<markable id="markable_557" span="word_3929" type_of_pronoun="personal"  agreement="they (sg.)"  split="simple antecedent"  coref_class="set_152"  mmax_level="coref"  position="it (subject)"  type="anaphoric"  antetype="entity"  mention="pronoun" />
<markable id="markable_678" span="word_4992" type_of_pronoun="relative"  agreement="they (pl.)"  coref_class="set_195"  mmax_level="coref"  position="it (subject)"  type="antecedent"  mention="pronoun" />
<markable id="markable_314" span="word_1371" type_of_pronoun="demonstrative"  agreement="none"  split="simple antecedent"  coref_class="set_37"  mmax_level="coref"  position="it (non-subject)"  type="anaphoric"  antetype="entity"  mention="pronoun" />
<markable id="markable_435" span="word_2572..word_2573" coref_class="set_97"  mmax_level="coref"  nptype="antecedent"  mention="np" />
<markable id="markable_556" span="word_3914" type_of_pronoun="personal"  agreement="they (sg.)"  split="simple antecedent"  coref_class="set_152"  mmax_level="coref"  position="it (subject)"  type="anaphoric"  antetype="entity"  mention="pronoun" />
<markable id="markable_677" span="word_5469" type_of_pronoun="personal"  agreement="they (sg.)"  split="simple antecedent"  coref_class="set_208"  mmax_level="coref"  position="it (non-subject)"  type="anaphoric"  antetype="entity"  mention="pronoun" />
<markable id="markable_430" span="word_2496" type_of_pronoun="relative"  agreement="they (pl.)"  split="simple antecedent"  coref_class="set_94"  mmax_level="coref"  position="it (subject)"  type="anaphoric"  antetype="entity"  mention="pronoun" />
<markable id="markable_551" span="word_3873" type_of_pronoun="personal"  agreement="they (sg.)"  split="simple antecedent"  coref_class="set_152"  mmax_level="coref"  position="it (subject)"  type="anaphoric"  antetype="entity"  mention="pronoun" />
<markable id="markable_672" span="word_5442..word_5443" coref_class="set_208"  mmax_level="coref"  nptype="antecedent"  mention="np" />
<markable id="markable_550" span="word_3833" type_of_pronoun="personal"  agreement="they (sg.)"  split="simple antecedent"  coref_class="set_152"  mmax_level="coref"  position="it (subject)"  type="anaphoric"  antetype="entity"  mention="pronoun" />
<markable id="markable_671" span="word_5360" type_of_pronoun="relative"  agreement="they (pl.)"  split="simple antecedent"  coref_class="set_207"  mmax_level="coref"  position="it (non-subject)"  type="anaphoric"  antetype="entity"  mention="pronoun" />
<markable id="markable_311" span="word_1356" coref_class="set_38"  mmax_level="coref"  nptype="antecedent"  mention="np" />
<markable id="markable_432" span="word_2515" coref_class="set_96"  mmax_level="coref"  nptype="antecedent"  mention="np" />
<markable id="markable_553" span="word_3890" type_of_pronoun="personal"  agreement="they (sg.)"  split="simple antecedent"  coref_class="set_152"  mmax_level="coref"  position="it (subject)"  type="anaphoric"  antetype="entity"  mention="pronoun" />
<markable id="markable_674" span="word_5452" type_of_pronoun="personal"  agreement="they (sg.)"  split="simple antecedent"  coref_class="set_208"  mmax_level="coref"  position="it (subject)"  type="anaphoric"  antetype="entity"  mention="pronoun" />
<markable id="markable_310" span="word_1347" type_of_pronoun="demonstrative"  agreement="none"  split="simple antecedent"  coref_class="set_35"  mmax_level="coref"  position="it (non-subject)"  type="anaphoric"  antetype="entity"  mention="pronoun" />
<markable id="markable_431" span="word_2510" coref_class="set_96"  mmax_level="coref"  nptype="antecedent"  mention="np" />
<markable id="markable_552" span="word_3883" type_of_pronoun="personal"  agreement="they (sg.)"  split="simple antecedent"  coref_class="set_152"  mmax_level="coref"  position="it (non-subject)"  type="anaphoric"  antetype="entity"  mention="pronoun" />
<markable id="markable_673" span="word_5449" type_of_pronoun="personal"  agreement="they (sg.)"  split="simple antecedent"  coref_class="set_208"  mmax_level="coref"  position="it (subject)"  type="anaphoric"  antetype="entity"  mention="pronoun" />
<markable id="markable_309" span="word_1346" type_of_pronoun="relative"  agreement="they (pl.)"  split="simple antecedent"  coref_class="set_34"  mmax_level="coref"  position="it (subject)"  type="anaphoric"  antetype="entity"  mention="pronoun" />
<markable id="markable_306" span="word_1315" type_of_pronoun="personal"  agreement="they (sg.)"  split="simple antecedent"  coref_class="set_33"  mmax_level="coref"  position="it (subject)"  type="anaphoric"  antetype="entity"  mention="pronoun" />
<markable id="markable_427" span="word_2447" type_of_pronoun="personal"  agreement="they (pl.)"  split="simple antecedent"  coref_class="set_93"  mmax_level="coref"  position="it (subject)"  type="anaphoric"  antetype="entity"  mention="pronoun" />
<markable id="markable_548" span="word_3821..word_3822" coref_class="set_149"  mmax_level="coref"  nptype="antecedent"  mention="np" />
<markable id="markable_669" span="word_5325..word_5326" npmod="demonstrative"  split="simple antecedent"  coref_class="set_206"  mmax_level="coref"  anacata="anaphoric"  nptype="np"  antetype="entity"  mention="np" />
<markable id="markable_305" span="word_1310" coref_class="set_33"  mmax_level="coref"  nptype="antecedent"  mention="np" />
<markable id="markable_426" span="word_2442" coref_class="set_93"  mmax_level="coref"  nptype="antecedent"  mention="np" />
<markable id="markable_547" span="word_3819" type_of_pronoun="personal"  agreement="they (pl.)"  split="simple antecedent"  coref_class="set_148"  mmax_level="coref"  position="it (subject)"  type="anaphoric"  antetype="entity"  mention="pronoun" />
<markable id="markable_668" span="word_5305..word_5318" coref_class="set_206"  mmax_level="coref"  clausetype="antecedent"  mention="clause" />
<markable id="markable_308" span="word_1342" coref_class="set_34"  mmax_level="coref"  nptype="antecedent"  mention="np" />
<markable id="markable_429" span="word_2491..word_2493" coref_class="set_94"  mmax_level="coref"  nptype="antecedent"  mention="np" />
<markable id="markable_307" span="word_1338" coref_class="set_35"  mmax_level="coref"  nptype="antecedent"  mention="np" />
<markable id="markable_428" span="word_2456" type_of_pronoun="demonstrative"  agreement="none"  split="simple antecedent"  coref_class="set_93"  mmax_level="coref"  position="it (non-subject)"  type="anaphoric"  antetype="entity"  mention="pronoun" />
<markable id="markable_549" span="word_3828" type_of_pronoun="demonstrative"  agreement="they (sg.)"  split="simple antecedent"  coref_class="set_149"  mmax_level="coref"  position="it (subject)"  type="anaphoric"  antetype="entity"  mention="pronoun" />
</markables>