<?xml version="1.0" encoding="UTF-8" ?>
<!DOCTYPE markables SYSTEM "markables.dtd">
<markables xmlns="www.eml.org/NameSpaces/sentence">
<markable mmax_level="sentence" orderid="0" id="markable_0" span="word_1..word_150" />
<markable mmax_level="sentence" orderid="1" id="markable_1" span="word_151..word_163" />
<markable mmax_level="sentence" orderid="2" id="markable_2" span="word_164..word_177" />
<markable mmax_level="sentence" orderid="3" id="markable_3" span="word_178..word_202" />
<markable mmax_level="sentence" orderid="4" id="markable_4" span="word_203..word_208" />
<markable mmax_level="sentence" orderid="5" id="markable_5" span="word_209..word_238" />
<markable mmax_level="sentence" orderid="6" id="markable_6" span="word_239..word_254" />
<markable mmax_level="sentence" orderid="7" id="markable_7" span="word_255..word_275" />
<markable mmax_level="sentence" orderid="8" id="markable_8" span="word_276..word_286" />
<markable mmax_level="sentence" orderid="9" id="markable_9" span="word_287..word_300" />
<markable mmax_level="sentence" orderid="10" id="markable_10" span="word_301..word_312" />
<markable mmax_level="sentence" orderid="11" id="markable_11" span="word_313..word_351" />
<markable mmax_level="sentence" orderid="12" id="markable_12" span="word_352..word_397" />
<markable mmax_level="sentence" orderid="13" id="markable_13" span="word_398..word_416" />
<markable mmax_level="sentence" orderid="14" id="markable_14" span="word_417..word_429" />
<markable mmax_level="sentence" orderid="15" id="markable_15" span="word_430..word_487" />
<markable mmax_level="sentence" orderid="16" id="markable_16" span="word_488..word_503" />
<markable mmax_level="sentence" orderid="17" id="markable_17" span="word_504..word_509" />
<markable mmax_level="sentence" orderid="18" id="markable_18" span="word_510..word_516" />
<markable mmax_level="sentence" orderid="19" id="markable_19" span="word_517..word_549" />
<markable mmax_level="sentence" orderid="20" id="markable_20" span="word_550..word_577" />
<markable mmax_level="sentence" orderid="21" id="markable_21" span="word_578..word_619" />
<markable mmax_level="sentence" orderid="22" id="markable_22" span="word_620..word_638" />
<markable mmax_level="sentence" orderid="23" id="markable_23" span="word_639..word_679" />
<markable mmax_level="sentence" orderid="24" id="markable_24" span="word_680..word_732" />
<markable mmax_level="sentence" orderid="25" id="markable_25" span="word_733..word_775" />
<markable mmax_level="sentence" orderid="26" id="markable_26" span="word_776..word_788" />
<markable mmax_level="sentence" orderid="27" id="markable_27" span="word_789..word_818" />
<markable mmax_level="sentence" orderid="28" id="markable_28" span="word_819..word_841" />
<markable mmax_level="sentence" orderid="29" id="markable_29" span="word_842..word_855" />
<markable mmax_level="sentence" orderid="30" id="markable_30" span="word_856..word_868" />
<markable mmax_level="sentence" orderid="31" id="markable_31" span="word_869..word_899" />
<markable mmax_level="sentence" orderid="32" id="markable_32" span="word_900..word_908" />
<markable mmax_level="sentence" orderid="33" id="markable_33" span="word_909..word_949" />
<markable mmax_level="sentence" orderid="34" id="markable_34" span="word_950..word_962" />
<markable mmax_level="sentence" orderid="35" id="markable_35" span="word_963..word_975" />
<markable mmax_level="sentence" orderid="36" id="markable_36" span="word_976..word_988" />
<markable mmax_level="sentence" orderid="37" id="markable_37" span="word_989..word_1010" />
<markable mmax_level="sentence" orderid="38" id="markable_38" span="word_1011..word_1051" />
<markable mmax_level="sentence" orderid="39" id="markable_39" span="word_1052..word_1059" />
<markable mmax_level="sentence" orderid="40" id="markable_40" span="word_1060..word_1065" />
<markable mmax_level="sentence" orderid="41" id="markable_41" span="word_1066..word_1070" />
<markable mmax_level="sentence" orderid="42" id="markable_42" span="word_1071..word_1075" />
<markable mmax_level="sentence" orderid="43" id="markable_43" span="word_1076..word_1080" />
<markable mmax_level="sentence" orderid="44" id="markable_44" span="word_1081..word_1106" />
<markable mmax_level="sentence" orderid="45" id="markable_45" span="word_1107..word_1132" />
<markable mmax_level="sentence" orderid="46" id="markable_46" span="word_1133..word_1139" />
<markable mmax_level="sentence" orderid="47" id="markable_47" span="word_1140..word_1171" />
<markable mmax_level="sentence" orderid="48" id="markable_48" span="word_1172..word_1194" />
<markable mmax_level="sentence" orderid="49" id="markable_49" span="word_1195..word_1210" />
<markable mmax_level="sentence" orderid="50" id="markable_50" span="word_1211..word_1215" />
<markable mmax_level="sentence" orderid="51" id="markable_51" span="word_1216..word_1265" />
<markable mmax_level="sentence" orderid="52" id="markable_52" span="word_1266..word_1298" />
<markable mmax_level="sentence" orderid="53" id="markable_53" span="word_1299..word_1305" />
<markable mmax_level="sentence" orderid="54" id="markable_54" span="word_1306..word_1314" />
<markable mmax_level="sentence" orderid="55" id="markable_55" span="word_1315..word_1332" />
<markable mmax_level="sentence" orderid="56" id="markable_56" span="word_1333..word_1376" />
<markable mmax_level="sentence" orderid="57" id="markable_57" span="word_1377..word_1405" />
<markable mmax_level="sentence" orderid="58" id="markable_58" span="word_1406..word_1418" />
<markable mmax_level="sentence" orderid="59" id="markable_59" span="word_1419..word_1431" />
<markable mmax_level="sentence" orderid="60" id="markable_60" span="word_1432..word_1446" />
<markable mmax_level="sentence" orderid="61" id="markable_61" span="word_1447..word_1502" />
<markable mmax_level="sentence" orderid="62" id="markable_62" span="word_1503..word_1515" />
<markable mmax_level="sentence" orderid="63" id="markable_63" span="word_1516..word_1566" />
<markable mmax_level="sentence" orderid="64" id="markable_64" span="word_1567..word_1580" />
<markable mmax_level="sentence" orderid="65" id="markable_65" span="word_1581..word_1646" />
<markable mmax_level="sentence" orderid="66" id="markable_66" span="word_1647..word_1688" />
<markable mmax_level="sentence" orderid="67" id="markable_67" span="word_1689..word_1714" />
<markable mmax_level="sentence" orderid="68" id="markable_68" span="word_1715..word_1738" />
<markable mmax_level="sentence" orderid="69" id="markable_69" span="word_1739..word_1763" />
<markable mmax_level="sentence" orderid="70" id="markable_70" span="word_1764..word_1785" />
<markable mmax_level="sentence" orderid="71" id="markable_71" span="word_1786..word_1822" />
<markable mmax_level="sentence" orderid="72" id="markable_72" span="word_1823..word_1827" />
<markable mmax_level="sentence" orderid="73" id="markable_73" span="word_1828..word_1841" />
<markable mmax_level="sentence" orderid="74" id="markable_74" span="word_1842..word_1860" />
<markable mmax_level="sentence" orderid="75" id="markable_75" span="word_1861..word_1870" />
<markable mmax_level="sentence" orderid="76" id="markable_76" span="word_1871..word_1890" />
<markable mmax_level="sentence" orderid="77" id="markable_77" span="word_1891..word_1903" />
<markable mmax_level="sentence" orderid="78" id="markable_78" span="word_1904..word_1925" />
<markable mmax_level="sentence" orderid="79" id="markable_79" span="word_1926..word_1941" />
<markable mmax_level="sentence" orderid="80" id="markable_80" span="word_1942..word_1952" />
<markable mmax_level="sentence" orderid="81" id="markable_81" span="word_1953..word_1980" />
<markable mmax_level="sentence" orderid="82" id="markable_82" span="word_1981..word_2021" />
<markable mmax_level="sentence" orderid="83" id="markable_83" span="word_2022..word_2071" />
<markable mmax_level="sentence" orderid="84" id="markable_84" span="word_2072..word_2106" />
<markable mmax_level="sentence" orderid="85" id="markable_85" span="word_2107..word_2140" />
<markable mmax_level="sentence" orderid="86" id="markable_86" span="word_2141..word_2152" />
<markable mmax_level="sentence" orderid="87" id="markable_87" span="word_2153..word_2165" />
<markable mmax_level="sentence" orderid="88" id="markable_88" span="word_2166..word_2194" />
<markable mmax_level="sentence" orderid="89" id="markable_89" span="word_2195..word_2214" />
<markable mmax_level="sentence" orderid="90" id="markable_90" span="word_2215..word_2272" />
<markable mmax_level="sentence" orderid="91" id="markable_91" span="word_2273..word_2288" />
<markable mmax_level="sentence" orderid="92" id="markable_92" span="word_2289..word_2304" />
<markable mmax_level="sentence" orderid="93" id="markable_93" span="word_2305..word_2327" />
<markable mmax_level="sentence" orderid="94" id="markable_94" span="word_2328..word_2340" />
<markable mmax_level="sentence" orderid="95" id="markable_95" span="word_2341..word_2396" />
<markable mmax_level="sentence" orderid="96" id="markable_96" span="word_2397..word_2405" />
<markable mmax_level="sentence" orderid="97" id="markable_97" span="word_2406..word_2428" />
<markable mmax_level="sentence" orderid="98" id="markable_98" span="word_2429..word_2441" />
<markable mmax_level="sentence" orderid="99" id="markable_99" span="word_2442..word_2446" />
<markable mmax_level="sentence" orderid="100" id="markable_100" span="word_2447..word_2463" />
<markable mmax_level="sentence" orderid="101" id="markable_101" span="word_2464..word_2479" />
<markable mmax_level="sentence" orderid="102" id="markable_102" span="word_2480..word_2485" />
<markable mmax_level="sentence" orderid="103" id="markable_103" span="word_2486..word_2528" />
<markable mmax_level="sentence" orderid="104" id="markable_104" span="word_2529..word_2534" />
<markable mmax_level="sentence" orderid="105" id="markable_105" span="word_2535..word_2583" />
<markable mmax_level="sentence" orderid="106" id="markable_106" span="word_2584..word_2629" />
<markable mmax_level="sentence" orderid="107" id="markable_107" span="word_2630..word_2640" />
<markable mmax_level="sentence" orderid="108" id="markable_108" span="word_2641..word_2661" />
<markable mmax_level="sentence" orderid="109" id="markable_109" span="word_2662..word_2671" />
<markable mmax_level="sentence" orderid="110" id="markable_110" span="word_2672..word_2734" />
<markable mmax_level="sentence" orderid="111" id="markable_111" span="word_2735..word_2748" />
<markable mmax_level="sentence" orderid="112" id="markable_112" span="word_2749..word_2762" />
<markable mmax_level="sentence" orderid="113" id="markable_113" span="word_2763..word_2778" />
<markable mmax_level="sentence" orderid="114" id="markable_114" span="word_2779..word_2867" />
<markable mmax_level="sentence" orderid="115" id="markable_115" span="word_2868..word_2905" />
<markable mmax_level="sentence" orderid="116" id="markable_116" span="word_2906..word_2915" />
<markable mmax_level="sentence" orderid="117" id="markable_117" span="word_2916..word_2928" />
<markable mmax_level="sentence" orderid="118" id="markable_118" span="word_2929..word_2946" />
<markable mmax_level="sentence" orderid="119" id="markable_119" span="word_2947..word_2962" />
<markable mmax_level="sentence" orderid="120" id="markable_120" span="word_2963..word_2969" />
<markable mmax_level="sentence" orderid="121" id="markable_121" span="word_2970..word_2979" />
<markable mmax_level="sentence" orderid="122" id="markable_122" span="word_2980..word_3007" />
<markable mmax_level="sentence" orderid="123" id="markable_123" span="word_3008..word_3022" />
<markable mmax_level="sentence" orderid="124" id="markable_124" span="word_3023..word_3042" />
<markable mmax_level="sentence" orderid="125" id="markable_125" span="word_3043..word_3059" />
<markable mmax_level="sentence" orderid="126" id="markable_126" span="word_3060..word_3064" />
<markable mmax_level="sentence" orderid="127" id="markable_127" span="word_3065..word_3082" />
<markable mmax_level="sentence" orderid="128" id="markable_128" span="word_3083..word_3091" />
<markable mmax_level="sentence" orderid="129" id="markable_129" span="word_3092..word_3098" />
<markable mmax_level="sentence" orderid="130" id="markable_130" span="word_3099..word_3106" />
<markable mmax_level="sentence" orderid="131" id="markable_131" span="word_3107..word_3114" />
<markable mmax_level="sentence" orderid="132" id="markable_132" span="word_3115..word_3135" />
<markable mmax_level="sentence" orderid="133" id="markable_133" span="word_3136..word_3159" />
<markable mmax_level="sentence" orderid="134" id="markable_134" span="word_3160..word_3192" />
<markable mmax_level="sentence" orderid="135" id="markable_135" span="word_3193..word_3238" />
<markable mmax_level="sentence" orderid="136" id="markable_136" span="word_3239..word_3248" />
<markable mmax_level="sentence" orderid="137" id="markable_137" span="word_3249..word_3253" />
<markable mmax_level="sentence" orderid="138" id="markable_138" span="word_3254..word_3263" />
<markable mmax_level="sentence" orderid="139" id="markable_139" span="word_3264..word_3334" />
<markable mmax_level="sentence" orderid="140" id="markable_140" span="word_3335..word_3349" />
<markable mmax_level="sentence" orderid="141" id="markable_141" span="word_3350..word_3403" />
<markable mmax_level="sentence" orderid="142" id="markable_142" span="word_3404..word_3440" />
<markable mmax_level="sentence" orderid="143" id="markable_143" span="word_3441..word_3447" />
<markable mmax_level="sentence" orderid="144" id="markable_144" span="word_3448..word_3463" />
<markable mmax_level="sentence" orderid="145" id="markable_145" span="word_3464..word_3509" />
<markable mmax_level="sentence" orderid="146" id="markable_146" span="word_3510..word_3528" />
<markable mmax_level="sentence" orderid="147" id="markable_147" span="word_3529..word_3543" />
<markable mmax_level="sentence" orderid="148" id="markable_148" span="word_3544..word_3573" />
<markable mmax_level="sentence" orderid="149" id="markable_149" span="word_3574..word_3605" />
<markable mmax_level="sentence" orderid="150" id="markable_150" span="word_3606..word_3611" />
<markable mmax_level="sentence" orderid="151" id="markable_151" span="word_3612..word_3618" />
<markable mmax_level="sentence" orderid="152" id="markable_152" span="word_3619..word_3658" />
<markable mmax_level="sentence" orderid="153" id="markable_153" span="word_3659..word_3690" />
<markable mmax_level="sentence" orderid="154" id="markable_154" span="word_3691..word_3731" />
<markable mmax_level="sentence" orderid="155" id="markable_155" span="word_3732..word_3749" />
<markable mmax_level="sentence" orderid="156" id="markable_156" span="word_3750..word_3761" />
<markable mmax_level="sentence" orderid="157" id="markable_157" span="word_3762..word_3782" />
<markable mmax_level="sentence" orderid="158" id="markable_158" span="word_3783..word_3790" />
<markable mmax_level="sentence" orderid="159" id="markable_159" span="word_3791..word_3832" />
<markable mmax_level="sentence" orderid="160" id="markable_160" span="word_3833..word_3849" />
<markable mmax_level="sentence" orderid="161" id="markable_161" span="word_3850..word_3862" />
<markable mmax_level="sentence" orderid="162" id="markable_162" span="word_3863..word_3872" />
<markable mmax_level="sentence" orderid="163" id="markable_163" span="word_3873..word_3928" />
<markable mmax_level="sentence" orderid="164" id="markable_164" span="word_3929..word_3965" />
<markable mmax_level="sentence" orderid="165" id="markable_165" span="word_3966..word_3988" />
<markable mmax_level="sentence" orderid="166" id="markable_166" span="word_3989..word_4005" />
<markable mmax_level="sentence" orderid="167" id="markable_167" span="word_4006..word_4016" />
<markable mmax_level="sentence" orderid="168" id="markable_168" span="word_4017..word_4037" />
<markable mmax_level="sentence" orderid="169" id="markable_169" span="word_4038..word_4088" />
<markable mmax_level="sentence" orderid="170" id="markable_170" span="word_4089..word_4104" />
<markable mmax_level="sentence" orderid="171" id="markable_171" span="word_4105..word_4157" />
<markable mmax_level="sentence" orderid="172" id="markable_172" span="word_4158..word_4180" />
<markable mmax_level="sentence" orderid="173" id="markable_173" span="word_4181..word_4188" />
<markable mmax_level="sentence" orderid="174" id="markable_174" span="word_4189..word_4200" />
<markable mmax_level="sentence" orderid="175" id="markable_175" span="word_4201..word_4228" />
<markable mmax_level="sentence" orderid="176" id="markable_176" span="word_4229..word_4235" />
<markable mmax_level="sentence" orderid="177" id="markable_177" span="word_4236..word_4249" />
<markable mmax_level="sentence" orderid="178" id="markable_178" span="word_4250..word_4275" />
<markable mmax_level="sentence" orderid="179" id="markable_179" span="word_4276..word_4283" />
<markable mmax_level="sentence" orderid="180" id="markable_180" span="word_4284..word_4294" />
<markable mmax_level="sentence" orderid="181" id="markable_181" span="word_4295..word_4356" />
<markable mmax_level="sentence" orderid="182" id="markable_182" span="word_4357..word_4394" />
<markable mmax_level="sentence" orderid="183" id="markable_183" span="word_4395..word_4403" />
<markable mmax_level="sentence" orderid="184" id="markable_184" span="word_4404..word_4431" />
<markable mmax_level="sentence" orderid="185" id="markable_185" span="word_4432..word_4449" />
<markable mmax_level="sentence" orderid="186" id="markable_186" span="word_4450..word_4460" />
<markable mmax_level="sentence" orderid="187" id="markable_187" span="word_4461..word_4468" />
<markable mmax_level="sentence" orderid="188" id="markable_188" span="word_4469..word_4477" />
<markable mmax_level="sentence" orderid="189" id="markable_189" span="word_4478..word_4503" />
<markable mmax_level="sentence" orderid="190" id="markable_190" span="word_4504..word_4521" />
<markable mmax_level="sentence" orderid="191" id="markable_191" span="word_4522..word_4526" />
<markable mmax_level="sentence" orderid="192" id="markable_192" span="word_4527..word_4551" />
<markable mmax_level="sentence" orderid="193" id="markable_193" span="word_4552..word_4571" />
<markable mmax_level="sentence" orderid="194" id="markable_194" span="word_4572..word_4587" />
<markable mmax_level="sentence" orderid="195" id="markable_195" span="word_4588..word_4592" />
<markable mmax_level="sentence" orderid="196" id="markable_196" span="word_4593..word_4650" />
<markable mmax_level="sentence" orderid="197" id="markable_197" span="word_4651..word_4663" />
<markable mmax_level="sentence" orderid="198" id="markable_198" span="word_4664..word_4675" />
<markable mmax_level="sentence" orderid="199" id="markable_199" span="word_4676..word_4739" />
<markable mmax_level="sentence" orderid="200" id="markable_200" span="word_4740..word_4754" />
<markable mmax_level="sentence" orderid="201" id="markable_201" span="word_4755..word_4774" />
<markable mmax_level="sentence" orderid="202" id="markable_202" span="word_4775..word_4779" />
<markable mmax_level="sentence" orderid="203" id="markable_203" span="word_4780..word_4812" />
<markable mmax_level="sentence" orderid="204" id="markable_204" span="word_4813..word_4825" />
<markable mmax_level="sentence" orderid="205" id="markable_205" span="word_4826..word_4839" />
<markable mmax_level="sentence" orderid="206" id="markable_206" span="word_4840..word_4847" />
<markable mmax_level="sentence" orderid="207" id="markable_207" span="word_4848..word_4856" />
<markable mmax_level="sentence" orderid="208" id="markable_208" span="word_4857..word_4874" />
<markable mmax_level="sentence" orderid="209" id="markable_209" span="word_4875..word_4881" />
<markable mmax_level="sentence" orderid="210" id="markable_210" span="word_4882..word_4949" />
<markable mmax_level="sentence" orderid="211" id="markable_211" span="word_4950..word_4956" />
<markable mmax_level="sentence" orderid="212" id="markable_212" span="word_4957..word_4966" />
<markable mmax_level="sentence" orderid="213" id="markable_213" span="word_4967..word_4989" />
<markable mmax_level="sentence" orderid="214" id="markable_214" span="word_4990..word_5004" />
<markable mmax_level="sentence" orderid="215" id="markable_215" span="word_5005..word_5041" />
<markable mmax_level="sentence" orderid="216" id="markable_216" span="word_5042..word_5054" />
<markable mmax_level="sentence" orderid="217" id="markable_217" span="word_5055..word_5085" />
<markable mmax_level="sentence" orderid="218" id="markable_218" span="word_5086..word_5156" />
<markable mmax_level="sentence" orderid="219" id="markable_219" span="word_5157..word_5188" />
<markable mmax_level="sentence" orderid="220" id="markable_220" span="word_5189..word_5195" />
<markable mmax_level="sentence" orderid="221" id="markable_221" span="word_5196..word_5213" />
<markable mmax_level="sentence" orderid="222" id="markable_222" span="word_5214..word_5247" />
<markable mmax_level="sentence" orderid="223" id="markable_223" span="word_5248..word_5264" />
<markable mmax_level="sentence" orderid="224" id="markable_224" span="word_5265..word_5296" />
<markable mmax_level="sentence" orderid="225" id="markable_225" span="word_5297..word_5335" />
<markable mmax_level="sentence" orderid="226" id="markable_226" span="word_5336..word_5364" />
<markable mmax_level="sentence" orderid="227" id="markable_227" span="word_5365..word_5417" />
<markable mmax_level="sentence" orderid="228" id="markable_228" span="word_5418..word_5446" />
<markable mmax_level="sentence" orderid="229" id="markable_229" span="word_5447..word_5466" />
<markable mmax_level="sentence" orderid="230" id="markable_230" span="word_5467..word_5495" />
<markable mmax_level="sentence" orderid="231" id="markable_231" span="word_5496..word_5505" />
<markable mmax_level="sentence" orderid="232" id="markable_232" span="word_5506..word_5508" />
</markables>
