<?xml version="1.0" encoding="UTF-8"?>
<!DOCTYPE markables SYSTEM "markables.dtd">
<markables xmlns="www.eml.org/NameSpaces/coref">
<markable id="markable_162" span="word_815" coref_class="set_26"  mmax_level="coref"  nptype="antecedent"  mention="np" />
<markable id="markable_161" span="word_779..word_783" coref_class="set_25"  mmax_level="coref"  clausetype="antecedent"  mention="clause" />
<markable id="markable_164" span="word_824" coref_class="set_27"  mmax_level="coref"  nptype="antecedent"  mention="np" />
<markable id="markable_163" span="word_818" type_of_pronoun="possessive"  agreement="they (sg.)"  split="simple antecedent"  coref_class="set_26"  mmax_level="coref"  position="it (subject)"  type="anaphoric"  antetype="entity"  mention="pronoun" />
<markable id="markable_160" span="word_807" type_of_pronoun="personal"  agreement="none"  split="simple antecedent"  coref_class="set_25"  mmax_level="coref"  position="it (subject)"  type="anaphoric"  antetype="event"  mention="pronoun" />
<markable id="markable_281" span="word_2248" type_of_pronoun="personal"  split="simple antecedent"  agreement="they (pl.)"  coref_class="set_86"  mmax_level="coref"  position="it (subject)"  type="anaphoric"  mention="pronoun"  antetype="entity" />
<markable id="markable_280" span="word_2228" type_of_pronoun="personal"  split="simple antecedent"  agreement="they (pl.)"  coref_class="set_86"  mmax_level="coref"  position="it (subject)"  type="anaphoric"  mention="pronoun"  antetype="entity" />
<markable id="markable_203" span="word_1326..word_1327" coref_class="set_47"  mmax_level="coref"  nptype="antecedent"  mention="np" />
<markable id="markable_169" span="word_843" type_of_pronoun="demonstrative"  agreement="none"  split="simple antecedent"  coref_class="set_29"  mmax_level="coref"  position="it (subject)"  type="anaphoric"  antetype="event"  mention="pronoun" />
<markable id="markable_202" span="word_1316" type_of_pronoun="demonstrative"  split="simple antecedent"  agreement="none"  coref_class="set_46"  mmax_level="coref"  position="it (subject)"  type="anaphoric"  mention="pronoun"  antetype="event" />
<markable id="markable_205" span="word_1334..word_1337" coref_class="set_48"  mmax_level="coref"  nptype="antecedent"  mention="np" />
<markable id="markable_204" span="word_1330" type_of_pronoun="relative"  split="simple antecedent"  agreement="they (sg.)"  coref_class="set_47"  mmax_level="coref"  position="it (subject)"  type="anaphoric"  mention="pronoun"  antetype="entity" />
<markable id="markable_166" span="word_832..word_833" coref_class="set_28"  mmax_level="coref"  nptype="antecedent"  mention="np" />
<markable id="markable_165" span="word_826" type_of_pronoun="possessive"  agreement="they (sg.)"  split="simple antecedent"  coref_class="set_27"  mmax_level="coref"  position="it (subject)"  type="anaphoric"  antetype="entity"  mention="pronoun" />
<markable id="markable_168" span="word_829..word_840" coref_class="set_29"  mmax_level="coref"  clausetype="antecedent"  mention="clause" />
<markable id="markable_201" span="word_1306" type_of_pronoun="demonstrative"  split="simple antecedent"  agreement="none"  coref_class="set_46"  mmax_level="coref"  position="it (subject)"  type="anaphoric"  mention="pronoun"  antetype="event" />
<markable id="markable_167" span="word_835" type_of_pronoun="relative"  agreement="they (sg.)"  split="simple antecedent"  coref_class="set_28"  mmax_level="coref"  position="it (subject)"  type="anaphoric"  antetype="entity"  mention="pronoun" />
<markable id="markable_200" span="word_1284..word_1303" coref_class="set_46"  mmax_level="coref"  clausetype="antecedent"  mention="clause" />
<markable id="markable_173" span="word_874" type_of_pronoun="personal"  agreement="they (sg.)"  split="simple antecedent"  coref_class="set_31"  mmax_level="coref"  position="it (subject)"  type="anaphoric"  antetype="entity"  mention="pronoun" />
<markable id="markable_172" span="word_864..word_865" coref_class="set_31"  mmax_level="coref"  nptype="antecedent"  mention="np" />
<markable id="markable_175" span="word_927" type_of_pronoun="relative"  agreement="they (pl.)"  split="simple antecedent"  coref_class="set_32"  mmax_level="coref"  position="it (subject)"  type="anaphoric"  antetype="entity"  mention="pronoun" />
<markable id="markable_174" span="word_922..word_925" coref_class="set_32"  mmax_level="coref"  nptype="antecedent"  mention="np" />
<markable id="markable_171" span="word_863" type_of_pronoun="relative"  agreement="they (sg.)"  split="simple antecedent"  coref_class="set_30"  mmax_level="coref"  position="it (non-subject)"  type="anaphoric"  antetype="entity"  mention="pronoun" />
<markable id="markable_170" span="word_859..word_860" coref_class="set_30"  mmax_level="coref"  nptype="antecedent"  mention="np" />
<markable id="markable_214" span="word_1479" type_of_pronoun="personal"  split="simple antecedent"  agreement="they (pl.)"  coref_class="set_53"  mmax_level="coref"  position="it (non-subject)"  type="anaphoric"  mention="pronoun"  antetype="entity" />
<markable id="markable_213" span="word_1476" coref_class="set_53"  mmax_level="coref"  nptype="antecedent"  mention="np" />
<markable id="markable_216" span="word_1480" type_of_pronoun="personal"  split="simple antecedent"  agreement="they (pl.)"  coref_class="set_52"  mmax_level="coref"  position="it (subject)"  type="anaphoric"  mention="pronoun"  antetype="entity" />
<markable id="markable_215" span="word_1471" coref_class="set_52"  mmax_level="coref"  nptype="antecedent"  mention="np" />
<markable id="markable_177" span="word_977..word_979" coref_class="set_33"  mmax_level="coref"  nptype="antecedent"  mention="np" />
<markable id="markable_210" span="word_1378..word_1383" coref_class="set_50"  mmax_level="coref"  nptype="antecedent"  mention="np" />
<markable id="markable_179" span="word_991..word_992" coref_class="set_35"  mmax_level="coref"  nptype="antecedent"  mention="np" />
<markable id="markable_212" span="word_1411" type_of_pronoun="personal"  split="simple antecedent"  agreement="they (pl.)"  coref_class="set_51"  mmax_level="coref"  position="it (subject)"  type="anaphoric"  mention="pronoun"  antetype="entity" />
<markable id="markable_178" span="word_981" type_of_pronoun="relative"  agreement="they (sg.)"  split="simple antecedent"  coref_class="set_33"  mmax_level="coref"  position="it (subject)"  type="anaphoric"  antetype="entity"  mention="pronoun" />
<markable id="markable_211" span="word_1400..word_1401" coref_class="set_51"  mmax_level="coref"  nptype="antecedent"  mention="np" />
<markable id="markable_207" span="word_1355" type_of_pronoun="personal"  split="simple antecedent"  agreement="they (sg.)"  coref_class="set_49"  mmax_level="coref"  position="it (subject)"  type="anaphoric"  mention="pronoun"  antetype="entity" />
<markable id="markable_206" span="word_1339" type_of_pronoun="relative"  split="simple antecedent"  agreement="they (sg.)"  coref_class="set_48"  mmax_level="coref"  position="it (subject)"  type="anaphoric"  mention="pronoun"  antetype="entity" />
<markable id="markable_209" span="word_1389" type_of_pronoun="personal"  split="simple antecedent"  agreement="they (pl.)"  coref_class="set_50"  mmax_level="coref"  position="it (subject)"  type="anaphoric"  mention="pronoun"  antetype="entity" />
<markable id="markable_208" span="word_1347..word_1349" coref_class="set_49"  mmax_level="coref"  nptype="antecedent"  mention="np" />
<markable id="markable_184" span="word_1057..word_1060" coref_class="set_37"  mmax_level="coref"  clausetype="antecedent"  mention="clause" />
<markable id="markable_183" span="word_1024" type_of_pronoun="relative"  agreement="they (sg.)"  split="simple antecedent"  coref_class="set_36"  mmax_level="coref"  position="it (subject)"  type="anaphoric"  antetype="entity"  mention="pronoun" />
<markable id="markable_186" span="word_1039" coref_class="set_38"  mmax_level="coref"  nptype="antecedent"  mention="np" />
<markable id="markable_185" span="word_1063" coref_class="set_37"  mmax_level="coref"  type="not sure. help!"  mention="pronoun" />
<markable id="markable_180" span="word_997..word_998" split="simple antecedent"  coref_class="set_35"  mmax_level="coref"  nptype="nom-ellipsis"  antetype="entity"  mention="np" />
<markable id="markable_182" span="word_1017..word_1020" coref_class="set_36"  mmax_level="coref"  nptype="antecedent"  mention="np" />
<markable id="markable_181" span="word_1007..word_1008" split="simple antecedent"  coref_class="set_35"  mmax_level="coref"  nptype="nom-ellipsis"  antetype="entity"  mention="np" />
<markable id="markable_104" span="word_42..word_44" coref_class="set_1"  mmax_level="coref"  nptype="antecedent"  mention="np" />
<markable id="markable_225" span="word_1599" type_of_pronoun="demonstrative"  split="simple antecedent"  agreement="none"  coref_class="set_57"  mmax_level="coref"  position="it (subject)"  type="anaphoric"  mention="pronoun"  antetype="event" />
<markable id="markable_103" span="word_29..word_30" split="simple antecedent"  coref_class="set_0"  mmax_level="coref"  nptype="nom-ellipsis"  antetype="entity"  mention="np" />
<markable id="markable_224" span="word_1503..word_1511" coref_class="set_57"  mmax_level="coref"  clausetype="antecedent"  mention="clause" />
<markable id="markable_106" span="word_55" type_of_pronoun="personal"  agreement="they (pl.)"  split="simple antecedent"  coref_class="empty"  mmax_level="coref"  position="it (subject)"  type="anaphoric"  antetype="entity"  mention="pronoun" />
<markable id="markable_227" span="word_1622" type_of_pronoun="relative"  split="simple antecedent"  agreement="they (pl.)"  coref_class="set_59"  mmax_level="coref"  position="it (subject)"  type="anaphoric"  mention="pronoun"  antetype="entity" />
<markable id="markable_105" span="word_49..word_50" npmod="demonstrative"  split="simple antecedent"  coref_class="set_1"  mmax_level="coref"  anacata="anaphoric"  nptype="np"  antetype="entity"  mention="np" />
<markable id="markable_226" span="word_1617..word_1620" coref_class="set_59"  mmax_level="coref"  nptype="antecedent"  mention="np" />
<markable id="markable_188" span="word_1127" coref_class="set_42"  mmax_level="coref"  nptype="antecedent"  mention="np" />
<markable id="markable_221" span="word_1526" type_of_pronoun="personal"  split="simple antecedent"  agreement="they (sg.)"  coref_class="set_55"  mmax_level="coref"  position="it (subject)"  type="anaphoric"  mention="pronoun"  antetype="entity" />
<markable id="markable_187" span="word_1070..word_1071" npmod="demonstrative"  split="simple antecedent"  coref_class="set_38"  mmax_level="coref"  anacata="anaphoric"  nptype="np"  antetype="entity"  mention="np" />
<markable id="markable_220" span="word_1504..word_1505" coref_class="set_55"  mmax_level="coref"  nptype="antecedent"  mention="np" />
<markable id="markable_102" span="word_20..word_25" coref_class="set_0"  mmax_level="coref"  nptype="antecedent"  mention="np" />
<markable id="markable_223" span="word_1551" type_of_pronoun="personal"  split="simple antecedent"  agreement="they (sg.)"  coref_class="set_56"  mmax_level="coref"  position="it (subject)"  type="anaphoric"  mention="pronoun"  antetype="entity" />
<markable id="markable_189" span="word_1130" type_of_pronoun="relative"  agreement="they (pl.)"  split="simple antecedent"  coref_class="set_42"  mmax_level="coref"  position="it (subject)"  type="anaphoric"  antetype="entity"  mention="pronoun" />
<markable id="markable_222" span="word_1535" coref_class="set_56"  mmax_level="coref"  nptype="antecedent"  mention="np" />
<markable id="markable_218" span="word_1497..word_1500" npmod="demonstrative"  split="simple antecedent"  coref_class="set_54"  mmax_level="coref"  nptype="np"  anacata="anaphoric"  mention="np"  antetype="entity" />
<markable id="markable_217" span="word_1474..word_1475" coref_class="set_54"  mmax_level="coref"  nptype="antecedent"  mention="np" />
<markable id="markable_219" span="word_1522" type_of_pronoun="personal"  split="simple antecedent"  agreement="they (sg.)"  coref_class="set_55"  mmax_level="coref"  position="it (subject)"  type="anaphoric"  mention="pronoun"  antetype="entity" />
<markable id="markable_195" span="word_1251" type_of_pronoun="demonstrative"  agreement="none"  split="simple antecedent"  coref_class="set_43"  mmax_level="coref"  position="it (subject)"  type="anaphoric"  antetype="event"  mention="pronoun" />
<markable id="markable_194" span="word_1215..word_1228" coref_class="set_43"  mmax_level="coref"  clausetype="antecedent"  mention="clause" />
<markable id="markable_197" span="word_1261" type_of_pronoun="relative"  agreement="they (sg.)"  split="simple antecedent"  coref_class="set_44"  mmax_level="coref"  position="it (subject)"  type="anaphoric"  antetype="entity"  mention="pronoun" />
<markable id="markable_230" span="word_1649" coref_class="set_60"  mmax_level="coref"  nptype="antecedent"  mention="np" />
<markable id="markable_196" span="word_1257..word_1258" coref_class="set_44"  mmax_level="coref"  nptype="antecedent"  mention="np" />
<markable id="markable_191" span="word_1154" type_of_pronoun="personal"  agreement="they (pl.)"  split="simple antecedent"  coref_class="set_42"  mmax_level="coref"  position="it (subject)"  type="anaphoric"  antetype="entity"  mention="pronoun" />
<markable id="markable_190" span="word_1135" type_of_pronoun="personal"  agreement="they (pl.)"  split="simple antecedent"  coref_class="set_42"  mmax_level="coref"  position="it (subject)"  type="anaphoric"  antetype="entity"  mention="pronoun" />
<markable id="markable_193" span="word_1164" type_of_pronoun="relative"  agreement="they (pl.)"  split="simple antecedent"  coref_class="set_42"  mmax_level="coref"  position="it (subject)"  type="anaphoric"  antetype="entity"  mention="pronoun" />
<markable id="markable_192" span="word_1161..word_1162" split="simple antecedent"  coref_class="set_42"  comparative="gen"  mmax_level="coref"  nptype="comparative"  antetype="entity"  mention="np" />
<markable id="markable_115" span="word_168..word_177" coref_class="set_6"  mmax_level="coref"  clausetype="antecedent"  mention="clause" />
<markable id="markable_236" span="word_1688..word_1689" coref_class="set_63"  mmax_level="coref"  nptype="antecedent"  mention="np" />
<markable id="markable_114" span="word_203" type_of_pronoun="demonstrative"  agreement="none"  split="simple antecedent"  coref_class="set_5"  mmax_level="coref"  position="it (subject)"  type="anaphoric"  antetype="event"  mention="pronoun" />
<markable id="markable_235" span="word_1683" type_of_pronoun="demonstrative"  split="simple antecedent"  agreement="none"  coref_class="set_62"  mmax_level="coref"  position="it (non-subject)"  type="anaphoric"  mention="pronoun"  antetype="event" />
<markable id="markable_117" span="word_228" type_of_pronoun="personal"  agreement="they (sg.)"  split="simple antecedent"  coref_class="empty"  mmax_level="coref"  position="it (subject)"  type="anaphoric"  antetype="entity"  mention="pronoun" />
<markable id="markable_238" span="word_1719..word_1721" coref_class="set_64"  mmax_level="coref"  nptype="antecedent"  mention="np" />
<markable id="markable_116" span="word_221..word_222" npmod="demonstrative"  split="simple antecedent"  coref_class="set_6"  mmax_level="coref"  anacata="anaphoric"  nptype="np"  antetype="entity"  mention="np" />
<markable id="markable_237" span="word_1691" type_of_pronoun="relative"  split="simple antecedent"  agreement="they (sg.)"  coref_class="set_63"  mmax_level="coref"  position="it (subject)"  type="anaphoric"  mention="pronoun"  antetype="entity" />
<markable id="markable_111" span="word_150..word_151" coref_class="set_4"  mmax_level="coref"  nptype="antecedent"  mention="np" />
<markable id="markable_199" span="word_1297" type_of_pronoun="relative"  split="simple antecedent"  agreement="they (pl.)"  coref_class="set_45"  mmax_level="coref"  position="it (subject)"  type="anaphoric"  mention="pronoun"  antetype="entity" />
<markable id="markable_232" span="word_1636..word_1658" coref_class="set_62"  mmax_level="coref"  clausetype="antecedent"  mention="clause" />
<markable id="markable_110" span="word_103..word_120" coref_class="set_3"  mmax_level="coref"  nptype="apposition"  sub_apposition="none"  mention="np" />
<markable id="markable_198" span="word_1295" coref_class="set_45"  mmax_level="coref"  nptype="antecedent"  mention="np" />
<markable id="markable_231" span="word_1653" type_of_pronoun="relative"  split="simple antecedent"  agreement="they (pl.)"  coref_class="set_60"  mmax_level="coref"  position="it (subject)"  type="anaphoric"  mention="pronoun"  antetype="entity" />
<markable id="markable_113" span="word_186..word_200" coref_class="set_5"  mmax_level="coref"  clausetype="antecedent"  mention="clause" />
<markable id="markable_234" span="word_1669" type_of_pronoun="personal"  split="simple antecedent"  agreement="none"  coref_class="set_62"  mmax_level="coref"  position="none"  type="anaphoric"  mention="pronoun"  antetype="entity" />
<markable id="markable_112" span="word_154" type_of_pronoun="possessive"  agreement="they (pl.)"  split="simple antecedent"  coref_class="set_4"  mmax_level="coref"  position="it (subject)"  type="anaphoric"  antetype="entity"  mention="pronoun" />
<markable id="markable_233" span="word_1662" type_of_pronoun="demonstrative"  split="simple antecedent"  agreement="none"  coref_class="set_62"  mmax_level="coref"  position="it (subject)"  type="anaphoric"  mention="pronoun"  antetype="event" />
<markable id="markable_108" span="word_98" type_of_pronoun="possessive"  agreement="they (sg.)"  split="simple antecedent"  coref_class="set_2"  mmax_level="coref"  position="it (non-subject)"  type="anaphoric"  antetype="entity"  mention="pronoun" />
<markable id="markable_229" span="word_1644" type_of_pronoun="personal"  split="simple antecedent"  agreement="they (pl.)"  coref_class="set_59"  mmax_level="coref"  position="it (non-subject)"  type="anaphoric"  mention="pronoun"  antetype="entity" />
<markable id="markable_107" span="word_94..word_96" coref_class="set_2"  mmax_level="coref"  nptype="antecedent"  mention="np" />
<markable id="markable_228" span="word_1638..word_1640" npmod="demonstrative"  split="simple antecedent"  coref_class="set_59"  mmax_level="coref"  nptype="np"  anacata="anaphoric"  mention="np"  antetype="entity" />
<markable id="markable_109" span="word_100..word_101" coref_class="set_3"  mmax_level="coref"  nptype="antecedent"  mention="np" />
<markable id="markable_241" span="word_1753..word_1754" npmod="demonstrative"  split="simple antecedent"  coref_class="set_65"  mmax_level="coref"  nptype="np"  anacata="anaphoric"  mention="np"  antetype="entity" />
<markable id="markable_240" span="word_1732..word_1733" coref_class="set_65"  mmax_level="coref"  nptype="antecedent"  mention="np" />
<markable id="markable_126" span="word_290..word_293" coref_class="set_11"  mmax_level="coref"  nptype="antecedent"  mention="np" />
<markable id="markable_247" span="word_1785" type_of_pronoun="demonstrative"  split="simple antecedent"  agreement="they (sg.)"  coref_class="set_68"  mmax_level="coref"  position="it (non-subject)"  type="anaphoric"  mention="pronoun"  antetype="entity" />
<markable id="markable_125" span="word_361..word_362" npmod="demonstrative"  split="simple antecedent"  coref_class="set_11"  mmax_level="coref"  anacata="anaphoric"  nptype="np"  antetype="entity"  mention="np" />
<markable id="markable_246" span="word_1777" coref_class="set_68"  mmax_level="coref"  nptype="antecedent"  mention="np" />
<markable id="markable_128" span="word_378" type_of_pronoun="none"  agreement="they (pl.)"  split="simple antecedent"  coref_class="set_12"  mmax_level="coref"  position="it (subject)"  type="anaphoric"  antetype="entity"  mention="pronoun" />
<markable id="markable_249" span="word_1798" type_of_pronoun="relative"  split="simple antecedent"  agreement="they (sg.)"  coref_class="set_69"  mmax_level="coref"  position="it (subject)"  type="anaphoric"  mention="pronoun"  antetype="entity" />
<markable id="markable_127" span="word_375" coref_class="set_12"  mmax_level="coref"  nptype="antecedent"  mention="np" />
<markable id="markable_248" span="word_1795..word_1796" coref_class="set_69"  mmax_level="coref"  nptype="antecedent"  mention="np" />
<markable id="markable_122" span="word_337..word_338" npmod="demonstrative"  split="simple antecedent"  coref_class="set_10"  mmax_level="coref"  anacata="anaphoric"  nptype="np"  antetype="entity"  mention="np" />
<markable id="markable_243" span="word_1762" type_of_pronoun="relative"  split="simple antecedent"  agreement="they (sg.)"  coref_class="set_66"  mmax_level="coref"  position="it (subject)"  type="anaphoric"  mention="pronoun"  antetype="entity" />
<markable id="markable_242" span="word_1758..word_1759" coref_class="set_66"  mmax_level="coref"  nptype="antecedent"  mention="np" />
<markable id="markable_124" span="word_254..word_255" coref_class="set_10"  mmax_level="coref"  nptype="antecedent"  mention="np" />
<markable id="markable_245" span="word_1771" type_of_pronoun="personal"  split="simple antecedent"  agreement="none"  coref_class="set_67"  mmax_level="coref"  position="it (non-subject)"  type="anaphoric"  mention="pronoun"  antetype="event" />
<markable id="markable_123" span="word_258..word_259" npmod="demonstrative"  split="simple antecedent"  coref_class="set_10"  mmax_level="coref"  anacata="anaphoric"  nptype="np"  antetype="entity"  mention="np" />
<markable id="markable_244" span="word_1758..word_1767" coref_class="set_67"  vptype="antecedent"  mmax_level="coref"  mention="vp" />
<markable id="markable_119" span="word_226" type_of_pronoun="personal"  agreement="they (sg.)"  split="simple antecedent"  coref_class="set_7"  mmax_level="coref"  position="it (subject)"  type="anaphoric"  antetype="entity"  mention="pronoun" />
<markable id="markable_118" span="word_219" type_of_pronoun="personal"  agreement="none"  split="simple antecedent"  coref_class="set_7"  mmax_level="coref"  position="none"  type="anaphoric"  antetype="entity"  mention="pronoun" />
<markable id="markable_239" span="word_1723" type_of_pronoun="relative"  split="simple antecedent"  agreement="they (pl.)"  coref_class="set_64"  mmax_level="coref"  position="it (subject)"  type="anaphoric"  mention="pronoun"  antetype="entity" />
<markable id="markable_250" span="word_1853" type_of_pronoun="demonstrative"  split="simple antecedent"  agreement="none"  coref_class="set_70"  mmax_level="coref"  position="it (subject)"  type="anaphoric"  mention="pronoun"  antetype="event" />
<markable id="markable_131" span="word_415..word_417" coref_class="set_13"  mmax_level="coref"  nptype="antecedent"  mention="np" />
<markable id="markable_252" span="word_1865..word_1866" coref_class="set_71"  mmax_level="coref"  nptype="antecedent"  mention="np" />
<markable id="markable_130" span="word_441" type_of_pronoun="possessive"  agreement="they (pl.)"  split="simple antecedent"  coref_class="empty"  mmax_level="coref"  position="it (non-subject)"  type="anaphoric"  antetype="entity"  mention="pronoun" />
<markable id="markable_251" span="word_1829..word_1849" coref_class="set_70"  mmax_level="coref"  clausetype="antecedent"  mention="clause" />
<markable id="markable_137" span="word_533" type_of_pronoun="possessive"  agreement="they (sg.)"  split="split reference"  coref_class="set_15"  mmax_level="coref"  position="it (non-subject)"  type="anaphoric"  mention="pronoun" />
<markable id="markable_258" span="word_1905..word_1909" coref_class="set_74"  mmax_level="coref"  nptype="antecedent"  mention="np" />
<markable id="markable_136" span="word_529..word_531" coref_class="set_15"  mmax_level="coref"  nptype="antecedent"  mention="np" />
<markable id="markable_257" span="word_1928" type_of_pronoun="relative"  split="simple antecedent"  agreement="they (pl.)"  coref_class="set_73"  mmax_level="coref"  position="it (subject)"  type="anaphoric"  mention="pronoun"  antetype="entity" />
<markable id="markable_139" span="word_548" coref_class="set_16"  mmax_level="coref"  nptype="antecedent"  mention="np" />
<markable id="markable_138" span="word_520" type_of_pronoun="personal"  agreement="they (pl.)"  split="split reference"  coref_class="set_14"  mmax_level="coref"  position="it (subject)"  type="anaphoric"  mention="pronoun" />
<markable id="markable_259" span="word_1929..word_1930" npmod="demonstrative"  split="simple antecedent"  coref_class="set_74"  mmax_level="coref"  nptype="np"  anacata="anaphoric"  mention="np"  antetype="entity" />
<markable id="markable_133" span="word_457..word_458" npmod="demonstrative"  split="simple antecedent"  coref_class="set_13"  mmax_level="coref"  anacata="anaphoric"  nptype="np"  antetype="entity"  mention="np" />
<markable id="markable_254" span="word_1869..word_1870" coref_class="set_72"  mmax_level="coref"  nptype="antecedent"  mention="np" />
<markable id="markable_132" span="word_420..word_433" coref_class="set_13"  mmax_level="coref"  nptype="apposition"  sub_apposition="none"  mention="np" />
<markable id="markable_253" span="word_1868" type_of_pronoun="relative"  split="simple antecedent"  agreement="they (sg.)"  coref_class="set_71"  mmax_level="coref"  position="it (subject)"  type="anaphoric"  mention="pronoun"  antetype="entity" />
<markable id="markable_135" span="word_502" type_of_pronoun="relative"  agreement="they (pl.)"  split="split reference"  coref_class="set_14"  mmax_level="coref"  position="it (subject)"  type="anaphoric"  mention="pronoun" />
<markable id="markable_256" span="word_1925..word_1926" coref_class="set_73"  mmax_level="coref"  nptype="antecedent"  mention="np" />
<markable id="markable_134" span="word_496..word_500" coref_class="set_14"  mmax_level="coref"  nptype="antecedent"  mention="np" />
<markable id="markable_255" span="word_1875" type_of_pronoun="personal"  split="simple antecedent"  agreement="they (pl.)"  coref_class="set_72"  mmax_level="coref"  position="it (subject)"  type="anaphoric"  mention="pronoun"  antetype="entity" />
<markable id="markable_129" span="word_437..word_438" coref_class="empty"  mmax_level="coref"  nptype="antecedent"  mention="np" />
<markable id="markable_140" span="word_563..word_564" npmod="demonstrative"  split="simple antecedent"  coref_class="set_16"  mmax_level="coref"  anacata="anaphoric"  nptype="np"  antetype="entity"  mention="np" />
<markable id="markable_261" span="word_1997..word_2025" coref_class="set_75"  mmax_level="coref"  clausetype="antecedent"  mention="clause" />
<markable id="markable_260" span="word_2029" type_of_pronoun="demonstrative"  split="simple antecedent"  agreement="none"  coref_class="set_75"  mmax_level="coref"  position="it (subject)"  type="anaphoric"  mention="pronoun"  antetype="event" />
<markable id="markable_142" span="word_576" type_of_pronoun="relative"  agreement="they (sg.)"  split="simple antecedent"  coref_class="set_17"  mmax_level="coref"  position="it (subject)"  type="anaphoric"  antetype="entity"  mention="pronoun" />
<markable id="markable_263" span="word_2060..word_2067" coref_class="set_76"  mmax_level="coref"  clausetype="antecedent"  mention="clause" />
<markable id="markable_141" span="word_572..word_573" coref_class="set_17"  mmax_level="coref"  nptype="antecedent"  mention="np" />
<markable id="markable_262" span="word_2035" type_of_pronoun="personal"  split="simple antecedent"  agreement="none"  coref_class="set_75"  mmax_level="coref"  position="it (subject)"  type="anaphoric"  mention="pronoun"  antetype="event" />
<markable id="markable_148" span="word_609" type_of_pronoun="personal"  agreement="they (pl.)"  split="simple antecedent"  coref_class="set_20"  mmax_level="coref"  position="it (subject)"  type="anaphoric"  antetype="entity"  mention="pronoun" />
<markable id="markable_269" span="word_2169" type_of_pronoun="relative"  split="simple antecedent"  agreement="they (pl.)"  coref_class="set_79"  mmax_level="coref"  position="it (subject)"  type="anaphoric"  mention="pronoun"  antetype="entity" />
<markable id="markable_268" span="word_2167" coref_class="set_79"  mmax_level="coref"  nptype="antecedent"  mention="np" />
<markable id="markable_149" span="word_592..word_606" coref_class="set_21"  mmax_level="coref"  clausetype="antecedent"  mention="clause" />
<markable id="markable_144" span="word_582" type_of_pronoun="demonstrative"  agreement="they (pl.)"  split="simple antecedent"  coref_class="set_18"  mmax_level="coref"  position="it (subject)"  type="anaphoric"  antetype="entity"  mention="pronoun" />
<markable id="markable_265" span="word_2069..word_2086" coref_class="set_78"  mmax_level="coref"  clausetype="antecedent"  mention="clause" />
<markable id="markable_143" span="word_571" coref_class="set_18"  mmax_level="coref"  nptype="antecedent"  mention="np" />
<markable id="markable_264" span="word_2069" type_of_pronoun="demonstrative"  split="simple antecedent"  agreement="none"  coref_class="set_76"  mmax_level="coref"  position="it (subject)"  type="anaphoric"  mention="pronoun"  antetype="event" />
<markable id="markable_146" span="word_602" coref_class="set_20"  mmax_level="coref"  nptype="antecedent"  mention="np" />
<markable id="markable_267" span="word_2128" type_of_pronoun="personal"  split="simple antecedent"  agreement="none"  coref_class="set_78"  mmax_level="coref"  position="it (subject)"  type="anaphoric"  mention="pronoun"  antetype="event" />
<markable id="markable_145" span="word_614" type_of_pronoun="personal"  agreement="they (pl.)"  split="simple antecedent"  coref_class="set_20"  mmax_level="coref"  position="it (subject)"  type="anaphoric"  antetype="entity"  mention="pronoun" />
<markable id="markable_266" span="word_2088" type_of_pronoun="demonstrative"  split="simple antecedent"  agreement="none"  coref_class="set_78"  mmax_level="coref"  position="it (subject)"  type="anaphoric"  mention="pronoun"  antetype="event" />
<markable id="markable_151" span="word_620..word_621" type_of_pronoun="personal"  agreement="none"  coref_class="set_22"  mmax_level="coref"  position="none"  type="antecedent"  mention="pronoun" />
<markable id="markable_272" span="word_2195..word_2196" coref_class="set_81"  mmax_level="coref"  nptype="antecedent"  mention="np" />
<markable id="markable_150" span="word_623..word_624" npmod="demonstrative"  split="simple antecedent"  coref_class="set_21"  mmax_level="coref"  anacata="anaphoric"  nptype="np"  antetype="entity"  mention="np" />
<markable id="markable_271" span="word_2175" type_of_pronoun="relative"  split="simple antecedent"  agreement="they (pl.)"  coref_class="set_80"  mmax_level="coref"  position="it (subject)"  type="anaphoric"  mention="pronoun"  antetype="entity" />
<markable id="markable_153" span="word_628..word_646" coref_class="set_23"  mmax_level="coref"  vptype="antecedent"  mention="vp" />
<markable id="markable_274" span="word_2200..word_2201" coref_class="set_83"  mmax_level="coref"  nptype="antecedent"  mention="np" />
<markable id="markable_152" span="word_628" type_of_pronoun="possessive"  agreement="they (sg.)"  split="simple antecedent"  coref_class="set_22"  mmax_level="coref"  position="it (non-subject)"  type="anaphoric"  antetype="entity"  mention="pronoun" />
<markable id="markable_273" span="word_2198" type_of_pronoun="relative"  split="simple antecedent"  agreement="they (pl.)"  coref_class="set_81"  mmax_level="coref"  position="it (subject)"  type="anaphoric"  mention="pronoun"  antetype="entity" />
<markable id="markable_270" span="word_2172" coref_class="set_80"  mmax_level="coref"  nptype="antecedent"  mention="np" />
<markable id="markable_159" span="word_738" type_of_pronoun="demonstrative"  agreement="none"  split="simple antecedent"  coref_class="set_24"  mmax_level="coref"  position="it (subject)"  type="anaphoric"  antetype="event"  mention="pronoun" />
<markable id="markable_158" span="word_730" type_of_pronoun="demonstrative"  agreement="none"  split="simple antecedent"  coref_class="set_24"  mmax_level="coref"  position="it (subject)"  type="anaphoric"  antetype="event"  mention="pronoun" />
<markable id="markable_279" span="word_2218..word_2219" coref_class="set_86"  mmax_level="coref"  nptype="antecedent"  mention="np" />
<markable id="markable_155" span="word_664" type_of_pronoun="demonstrative"  agreement="none"  split="simple antecedent"  coref_class="set_23"  mmax_level="coref"  position="it (subject)"  type="anaphoric"  antetype="event"  mention="pronoun" />
<markable id="markable_276" span="word_2210" type_of_pronoun="possessive"  split="simple antecedent"  agreement="they (pl.)"  coref_class="set_83"  mmax_level="coref"  position="it (subject)"  type="anaphoric"  mention="pronoun"  antetype="entity" />
<markable id="markable_154" span="word_648" type_of_pronoun="demonstrative"  agreement="none"  split="simple antecedent"  coref_class="set_23"  mmax_level="coref"  position="it (subject)"  type="anaphoric"  antetype="event"  mention="pronoun" />
<markable id="markable_275" span="word_2205" type_of_pronoun="relative"  split="simple antecedent"  agreement="they (pl.)"  coref_class="set_83"  mmax_level="coref"  position="it (subject)"  type="anaphoric"  mention="pronoun"  antetype="entity" />
<markable id="markable_157" span="word_677..word_729" coref_class="set_24"  mmax_level="coref"  clausetype="antecedent"  mention="clause" />
<markable id="markable_278" span="word_2209" type_of_pronoun="demonstrative"  split="simple antecedent"  agreement="none"  coref_class="set_84"  mmax_level="coref"  position="it (subject)"  type="anaphoric"  mention="pronoun"  antetype="event" />
<markable id="markable_156" span="word_670" type_of_pronoun="demonstrative"  agreement="none"  split="simple antecedent"  coref_class="set_23"  mmax_level="coref"  position="it (non-subject)"  type="anaphoric"  antetype="event"  mention="pronoun" />
<markable id="markable_277" span="word_2207" coref_class="set_84"  vptype="antecedent"  mmax_level="coref"  mention="vp" />
</markables>