<?xml version="1.0" encoding="UTF-8" ?>
<!DOCTYPE markables SYSTEM "markables.dtd">
<markables xmlns="www.eml.org/NameSpaces/sentence">
<markable mmax_level="sentence" orderid="0" id="markable_0" span="word_1..word_13" />
<markable mmax_level="sentence" orderid="1" id="markable_1" span="word_14..word_32" />
<markable mmax_level="sentence" orderid="2" id="markable_2" span="word_33..word_93" />
<markable mmax_level="sentence" orderid="3" id="markable_3" span="word_94..word_121" />
<markable mmax_level="sentence" orderid="4" id="markable_4" span="word_122..word_141" />
<markable mmax_level="sentence" orderid="5" id="markable_5" span="word_142..word_167" />
<markable mmax_level="sentence" orderid="6" id="markable_6" span="word_168..word_178" />
<markable mmax_level="sentence" orderid="7" id="markable_7" span="word_179..word_201" />
<markable mmax_level="sentence" orderid="8" id="markable_8" span="word_202..word_218" />
<markable mmax_level="sentence" orderid="9" id="markable_9" span="word_219..word_229" />
<markable mmax_level="sentence" orderid="10" id="markable_10" span="word_230..word_251" />
<markable mmax_level="sentence" orderid="11" id="markable_11" span="word_252..word_269" />
<markable mmax_level="sentence" orderid="12" id="markable_12" span="word_270..word_287" />
<markable mmax_level="sentence" orderid="13" id="markable_13" span="word_288..word_359" />
<markable mmax_level="sentence" orderid="14" id="markable_14" span="word_360..word_411" />
<markable mmax_level="sentence" orderid="15" id="markable_15" span="word_412..word_450" />
<markable mmax_level="sentence" orderid="16" id="markable_16" span="word_451..word_466" />
<markable mmax_level="sentence" orderid="17" id="markable_17" span="word_467..word_474" />
<markable mmax_level="sentence" orderid="18" id="markable_18" span="word_475..word_484" />
<markable mmax_level="sentence" orderid="19" id="markable_19" span="word_485..word_492" />
<markable mmax_level="sentence" orderid="20" id="markable_20" span="word_493..word_510" />
<markable mmax_level="sentence" orderid="21" id="markable_21" span="word_511..word_536" />
<markable mmax_level="sentence" orderid="22" id="markable_22" span="word_537..word_562" />
<markable mmax_level="sentence" orderid="23" id="markable_23" span="word_563..word_591" />
<markable mmax_level="sentence" orderid="24" id="markable_24" span="word_592..word_607" />
<markable mmax_level="sentence" orderid="25" id="markable_25" span="word_608..word_616" />
<markable mmax_level="sentence" orderid="26" id="markable_26" span="word_617..word_647" />
<markable mmax_level="sentence" orderid="27" id="markable_27" span="word_648..word_655" />
<markable mmax_level="sentence" orderid="28" id="markable_28" span="word_656..word_667" />
<markable mmax_level="sentence" orderid="29" id="markable_29" span="word_668..word_676" />
<markable mmax_level="sentence" orderid="30" id="markable_30" span="word_677..word_690" />
<markable mmax_level="sentence" orderid="31" id="markable_31" span="word_691..word_701" />
<markable mmax_level="sentence" orderid="32" id="markable_32" span="word_702..word_729" />
<markable mmax_level="sentence" orderid="33" id="markable_33" span="word_730..word_737" />
<markable mmax_level="sentence" orderid="34" id="markable_34" span="word_738..word_749" />
<markable mmax_level="sentence" orderid="35" id="markable_35" span="word_750..word_773" />
<markable mmax_level="sentence" orderid="36" id="markable_36" span="word_774..word_791" />
<markable mmax_level="sentence" orderid="37" id="markable_37" span="word_792..word_800" />
<markable mmax_level="sentence" orderid="38" id="markable_38" span="word_801..word_811" />
<markable mmax_level="sentence" orderid="39" id="markable_39" span="word_812..word_820" />
<markable mmax_level="sentence" orderid="40" id="markable_40" span="word_821..word_828" />
<markable mmax_level="sentence" orderid="41" id="markable_41" span="word_829..word_841" />
<markable mmax_level="sentence" orderid="42" id="markable_42" span="word_842..word_873" />
<markable mmax_level="sentence" orderid="43" id="markable_43" span="word_874..word_896" />
<markable mmax_level="sentence" orderid="44" id="markable_44" span="word_897..word_915" />
<markable mmax_level="sentence" orderid="45" id="markable_45" span="word_916..word_949" />
<markable mmax_level="sentence" orderid="46" id="markable_46" span="word_950..word_972" />
<markable mmax_level="sentence" orderid="47" id="markable_47" span="word_973..word_999" />
<markable mmax_level="sentence" orderid="48" id="markable_48" span="word_1000..word_1028" />
<markable mmax_level="sentence" orderid="49" id="markable_49" span="word_1029..word_1034" />
<markable mmax_level="sentence" orderid="50" id="markable_50" span="word_1035..word_1067" />
<markable mmax_level="sentence" orderid="51" id="markable_51" span="word_1068..word_1078" />
<markable mmax_level="sentence" orderid="52" id="markable_52" span="word_1079..word_1105" />
<markable mmax_level="sentence" orderid="53" id="markable_53" span="word_1106..word_1134" />
<markable mmax_level="sentence" orderid="54" id="markable_54" span="word_1135..word_1144" />
<markable mmax_level="sentence" orderid="55" id="markable_55" span="word_1145..word_1168" />
<markable mmax_level="sentence" orderid="56" id="markable_56" span="word_1169..word_1191" />
<markable mmax_level="sentence" orderid="57" id="markable_57" span="word_1192..word_1208" />
<markable mmax_level="sentence" orderid="58" id="markable_58" span="word_1209..word_1214" />
<markable mmax_level="sentence" orderid="59" id="markable_59" span="word_1215..word_1235" />
<markable mmax_level="sentence" orderid="60" id="markable_60" span="word_1236..word_1250" />
<markable mmax_level="sentence" orderid="61" id="markable_61" span="word_1251..word_1267" />
<markable mmax_level="sentence" orderid="62" id="markable_62" span="word_1268..word_1315" />
<markable mmax_level="sentence" orderid="63" id="markable_63" span="word_1316..word_1333" />
<markable mmax_level="sentence" orderid="64" id="markable_64" span="word_1334..word_1375" />
<markable mmax_level="sentence" orderid="65" id="markable_65" span="word_1376..word_1385" />
<markable mmax_level="sentence" orderid="66" id="markable_66" span="word_1386..word_1446" />
<markable mmax_level="sentence" orderid="67" id="markable_67" span="word_1447..word_1470" />
<markable mmax_level="sentence" orderid="68" id="markable_68" span="word_1471..word_1501" />
<markable mmax_level="sentence" orderid="69" id="markable_69" span="word_1502..word_1525" />
<markable mmax_level="sentence" orderid="70" id="markable_70" span="word_1526..word_1531" />
<markable mmax_level="sentence" orderid="71" id="markable_71" span="word_1532..word_1586" />
<markable mmax_level="sentence" orderid="72" id="markable_72" span="word_1587..word_1592" />
<markable mmax_level="sentence" orderid="73" id="markable_73" span="word_1593..word_1632" />
<markable mmax_level="sentence" orderid="74" id="markable_74" span="word_1633..word_1659" />
<markable mmax_level="sentence" orderid="75" id="markable_75" span="word_1660..word_1676" />
<markable mmax_level="sentence" orderid="76" id="markable_76" span="word_1677..word_1684" />
<markable mmax_level="sentence" orderid="77" id="markable_77" span="word_1685..word_1697" />
<markable mmax_level="sentence" orderid="78" id="markable_78" span="word_1698..word_1730" />
<markable mmax_level="sentence" orderid="79" id="markable_79" span="word_1731..word_1773" />
<markable mmax_level="sentence" orderid="80" id="markable_80" span="word_1774..word_1820" />
<markable mmax_level="sentence" orderid="81" id="markable_81" span="word_1821..word_1850" />
<markable mmax_level="sentence" orderid="82" id="markable_82" span="word_1851..word_1854" />
<markable mmax_level="sentence" orderid="83" id="markable_83" span="word_1855..word_1878" />
<markable mmax_level="sentence" orderid="84" id="markable_84" span="word_1879..word_1904" />
<markable mmax_level="sentence" orderid="85" id="markable_85" span="word_1905..word_1933" />
<markable mmax_level="sentence" orderid="86" id="markable_86" span="word_1934..word_1948" />
<markable mmax_level="sentence" orderid="87" id="markable_87" span="word_1949..word_1957" />
<markable mmax_level="sentence" orderid="88" id="markable_88" span="word_1958..word_1971" />
<markable mmax_level="sentence" orderid="89" id="markable_89" span="word_1972..word_1996" />
<markable mmax_level="sentence" orderid="90" id="markable_90" span="word_1997..word_2034" />
<markable mmax_level="sentence" orderid="91" id="markable_91" span="word_2035..word_2052" />
<markable mmax_level="sentence" orderid="92" id="markable_92" span="word_2053..word_2087" />
<markable mmax_level="sentence" orderid="93" id="markable_93" span="word_2088..word_2127" />
<markable mmax_level="sentence" orderid="94" id="markable_94" span="word_2128..word_2145" />
<markable mmax_level="sentence" orderid="95" id="markable_95" span="word_2146..word_2151" />
<markable mmax_level="sentence" orderid="96" id="markable_96" span="word_2152..word_2163" />
<markable mmax_level="sentence" orderid="97" id="markable_97" span="word_2164..word_2216" />
<markable mmax_level="sentence" orderid="98" id="markable_98" span="word_2217..word_2227" />
<markable mmax_level="sentence" orderid="99" id="markable_99" span="word_2228..word_2236" />
<markable mmax_level="sentence" orderid="100" id="markable_100" span="word_2237..word_2265" />
<markable mmax_level="sentence" orderid="101" id="markable_101" span="word_2266..word_2268" />
</markables>
