<?xml version="1.0" encoding="UTF-8" ?>
<!DOCTYPE markables SYSTEM "markables.dtd">
<markables xmlns="www.eml.org/NameSpaces/sentence">
<markable mmax_level="sentence" orderid="0" id="markable_0" span="word_1..word_10" />
<markable mmax_level="sentence" orderid="1" id="markable_1" span="word_11..word_27" />
<markable mmax_level="sentence" orderid="2" id="markable_2" span="word_28..word_55" />
<markable mmax_level="sentence" orderid="3" id="markable_3" span="word_56..word_61" />
<markable mmax_level="sentence" orderid="4" id="markable_4" span="word_62..word_68" />
<markable mmax_level="sentence" orderid="5" id="markable_5" span="word_69..word_76" />
<markable mmax_level="sentence" orderid="6" id="markable_6" span="word_77..word_80" />
<markable mmax_level="sentence" orderid="7" id="markable_7" span="word_81..word_92" />
<markable mmax_level="sentence" orderid="8" id="markable_8" span="word_93..word_102" />
<markable mmax_level="sentence" orderid="9" id="markable_9" span="word_103..word_111" />
<markable mmax_level="sentence" orderid="10" id="markable_10" span="word_112..word_119" />
<markable mmax_level="sentence" orderid="11" id="markable_11" span="word_120..word_147" />
<markable mmax_level="sentence" orderid="12" id="markable_12" span="word_148..word_166" />
<markable mmax_level="sentence" orderid="13" id="markable_13" span="word_167..word_174" />
<markable mmax_level="sentence" orderid="14" id="markable_14" span="word_175..word_192" />
<markable mmax_level="sentence" orderid="15" id="markable_15" span="word_193..word_199" />
<markable mmax_level="sentence" orderid="16" id="markable_16" span="word_200..word_230" />
<markable mmax_level="sentence" orderid="17" id="markable_17" span="word_231..word_254" />
<markable mmax_level="sentence" orderid="18" id="markable_18" span="word_255..word_270" />
<markable mmax_level="sentence" orderid="19" id="markable_19" span="word_271..word_282" />
<markable mmax_level="sentence" orderid="20" id="markable_20" span="word_283..word_299" />
<markable mmax_level="sentence" orderid="21" id="markable_21" span="word_300..word_333" />
<markable mmax_level="sentence" orderid="22" id="markable_22" span="word_334..word_363" />
<markable mmax_level="sentence" orderid="23" id="markable_23" span="word_364..word_369" />
<markable mmax_level="sentence" orderid="24" id="markable_24" span="word_370..word_402" />
<markable mmax_level="sentence" orderid="25" id="markable_25" span="word_403..word_423" />
<markable mmax_level="sentence" orderid="26" id="markable_26" span="word_424..word_434" />
<markable mmax_level="sentence" orderid="27" id="markable_27" span="word_435..word_475" />
<markable mmax_level="sentence" orderid="28" id="markable_28" span="word_476..word_516" />
<markable mmax_level="sentence" orderid="29" id="markable_29" span="word_517..word_580" />
<markable mmax_level="sentence" orderid="30" id="markable_30" span="word_581..word_642" />
<markable mmax_level="sentence" orderid="31" id="markable_31" span="word_643..word_694" />
<markable mmax_level="sentence" orderid="32" id="markable_32" span="word_695..word_717" />
<markable mmax_level="sentence" orderid="33" id="markable_33" span="word_718..word_740" />
<markable mmax_level="sentence" orderid="34" id="markable_34" span="word_741..word_754" />
<markable mmax_level="sentence" orderid="35" id="markable_35" span="word_755..word_781" />
<markable mmax_level="sentence" orderid="36" id="markable_36" span="word_782..word_799" />
<markable mmax_level="sentence" orderid="37" id="markable_37" span="word_800..word_827" />
<markable mmax_level="sentence" orderid="38" id="markable_38" span="word_828..word_840" />
<markable mmax_level="sentence" orderid="39" id="markable_39" span="word_841..word_864" />
<markable mmax_level="sentence" orderid="40" id="markable_40" span="word_865..word_900" />
<markable mmax_level="sentence" orderid="41" id="markable_41" span="word_901..word_905" />
<markable mmax_level="sentence" orderid="42" id="markable_42" span="word_906..word_912" />
<markable mmax_level="sentence" orderid="43" id="markable_43" span="word_913..word_942" />
<markable mmax_level="sentence" orderid="44" id="markable_44" span="word_943..word_977" />
<markable mmax_level="sentence" orderid="45" id="markable_45" span="word_978..word_984" />
<markable mmax_level="sentence" orderid="46" id="markable_46" span="word_985..word_1064" />
<markable mmax_level="sentence" orderid="47" id="markable_47" span="word_1065..word_1091" />
<markable mmax_level="sentence" orderid="48" id="markable_48" span="word_1092..word_1126" />
<markable mmax_level="sentence" orderid="49" id="markable_49" span="word_1127..word_1135" />
<markable mmax_level="sentence" orderid="50" id="markable_50" span="word_1136..word_1143" />
<markable mmax_level="sentence" orderid="51" id="markable_51" span="word_1144..word_1156" />
<markable mmax_level="sentence" orderid="52" id="markable_52" span="word_1157..word_1193" />
<markable mmax_level="sentence" orderid="53" id="markable_53" span="word_1194..word_1227" />
<markable mmax_level="sentence" orderid="54" id="markable_54" span="word_1228..word_1233" />
<markable mmax_level="sentence" orderid="55" id="markable_55" span="word_1234..word_1237" />
<markable mmax_level="sentence" orderid="56" id="markable_56" span="word_1238..word_1243" />
<markable mmax_level="sentence" orderid="57" id="markable_57" span="word_1244..word_1265" />
<markable mmax_level="sentence" orderid="58" id="markable_58" span="word_1266..word_1272" />
<markable mmax_level="sentence" orderid="59" id="markable_59" span="word_1273..word_1361" />
<markable mmax_level="sentence" orderid="60" id="markable_60" span="word_1362..word_1413" />
<markable mmax_level="sentence" orderid="61" id="markable_61" span="word_1414..word_1449" />
<markable mmax_level="sentence" orderid="62" id="markable_62" span="word_1450..word_1458" />
<markable mmax_level="sentence" orderid="63" id="markable_63" span="word_1459..word_1503" />
<markable mmax_level="sentence" orderid="64" id="markable_64" span="word_1504..word_1559" />
<markable mmax_level="sentence" orderid="65" id="markable_65" span="word_1560..word_1571" />
<markable mmax_level="sentence" orderid="66" id="markable_66" span="word_1572..word_1603" />
<markable mmax_level="sentence" orderid="67" id="markable_67" span="word_1604..word_1631" />
<markable mmax_level="sentence" orderid="68" id="markable_68" span="word_1632..word_1657" />
<markable mmax_level="sentence" orderid="69" id="markable_69" span="word_1658..word_1670" />
<markable mmax_level="sentence" orderid="70" id="markable_70" span="word_1671..word_1681" />
<markable mmax_level="sentence" orderid="71" id="markable_71" span="word_1682..word_1697" />
<markable mmax_level="sentence" orderid="72" id="markable_72" span="word_1698..word_1701" />
<markable mmax_level="sentence" orderid="73" id="markable_73" span="word_1702..word_1716" />
<markable mmax_level="sentence" orderid="74" id="markable_74" span="word_1717..word_1724" />
<markable mmax_level="sentence" orderid="75" id="markable_75" span="word_1725..word_1748" />
<markable mmax_level="sentence" orderid="76" id="markable_76" span="word_1749..word_1779" />
<markable mmax_level="sentence" orderid="77" id="markable_77" span="word_1780..word_1797" />
<markable mmax_level="sentence" orderid="78" id="markable_78" span="word_1798..word_1823" />
<markable mmax_level="sentence" orderid="79" id="markable_79" span="word_1824..word_1856" />
<markable mmax_level="sentence" orderid="80" id="markable_80" span="word_1857..word_1861" />
<markable mmax_level="sentence" orderid="81" id="markable_81" span="word_1862..word_1909" />
<markable mmax_level="sentence" orderid="82" id="markable_82" span="word_1910..word_1935" />
<markable mmax_level="sentence" orderid="83" id="markable_83" span="word_1936..word_1949" />
<markable mmax_level="sentence" orderid="84" id="markable_84" span="word_1950..word_1966" />
<markable mmax_level="sentence" orderid="85" id="markable_85" span="word_1967..word_1982" />
<markable mmax_level="sentence" orderid="86" id="markable_86" span="word_1983..word_1986" />
<markable mmax_level="sentence" orderid="87" id="markable_87" span="word_1987..word_2061" />
<markable mmax_level="sentence" orderid="88" id="markable_88" span="word_2062..word_2111" />
<markable mmax_level="sentence" orderid="89" id="markable_89" span="word_2112..word_2128" />
<markable mmax_level="sentence" orderid="90" id="markable_90" span="word_2129..word_2185" />
<markable mmax_level="sentence" orderid="91" id="markable_91" span="word_2186..word_2206" />
<markable mmax_level="sentence" orderid="92" id="markable_92" span="word_2207..word_2241" />
<markable mmax_level="sentence" orderid="93" id="markable_93" span="word_2242..word_2262" />
<markable mmax_level="sentence" orderid="94" id="markable_94" span="word_2263..word_2276" />
<markable mmax_level="sentence" orderid="95" id="markable_95" span="word_2277..word_2283" />
<markable mmax_level="sentence" orderid="96" id="markable_96" span="word_2284..word_2296" />
<markable mmax_level="sentence" orderid="97" id="markable_97" span="word_2297..word_2338" />
<markable mmax_level="sentence" orderid="98" id="markable_98" span="word_2339..word_2354" />
<markable mmax_level="sentence" orderid="99" id="markable_99" span="word_2355..word_2382" />
<markable mmax_level="sentence" orderid="100" id="markable_100" span="word_2383..word_2484" />
<markable mmax_level="sentence" orderid="101" id="markable_101" span="word_2485..word_2491" />
<markable mmax_level="sentence" orderid="102" id="markable_102" span="word_2492..word_2551" />
<markable mmax_level="sentence" orderid="103" id="markable_103" span="word_2552..word_2566" />
<markable mmax_level="sentence" orderid="104" id="markable_104" span="word_2567..word_2601" />
<markable mmax_level="sentence" orderid="105" id="markable_105" span="word_2602..word_2617" />
<markable mmax_level="sentence" orderid="106" id="markable_106" span="word_2618..word_2627" />
<markable mmax_level="sentence" orderid="107" id="markable_107" span="word_2628..word_2637" />
<markable mmax_level="sentence" orderid="108" id="markable_108" span="word_2638..word_2692" />
<markable mmax_level="sentence" orderid="109" id="markable_109" span="word_2693..word_2710" />
<markable mmax_level="sentence" orderid="110" id="markable_110" span="word_2711..word_2721" />
<markable mmax_level="sentence" orderid="111" id="markable_111" span="word_2722..word_2736" />
<markable mmax_level="sentence" orderid="112" id="markable_112" span="word_2737..word_2751" />
<markable mmax_level="sentence" orderid="113" id="markable_113" span="word_2752..word_2763" />
<markable mmax_level="sentence" orderid="114" id="markable_114" span="word_2764..word_2805" />
<markable mmax_level="sentence" orderid="115" id="markable_115" span="word_2806..word_2812" />
<markable mmax_level="sentence" orderid="116" id="markable_116" span="word_2813..word_2819" />
<markable mmax_level="sentence" orderid="117" id="markable_117" span="word_2820..word_2835" />
<markable mmax_level="sentence" orderid="118" id="markable_118" span="word_2836..word_2842" />
<markable mmax_level="sentence" orderid="119" id="markable_119" span="word_2843..word_2885" />
<markable mmax_level="sentence" orderid="120" id="markable_120" span="word_2886..word_2899" />
<markable mmax_level="sentence" orderid="121" id="markable_121" span="word_2900..word_2914" />
<markable mmax_level="sentence" orderid="122" id="markable_122" span="word_2915..word_2920" />
<markable mmax_level="sentence" orderid="123" id="markable_123" span="word_2921..word_2931" />
<markable mmax_level="sentence" orderid="124" id="markable_124" span="word_2932..word_2946" />
<markable mmax_level="sentence" orderid="125" id="markable_125" span="word_2947..word_2963" />
<markable mmax_level="sentence" orderid="126" id="markable_126" span="word_2964..word_2970" />
<markable mmax_level="sentence" orderid="127" id="markable_127" span="word_2971..word_2993" />
<markable mmax_level="sentence" orderid="128" id="markable_128" span="word_2994..word_3003" />
<markable mmax_level="sentence" orderid="129" id="markable_129" span="word_3004..word_3012" />
<markable mmax_level="sentence" orderid="130" id="markable_130" span="word_3013..word_3042" />
<markable mmax_level="sentence" orderid="131" id="markable_131" span="word_3043..word_3055" />
<markable mmax_level="sentence" orderid="132" id="markable_132" span="word_3056..word_3072" />
<markable mmax_level="sentence" orderid="133" id="markable_133" span="word_3073..word_3087" />
<markable mmax_level="sentence" orderid="134" id="markable_134" span="word_3088..word_3097" />
<markable mmax_level="sentence" orderid="135" id="markable_135" span="word_3098..word_3129" />
<markable mmax_level="sentence" orderid="136" id="markable_136" span="word_3130..word_3173" />
<markable mmax_level="sentence" orderid="137" id="markable_137" span="word_3174..word_3220" />
<markable mmax_level="sentence" orderid="138" id="markable_138" span="word_3221..word_3255" />
<markable mmax_level="sentence" orderid="139" id="markable_139" span="word_3256..word_3270" />
<markable mmax_level="sentence" orderid="140" id="markable_140" span="word_3271..word_3274" />
<markable mmax_level="sentence" orderid="141" id="markable_141" span="word_3275..word_3302" />
<markable mmax_level="sentence" orderid="142" id="markable_142" span="word_3303..word_3346" />
<markable mmax_level="sentence" orderid="143" id="markable_143" span="word_3347..word_3392" />
<markable mmax_level="sentence" orderid="144" id="markable_144" span="word_3393..word_3444" />
<markable mmax_level="sentence" orderid="145" id="markable_145" span="word_3445..word_3466" />
<markable mmax_level="sentence" orderid="146" id="markable_146" span="word_3467..word_3478" />
<markable mmax_level="sentence" orderid="147" id="markable_147" span="word_3479..word_3539" />
<markable mmax_level="sentence" orderid="148" id="markable_148" span="word_3540..word_3597" />
<markable mmax_level="sentence" orderid="149" id="markable_149" span="word_3598..word_3607" />
<markable mmax_level="sentence" orderid="150" id="markable_150" span="word_3608..word_3614" />
<markable mmax_level="sentence" orderid="151" id="markable_151" span="word_3615..word_3629" />
<markable mmax_level="sentence" orderid="152" id="markable_152" span="word_3630..word_3648" />
<markable mmax_level="sentence" orderid="153" id="markable_153" span="word_3649..word_3663" />
<markable mmax_level="sentence" orderid="154" id="markable_154" span="word_3664..word_3686" />
<markable mmax_level="sentence" orderid="155" id="markable_155" span="word_3687..word_3710" />
<markable mmax_level="sentence" orderid="156" id="markable_156" span="word_3711..word_3741" />
<markable mmax_level="sentence" orderid="157" id="markable_157" span="word_3742..word_3760" />
<markable mmax_level="sentence" orderid="158" id="markable_158" span="word_3761..word_3771" />
<markable mmax_level="sentence" orderid="159" id="markable_159" span="word_3772..word_3781" />
<markable mmax_level="sentence" orderid="160" id="markable_160" span="word_3782..word_3791" />
<markable mmax_level="sentence" orderid="161" id="markable_161" span="word_3792..word_3804" />
<markable mmax_level="sentence" orderid="162" id="markable_162" span="word_3805..word_3822" />
<markable mmax_level="sentence" orderid="163" id="markable_163" span="word_3823..word_3895" />
<markable mmax_level="sentence" orderid="164" id="markable_164" span="word_3896..word_3913" />
<markable mmax_level="sentence" orderid="165" id="markable_165" span="word_3914..word_3932" />
<markable mmax_level="sentence" orderid="166" id="markable_166" span="word_3933..word_3970" />
<markable mmax_level="sentence" orderid="167" id="markable_167" span="word_3971..word_3976" />
<markable mmax_level="sentence" orderid="168" id="markable_168" span="word_3977..word_3984" />
<markable mmax_level="sentence" orderid="169" id="markable_169" span="word_3985..word_4004" />
<markable mmax_level="sentence" orderid="170" id="markable_170" span="word_4005..word_4034" />
<markable mmax_level="sentence" orderid="171" id="markable_171" span="word_4035..word_4041" />
<markable mmax_level="sentence" orderid="172" id="markable_172" span="word_4042..word_4104" />
<markable mmax_level="sentence" orderid="173" id="markable_173" span="word_4105..word_4110" />
<markable mmax_level="sentence" orderid="174" id="markable_174" span="word_4111..word_4116" />
<markable mmax_level="sentence" orderid="175" id="markable_175" span="word_4117..word_4136" />
<markable mmax_level="sentence" orderid="176" id="markable_176" span="word_4137..word_4164" />
<markable mmax_level="sentence" orderid="177" id="markable_177" span="word_4165..word_4173" />
<markable mmax_level="sentence" orderid="178" id="markable_178" span="word_4174..word_4220" />
<markable mmax_level="sentence" orderid="179" id="markable_179" span="word_4221..word_4231" />
<markable mmax_level="sentence" orderid="180" id="markable_180" span="word_4232..word_4255" />
<markable mmax_level="sentence" orderid="181" id="markable_181" span="word_4256..word_4262" />
<markable mmax_level="sentence" orderid="182" id="markable_182" span="word_4263..word_4267" />
<markable mmax_level="sentence" orderid="183" id="markable_183" span="word_4268..word_4288" />
<markable mmax_level="sentence" orderid="184" id="markable_184" span="word_4289..word_4312" />
<markable mmax_level="sentence" orderid="185" id="markable_185" span="word_4313..word_4355" />
<markable mmax_level="sentence" orderid="186" id="markable_186" span="word_4356..word_4382" />
<markable mmax_level="sentence" orderid="187" id="markable_187" span="word_4383..word_4390" />
<markable mmax_level="sentence" orderid="188" id="markable_188" span="word_4391..word_4435" />
<markable mmax_level="sentence" orderid="189" id="markable_189" span="word_4436..word_4440" />
<markable mmax_level="sentence" orderid="190" id="markable_190" span="word_4441..word_4449" />
<markable mmax_level="sentence" orderid="191" id="markable_191" span="word_4450..word_4463" />
<markable mmax_level="sentence" orderid="192" id="markable_192" span="word_4464..word_4495" />
<markable mmax_level="sentence" orderid="193" id="markable_193" span="word_4496..word_4605" />
<markable mmax_level="sentence" orderid="194" id="markable_194" span="word_4606..word_4632" />
<markable mmax_level="sentence" orderid="195" id="markable_195" span="word_4633..word_4648" />
<markable mmax_level="sentence" orderid="196" id="markable_196" span="word_4649..word_4659" />
<markable mmax_level="sentence" orderid="197" id="markable_197" span="word_4660..word_4704" />
<markable mmax_level="sentence" orderid="198" id="markable_198" span="word_4705..word_4736" />
<markable mmax_level="sentence" orderid="199" id="markable_199" span="word_4737..word_4744" />
<markable mmax_level="sentence" orderid="200" id="markable_200" span="word_4745..word_4830" />
<markable mmax_level="sentence" orderid="201" id="markable_201" span="word_4831..word_4846" />
<markable mmax_level="sentence" orderid="202" id="markable_202" span="word_4847..word_4896" />
<markable mmax_level="sentence" orderid="203" id="markable_203" span="word_4897..word_4905" />
<markable mmax_level="sentence" orderid="204" id="markable_204" span="word_4906..word_4924" />
<markable mmax_level="sentence" orderid="205" id="markable_205" span="word_4925..word_4940" />
<markable mmax_level="sentence" orderid="206" id="markable_206" span="word_4941..word_4953" />
<markable mmax_level="sentence" orderid="207" id="markable_207" span="word_4954..word_4961" />
<markable mmax_level="sentence" orderid="208" id="markable_208" span="word_4962..word_5005" />
<markable mmax_level="sentence" orderid="209" id="markable_209" span="word_5006..word_5035" />
<markable mmax_level="sentence" orderid="210" id="markable_210" span="word_5036..word_5133" />
<markable mmax_level="sentence" orderid="211" id="markable_211" span="word_5134..word_5185" />
<markable mmax_level="sentence" orderid="212" id="markable_212" span="word_5186..word_5196" />
<markable mmax_level="sentence" orderid="213" id="markable_213" span="word_5197..word_5211" />
<markable mmax_level="sentence" orderid="214" id="markable_214" span="word_5212..word_5222" />
<markable mmax_level="sentence" orderid="215" id="markable_215" span="word_5223..word_5239" />
<markable mmax_level="sentence" orderid="216" id="markable_216" span="word_5240..word_5269" />
<markable mmax_level="sentence" orderid="217" id="markable_217" span="word_5270..word_5275" />
<markable mmax_level="sentence" orderid="218" id="markable_218" span="word_5276..word_5293" />
<markable mmax_level="sentence" orderid="219" id="markable_219" span="word_5294..word_5354" />
<markable mmax_level="sentence" orderid="220" id="markable_220" span="word_5355..word_5402" />
<markable mmax_level="sentence" orderid="221" id="markable_221" span="word_5403..word_5463" />
<markable mmax_level="sentence" orderid="222" id="markable_222" span="word_5464..word_5485" />
<markable mmax_level="sentence" orderid="223" id="markable_223" span="word_5486..word_5519" />
<markable mmax_level="sentence" orderid="224" id="markable_224" span="word_5520..word_5544" />
<markable mmax_level="sentence" orderid="225" id="markable_225" span="word_5545..word_5550" />
<markable mmax_level="sentence" orderid="226" id="markable_226" span="word_5551..word_5561" />
<markable mmax_level="sentence" orderid="227" id="markable_227" span="word_5562..word_5572" />
<markable mmax_level="sentence" orderid="228" id="markable_228" span="word_5573..word_5663" />
<markable mmax_level="sentence" orderid="229" id="markable_229" span="word_5664..word_5717" />
<markable mmax_level="sentence" orderid="230" id="markable_230" span="word_5718..word_5744" />
<markable mmax_level="sentence" orderid="231" id="markable_231" span="word_5745..word_5776" />
<markable mmax_level="sentence" orderid="232" id="markable_232" span="word_5777..word_5786" />
<markable mmax_level="sentence" orderid="233" id="markable_233" span="word_5787..word_5798" />
<markable mmax_level="sentence" orderid="234" id="markable_234" span="word_5799..word_5803" />
<markable mmax_level="sentence" orderid="235" id="markable_235" span="word_5804..word_5816" />
<markable mmax_level="sentence" orderid="236" id="markable_236" span="word_5817..word_5843" />
<markable mmax_level="sentence" orderid="237" id="markable_237" span="word_5844..word_5892" />
<markable mmax_level="sentence" orderid="238" id="markable_238" span="word_5893..word_5904" />
<markable mmax_level="sentence" orderid="239" id="markable_239" span="word_5905..word_5937" />
<markable mmax_level="sentence" orderid="240" id="markable_240" span="word_5938..word_5942" />
<markable mmax_level="sentence" orderid="241" id="markable_241" span="word_5943..word_5948" />
</markables>
