<?xml version="1.0" encoding="UTF-8"?>
<!DOCTYPE markables SYSTEM "markables.dtd">
<markables xmlns="www.eml.org/NameSpaces/coref">
<markable id="markable_700" span="word_5799" type_of_pronoun="personal"  agreement="they (sg.)"  split="simple antecedent"  coref_class="set_230"  mmax_level="coref"  position="it (subject)"  type="anaphoric"  antetype="entity"  mention="pronoun" />
<markable id="markable_702" span="word_5832" type_of_pronoun="relative"  agreement="they (sg.)"  split="simple antecedent"  coref_class="set_231"  mmax_level="coref"  position="it (subject)"  type="anaphoric"  antetype="entity"  mention="pronoun" />
<markable id="markable_701" span="word_5829..word_5830" coref_class="set_231"  mmax_level="coref"  nptype="antecedent"  mention="np" />
<markable id="markable_704" span="word_5935" type_of_pronoun="demonstrative"  agreement="none"  split="simple antecedent"  coref_class="set_232"  mmax_level="coref"  position="it (non-subject)"  type="anaphoric"  antetype="event"  mention="pronoun" />
<markable id="markable_703" span="word_5915..word_5920" coref_class="set_232"  mmax_level="coref"  vptype="antecedent"  mention="vp" />
<markable id="markable_283" span="word_703..word_704" coref_class="set_20"  mmax_level="coref"  nptype="antecedent"  mention="np" />
<markable id="markable_282" span="word_699" type_of_pronoun="relative"  agreement="they (pl.)"  split="simple antecedent"  coref_class="set_21"  mmax_level="coref"  position="it (non-subject)"  type="anaphoric"  antetype="entity"  mention="pronoun" />
<markable id="markable_285" span="word_785..word_787" coref_class="set_22"  mmax_level="coref"  nptype="antecedent"  mention="np" />
<markable id="markable_284" span="word_706" type_of_pronoun="relative"  agreement="they (pl.)"  split="simple antecedent"  coref_class="set_20"  mmax_level="coref"  position="it (subject)"  type="anaphoric"  antetype="entity"  mention="pronoun" />
<markable id="markable_281" span="word_695..word_696" coref_class="set_21"  mmax_level="coref"  nptype="antecedent"  mention="np" />
<markable id="markable_280" span="word_688" type_of_pronoun="relative"  agreement="they (sg.)"  split="simple antecedent"  coref_class="set_19"  mmax_level="coref"  position="it (subject)"  type="anaphoric"  antetype="entity"  mention="pronoun" />
<markable id="markable_287" span="word_824" type_of_pronoun="personal"  agreement="they (sg.)"  split="simple antecedent"  coref_class="set_23"  mmax_level="coref"  position="it (subject)"  type="anaphoric"  antetype="entity"  mention="pronoun" />
<markable id="markable_286" span="word_796" type_of_pronoun="demonstrative"  agreement="they (sg.)"  split="simple antecedent"  coref_class="set_22"  mmax_level="coref"  position="it (non-subject)"  type="anaphoric"  antetype="entity"  mention="pronoun" />
<markable id="markable_289" span="word_841" type_of_pronoun="personal"  agreement="none"  split="no explicit antecedent"  coref_class="set_24"  mmax_level="coref"  position="it (subject)"  type="anaphoric"  mention="pronoun" />
<markable id="markable_288" span="word_807" coref_class="set_23"  mmax_level="coref"  nptype="antecedent"  mention="np" />
<markable id="markable_294" span="word_913" type_of_pronoun="personal"  agreement="they (sg.)"  split="simple antecedent"  coref_class="set_26"  mmax_level="coref"  position="it (subject)"  type="anaphoric"  antetype="entity"  mention="pronoun" />
<markable id="markable_293" span="word_907" coref_class="set_26"  mmax_level="coref"  nptype="antecedent"  mention="np" />
<markable id="markable_296" span="word_919" type_of_pronoun="relative"  agreement="they (sg.)"  split="simple antecedent"  coref_class="set_27"  mmax_level="coref"  position="it (non-subject)"  type="anaphoric"  antetype="entity"  mention="pronoun" />
<markable id="markable_295" span="word_915..word_916" coref_class="set_27"  mmax_level="coref"  nptype="antecedent"  mention="np" />
<markable id="markable_290" span="word_849" type_of_pronoun="personal"  agreement="none"  split="no explicit antecedent"  coref_class="set_24"  mmax_level="coref"  position="it (subject)"  type="anaphoric"  mention="pronoun" />
<markable id="markable_292" span="word_865" type_of_pronoun="personal"  agreement="they (sg.)"  split="simple antecedent"  coref_class="set_25"  mmax_level="coref"  position="it (subject)"  type="anaphoric"  antetype="entity"  mention="pronoun" />
<markable id="markable_291" span="word_858..word_863" coref_class="set_25"  mmax_level="coref"  nptype="antecedent"  mention="np" />
<markable id="markable_298" span="word_920..word_921" coref_class="set_29"  mmax_level="coref"  nptype="antecedent"  mention="np" />
<markable id="markable_297" span="word_929" type_of_pronoun="possessive"  agreement="they (sg.)"  split="simple antecedent"  coref_class="set_29"  mmax_level="coref"  position="it (non-subject)"  type="anaphoric"  antetype="entity"  mention="pronoun" />
<markable id="markable_299" span="word_933" type_of_pronoun="possessive"  agreement="they (sg.)"  split="simple antecedent"  coref_class="set_29"  mmax_level="coref"  position="it (non-subject)"  type="anaphoric"  antetype="entity"  mention="pronoun" />
<markable id="markable_560" span="word_3602" coref_class="set_168"  mmax_level="coref"  nptype="antecedent"  mention="np" />
<markable id="markable_681" span="word_5448" type_of_pronoun="personal"  agreement="none"  coref_class="empty"  mmax_level="coref"  position="none"  type="antecedent"  mention="pronoun" />
<markable id="markable_680" span="word_5430" type_of_pronoun="demonstrative"  agreement="they (sg.)"  split="simple antecedent"  coref_class="set_222"  mmax_level="coref"  position="it (subject)"  type="anaphoric"  antetype="entity"  mention="pronoun" />
<markable id="markable_324" span="word_1166" type_of_pronoun="relative"  agreement="they (sg.)"  split="simple antecedent"  coref_class="set_40"  mmax_level="coref"  position="it (subject)"  type="anaphoric"  antetype="entity"  mention="pronoun" />
<markable id="markable_445" span="word_2402" coref_class="set_103"  mmax_level="coref"  nptype="antecedent"  mention="np" />
<markable id="markable_566" span="word_3721" type_of_pronoun="relative"  agreement="they (sg.)"  split="simple antecedent"  coref_class="set_170"  mmax_level="coref"  position="it (subject)"  type="anaphoric"  antetype="entity"  mention="pronoun" />
<markable id="markable_687" span="word_5600" type_of_pronoun="relative"  agreement="they (pl.)"  split="simple antecedent"  coref_class="set_225"  mmax_level="coref"  position="it (subject)"  type="anaphoric"  antetype="entity"  mention="pronoun" />
<markable id="markable_323" span="word_1158..word_1160" coref_class="set_40"  mmax_level="coref"  nptype="antecedent"  mention="np" />
<markable id="markable_444" span="word_2398" type_of_pronoun="possessive"  agreement="they (pl.)"  split="simple antecedent"  coref_class="set_102"  mmax_level="coref"  position="it (non-subject)"  type="anaphoric"  antetype="entity"  mention="pronoun" />
<markable id="markable_565" span="word_3716..word_3718" coref_class="set_170"  mmax_level="coref"  nptype="antecedent"  mention="np" />
<markable id="markable_686" span="word_5597..word_5598" coref_class="set_225"  mmax_level="coref"  nptype="antecedent"  mention="np" />
<markable id="markable_326" span="word_1190" type_of_pronoun="possessive"  agreement="they (pl.)"  split="simple antecedent"  coref_class="set_42"  mmax_level="coref"  position="it (non-subject)"  type="anaphoric"  antetype="entity"  mention="pronoun" />
<markable id="markable_447" span="word_2416" coref_class="set_106"  mmax_level="coref"  nptype="antecedent"  mention="np" />
<markable id="markable_568" span="word_3735" type_of_pronoun="relative"  agreement="they (pl.)"  split="simple antecedent"  coref_class="set_171"  mmax_level="coref"  position="it (non-subject)"  type="anaphoric"  antetype="entity"  mention="pronoun" />
<markable id="markable_689" span="word_5674" type_of_pronoun="personal"  agreement="they (sg.)"  split="simple antecedent"  coref_class="set_226"  mmax_level="coref"  position="it (subject)"  type="anaphoric"  antetype="entity"  mention="pronoun" />
<markable id="markable_325" span="word_1183" type_of_pronoun="demonstrative"  agreement="none"  split="simple antecedent"  coref_class="set_41"  mmax_level="coref"  position="it (subject)"  type="anaphoric"  antetype="event"  mention="pronoun" />
<markable id="markable_446" span="word_2409" type_of_pronoun="possessive"  agreement="they (pl.)"  split="simple antecedent"  coref_class="set_103"  mmax_level="coref"  position="it (non-subject)"  type="anaphoric"  antetype="entity"  mention="pronoun" />
<markable id="markable_567" span="word_3729..word_3731" coref_class="set_171"  mmax_level="coref"  nptype="antecedent"  mention="np" />
<markable id="markable_688" span="word_5669..word_5670" coref_class="set_226"  mmax_level="coref"  nptype="antecedent"  mention="np" />
<markable id="markable_320" span="word_1103..word_1104" coref_class="set_48"  mmax_level="coref"  nptype="antecedent"  mention="np" />
<markable id="markable_441" span="word_2339..word_2340" coref_class="set_101"  mmax_level="coref"  nptype="antecedent"  mention="np" />
<markable id="markable_562" span="word_3609..word_3610" npmod="demonstrative"  split="simple antecedent"  coref_class="set_169"  mmax_level="coref"  anacata="anaphoric"  nptype="np"  antetype="entity"  mention="np" />
<markable id="markable_683" span="word_5577" type_of_pronoun="demonstrative"  agreement="none"  split="simple antecedent"  coref_class="set_223"  mmax_level="coref"  position="it (subject)"  type="anaphoric"  antetype="event"  mention="pronoun" />
<markable id="markable_561" span="word_3604" type_of_pronoun="relative"  agreement="they (sg.)"  split="simple antecedent"  coref_class="set_168"  mmax_level="coref"  position="it (non-subject)"  type="anaphoric"  antetype="entity"  mention="pronoun" />
<markable id="markable_682" span="word_5564..word_5571" coref_class="set_223"  mmax_level="coref"  vptype="antecedent"  mention="vp" />
<markable id="markable_322" span="word_1136..word_1142" coref_class="set_41"  mmax_level="coref"  clausetype="antecedent"  mention="clause" />
<markable id="markable_443" span="word_2383" coref_class="set_102"  mmax_level="coref"  nptype="antecedent"  mention="np" />
<markable id="markable_564" span="word_3679" type_of_pronoun="personal"  agreement="they (pl.)"  split="simple antecedent"  coref_class="set_169"  mmax_level="coref"  position="it (non-subject)"  type="anaphoric"  antetype="entity"  mention="pronoun" />
<markable id="markable_685" span="word_5585" type_of_pronoun="relative"  agreement="they (pl.)"  split="simple antecedent"  coref_class="set_224"  mmax_level="coref"  position="it (subject)"  type="anaphoric"  antetype="entity"  mention="pronoun" />
<markable id="markable_321" span="word_1152" type_of_pronoun="demonstrative"  agreement="none"  split="simple antecedent"  coref_class="set_41"  mmax_level="coref"  position="it (non-subject)"  type="anaphoric"  antetype="event"  mention="pronoun" />
<markable id="markable_442" span="word_2351" type_of_pronoun="personal"  agreement="they (pl.)"  split="simple antecedent"  coref_class="set_101"  mmax_level="coref"  position="it (non-subject)"  type="anaphoric"  antetype="entity"  mention="pronoun" />
<markable id="markable_563" span="word_3641" type_of_pronoun="personal"  agreement="they (pl.)"  split="simple antecedent"  coref_class="set_169"  mmax_level="coref"  position="it (non-subject)"  type="anaphoric"  antetype="entity"  mention="pronoun" />
<markable id="markable_684" span="word_5582..word_5583" coref_class="set_224"  mmax_level="coref"  nptype="antecedent"  mention="np" />
<markable id="markable_317" span="word_1124" type_of_pronoun="personal"  agreement="they (pl.)"  split="simple antecedent"  coref_class="set_37"  mmax_level="coref"  position="it (non-subject)"  type="anaphoric"  antetype="entity"  mention="pronoun" />
<markable id="markable_438" span="word_2309" type_of_pronoun="personal"  agreement="they (sg.)"  split="simple antecedent"  coref_class="set_100"  mmax_level="coref"  position="it (non-subject)"  type="anaphoric"  antetype="entity"  mention="pronoun" />
<markable id="markable_559" span="word_3592" type_of_pronoun="relative"  agreement="they (sg.)"  split="simple antecedent"  coref_class="set_167"  mmax_level="coref"  position="it (subject)"  type="anaphoric"  antetype="entity"  mention="pronoun" />
<markable id="markable_316" span="word_1108..word_1111" coref_class="set_37"  mmax_level="coref"  nptype="antecedent"  mention="np" />
<markable id="markable_437" span="word_2294..word_2295" coref_class="set_100"  mmax_level="coref"  nptype="antecedent"  mention="np" />
<markable id="markable_558" span="word_3588..word_3589" coref_class="set_167"  mmax_level="coref"  nptype="antecedent"  mention="np" />
<markable id="markable_679" span="word_5410..word_5428" coref_class="set_222"  mmax_level="coref"  clausetype="antecedent"  mention="clause" />
<markable id="markable_319" span="word_1140..word_1141" npmod="demonstrative"  split="simple antecedent"  coref_class="set_48"  mmax_level="coref"  anacata="anaphoric"  nptype="np"  antetype="entity"  mention="np" />
<markable id="markable_318" span="word_1127" type_of_pronoun="personal"  agreement="they (pl.)"  split="simple antecedent"  coref_class="set_37"  mmax_level="coref"  position="it (subject)"  type="anaphoric"  antetype="entity"  mention="pronoun" />
<markable id="markable_439" span="word_2321" type_of_pronoun="personal"  agreement="they (pl.)"  split="simple antecedent"  coref_class="set_100"  mmax_level="coref"  position="it (non-subject)"  type="anaphoric"  antetype="entity"  mention="pronoun" />
<markable id="markable_690" span="word_5681" type_of_pronoun="personal"  agreement="they (sg.)"  split="simple antecedent"  coref_class="set_226"  mmax_level="coref"  position="it (subject)"  type="anaphoric"  antetype="entity"  mention="pronoun" />
<markable id="markable_450" span="word_2439" type_of_pronoun="reflexive"  agreement="they (pl.)"  split="simple antecedent"  coref_class="set_106"  mmax_level="coref"  position="it (non-subject)"  type="anaphoric"  antetype="entity"  mention="pronoun" />
<markable id="markable_571" span="word_3743" coref_class="set_173"  mmax_level="coref"  nptype="antecedent"  mention="np" />
<markable id="markable_692" span="word_5689" type_of_pronoun="relative"  agreement="they (sg.)"  split="simple antecedent"  coref_class="set_227"  mmax_level="coref"  position="it (subject)"  type="anaphoric"  antetype="entity"  mention="pronoun" />
<markable id="markable_570" span="word_3736" type_of_pronoun="personal"  agreement="they (pl.)"  split="simple antecedent"  coref_class="set_172"  mmax_level="coref"  position="it (subject)"  type="anaphoric"  antetype="entity"  mention="pronoun" />
<markable id="markable_691" span="word_5686..word_5687" coref_class="set_227"  mmax_level="coref"  nptype="antecedent"  mention="np" />
<markable id="markable_335" span="word_1254..word_1255" npmod="demonstrative"  split="simple antecedent"  coref_class="set_48"  mmax_level="coref"  anacata="anaphoric"  nptype="np"  antetype="entity"  mention="np" />
<markable id="markable_456" span="word_2577" type_of_pronoun="relative"  agreement="they (sg.)"  split="simple antecedent"  coref_class="set_109"  mmax_level="coref"  position="it (subject)"  type="anaphoric"  antetype="entity"  mention="pronoun" />
<markable id="markable_577" span="word_3795" coref_class="empty"  mmax_level="coref"  type="pleonastic"  mention="pronoun" />
<markable id="markable_698" span="word_5789" coref_class="set_230"  mmax_level="coref"  nptype="antecedent"  mention="np" />
<markable id="markable_334" span="word_1259" type_of_pronoun="personal"  agreement="they (pl.)"  split="simple antecedent"  coref_class="set_48"  mmax_level="coref"  position="it (subject)"  type="anaphoric"  antetype="entity"  mention="pronoun" />
<markable id="markable_455" span="word_2573..word_2574" coref_class="set_109"  mmax_level="coref"  nptype="antecedent"  mention="np" />
<markable id="markable_576" span="word_3792" type_of_pronoun="personal"  agreement="they (pl.)"  split="simple antecedent"  coref_class="set_175"  mmax_level="coref"  position="it (subject)"  type="anaphoric"  antetype="entity"  mention="pronoun" />
<markable id="markable_697" span="word_5784" type_of_pronoun="demonstrative"  agreement="they (sg.)"  split="simple antecedent"  coref_class="set_229"  mmax_level="coref"  position="it (subject)"  type="anaphoric"  antetype="entity"  mention="pronoun" />
<markable id="markable_337" span="word_1223..word_1224" npmod="demonstrative"  split="simple antecedent"  coref_class="set_48"  mmax_level="coref"  anacata="anaphoric"  nptype="np"  antetype="entity"  mention="np" />
<markable id="markable_458" span="word_2593" type_of_pronoun="relative"  agreement="they (sg.)"  split="simple antecedent"  coref_class="set_110"  mmax_level="coref"  position="it (subject)"  type="anaphoric"  antetype="entity"  mention="pronoun" />
<markable id="markable_579" span="word_3836" type_of_pronoun="personal"  agreement="they (pl.)"  split="simple antecedent"  coref_class="set_174"  mmax_level="coref"  position="it (subject)"  type="anaphoric"  antetype="entity"  mention="pronoun" />
<markable id="markable_336" span="word_1186..word_1187" npmod="def-article"  split="simple antecedent"  coref_class="set_48"  mmax_level="coref"  anacata="anaphoric"  nptype="np"  antetype="entity"  mention="np" />
<markable id="markable_457" span="word_2590..word_2591" coref_class="set_110"  mmax_level="coref"  nptype="antecedent"  mention="np" />
<markable id="markable_578" span="word_3805" type_of_pronoun="personal"  agreement="they (pl.)"  split="simple antecedent"  coref_class="set_175"  mmax_level="coref"  position="it (subject)"  type="anaphoric"  antetype="entity"  mention="pronoun" />
<markable id="markable_699" span="word_5795" type_of_pronoun="personal"  agreement="they (sg.)"  split="simple antecedent"  coref_class="set_230"  mmax_level="coref"  position="it (non-subject)"  type="anaphoric"  antetype="entity"  mention="pronoun" />
<markable id="markable_331" span="word_1199..word_1207" coref_class="set_44"  mmax_level="coref"  nptype="antecedent"  mention="np" />
<markable id="markable_452" span="word_2452..word_2453" coref_class="set_108"  mmax_level="coref"  nptype="antecedent"  mention="np" />
<markable id="markable_573" span="word_3752..word_3753" coref_class="set_174"  mmax_level="coref"  nptype="antecedent"  mention="np" />
<markable id="markable_694" span="word_5710" type_of_pronoun="demonstrative"  agreement="none"  split="simple antecedent"  coref_class="set_228"  mmax_level="coref"  position="it (non-subject)"  type="anaphoric"  antetype="event"  mention="pronoun" />
<markable id="markable_330" span="word_1222" type_of_pronoun="personal"  agreement="they (pl.)"  split="simple antecedent"  coref_class="set_44"  mmax_level="coref"  position="it (subject)"  type="anaphoric"  antetype="entity"  mention="pronoun" />
<markable id="markable_451" span="word_2446" type_of_pronoun="reflexive"  agreement="they (pl.)"  split="simple antecedent"  coref_class="set_106"  mmax_level="coref"  position="it (non-subject)"  type="anaphoric"  antetype="entity"  mention="pronoun" />
<markable id="markable_572" span="word_3745" type_of_pronoun="relative"  agreement="they (pl.)"  split="simple antecedent"  coref_class="set_173"  mmax_level="coref"  position="it (subject)"  type="anaphoric"  antetype="entity"  mention="pronoun" />
<markable id="markable_693" span="word_5686..word_5695" coref_class="set_228"  mmax_level="coref"  clausetype="antecedent"  mention="clause" />
<markable id="markable_333" span="word_1223..word_1225" coref_class="set_45"  mmax_level="coref"  vptype="antecedent"  mention="vp" />
<markable id="markable_454" span="word_2480" type_of_pronoun="personal"  agreement="they (pl.)"  split="simple antecedent"  coref_class="set_108"  mmax_level="coref"  position="it (subject)"  type="anaphoric"  antetype="entity"  mention="pronoun" />
<markable id="markable_575" span="word_3783..word_3788" coref_class="set_175"  mmax_level="coref"  nptype="antecedent"  mention="np" />
<markable id="markable_696" span="word_5747..word_5776" coref_class="set_229"  mmax_level="coref"  clausetype="antecedent"  mention="clause" />
<markable id="markable_332" span="word_1231" type_of_pronoun="demonstrative"  agreement="none"  split="simple antecedent"  coref_class="set_45"  mmax_level="coref"  position="it (non-subject)"  type="anaphoric"  antetype="event"  mention="pronoun" />
<markable id="markable_453" span="word_2474" type_of_pronoun="personal"  agreement="they (pl.)"  split="simple antecedent"  coref_class="set_108"  mmax_level="coref"  position="it (subject)"  type="anaphoric"  antetype="entity"  mention="pronoun" />
<markable id="markable_574" span="word_3761" type_of_pronoun="personal"  agreement="they (sg.)"  split="simple antecedent"  coref_class="set_174"  mmax_level="coref"  position="it (subject)"  type="anaphoric"  antetype="entity"  mention="pronoun" />
<markable id="markable_695" span="word_5720" type_of_pronoun="reflexive"  agreement="none"  split="simple antecedent"  coref_class="set_228"  mmax_level="coref"  position="it (non-subject)"  type="anaphoric"  antetype="event"  mention="pronoun" />
<markable id="markable_328" span="word_1185..word_1192" coref_class="set_43"  mmax_level="coref"  clausetype="antecedent"  mention="clause" />
<markable id="markable_449" span="word_2437" type_of_pronoun="personal"  agreement="they (pl.)"  split="simple antecedent"  coref_class="set_106"  mmax_level="coref"  position="it (subject)"  type="anaphoric"  antetype="entity"  mention="pronoun" />
<markable id="markable_327" span="word_1138..word_1139" coref_class="set_42"  mmax_level="coref"  nptype="antecedent"  mention="np" />
<markable id="markable_448" span="word_2429" type_of_pronoun="personal"  agreement="they (pl.)"  split="simple antecedent"  coref_class="set_106"  mmax_level="coref"  position="it (subject)"  type="anaphoric"  antetype="entity"  mention="pronoun" />
<markable id="markable_569" span="word_3723" coref_class="set_172"  mmax_level="coref"  nptype="antecedent"  mention="np" />
<markable id="markable_329" span="word_1194" type_of_pronoun="demonstrative"  agreement="none"  split="simple antecedent"  coref_class="set_43"  mmax_level="coref"  position="it (subject)"  type="anaphoric"  antetype="event"  mention="pronoun" />
<markable id="markable_580" span="word_3871..word_3874" coref_class="set_177"  mmax_level="coref"  nptype="antecedent"  mention="np" />
<markable id="markable_340" span="word_1334" type_of_pronoun="relative"  agreement="they (pl.)"  split="simple antecedent"  coref_class="set_49"  mmax_level="coref"  position="it (subject)"  type="anaphoric"  antetype="entity"  mention="pronoun" />
<markable id="markable_461" span="word_2624" type_of_pronoun="relative"  agreement="they (pl.)"  split="simple antecedent"  coref_class="set_111"  mmax_level="coref"  position="it (subject)"  type="anaphoric"  antetype="entity"  mention="pronoun" />
<markable id="markable_582" span="word_3887" type_of_pronoun="personal"  agreement="they (pl.)"  split="simple antecedent"  coref_class="set_177"  mmax_level="coref"  position="it (subject)"  type="anaphoric"  antetype="entity"  mention="pronoun" />
<markable id="markable_460" span="word_2621" coref_class="set_111"  mmax_level="coref"  nptype="antecedent"  mention="np" />
<markable id="markable_581" span="word_3880" type_of_pronoun="relative"  agreement="they (sg.)"  split="simple antecedent"  coref_class="set_177"  mmax_level="coref"  position="it (non-subject)"  type="anaphoric"  antetype="entity"  mention="pronoun" />
<markable id="markable_346" span="word_1397" type_of_pronoun="relative"  agreement="they (pl.)"  split="simple antecedent"  coref_class="set_53"  mmax_level="coref"  position="it (subject)"  type="anaphoric"  antetype="entity"  mention="pronoun" />
<markable id="markable_467" span="word_2688" type_of_pronoun="demonstrative"  agreement="they (sg.)"  split="simple antecedent"  coref_class="set_115"  mmax_level="coref"  position="it (subject)"  type="anaphoric"  antetype="entity"  mention="pronoun" />
<markable id="markable_588" span="word_3974" type_of_pronoun="demonstrative"  agreement="none"  split="simple antecedent"  coref_class="set_180"  mmax_level="coref"  position="it (non-subject)"  type="anaphoric"  antetype="event"  mention="pronoun" />
<markable id="markable_345" span="word_1395" coref_class="set_53"  mmax_level="coref"  nptype="antecedent"  mention="np" />
<markable id="markable_466" span="word_2650..word_2653" coref_class="set_115"  mmax_level="coref"  nptype="antecedent"  mention="np" />
<markable id="markable_587" span="word_3959..word_3969" coref_class="set_180"  mmax_level="coref"  clausetype="antecedent"  mention="clause" />
<markable id="markable_348" span="word_1415..word_1421" coref_class="set_54"  mmax_level="coref"  vptype="antecedent"  mention="vp" />
<markable id="markable_469" span="word_2699..word_2700" coref_class="set_117"  mmax_level="coref"  nptype="antecedent"  mention="np" />
<markable id="markable_347" span="word_1407" type_of_pronoun="personal"  agreement="they (pl.)"  split="simple antecedent"  coref_class="set_53"  mmax_level="coref"  position="it (subject)"  type="anaphoric"  antetype="entity"  mention="pronoun" />
<markable id="markable_468" span="word_2714..word_2715" npmod="demonstrative"  split="simple antecedent"  coref_class="set_117"  mmax_level="coref"  anacata="anaphoric"  nptype="np"  antetype="entity"  mention="np" />
<markable id="markable_589" span="word_3996" coref_class="set_181"  mmax_level="coref"  nptype="antecedent"  mention="np" />
<markable id="markable_342" span="word_1345" type_of_pronoun="relative"  agreement="none"  split="simple antecedent"  coref_class="set_50"  mmax_level="coref"  position="it (non-subject)"  type="anaphoric"  antetype="entity"  mention="pronoun" />
<markable id="markable_463" span="word_2661" type_of_pronoun="personal"  agreement="they (sg.)"  split="simple antecedent"  coref_class="set_113"  mmax_level="coref"  position="it (subject)"  type="anaphoric"  antetype="entity"  mention="pronoun" />
<markable id="markable_584" span="word_3949" type_of_pronoun="personal"  agreement="they (sg.)"  split="simple antecedent"  coref_class="set_178"  mmax_level="coref"  position="it (subject)"  type="anaphoric"  antetype="entity"  mention="pronoun" />
<markable id="markable_341" span="word_1339..word_1342" coref_class="set_50"  mmax_level="coref"  nptype="antecedent"  mention="np" />
<markable id="markable_462" span="word_2657..word_2658" coref_class="set_114"  mmax_level="coref"  nptype="antecedent"  mention="np" />
<markable id="markable_583" span="word_3945..word_3946" coref_class="set_178"  mmax_level="coref"  nptype="antecedent"  mention="np" />
<markable id="markable_344" span="word_1367" type_of_pronoun="relative"  agreement="they (pl.)"  split="simple antecedent"  coref_class="set_51"  mmax_level="coref"  position="it (subject)"  type="anaphoric"  antetype="entity"  mention="pronoun" />
<markable id="markable_465" span="word_2686" type_of_pronoun="personal"  agreement="they (sg.)"  split="simple antecedent"  coref_class="set_114"  mmax_level="coref"  position="it (subject)"  type="anaphoric"  antetype="entity"  mention="pronoun" />
<markable id="markable_586" span="word_3965" type_of_pronoun="relative"  agreement="they (pl.)"  split="simple antecedent"  coref_class="set_179"  mmax_level="coref"  position="it (subject)"  type="anaphoric"  antetype="entity"  mention="pronoun" />
<markable id="markable_343" span="word_1365" type_of_pronoun="personal"  agreement="none"  split="simple antecedent"  coref_class="set_51"  mmax_level="coref"  position="none"  type="anaphoric"  antetype="entity"  mention="pronoun" />
<markable id="markable_464" span="word_2648..word_2649" coref_class="set_113"  mmax_level="coref"  nptype="antecedent"  mention="np" />
<markable id="markable_585" span="word_3961..word_3964" coref_class="set_179"  mmax_level="coref"  nptype="antecedent"  mention="np" />
<markable id="markable_339" span="word_1332" coref_class="set_49"  mmax_level="coref"  nptype="antecedent"  mention="np" />
<markable id="markable_338" span="word_1266" type_of_pronoun="personal"  agreement="they (pl.)"  split="simple antecedent"  coref_class="set_48"  mmax_level="coref"  position="it (subject)"  type="anaphoric"  antetype="entity"  mention="pronoun" />
<markable id="markable_459" span="word_2602" type_of_pronoun="personal"  agreement="they (sg.)"  split="simple antecedent"  coref_class="set_109"  mmax_level="coref"  position="it (subject)"  type="anaphoric"  antetype="entity"  mention="pronoun" />
<markable id="markable_470" span="word_2719" type_of_pronoun="personal"  agreement="they (pl.)"  split="simple antecedent"  coref_class="set_117"  mmax_level="coref"  position="it (subject)"  type="anaphoric"  antetype="entity"  mention="pronoun" />
<markable id="markable_591" span="word_3987" coref_class="empty"  mmax_level="coref"  type="pleonastic"  mention="pronoun" />
<markable id="markable_590" span="word_3999" type_of_pronoun="relative"  agreement="they (pl.)"  split="simple antecedent"  coref_class="set_181"  mmax_level="coref"  position="it (subject)"  type="anaphoric"  antetype="entity"  mention="pronoun" />
<markable id="markable_351" span="word_1432..word_1435" coref_class="set_55"  mmax_level="coref"  nptype="antecedent"  mention="np" />
<markable id="markable_472" span="word_2771" type_of_pronoun="relative"  agreement="they (pl.)"  split="simple antecedent"  coref_class="set_118"  mmax_level="coref"  position="it (subject)"  type="anaphoric"  antetype="entity"  mention="pronoun" />
<markable id="markable_593" span="word_4053" type_of_pronoun="personal"  agreement="they (sg.)"  split="simple antecedent"  coref_class="set_183"  mmax_level="coref"  position="it (subject)"  type="anaphoric"  antetype="entity"  mention="pronoun" />
<markable id="markable_350" span="word_1446" type_of_pronoun="personal"  agreement="they (pl.)"  split="simple antecedent"  coref_class="set_55"  mmax_level="coref"  position="it (non-subject)"  type="anaphoric"  antetype="entity"  mention="pronoun" />
<markable id="markable_471" span="word_2727" type_of_pronoun="personal"  agreement="they (pl.)"  split="simple antecedent"  coref_class="set_117"  mmax_level="coref"  position="it (subject)"  type="anaphoric"  antetype="entity"  mention="pronoun" />
<markable id="markable_592" span="word_4044..word_4045" coref_class="set_183"  mmax_level="coref"  nptype="antecedent"  mention="np" />
<markable id="markable_357" span="word_1508" type_of_pronoun="demonstrative"  agreement="they (sg.)"  split="simple antecedent"  coref_class="set_58"  mmax_level="coref"  position="it (subject)"  type="anaphoric"  antetype="entity"  mention="pronoun" />
<markable id="markable_478" span="word_2820..word_2828" coref_class="set_121"  mmax_level="coref"  nptype="antecedent"  mention="np" />
<markable id="markable_599" span="word_4178..word_4181" coref_class="set_186"  mmax_level="coref"  clausetype="antecedent"  mention="clause" />
<markable id="markable_356" span="word_1492..word_1495" coref_class="set_58"  mmax_level="coref"  nptype="antecedent"  mention="np" />
<markable id="markable_477" span="word_2793" type_of_pronoun="demonstrative"  agreement="none"  split="simple antecedent"  coref_class="set_120"  mmax_level="coref"  position="it (subject)"  type="anaphoric"  antetype="event"  mention="pronoun" />
<markable id="markable_598" span="word_4190" type_of_pronoun="relative"  agreement="they (sg.)"  split="simple antecedent"  coref_class="set_185"  mmax_level="coref"  position="it (subject)"  type="anaphoric"  antetype="entity"  mention="pronoun" />
<markable id="markable_359" span="word_1529" type_of_pronoun="demonstrative"  agreement="none"  split="simple antecedent"  coref_class="set_62"  mmax_level="coref"  position="it (non-subject)"  type="anaphoric"  antetype="event"  mention="pronoun" />
<markable id="markable_358" span="word_1515..word_1524" coref_class="set_62"  mmax_level="coref"  vptype="antecedent"  mention="vp" />
<markable id="markable_479" span="word_2836" type_of_pronoun="personal"  agreement="they (pl.)"  split="simple antecedent"  coref_class="set_121"  mmax_level="coref"  position="it (subject)"  type="anaphoric"  antetype="entity"  mention="pronoun" />
<markable id="markable_353" span="word_1485" type_of_pronoun="possessive"  agreement="none"  split="simple antecedent"  coref_class="set_56"  mmax_level="coref"  position="it (non-subject)"  type="anaphoric"  antetype="entity"  mention="pronoun" />
<markable id="markable_474" span="word_2780" coref_class="set_119"  mmax_level="coref"  nptype="antecedent"  mention="np" />
<markable id="markable_595" span="word_4082" coref_class="set_184"  mmax_level="coref"  nptype="antecedent"  mention="np" />
<markable id="markable_352" span="word_1465..word_1466" coref_class="set_56"  mmax_level="coref"  nptype="antecedent"  mention="np" />
<markable id="markable_473" span="word_2773" type_of_pronoun="personal"  agreement="none"  coref_class="set_118"  mmax_level="coref"  position="none"  type="antecedent"  mention="pronoun" />
<markable id="markable_594" span="word_4064" type_of_pronoun="personal"  agreement="they (sg.)"  split="simple antecedent"  coref_class="set_183"  mmax_level="coref"  position="it (subject)"  type="anaphoric"  antetype="entity"  mention="pronoun" />
<markable id="markable_355" span="word_1500" type_of_pronoun="relative"  agreement="they (sg.)"  split="simple antecedent"  coref_class="set_57"  mmax_level="coref"  position="it (non-subject)"  type="anaphoric"  antetype="entity"  mention="pronoun" />
<markable id="markable_476" span="word_2764..word_2790" coref_class="set_120"  mmax_level="coref"  clausetype="antecedent"  mention="clause" />
<markable id="markable_597" span="word_4186..word_4187" coref_class="set_185"  mmax_level="coref"  nptype="antecedent"  mention="np" />
<markable id="markable_354" span="word_1497..word_1498" coref_class="set_57"  mmax_level="coref"  nptype="antecedent"  mention="np" />
<markable id="markable_475" span="word_2782" type_of_pronoun="relative"  agreement="they (pl.)"  split="simple antecedent"  coref_class="set_119"  mmax_level="coref"  position="it (subject)"  type="anaphoric"  antetype="entity"  mention="pronoun" />
<markable id="markable_596" span="word_4085" type_of_pronoun="relative"  agreement="they (pl.)"  split="simple antecedent"  coref_class="set_184"  mmax_level="coref"  position="it (subject)"  type="anaphoric"  antetype="entity"  mention="pronoun" />
<markable id="markable_349" span="word_1440" type_of_pronoun="demonstrative"  agreement="none"  split="simple antecedent"  coref_class="set_54"  mmax_level="coref"  position="it (non-subject)"  type="anaphoric"  antetype="event"  mention="pronoun" />
<markable id="markable_360" span="word_1539" type_of_pronoun="demonstrative"  agreement="none"  split="simple antecedent"  coref_class="set_62"  mmax_level="coref"  position="it (non-subject)"  type="anaphoric"  antetype="event"  mention="pronoun" />
<markable id="markable_481" span="word_2845..word_2847" coref_class="set_123"  mmax_level="coref"  nptype="antecedent"  mention="np" />
<markable id="markable_480" span="word_2849" type_of_pronoun="relative"  agreement="they (pl.)"  split="simple antecedent"  coref_class="set_123"  mmax_level="coref"  position="it (subject)"  type="anaphoric"  antetype="entity"  mention="pronoun" />
<markable id="markable_362" span="word_1560" type_of_pronoun="personal"  agreement="they (pl.)"  split="simple antecedent"  coref_class="set_61"  mmax_level="coref"  position="it (subject)"  type="anaphoric"  antetype="entity"  mention="pronoun" />
<markable id="markable_483" span="word_2868..word_2869" coref_class="set_125"  mmax_level="coref"  nptype="antecedent"  mention="np" />
<markable id="markable_361" span="word_1545..word_1558" coref_class="set_61"  mmax_level="coref"  nptype="antecedent"  mention="np" />
<markable id="markable_482" span="word_2855" type_of_pronoun="demonstrative"  agreement="they (pl.)"  split="simple antecedent"  coref_class="set_123"  mmax_level="coref"  position="it (non-subject)"  type="anaphoric"  antetype="entity"  mention="pronoun" />
<markable id="markable_247" span="word_72..word_75" coref_class="set_3"  mmax_level="coref"  nptype="antecedent"  mention="np" />
<markable id="markable_368" span="word_1604" type_of_pronoun="demonstrative"  agreement="none"  split="simple antecedent"  coref_class="set_64"  mmax_level="coref"  position="it (subject)"  type="anaphoric"  antetype="event"  mention="pronoun" />
<markable id="markable_489" span="word_2985" type_of_pronoun="personal"  agreement="they (sg.)"  split="simple antecedent"  coref_class="empty"  mmax_level="coref"  position="it (subject)"  type="anaphoric"  antetype="entity"  mention="pronoun" />
<markable id="markable_246" span="word_52..word_53" npmod="demonstrative"  split="simple antecedent"  coref_class="set_2"  mmax_level="coref"  anacata="anaphoric"  nptype="np"  antetype="entity"  mention="np" />
<markable id="markable_367" span="word_1590..word_1602" coref_class="set_64"  mmax_level="coref"  clausetype="antecedent"  mention="clause" />
<markable id="markable_488" span="word_2981..word_2983" coref_class="empty"  mmax_level="coref"  nptype="antecedent"  mention="np" />
<markable id="markable_249" span="word_158..word_159" coref_class="set_4"  mmax_level="coref"  nptype="antecedent"  mention="np" />
<markable id="markable_248" span="word_77" type_of_pronoun="personal"  agreement="none"  split="simple antecedent"  coref_class="set_3"  mmax_level="coref"  position="it (subject)"  type="anaphoric"  antetype="event"  mention="pronoun" />
<markable id="markable_369" span="word_1620..word_1621" npmod="demonstrative"  split="simple antecedent"  coref_class="set_65"  mmax_level="coref"  anacata="anaphoric"  nptype="np"  antetype="entity"  mention="np" />
<markable id="markable_243" span="word_39" type_of_pronoun="personal"  agreement="they (sg.)"  split="simple antecedent"  coref_class="set_1"  mmax_level="coref"  position="it (subject)"  type="anaphoric"  antetype="entity"  mention="pronoun" />
<markable id="markable_364" span="word_1567" type_of_pronoun="personal"  agreement="none"  split="simple antecedent"  coref_class="set_62"  mmax_level="coref"  position="it (subject)"  type="anaphoric"  antetype="event"  mention="pronoun" />
<markable id="markable_485" span="word_2883" type_of_pronoun="personal"  agreement="they (pl.)"  split="simple antecedent"  coref_class="set_125"  mmax_level="coref"  position="it (non-subject)"  type="anaphoric"  antetype="entity"  mention="pronoun" />
<markable id="markable_242" span="word_28" coref_class="set_1"  mmax_level="coref"  nptype="antecedent"  mention="np" />
<markable id="markable_363" span="word_1563" type_of_pronoun="demonstrative"  agreement="none"  split="simple antecedent"  coref_class="set_62"  mmax_level="coref"  position="it (non-subject)"  type="anaphoric"  antetype="event"  mention="pronoun" />
<markable id="markable_484" span="word_2872" type_of_pronoun="relative"  agreement="they (pl.)"  split="simple antecedent"  coref_class="set_125"  mmax_level="coref"  position="it (non-subject)"  type="anaphoric"  antetype="entity"  mention="pronoun" />
<markable id="markable_245" span="word_41..word_42" coref_class="set_2"  mmax_level="coref"  nptype="antecedent"  mention="np" />
<markable id="markable_366" span="word_1580" type_of_pronoun="personal"  agreement="they (sg.)"  split="simple antecedent"  coref_class="set_65"  mmax_level="coref"  position="it (subject)"  type="anaphoric"  antetype="entity"  mention="pronoun" />
<markable id="markable_487" span="word_2895..word_2897" coref_class="set_126"  mmax_level="coref"  nptype="antecedent"  mention="np" />
<markable id="markable_244" span="word_48" type_of_pronoun="personal"  agreement="they (sg.)"  split="simple antecedent"  coref_class="set_1"  mmax_level="coref"  position="it (subject)"  type="anaphoric"  antetype="entity"  mention="pronoun" />
<markable id="markable_365" span="word_1572" coref_class="set_65"  mmax_level="coref"  nptype="antecedent"  mention="np" />
<markable id="markable_486" span="word_2907..word_2909" split="simple antecedent"  coref_class="set_126"  mmax_level="coref"  type="nom substitution"  antetype="entity"  mention="pronoun" />
<markable id="markable_250" span="word_162" type_of_pronoun="relative"  agreement="they (sg.)"  split="simple antecedent"  coref_class="set_4"  mmax_level="coref"  position="it (non-subject)"  type="anaphoric"  antetype="entity"  mention="pronoun" />
<markable id="markable_371" span="word_1643..word_1644" coref_class="set_66"  mmax_level="coref"  nptype="antecedent"  mention="np" />
<markable id="markable_492" span="word_2997..word_3001" coref_class="set_128"  mmax_level="coref"  nptype="antecedent"  mention="np" />
<markable id="markable_370" span="word_1626" type_of_pronoun="personal"  agreement="they (sg.)"  split="simple antecedent"  coref_class="set_65"  mmax_level="coref"  position="it (subject)"  type="anaphoric"  antetype="entity"  mention="pronoun" />
<markable id="markable_491" span="word_2976..word_2977" coref_class="set_127"  mmax_level="coref"  nptype="antecedent"  mention="np" />
<markable id="markable_252" span="word_209" type_of_pronoun="relative"  agreement="they (sg.)"  split="simple antecedent"  coref_class="set_5"  mmax_level="coref"  position="it (subject)"  type="anaphoric"  antetype="entity"  mention="pronoun" />
<markable id="markable_373" span="word_1632..word_1656" coref_class="set_67"  mmax_level="coref"  clausetype="antecedent"  mention="clause" />
<markable id="markable_494" span="word_3015" coref_class="set_129"  mmax_level="coref"  nptype="antecedent"  mention="np" />
<markable id="markable_251" span="word_204..word_207" coref_class="set_5"  mmax_level="coref"  nptype="antecedent"  mention="np" />
<markable id="markable_372" span="word_1646" type_of_pronoun="relative"  agreement="they (pl.)"  split="simple antecedent"  coref_class="set_66"  mmax_level="coref"  position="it (subject)"  type="anaphoric"  antetype="entity"  mention="pronoun" />
<markable id="markable_493" span="word_3010" type_of_pronoun="demonstrative"  agreement="they (sg.)"  split="simple antecedent"  coref_class="set_128"  mmax_level="coref"  position="it (subject)"  type="anaphoric"  antetype="entity"  mention="pronoun" />
<markable id="markable_490" span="word_2986" type_of_pronoun="personal"  agreement="they (pl.)"  split="simple antecedent"  coref_class="set_127"  mmax_level="coref"  position="it (subject)"  type="anaphoric"  antetype="entity"  mention="pronoun" />
<markable id="markable_258" span="word_236" type_of_pronoun="relative"  agreement="they (sg.)"  split="simple antecedent"  coref_class="set_8"  mmax_level="coref"  position="it (subject)"  type="anaphoric"  antetype="entity"  mention="pronoun" />
<markable id="markable_379" span="word_1717" type_of_pronoun="demonstrative"  agreement="they (sg.)"  split="simple antecedent"  coref_class="set_70"  mmax_level="coref"  position="it (subject)"  type="anaphoric"  antetype="entity"  mention="pronoun" />
<markable id="markable_257" span="word_233..word_234" coref_class="set_8"  mmax_level="coref"  nptype="antecedent"  mention="np" />
<markable id="markable_378" span="word_1700" type_of_pronoun="demonstrative"  agreement="they (sg.)"  split="simple antecedent"  coref_class="set_70"  mmax_level="coref"  position="it (subject)"  type="anaphoric"  antetype="entity"  mention="pronoun" />
<markable id="markable_499" span="word_3060" type_of_pronoun="personal"  agreement="none"  split="simple antecedent"  coref_class="set_130"  mmax_level="coref"  position="it (subject)"  type="anaphoric"  antetype="entity"  mention="pronoun" />
<markable id="markable_259" span="word_340" type_of_pronoun="possessive"  agreement="they (sg.)"  split="simple antecedent"  coref_class="set_9"  mmax_level="coref"  position="it (non-subject)"  type="anaphoric"  antetype="entity"  mention="pronoun" />
<markable id="markable_254" span="word_218" type_of_pronoun="relative"  agreement="they (sg.)"  split="simple antecedent"  coref_class="set_6"  mmax_level="coref"  position="it (subject)"  type="anaphoric"  antetype="entity"  mention="pronoun" />
<markable id="markable_375" span="word_1663..word_1664" coref_class="set_68"  mmax_level="coref"  nptype="antecedent"  mention="np" />
<markable id="markable_496" span="word_3028" type_of_pronoun="possessive"  agreement="they (sg.)"  split="simple antecedent"  coref_class="set_130"  mmax_level="coref"  position="it (non-subject)"  type="anaphoric"  antetype="entity"  mention="pronoun" />
<markable id="markable_253" span="word_213..word_216" coref_class="set_6"  mmax_level="coref"  nptype="antecedent"  mention="np" />
<markable id="markable_374" span="word_1658" type_of_pronoun="demonstrative"  agreement="none"  split="simple antecedent"  coref_class="set_67"  mmax_level="coref"  position="it (subject)"  type="anaphoric"  antetype="event"  mention="pronoun" />
<markable id="markable_495" span="word_3032..word_3033" npmod="demonstrative"  split="simple antecedent"  coref_class="set_129"  mmax_level="coref"  anacata="anaphoric"  nptype="np"  antetype="entity"  mention="np" />
<markable id="markable_256" span="word_231" type_of_pronoun="demonstrative"  agreement="they (sg.)"  split="simple antecedent"  coref_class="set_7"  mmax_level="coref"  position="it (subject)"  type="anaphoric"  antetype="entity"  mention="pronoun" />
<markable id="markable_377" span="word_1694..word_1695" coref_class="set_70"  mmax_level="coref"  nptype="antecedent"  mention="np" />
<markable id="markable_498" span="word_3048" coref_class="set_132"  mmax_level="coref"  nptype="antecedent"  mention="np" />
<markable id="markable_255" span="word_204..word_229" coref_class="set_7"  mmax_level="coref"  nptype="antecedent"  mention="np" />
<markable id="markable_376" span="word_1666" type_of_pronoun="relative"  agreement="they (pl.)"  split="simple antecedent"  coref_class="set_68"  mmax_level="coref"  position="it (subject)"  type="anaphoric"  antetype="entity"  mention="pronoun" />
<markable id="markable_497" span="word_3025..word_3026" coref_class="set_130"  mmax_level="coref"  nptype="antecedent"  mention="np" />
<markable id="markable_261" span="word_342..word_352" coref_class="set_10"  mmax_level="coref"  clausetype="antecedent"  mention="clause" />
<markable id="markable_382" span="word_1740" type_of_pronoun="relative"  agreement="they (sg.)"  split="simple antecedent"  coref_class="set_71"  mmax_level="coref"  position="it (subject)"  type="anaphoric"  antetype="entity"  mention="pronoun" />
<markable id="markable_260" span="word_331" coref_class="set_9"  mmax_level="coref"  nptype="antecedent"  mention="np" />
<markable id="markable_381" span="word_1737..word_1738" type_of_pronoun="personal"  agreement="none"  split="simple antecedent"  coref_class="set_71"  mmax_level="coref"  position="none"  type="anaphoric"  antetype="entity"  mention="pronoun" />
<markable id="markable_263" span="word_367" type_of_pronoun="demonstrative"  agreement="none"  split="simple antecedent"  coref_class="set_10"  mmax_level="coref"  position="it (non-subject)"  type="anaphoric"  antetype="entity"  mention="pronoun" />
<markable id="markable_384" span="word_1759" type_of_pronoun="personal"  agreement="they (sg.)"  split="simple antecedent"  coref_class="set_74"  mmax_level="coref"  position="it (subject)"  type="anaphoric"  antetype="entity"  mention="pronoun" />
<markable id="markable_262" span="word_354" type_of_pronoun="demonstrative"  agreement="none"  split="simple antecedent"  coref_class="set_10"  mmax_level="coref"  position="it (subject)"  type="anaphoric"  antetype="event"  mention="pronoun" />
<markable id="markable_383" span="word_1752..word_1753" coref_class="set_74"  mmax_level="coref"  nptype="antecedent"  mention="np" />
<markable id="markable_380" span="word_1726..word_1727" type_of_pronoun="personal"  agreement="none"  coref_class="empty"  mmax_level="coref"  position="none"  type="antecedent"  mention="pronoun" />
<markable id="markable_269" span="word_439" type_of_pronoun="relative"  agreement="they (pl.)"  split="simple antecedent"  coref_class="set_13"  mmax_level="coref"  position="it (subject)"  type="anaphoric"  antetype="entity"  mention="pronoun" />
<markable id="markable_268" span="word_437" coref_class="set_13"  mmax_level="coref"  nptype="antecedent"  mention="np" />
<markable id="markable_389" span="word_1804..word_1809" coref_class="set_75"  mmax_level="coref"  clausetype="antecedent"  mention="clause" />
<markable id="markable_265" span="word_399" type_of_pronoun="relative"  agreement="they (pl.)"  split="simple antecedent"  coref_class="set_11"  mmax_level="coref"  position="it (subject)"  type="anaphoric"  antetype="entity"  mention="pronoun" />
<markable id="markable_386" span="word_1776" type_of_pronoun="relative"  agreement="they (sg.)"  split="simple antecedent"  coref_class="set_73"  mmax_level="coref"  position="it (non-subject)"  type="anaphoric"  antetype="entity"  mention="pronoun" />
<markable id="markable_264" span="word_396..word_397" coref_class="set_11"  mmax_level="coref"  nptype="antecedent"  mention="np" />
<markable id="markable_385" span="word_1770..word_1774" coref_class="set_73"  mmax_level="coref"  nptype="antecedent"  mention="np" />
<markable id="markable_267" span="word_430" type_of_pronoun="relative"  agreement="they (pl.)"  split="simple antecedent"  coref_class="set_12"  mmax_level="coref"  position="it (subject)"  type="anaphoric"  antetype="entity"  mention="pronoun" />
<markable id="markable_388" span="word_1780" type_of_pronoun="personal"  agreement="they (sg.)"  split="simple antecedent"  coref_class="set_74"  mmax_level="coref"  position="it (subject)"  type="anaphoric"  antetype="entity"  mention="pronoun" />
<markable id="markable_266" span="word_428" coref_class="set_12"  mmax_level="coref"  nptype="antecedent"  mention="np" />
<markable id="markable_387" span="word_1777" type_of_pronoun="personal"  agreement="none"  split="simple antecedent"  coref_class="set_74"  mmax_level="coref"  position="it (subject)"  type="anaphoric"  antetype="entity"  mention="pronoun" />
<markable id="markable_272" span="word_455" type_of_pronoun="demonstrative"  agreement="they (pl.)"  split="simple antecedent"  coref_class="set_15"  mmax_level="coref"  position="it (non-subject)"  type="anaphoric"  antetype="entity"  mention="pronoun" />
<markable id="markable_393" span="word_1826..word_1827" coref_class="set_77"  mmax_level="coref"  nptype="antecedent"  mention="np" />
<markable id="markable_271" span="word_448" type_of_pronoun="relative"  agreement="they (pl.)"  split="simple antecedent"  coref_class="set_15"  mmax_level="coref"  position="it (subject)"  type="anaphoric"  antetype="entity"  mention="pronoun" />
<markable id="markable_392" span="word_1824" type_of_pronoun="demonstrative"  agreement="none"  split="simple antecedent"  coref_class="set_76"  mmax_level="coref"  position="it (subject)"  type="anaphoric"  antetype="event"  mention="pronoun" />
<markable id="markable_274" span="word_577" type_of_pronoun="demonstrative"  agreement="they (sg.)"  split="simple antecedent"  coref_class="set_16"  mmax_level="coref"  position="it (non-subject)"  type="anaphoric"  antetype="entity"  mention="pronoun" />
<markable id="markable_395" span="word_1857" type_of_pronoun="personal"  agreement="they (sg.)"  split="simple antecedent"  coref_class="set_78"  mmax_level="coref"  position="it (subject)"  type="anaphoric"  antetype="entity"  mention="pronoun" />
<markable id="markable_273" span="word_568..word_569" coref_class="set_16"  mmax_level="coref"  nptype="antecedent"  mention="np" />
<markable id="markable_394" span="word_1829" type_of_pronoun="relative"  agreement="they (sg.)"  split="simple antecedent"  coref_class="set_77"  mmax_level="coref"  position="it (subject)"  type="anaphoric"  antetype="entity"  mention="pronoun" />
<markable id="markable_270" span="word_446" coref_class="set_15"  mmax_level="coref"  nptype="antecedent"  mention="np" />
<markable id="markable_391" span="word_1798..word_1822" coref_class="set_76"  mmax_level="coref"  clausetype="antecedent"  mention="clause" />
<markable id="markable_390" span="word_1821" type_of_pronoun="demonstrative"  agreement="none"  split="simple antecedent"  coref_class="set_75"  mmax_level="coref"  position="it (non-subject)"  type="anaphoric"  antetype="event"  mention="pronoun" />
<markable id="markable_279" span="word_681" type_of_pronoun="relative"  agreement="they (sg.)"  split="simple antecedent"  coref_class="set_19"  mmax_level="coref"  position="it (non-subject)"  type="anaphoric"  antetype="entity"  mention="pronoun" />
<markable id="markable_276" span="word_603" type_of_pronoun="relative"  agreement="they (sg.)"  split="simple antecedent"  coref_class="set_18"  mmax_level="coref"  position="it (subject)"  type="anaphoric"  antetype="entity"  mention="pronoun" />
<markable id="markable_397" span="word_1865..word_1868" coref_class="set_79"  mmax_level="coref"  nptype="antecedent"  mention="np" />
<markable id="markable_275" span="word_598..word_599" coref_class="set_18"  mmax_level="coref"  nptype="antecedent"  mention="np" />
<markable id="markable_396" span="word_1851..word_1852" coref_class="set_78"  mmax_level="coref"  nptype="antecedent"  mention="np" />
<markable id="markable_278" span="word_676..word_678" coref_class="set_19"  mmax_level="coref"  nptype="antecedent"  mention="np" />
<markable id="markable_399" span="word_1878" type_of_pronoun="personal"  agreement="they (sg.)"  split="simple antecedent"  coref_class="set_79"  mmax_level="coref"  position="it (subject)"  type="anaphoric"  antetype="entity"  mention="pronoun" />
<markable id="markable_277" span="word_607" type_of_pronoun="relative"  agreement="they (sg.)"  split="simple antecedent"  coref_class="set_18"  mmax_level="coref"  position="it (subject)"  type="anaphoric"  antetype="entity"  mention="pronoun" />
<markable id="markable_398" span="word_1870" type_of_pronoun="relative"  agreement="they (sg.)"  split="simple antecedent"  coref_class="set_79"  mmax_level="coref"  position="it (subject)"  type="anaphoric"  antetype="entity"  mention="pronoun" />
<markable id="markable_601" span="word_4205" coref_class="set_187"  mmax_level="coref"  nptype="antecedent"  mention="np" />
<markable id="markable_600" span="word_4201" type_of_pronoun="personal"  agreement="none"  split="simple antecedent"  coref_class="set_186"  mmax_level="coref"  position="it (non-subject)"  type="anaphoric"  antetype="event"  mention="pronoun" />
<markable id="markable_610" span="word_4364" coref_class="empty"  mmax_level="coref"  type="pleonastic"  mention="pronoun" />
<markable id="markable_612" span="word_4397" type_of_pronoun="relative"  agreement="they (sg.)"  split="simple antecedent"  coref_class="set_191"  mmax_level="coref"  position="it (subject)"  type="anaphoric"  antetype="entity"  mention="pronoun" />
<markable id="markable_611" span="word_4393..word_4394" coref_class="set_191"  mmax_level="coref"  nptype="antecedent"  mention="np" />
<markable id="markable_607" span="word_4272..word_4273" coref_class="set_190"  mmax_level="coref"  nptype="antecedent"  mention="np" />
<markable id="markable_606" span="word_4227" type_of_pronoun="relative"  agreement="they (pl.)"  split="simple antecedent"  coref_class="set_189"  mmax_level="coref"  position="it (subject)"  type="anaphoric"  antetype="entity"  mention="pronoun" />
<markable id="markable_609" span="word_4356" coref_class="empty"  mmax_level="coref"  type="pleonastic"  mention="pronoun" />
<markable id="markable_608" span="word_4287" type_of_pronoun="personal"  agreement="they (sg.)"  split="simple antecedent"  coref_class="set_190"  mmax_level="coref"  position="it (non-subject)"  type="anaphoric"  antetype="entity"  mention="pronoun" />
<markable id="markable_603" span="word_4174..word_4219" coref_class="set_188"  mmax_level="coref"  clausetype="antecedent"  mention="clause" />
<markable id="markable_602" span="word_4208" type_of_pronoun="relative"  agreement="they (sg.)"  split="simple antecedent"  coref_class="set_187"  mmax_level="coref"  position="it (subject)"  type="anaphoric"  antetype="entity"  mention="pronoun" />
<markable id="markable_605" span="word_4224..word_4225" coref_class="set_189"  mmax_level="coref"  nptype="antecedent"  mention="np" />
<markable id="markable_604" span="word_4221" type_of_pronoun="demonstrative"  agreement="none"  split="simple antecedent"  coref_class="set_188"  mmax_level="coref"  position="it (subject)"  type="anaphoric"  antetype="event"  mention="pronoun" />
<markable id="markable_500" span="word_3015" coref_class="set_132"  mmax_level="coref"  nptype="antecedent"  mention="np" />
<markable id="markable_621" span="word_4464..word_4466" type_of_pronoun="personal"  agreement="none"  coref_class="empty"  mmax_level="coref"  position="none"  type="antecedent"  mention="pronoun" />
<markable id="markable_620" span="word_4513" type_of_pronoun="personal"  agreement="they (pl.)"  split="simple antecedent"  coref_class="set_194"  mmax_level="coref"  position="it (non-subject)"  type="anaphoric"  antetype="entity"  mention="pronoun" />
<markable id="markable_502" span="word_3075" coref_class="set_133"  mmax_level="coref"  nptype="antecedent"  mention="np" />
<markable id="markable_623" span="word_4521..word_4525" coref_class="set_196"  mmax_level="coref"  nptype="antecedent"  mention="np" />
<markable id="markable_501" span="word_3073" type_of_pronoun="personal"  agreement="none"  split="split reference"  coref_class="set_132"  mmax_level="coref"  position="it (subject)"  type="anaphoric"  mention="pronoun" />
<markable id="markable_622" span="word_4536..word_4537" npmod="demonstrative"  split="simple antecedent"  coref_class="set_196"  mmax_level="coref"  anacata="anaphoric"  nptype="np"  antetype="entity"  mention="np" />
<markable id="markable_618" span="word_4498..word_4499" coref_class="set_194"  mmax_level="coref"  nptype="antecedent"  mention="np" />
<markable id="markable_617" span="word_4455" coref_class="empty"  mmax_level="coref"  type="pleonastic"  mention="pronoun" />
<markable id="markable_619" span="word_4502" type_of_pronoun="relative"  agreement="they (pl.)"  split="simple antecedent"  coref_class="set_194"  mmax_level="coref"  position="it (non-subject)"  type="anaphoric"  antetype="entity"  mention="pronoun" />
<markable id="markable_614" span="word_4410" coref_class="empty"  mmax_level="coref"  type="pleonastic"  mention="pronoun" />
<markable id="markable_613" span="word_4404" coref_class="empty"  mmax_level="coref"  type="pleonastic"  mention="pronoun" />
<markable id="markable_616" span="word_4450" type_of_pronoun="demonstrative"  agreement="none"  split="simple antecedent"  coref_class="set_192"  mmax_level="coref"  position="it (subject)"  type="anaphoric"  antetype="event"  mention="pronoun" />
<markable id="markable_615" span="word_4356..word_4435" coref_class="set_192"  mmax_level="coref"  clausetype="antecedent"  mention="clause" />
<markable id="markable_511" span="word_3120..word_3121" coref_class="set_138"  mmax_level="coref"  nptype="antecedent"  mention="np" />
<markable id="markable_632" span="word_4685..word_4686" npmod="demonstrative"  split="simple antecedent"  coref_class="set_200"  mmax_level="coref"  anacata="anaphoric"  nptype="np"  antetype="entity"  mention="np" />
<markable id="markable_510" span="word_3118..word_3119" npmod="demonstrative"  split="simple antecedent"  coref_class="set_139"  mmax_level="coref"  anacata="anaphoric"  nptype="np"  antetype="entity"  mention="np" />
<markable id="markable_631" span="word_4662..word_4671" coref_class="set_200"  mmax_level="coref"  clausetype="antecedent"  mention="clause" />
<markable id="markable_513" span="word_3126" type_of_pronoun="possessive"  split="simple antecedent"  agreement="they (pl.)"  coref_class="set_139"  mmax_level="coref"  position="it (non-subject)"  type="anaphoric"  mention="pronoun"  antetype="entity" />
<markable id="markable_634" span="word_4700..word_4701" split="simple antecedent"  coref_class="set_201"  mmax_level="coref"  type="nom substitution"  antetype="entity"  mention="pronoun" />
<markable id="markable_512" span="word_3123" type_of_pronoun="relative"  agreement="they (pl.)"  split="simple antecedent"  coref_class="set_138"  mmax_level="coref"  position="it (subject)"  type="anaphoric"  antetype="entity"  mention="pronoun" />
<markable id="markable_633" span="word_4668..word_4670" coref_class="set_201"  mmax_level="coref"  nptype="antecedent"  mention="np" />
<markable id="markable_630" span="word_4619" type_of_pronoun="relative"  agreement="they (sg.)"  split="simple antecedent"  coref_class="set_199"  mmax_level="coref"  position="it (subject)"  type="anaphoric"  antetype="entity"  mention="pronoun" />
<markable id="markable_508" span="word_3117" type_of_pronoun="personal"  split="simple antecedent"  agreement="they (pl.)"  coref_class="set_137"  mmax_level="coref"  position="it (subject)"  type="anaphoric"  mention="pronoun"  antetype="entity" />
<markable id="markable_629" span="word_4614..word_4616" coref_class="set_199"  mmax_level="coref"  nptype="antecedent"  mention="np" />
<markable id="markable_507" span="word_3079..word_3080" coref_class="set_137"  mmax_level="coref"  nptype="antecedent"  mention="np" />
<markable id="markable_628" span="word_4590" type_of_pronoun="demonstrative"  agreement="none"  split="simple antecedent"  coref_class="set_198"  mmax_level="coref"  position="it (subject)"  type="anaphoric"  antetype="event"  mention="pronoun" />
<markable id="markable_509" span="word_3082" coref_class="set_139"  mmax_level="coref"  nptype="antecedent"  mention="np" />
<markable id="markable_504" span="word_3088" type_of_pronoun="personal"  split="simple antecedent"  agreement="they (pl.)"  coref_class="set_137"  mmax_level="coref"  position="it (subject)"  type="anaphoric"  mention="pronoun"  antetype="entity" />
<markable id="markable_625" span="word_4572..word_4573" coref_class="set_197"  mmax_level="coref"  nptype="antecedent"  mention="np" />
<markable id="markable_503" span="word_3078" type_of_pronoun="relative"  agreement="they (pl.)"  split="simple antecedent"  coref_class="set_133"  mmax_level="coref"  position="it (non-subject)"  type="anaphoric"  antetype="entity"  mention="pronoun" />
<markable id="markable_624" span="word_4546" type_of_pronoun="possessive"  agreement="they (sg.)"  split="simple antecedent"  coref_class="set_196"  mmax_level="coref"  position="it (non-subject)"  type="anaphoric"  antetype="entity"  mention="pronoun" />
<markable id="markable_627" span="word_4587..word_4588" coref_class="set_198"  mmax_level="coref"  vptype="antecedent"  mention="vp" />
<markable id="markable_505" span="word_3098" type_of_pronoun="personal"  split="simple antecedent"  agreement="they (pl.)"  coref_class="set_137"  mmax_level="coref"  position="it (subject)"  type="anaphoric"  mention="pronoun"  antetype="entity" />
<markable id="markable_626" span="word_4587" type_of_pronoun="personal"  agreement="they (sg.)"  split="simple antecedent"  coref_class="set_197"  mmax_level="coref"  position="it (non-subject)"  type="anaphoric"  antetype="entity"  mention="pronoun" />
<markable id="markable_401" span="word_1862..word_1863" coref_class="set_82"  mmax_level="coref"  nptype="antecedent"  mention="np" />
<markable id="markable_522" span="word_3199" type_of_pronoun="relative"  agreement="they (sg.)"  split="simple antecedent"  coref_class="set_143"  mmax_level="coref"  position="it (subject)"  type="anaphoric"  antetype="entity"  mention="pronoun" />
<markable id="markable_643" span="word_4834..word_4839" coref_class="set_206"  mmax_level="coref"  nptype="antecedent"  mention="np" />
<markable id="markable_400" span="word_1891" type_of_pronoun="personal"  agreement="none"  split="simple antecedent"  coref_class="set_82"  mmax_level="coref"  position="it (subject)"  type="anaphoric"  antetype="entity"  mention="pronoun" />
<markable id="markable_521" span="word_3196" coref_class="set_143"  mmax_level="coref"  nptype="antecedent"  mention="np" />
<markable id="markable_642" span="word_4806" coref_class="empty"  mmax_level="coref"  type="pleonastic"  mention="pronoun" />
<markable id="markable_403" span="word_1899..word_1900" npmod="demonstrative"  split="simple antecedent"  coref_class="set_81"  mmax_level="coref"  anacata="anaphoric"  nptype="np"  antetype="entity"  mention="np" />
<markable id="markable_524" span="word_3215" type_of_pronoun="relative"  agreement="they (sg.)"  split="simple antecedent"  coref_class="set_144"  mmax_level="coref"  position="it (subject)"  type="anaphoric"  antetype="entity"  mention="pronoun" />
<markable id="markable_645" span="word_4943..word_4952" coref_class="set_207"  mmax_level="coref"  clausetype="antecedent"  mention="clause" />
<markable id="markable_402" span="word_1873..word_1874" coref_class="set_81"  mmax_level="coref"  nptype="antecedent"  mention="np" />
<markable id="markable_523" span="word_3211..word_3212" coref_class="set_144"  mmax_level="coref"  nptype="antecedent"  mention="np" />
<markable id="markable_644" span="word_4864" type_of_pronoun="personal"  agreement="they (sg.)"  split="simple antecedent"  coref_class="set_206"  mmax_level="coref"  position="it (subject)"  type="anaphoric"  antetype="entity"  mention="pronoun" />
<markable id="markable_520" span="word_3174" type_of_pronoun="demonstrative"  agreement="none"  split="simple antecedent"  coref_class="set_142"  mmax_level="coref"  position="it (subject)"  type="anaphoric"  antetype="event"  mention="pronoun" />
<markable id="markable_641" span="word_4794" type_of_pronoun="personal"  agreement="they (pl.)"  split="simple antecedent"  coref_class="set_205"  mmax_level="coref"  position="it (non-subject)"  type="anaphoric"  antetype="entity"  mention="pronoun" />
<markable id="markable_640" span="word_4781" type_of_pronoun="personal"  agreement="they (sg.)"  split="simple antecedent"  coref_class="set_205"  mmax_level="coref"  position="it (non-subject)"  type="anaphoric"  antetype="entity"  mention="pronoun" />
<markable id="markable_519" span="word_3144..word_3172" coref_class="set_142"  mmax_level="coref"  clausetype="antecedent"  mention="clause" />
<markable id="markable_518" span="word_3160" type_of_pronoun="personal"  agreement="they (pl.)"  split="simple antecedent"  coref_class="set_141"  mmax_level="coref"  position="it (non-subject)"  type="anaphoric"  antetype="entity"  mention="pronoun" />
<markable id="markable_639" span="word_4759..word_4760" coref_class="set_205"  mmax_level="coref"  nptype="antecedent"  mention="np" />
<markable id="markable_515" span="word_3132" coref_class="set_141"  mmax_level="coref"  nptype="antecedent"  mention="np" />
<markable id="markable_636" span="word_4720" type_of_pronoun="relative"  agreement="they (sg.)"  split="simple antecedent"  coref_class="set_202"  mmax_level="coref"  position="it (non-subject)"  type="anaphoric"  antetype="entity"  mention="pronoun" />
<markable id="markable_514" span="word_3130" type_of_pronoun="personal"  split="simple antecedent"  agreement="they (pl.)"  coref_class="set_137"  mmax_level="coref"  position="it (subject)"  type="anaphoric"  mention="pronoun"  antetype="entity" />
<markable id="markable_635" span="word_4715..word_4716" coref_class="set_202"  mmax_level="coref"  nptype="antecedent"  mention="np" />
<markable id="markable_517" span="word_3152" type_of_pronoun="personal"  agreement="they (pl.)"  split="simple antecedent"  coref_class="set_141"  mmax_level="coref"  position="it (non-subject)"  type="anaphoric"  antetype="entity"  mention="pronoun" />
<markable id="markable_638" span="word_4738" type_of_pronoun="demonstrative"  agreement="they (sg.)"  split="simple antecedent"  coref_class="set_203"  mmax_level="coref"  position="it (subject)"  type="anaphoric"  antetype="entity"  mention="pronoun" />
<markable id="markable_516" span="word_3135" type_of_pronoun="relative"  split="simple antecedent"  agreement="they (pl.)"  coref_class="set_141"  mmax_level="coref"  position="it (subject)"  type="anaphoric"  mention="pronoun"  antetype="entity" />
<markable id="markable_637" span="word_4727..word_4730" coref_class="set_203"  mmax_level="coref"  nptype="antecedent"  mention="np" />
<markable id="markable_412" span="word_2057..word_2058" npmod="demonstrative"  split="simple antecedent"  coref_class="set_86"  mmax_level="coref"  anacata="anaphoric"  nptype="np"  antetype="entity"  mention="np" />
<markable id="markable_533" span="word_3350..word_3368" coref_class="set_149"  mmax_level="coref"  vptype="antecedent"  mention="vp" />
<markable id="markable_654" span="word_5043" type_of_pronoun="personal"  agreement="they (sg.)"  split="simple antecedent"  coref_class="set_211"  mmax_level="coref"  position="it (non-subject)"  type="anaphoric"  antetype="entity"  mention="pronoun" />
<markable id="markable_411" span="word_2025" type_of_pronoun="demonstrative"  agreement="they (sg.)"  split="simple antecedent"  coref_class="set_85"  mmax_level="coref"  position="it (non-subject)"  type="anaphoric"  antetype="entity"  mention="pronoun" />
<markable id="markable_532" span="word_3372" type_of_pronoun="demonstrative"  agreement="none"  split="simple antecedent"  coref_class="set_149"  mmax_level="coref"  position="it (subject)"  type="anaphoric"  antetype="event"  mention="pronoun" />
<markable id="markable_653" span="word_5039..word_5040" coref_class="set_211"  mmax_level="coref"  nptype="antecedent"  mention="np" />
<markable id="markable_414" span="word_2070..word_2071" coref_class="set_87"  mmax_level="coref"  nptype="antecedent"  mention="np" />
<markable id="markable_535" span="word_3403" type_of_pronoun="personal"  agreement="they (pl.)"  split="simple antecedent"  coref_class="set_147"  mmax_level="coref"  position="it (subject)"  type="anaphoric"  antetype="entity"  mention="pronoun" />
<markable id="markable_656" span="word_5107" type_of_pronoun="relative"  agreement="they (pl.)"  split="simple antecedent"  coref_class="set_212"  mmax_level="coref"  position="it (subject)"  type="anaphoric"  antetype="entity"  mention="pronoun" />
<markable id="markable_413" span="word_2064" agreement="none"  split="simple antecedent"  coref_class="set_87"  mmax_level="coref"  position="none"  type="cataphoric"  antetype="entity"  mention="pronoun" />
<markable id="markable_534" span="word_3395" type_of_pronoun="personal"  agreement="they (pl.)"  split="simple antecedent"  coref_class="set_147"  mmax_level="coref"  position="it (subject)"  type="anaphoric"  antetype="entity"  mention="pronoun" />
<markable id="markable_655" span="word_5098..word_5105" coref_class="set_212"  mmax_level="coref"  nptype="antecedent"  mention="np" />
<markable id="markable_650" span="word_4997..word_4998" coref_class="set_208"  mmax_level="coref"  nptype="antecedent"  mention="np" />
<markable id="markable_410" span="word_2016..word_2018" coref_class="set_85"  mmax_level="coref"  nptype="antecedent"  mention="np" />
<markable id="markable_531" span="word_3318" type_of_pronoun="personal"  agreement="they (sg.)"  split="simple antecedent"  coref_class="set_163"  mmax_level="coref"  position="it (subject)"  type="anaphoric"  antetype="entity"  mention="pronoun" />
<markable id="markable_652" span="word_5024" type_of_pronoun="demonstrative"  agreement="none"  split="simple antecedent"  coref_class="set_210"  mmax_level="coref"  position="it (subject)"  type="anaphoric"  antetype="event"  mention="pronoun" />
<markable id="markable_530" span="word_3311" type_of_pronoun="relative"  agreement="they (pl.)"  split="simple antecedent"  coref_class="set_147"  mmax_level="coref"  position="it (non-subject)"  type="anaphoric"  antetype="entity"  mention="pronoun" />
<markable id="markable_651" span="word_5013..word_5016" coref_class="set_210"  mmax_level="coref"  clausetype="antecedent"  mention="clause" />
<markable id="markable_409" span="word_1985" type_of_pronoun="demonstrative"  agreement="they (sg.)"  split="simple antecedent"  coref_class="set_86"  mmax_level="coref"  position="it (non-subject)"  type="anaphoric"  antetype="entity"  mention="pronoun" />
<markable id="markable_408" span="word_1960" type_of_pronoun="relative"  agreement="they (sg.)"  split="simple antecedent"  coref_class="set_86"  mmax_level="coref"  position="it (subject)"  type="anaphoric"  antetype="entity"  mention="pronoun" />
<markable id="markable_529" span="word_3307..word_3308" coref_class="set_147"  mmax_level="coref"  nptype="antecedent"  mention="np" />
<markable id="markable_405" span="word_1918..word_1934" coref_class="set_83"  mmax_level="coref"  clausetype="antecedent"  mention="clause" />
<markable id="markable_526" span="word_3245" type_of_pronoun="relative"  agreement="they (pl.)"  split="simple antecedent"  coref_class="set_145"  mmax_level="coref"  position="it (subject)"  type="anaphoric"  antetype="entity"  mention="pronoun" />
<markable id="markable_647" span="word_4991..word_4992" coref_class="set_209"  mmax_level="coref"  nptype="antecedent"  mention="np" />
<markable id="markable_404" span="word_1901" type_of_pronoun="personal"  agreement="none"  split="simple antecedent"  coref_class="set_82"  mmax_level="coref"  position="it (subject)"  type="anaphoric"  antetype="entity"  mention="pronoun" />
<markable id="markable_525" span="word_3241" coref_class="set_145"  mmax_level="coref"  nptype="antecedent"  mention="np" />
<markable id="markable_646" span="word_4956" type_of_pronoun="personal"  agreement="none"  split="simple antecedent"  coref_class="set_207"  mmax_level="coref"  position="it (subject)"  type="anaphoric"  antetype="event"  mention="pronoun" />
<markable id="markable_407" span="word_1956..word_1957" coref_class="set_86"  mmax_level="coref"  nptype="antecedent"  mention="np" />
<markable id="markable_528" span="word_3303" type_of_pronoun="personal"  agreement="none"  split="simple antecedent"  coref_class="set_163"  mmax_level="coref"  position="it (subject)"  type="anaphoric"  antetype="entity"  mention="pronoun" />
<markable id="markable_649" span="word_5001" type_of_pronoun="relative"  agreement="they (sg.)"  split="simple antecedent"  coref_class="set_208"  mmax_level="coref"  position="it (subject)"  type="anaphoric"  antetype="entity"  mention="pronoun" />
<markable id="markable_406" span="word_1942" type_of_pronoun="demonstrative"  agreement="none"  split="simple antecedent"  coref_class="set_83"  mmax_level="coref"  position="it (subject)"  type="anaphoric"  antetype="event"  mention="pronoun" />
<markable id="markable_527" span="word_3295..word_3296" coref_class="set_163"  mmax_level="coref"  nptype="antecedent"  mention="np" />
<markable id="markable_648" span="word_4994" type_of_pronoun="relative"  agreement="they (pl.)"  split="simple antecedent"  coref_class="set_209"  mmax_level="coref"  position="it (subject)"  type="anaphoric"  antetype="entity"  mention="pronoun" />
<markable id="markable_302" span="word_971..word_972" coref_class="set_31"  mmax_level="coref"  nptype="antecedent"  mention="np" />
<markable id="markable_423" span="word_2117" type_of_pronoun="personal"  agreement="they (sg.)"  split="simple antecedent"  coref_class="set_91"  mmax_level="coref"  position="it (subject)"  type="anaphoric"  antetype="entity"  mention="pronoun" />
<markable id="markable_544" span="word_3475" type_of_pronoun="relative"  agreement="they (sg.)"  split="simple antecedent"  coref_class="set_156"  mmax_level="coref"  position="it (subject)"  type="anaphoric"  antetype="entity"  mention="pronoun" />
<markable id="markable_301" span="word_960" type_of_pronoun="personal"  agreement="they (sg.)"  split="simple antecedent"  coref_class="set_30"  mmax_level="coref"  position="it (non-subject)"  type="anaphoric"  antetype="entity"  mention="pronoun" />
<markable id="markable_422" span="word_2118" type_of_pronoun="personal"  agreement="none"  coref_class="empty"  mmax_level="coref"  position="none"  type="antecedent"  mention="pronoun" />
<markable id="markable_543" span="word_3472..word_3473" coref_class="set_156"  mmax_level="coref"  nptype="antecedent"  mention="np" />
<markable id="markable_664" span="word_5166" type_of_pronoun="relative"  agreement="they (sg.)"  split="simple antecedent"  coref_class="set_216"  mmax_level="coref"  position="it (subject)"  type="anaphoric"  antetype="entity"  mention="pronoun" />
<markable id="markable_304" span="word_1001" coref_class="set_32"  mmax_level="coref"  nptype="antecedent"  mention="np" />
<markable id="markable_425" span="word_2136" type_of_pronoun="relative"  agreement="they (sg.)"  split="simple antecedent"  coref_class="set_96"  mmax_level="coref"  position="it (subject)"  type="anaphoric"  antetype="entity"  mention="pronoun" />
<markable id="markable_546" span="word_3499" type_of_pronoun="demonstrative"  split="simple antecedent"  agreement="none"  coref_class="set_157"  mmax_level="coref"  position="it (non-subject)"  type="anaphoric"  mention="pronoun"  antetype="event" />
<markable id="markable_667" span="word_5215..word_5217" coref_class="set_217"  mmax_level="coref"  nptype="antecedent"  mention="np" />
<markable id="markable_303" span="word_979" type_of_pronoun="personal"  agreement="they (pl.)"  split="simple antecedent"  coref_class="set_31"  mmax_level="coref"  position="it (non-subject)"  type="anaphoric"  antetype="entity"  mention="pronoun" />
<markable id="markable_424" span="word_2131..word_2132" coref_class="set_96"  mmax_level="coref"  nptype="antecedent"  mention="np" />
<markable id="markable_545" span="word_3467..word_3477" coref_class="set_157"  mmax_level="coref"  clausetype="antecedent"  mention="clause" />
<markable id="markable_666" span="word_5212" coref_class="empty"  mmax_level="coref"  type="pleonastic"  mention="pronoun" />
<markable id="markable_540" span="word_3442" type_of_pronoun="demonstrative"  agreement="none"  split="simple antecedent"  coref_class="set_154"  mmax_level="coref"  position="it (non-subject)"  type="anaphoric"  antetype="event"  mention="pronoun" />
<markable id="markable_661" span="word_5138..word_5139" coref_class="set_215"  mmax_level="coref"  nptype="antecedent"  mention="np" />
<markable id="markable_660" span="word_5125" type_of_pronoun="demonstrative"  agreement="they (sg.)"  split="simple antecedent"  coref_class="set_214"  mmax_level="coref"  position="it (non-subject)"  type="anaphoric"  antetype="entity"  mention="pronoun" />
<markable id="markable_300" span="word_945..word_946" coref_class="set_30"  mmax_level="coref"  nptype="antecedent"  mention="np" />
<markable id="markable_421" span="word_2113..word_2115" split="simple antecedent"  coref_class="set_90"  comparative="gen"  mmax_level="coref"  type="comparative"  antetype="entity"  mention="pronoun" />
<markable id="markable_542" span="word_3469" type_of_pronoun="demonstrative"  agreement="they (sg.)"  split="simple antecedent"  coref_class="set_155"  mmax_level="coref"  position="it (subject)"  type="anaphoric"  antetype="entity"  mention="pronoun" />
<markable id="markable_663" span="word_5162..word_5163" coref_class="set_216"  mmax_level="coref"  nptype="antecedent"  mention="np" />
<markable id="markable_420" span="word_2099..word_2100" coref_class="set_90"  mmax_level="coref"  nptype="antecedent"  mention="np" />
<markable id="markable_541" span="word_3456..word_3457" coref_class="set_155"  mmax_level="coref"  nptype="antecedent"  mention="np" />
<markable id="markable_662" span="word_5141" type_of_pronoun="relative"  agreement="they (sg.)"  split="simple antecedent"  coref_class="set_215"  mmax_level="coref"  position="it (non-subject)"  type="anaphoric"  antetype="entity"  mention="pronoun" />
<markable id="markable_419" span="word_2094" type_of_pronoun="relative"  agreement="they (sg.)"  split="simple antecedent"  coref_class="set_89"  mmax_level="coref"  position="it (subject)"  type="anaphoric"  antetype="entity"  mention="pronoun" />
<markable id="markable_416" span="word_2076" type_of_pronoun="possessive"  agreement="they (sg.)"  split="simple antecedent"  coref_class="set_91"  mmax_level="coref"  position="it (non-subject)"  type="anaphoric"  antetype="entity"  mention="pronoun" />
<markable id="markable_537" span="word_3421..word_3422" coref_class="set_153"  mmax_level="coref"  nptype="antecedent"  mention="np" />
<markable id="markable_658" span="word_5124" type_of_pronoun="relative"  agreement="they (pl.)"  split="simple antecedent"  coref_class="set_212"  mmax_level="coref"  position="it (subject)"  type="anaphoric"  antetype="entity"  mention="pronoun" />
<markable id="markable_415" span="word_2074..word_2075" coref_class="set_91"  mmax_level="coref"  nptype="antecedent"  mention="np" />
<markable id="markable_536" span="word_3411" type_of_pronoun="personal"  agreement="they (pl.)"  split="simple antecedent"  coref_class="set_147"  mmax_level="coref"  position="it (subject)"  type="anaphoric"  antetype="entity"  mention="pronoun" />
<markable id="markable_657" span="word_5117" type_of_pronoun="relative"  agreement="they (pl.)"  split="simple antecedent"  coref_class="set_212"  mmax_level="coref"  position="it (subject)"  type="anaphoric"  antetype="entity"  mention="pronoun" />
<markable id="markable_418" span="word_2091..word_2092" coref_class="set_89"  mmax_level="coref"  nptype="antecedent"  mention="np" />
<markable id="markable_539" span="word_3431..word_3435" coref_class="set_154"  mmax_level="coref"  vptype="antecedent"  mention="vp" />
<markable id="markable_417" span="word_2080" type_of_pronoun="possessive"  agreement="they (sg.)"  split="simple antecedent"  coref_class="set_91"  mmax_level="coref"  position="it (non-subject)"  type="anaphoric"  antetype="entity"  mention="pronoun" />
<markable id="markable_538" span="word_3431" type_of_pronoun="demonstrative"  agreement="they (sg.)"  split="simple antecedent"  coref_class="set_153"  mmax_level="coref"  position="it (non-subject)"  type="anaphoric"  antetype="entity"  mention="pronoun" />
<markable id="markable_659" span="word_5110..word_5111" coref_class="set_214"  mmax_level="coref"  nptype="antecedent"  mention="np" />
<markable id="markable_670" span="word_5297..word_5299" coref_class="set_218"  mmax_level="coref"  nptype="antecedent"  mention="np" />
<markable id="markable_313" span="word_1071" type_of_pronoun="relative"  agreement="they (pl.)"  split="simple antecedent"  coref_class="set_35"  mmax_level="coref"  position="it (subject)"  type="anaphoric"  antetype="entity"  mention="pronoun" />
<markable id="markable_434" span="word_2209" type_of_pronoun="demonstrative"  agreement="they (sg.)"  split="simple antecedent"  coref_class="set_97"  mmax_level="coref"  position="it (subject)"  type="anaphoric"  antetype="entity"  mention="pronoun" />
<markable id="markable_555" span="word_3565..word_3570" coref_class="set_165"  mmax_level="coref"  nptype="antecedent"  mention="np" />
<markable id="markable_676" span="word_5346..word_5349" coref_class="set_221"  mmax_level="coref"  nptype="antecedent"  mention="np" />
<markable id="markable_312" span="word_1068..word_1069" coref_class="set_35"  mmax_level="coref"  nptype="antecedent"  mention="np" />
<markable id="markable_433" span="word_2149..word_2205" coref_class="set_97"  mmax_level="coref"  clausetype="antecedent"  mention="clause" />
<markable id="markable_554" span="word_3561" coref_class="empty"  mmax_level="coref"  type="not sure. help!"  mention="pronoun" />
<markable id="markable_675" span="word_5337" type_of_pronoun="demonstrative"  agreement="they (sg.)"  split="simple antecedent"  coref_class="set_220"  mmax_level="coref"  position="it (subject)"  type="anaphoric"  antetype="event"  mention="pronoun" />
<markable id="markable_315" span="word_1097" type_of_pronoun="relative"  agreement="they (sg.)"  split="simple antecedent"  coref_class="set_36"  mmax_level="coref"  position="it (subject)"  type="anaphoric"  antetype="entity"  mention="pronoun" />
<markable id="markable_436" span="word_2280..word_2281" npmod="demonstrative"  split="simple antecedent"  coref_class="set_98"  mmax_level="coref"  anacata="anaphoric"  nptype="np"  antetype="generic"  mention="np" />
<markable id="markable_557" span="word_3582..word_3583" npmod="demonstrative"  split="simple antecedent"  coref_class="set_169"  mmax_level="coref"  anacata="anaphoric"  nptype="np"  antetype="entity"  mention="np" />
<markable id="markable_678" span="word_5357" type_of_pronoun="demonstrative"  agreement="they (sg.)"  split="simple antecedent"  coref_class="set_220"  mmax_level="coref"  position="it (subject)"  type="anaphoric"  antetype="entity"  mention="pronoun" />
<markable id="markable_314" span="word_1094..word_1095" coref_class="set_36"  mmax_level="coref"  nptype="antecedent"  mention="np" />
<markable id="markable_435" span="word_2263..word_2275" coref_class="set_98"  mmax_level="coref"  clausetype="antecedent"  mention="clause" />
<markable id="markable_556" span="word_3572" type_of_pronoun="relative"  agreement="they (pl.)"  split="simple antecedent"  coref_class="set_165"  mmax_level="coref"  position="it (subject)"  type="anaphoric"  antetype="entity"  mention="pronoun" />
<markable id="markable_677" span="word_5352" type_of_pronoun="personal"  agreement="they (sg.)"  split="simple antecedent"  coref_class="set_221"  mmax_level="coref"  position="it (non-subject)"  type="anaphoric"  antetype="entity"  mention="pronoun" />
<markable id="markable_430" span="word_2189..word_2190" coref_class="set_95"  mmax_level="coref"  nptype="antecedent"  mention="np" />
<markable id="markable_551" span="word_3533" type_of_pronoun="personal"  agreement="none"  coref_class="set_169"  mmax_level="coref"  position="none"  type="antecedent"  mention="pronoun" />
<markable id="markable_672" span="word_5304..word_5306" coref_class="set_219"  mmax_level="coref"  nptype="antecedent"  mention="np" />
<markable id="markable_550" span="word_3526" type_of_pronoun="personal"  agreement="none"  coref_class="set_169"  mmax_level="coref"  position="none"  type="antecedent"  mention="pronoun" />
<markable id="markable_671" span="word_5303" type_of_pronoun="relative"  agreement="they (sg.)"  split="simple antecedent"  coref_class="set_218"  mmax_level="coref"  position="it (subject)"  type="anaphoric"  antetype="entity"  mention="pronoun" />
<markable id="markable_311" span="word_1065" type_of_pronoun="demonstrative"  agreement="they (sg.)"  split="simple antecedent"  coref_class="set_33"  mmax_level="coref"  position="it (subject)"  type="anaphoric"  antetype="entity"  mention="pronoun" />
<markable id="markable_432" span="word_2200..word_2201" npmod="def-article"  split="simple antecedent"  coref_class="set_96"  mmax_level="coref"  anacata="anaphoric"  nptype="np"  antetype="entity"  mention="np" />
<markable id="markable_553" span="word_3543" type_of_pronoun="relative"  agreement="they (sg.)"  split="simple antecedent"  coref_class="set_164"  mmax_level="coref"  position="it (subject)"  type="anaphoric"  antetype="entity"  mention="pronoun" />
<markable id="markable_674" span="word_5320..word_5331" coref_class="set_220"  mmax_level="coref"  clausetype="antecedent"  mention="clause" />
<markable id="markable_310" span="word_1037" type_of_pronoun="relative"  agreement="they (sg.)"  split="simple antecedent"  coref_class="set_34"  mmax_level="coref"  position="it (subject)"  type="anaphoric"  antetype="entity"  mention="pronoun" />
<markable id="markable_431" span="word_2197" type_of_pronoun="personal"  agreement="they (sg.)"  split="simple antecedent"  coref_class="set_95"  mmax_level="coref"  position="it (non-subject)"  type="anaphoric"  antetype="entity"  mention="pronoun" />
<markable id="markable_552" span="word_3540..word_3541" coref_class="set_164"  mmax_level="coref"  nptype="antecedent"  mention="np" />
<markable id="markable_673" span="word_5309" type_of_pronoun="personal"  agreement="they (sg.)"  split="simple antecedent"  coref_class="set_219"  mmax_level="coref"  position="it (subject)"  type="anaphoric"  antetype="entity"  mention="pronoun" />
<markable id="markable_309" span="word_1033..word_1035" coref_class="set_34"  mmax_level="coref"  nptype="antecedent"  mention="np" />
<markable id="markable_306" span="word_1023" type_of_pronoun="personal"  agreement="none"  coref_class="empty"  mmax_level="coref"  position="none"  type="antecedent"  mention="pronoun" />
<markable id="markable_427" span="word_2158..word_2166" coref_class="set_94"  mmax_level="coref"  nptype="antecedent"  mention="np" />
<markable id="markable_548" span="word_3525" type_of_pronoun="relative"  agreement="they (sg.)"  split="simple antecedent"  coref_class="set_158"  mmax_level="coref"  position="it (subject)"  type="anaphoric"  antetype="entity"  mention="pronoun" />
<markable id="markable_669" span="word_5294" coref_class="empty"  mmax_level="coref"  type="pleonastic"  mention="pronoun" />
<markable id="markable_305" span="word_1007" type_of_pronoun="relative"  agreement="they (pl.)"  split="simple antecedent"  coref_class="set_32"  mmax_level="coref"  position="it (non-subject)"  type="anaphoric"  antetype="entity"  mention="pronoun" />
<markable id="markable_426" span="word_2168..word_2169" npmod="def-article"  split="simple antecedent"  coref_class="set_96"  mmax_level="coref"  anacata="anaphoric"  nptype="np"  antetype="entity"  mention="np" />
<markable id="markable_547" span="word_3521..word_3523" coref_class="set_158"  mmax_level="coref"  nptype="antecedent"  mention="np" />
<markable id="markable_668" span="word_5219" type_of_pronoun="relative"  agreement="they (sg.)"  split="simple antecedent"  coref_class="set_217"  mmax_level="coref"  position="it (subject)"  type="anaphoric"  antetype="entity"  mention="pronoun" />
<markable id="markable_308" span="word_1028" type_of_pronoun="personal"  agreement="none"  coref_class="set_33"  mmax_level="coref"  position="none"  type="antecedent"  mention="pronoun" />
<markable id="markable_429" span="word_2186" type_of_pronoun="personal"  agreement="they (sg.)"  split="simple antecedent"  coref_class="set_94"  mmax_level="coref"  position="it (subject)"  type="anaphoric"  antetype="entity"  mention="pronoun" />
<markable id="markable_307" span="word_1011..word_1012" type_of_pronoun="personal"  agreement="none"  coref_class="set_33"  mmax_level="coref"  position="none"  type="antecedent"  mention="pronoun" />
<markable id="markable_428" span="word_2178" type_of_pronoun="personal"  agreement="they (sg.)"  split="simple antecedent"  coref_class="set_94"  mmax_level="coref"  position="it (non-subject)"  type="anaphoric"  antetype="entity"  mention="pronoun" />
<markable id="markable_549" span="word_3486..word_3487" coref_class="set_169"  mmax_level="coref"  nptype="antecedent"  mention="np" />
</markables>