<?xml version="1.0" encoding="UTF-8" ?>
<!DOCTYPE markables SYSTEM "markables.dtd">
<markables xmlns="www.eml.org/NameSpaces/sentence">
<markable mmax_level="sentence" orderid="0" id="markable_0" span="word_1..word_32" />
<markable mmax_level="sentence" orderid="1" id="markable_1" span="word_33..word_56" />
<markable mmax_level="sentence" orderid="2" id="markable_2" span="word_57..word_62" />
<markable mmax_level="sentence" orderid="3" id="markable_3" span="word_63..word_117" />
<markable mmax_level="sentence" orderid="4" id="markable_4" span="word_118..word_126" />
<markable mmax_level="sentence" orderid="5" id="markable_5" span="word_127..word_139" />
<markable mmax_level="sentence" orderid="6" id="markable_6" span="word_140..word_170" />
<markable mmax_level="sentence" orderid="7" id="markable_7" span="word_171..word_186" />
<markable mmax_level="sentence" orderid="8" id="markable_8" span="word_187..word_201" />
<markable mmax_level="sentence" orderid="9" id="markable_9" span="word_202..word_246" />
<markable mmax_level="sentence" orderid="10" id="markable_10" span="word_247..word_262" />
<markable mmax_level="sentence" orderid="11" id="markable_11" span="word_263..word_274" />
<markable mmax_level="sentence" orderid="12" id="markable_12" span="word_275..word_302" />
<markable mmax_level="sentence" orderid="13" id="markable_13" span="word_303..word_346" />
<markable mmax_level="sentence" orderid="14" id="markable_14" span="word_347..word_361" />
<markable mmax_level="sentence" orderid="15" id="markable_15" span="word_362..word_380" />
<markable mmax_level="sentence" orderid="16" id="markable_16" span="word_381..word_387" />
<markable mmax_level="sentence" orderid="17" id="markable_17" span="word_388..word_404" />
<markable mmax_level="sentence" orderid="18" id="markable_18" span="word_405..word_417" />
<markable mmax_level="sentence" orderid="19" id="markable_19" span="word_418..word_422" />
<markable mmax_level="sentence" orderid="20" id="markable_20" span="word_423..word_465" />
<markable mmax_level="sentence" orderid="21" id="markable_21" span="word_466..word_474" />
<markable mmax_level="sentence" orderid="22" id="markable_22" span="word_475..word_480" />
<markable mmax_level="sentence" orderid="23" id="markable_23" span="word_481..word_486" />
<markable mmax_level="sentence" orderid="24" id="markable_24" span="word_487..word_499" />
<markable mmax_level="sentence" orderid="25" id="markable_25" span="word_500..word_504" />
<markable mmax_level="sentence" orderid="26" id="markable_26" span="word_505..word_514" />
<markable mmax_level="sentence" orderid="27" id="markable_27" span="word_515..word_519" />
<markable mmax_level="sentence" orderid="28" id="markable_28" span="word_520..word_538" />
<markable mmax_level="sentence" orderid="29" id="markable_29" span="word_539..word_544" />
<markable mmax_level="sentence" orderid="30" id="markable_30" span="word_545..word_553" />
<markable mmax_level="sentence" orderid="31" id="markable_31" span="word_554..word_568" />
<markable mmax_level="sentence" orderid="32" id="markable_32" span="word_569..word_585" />
<markable mmax_level="sentence" orderid="33" id="markable_33" span="word_586..word_613" />
<markable mmax_level="sentence" orderid="34" id="markable_34" span="word_614..word_634" />
<markable mmax_level="sentence" orderid="35" id="markable_35" span="word_635..word_681" />
<markable mmax_level="sentence" orderid="36" id="markable_36" span="word_682..word_698" />
<markable mmax_level="sentence" orderid="37" id="markable_37" span="word_699..word_707" />
<markable mmax_level="sentence" orderid="38" id="markable_38" span="word_708..word_725" />
<markable mmax_level="sentence" orderid="39" id="markable_39" span="word_726..word_755" />
<markable mmax_level="sentence" orderid="40" id="markable_40" span="word_756..word_773" />
<markable mmax_level="sentence" orderid="41" id="markable_41" span="word_774..word_796" />
<markable mmax_level="sentence" orderid="42" id="markable_42" span="word_797..word_804" />
<markable mmax_level="sentence" orderid="43" id="markable_43" span="word_805..word_822" />
<markable mmax_level="sentence" orderid="44" id="markable_44" span="word_823..word_835" />
<markable mmax_level="sentence" orderid="45" id="markable_45" span="word_836..word_851" />
<markable mmax_level="sentence" orderid="46" id="markable_46" span="word_852..word_885" />
<markable mmax_level="sentence" orderid="47" id="markable_47" span="word_886..word_895" />
<markable mmax_level="sentence" orderid="48" id="markable_48" span="word_896..word_905" />
<markable mmax_level="sentence" orderid="49" id="markable_49" span="word_906..word_926" />
<markable mmax_level="sentence" orderid="50" id="markable_50" span="word_927..word_959" />
<markable mmax_level="sentence" orderid="51" id="markable_51" span="word_960..word_970" />
<markable mmax_level="sentence" orderid="52" id="markable_52" span="word_971..word_978" />
<markable mmax_level="sentence" orderid="53" id="markable_53" span="word_979..word_992" />
<markable mmax_level="sentence" orderid="54" id="markable_54" span="word_993..word_1007" />
<markable mmax_level="sentence" orderid="55" id="markable_55" span="word_1008..word_1013" />
<markable mmax_level="sentence" orderid="56" id="markable_56" span="word_1014..word_1017" />
<markable mmax_level="sentence" orderid="57" id="markable_57" span="word_1018..word_1025" />
<markable mmax_level="sentence" orderid="58" id="markable_58" span="word_1026..word_1056" />
<markable mmax_level="sentence" orderid="59" id="markable_59" span="word_1057..word_1081" />
<markable mmax_level="sentence" orderid="60" id="markable_60" span="word_1082..word_1098" />
<markable mmax_level="sentence" orderid="61" id="markable_61" span="word_1099..word_1116" />
<markable mmax_level="sentence" orderid="62" id="markable_62" span="word_1117..word_1127" />
<markable mmax_level="sentence" orderid="63" id="markable_63" span="word_1128..word_1138" />
<markable mmax_level="sentence" orderid="64" id="markable_64" span="word_1139..word_1145" />
<markable mmax_level="sentence" orderid="65" id="markable_65" span="word_1146..word_1155" />
<markable mmax_level="sentence" orderid="66" id="markable_66" span="word_1156..word_1166" />
<markable mmax_level="sentence" orderid="67" id="markable_67" span="word_1167..word_1174" />
<markable mmax_level="sentence" orderid="68" id="markable_68" span="word_1175..word_1183" />
<markable mmax_level="sentence" orderid="69" id="markable_69" span="word_1184..word_1192" />
<markable mmax_level="sentence" orderid="70" id="markable_70" span="word_1193..word_1204" />
<markable mmax_level="sentence" orderid="71" id="markable_71" span="word_1205..word_1221" />
<markable mmax_level="sentence" orderid="72" id="markable_72" span="word_1222..word_1233" />
<markable mmax_level="sentence" orderid="73" id="markable_73" span="word_1234..word_1250" />
<markable mmax_level="sentence" orderid="74" id="markable_74" span="word_1251..word_1267" />
<markable mmax_level="sentence" orderid="75" id="markable_75" span="word_1268..word_1281" />
<markable mmax_level="sentence" orderid="76" id="markable_76" span="word_1282..word_1289" />
<markable mmax_level="sentence" orderid="77" id="markable_77" span="word_1290..word_1296" />
<markable mmax_level="sentence" orderid="78" id="markable_78" span="word_1297..word_1313" />
<markable mmax_level="sentence" orderid="79" id="markable_79" span="word_1314..word_1322" />
<markable mmax_level="sentence" orderid="80" id="markable_80" span="word_1323..word_1332" />
<markable mmax_level="sentence" orderid="81" id="markable_81" span="word_1333..word_1347" />
<markable mmax_level="sentence" orderid="82" id="markable_82" span="word_1348..word_1361" />
<markable mmax_level="sentence" orderid="83" id="markable_83" span="word_1362..word_1372" />
<markable mmax_level="sentence" orderid="84" id="markable_84" span="word_1373..word_1389" />
<markable mmax_level="sentence" orderid="85" id="markable_85" span="word_1390..word_1406" />
<markable mmax_level="sentence" orderid="86" id="markable_86" span="word_1407..word_1432" />
<markable mmax_level="sentence" orderid="87" id="markable_87" span="word_1433..word_1465" />
<markable mmax_level="sentence" orderid="88" id="markable_88" span="word_1466..word_1471" />
<markable mmax_level="sentence" orderid="89" id="markable_89" span="word_1472..word_1478" />
<markable mmax_level="sentence" orderid="90" id="markable_90" span="word_1479..word_1502" />
<markable mmax_level="sentence" orderid="91" id="markable_91" span="word_1503..word_1528" />
<markable mmax_level="sentence" orderid="92" id="markable_92" span="word_1529..word_1545" />
<markable mmax_level="sentence" orderid="93" id="markable_93" span="word_1546..word_1550" />
<markable mmax_level="sentence" orderid="94" id="markable_94" span="word_1551..word_1557" />
<markable mmax_level="sentence" orderid="95" id="markable_95" span="word_1558..word_1567" />
<markable mmax_level="sentence" orderid="96" id="markable_96" span="word_1568..word_1578" />
<markable mmax_level="sentence" orderid="97" id="markable_97" span="word_1579..word_1591" />
<markable mmax_level="sentence" orderid="98" id="markable_98" span="word_1592..word_1602" />
<markable mmax_level="sentence" orderid="99" id="markable_99" span="word_1603..word_1616" />
<markable mmax_level="sentence" orderid="100" id="markable_100" span="word_1617..word_1628" />
<markable mmax_level="sentence" orderid="101" id="markable_101" span="word_1629..word_1662" />
<markable mmax_level="sentence" orderid="102" id="markable_102" span="word_1663..word_1679" />
<markable mmax_level="sentence" orderid="103" id="markable_103" span="word_1680..word_1726" />
<markable mmax_level="sentence" orderid="104" id="markable_104" span="word_1727..word_1737" />
<markable mmax_level="sentence" orderid="105" id="markable_105" span="word_1738..word_1747" />
<markable mmax_level="sentence" orderid="106" id="markable_106" span="word_1748..word_1757" />
<markable mmax_level="sentence" orderid="107" id="markable_107" span="word_1758..word_1824" />
<markable mmax_level="sentence" orderid="108" id="markable_108" span="word_1825..word_1867" />
<markable mmax_level="sentence" orderid="109" id="markable_109" span="word_1868..word_1874" />
<markable mmax_level="sentence" orderid="110" id="markable_110" span="word_1875..word_1880" />
<markable mmax_level="sentence" orderid="111" id="markable_111" span="word_1881..word_1896" />
<markable mmax_level="sentence" orderid="112" id="markable_112" span="word_1897..word_1904" />
<markable mmax_level="sentence" orderid="113" id="markable_113" span="word_1905..word_1916" />
<markable mmax_level="sentence" orderid="114" id="markable_114" span="word_1917..word_1958" />
<markable mmax_level="sentence" orderid="115" id="markable_115" span="word_1959..word_1979" />
<markable mmax_level="sentence" orderid="116" id="markable_116" span="word_1980..word_2010" />
<markable mmax_level="sentence" orderid="117" id="markable_117" span="word_2011..word_2060" />
<markable mmax_level="sentence" orderid="118" id="markable_118" span="word_2061..word_2081" />
<markable mmax_level="sentence" orderid="119" id="markable_119" span="word_2082..word_2095" />
<markable mmax_level="sentence" orderid="120" id="markable_120" span="word_2096..word_2103" />
<markable mmax_level="sentence" orderid="121" id="markable_121" span="word_2104..word_2121" />
<markable mmax_level="sentence" orderid="122" id="markable_122" span="word_2122..word_2127" />
<markable mmax_level="sentence" orderid="123" id="markable_123" span="word_2128..word_2160" />
<markable mmax_level="sentence" orderid="124" id="markable_124" span="word_2161..word_2165" />
<markable mmax_level="sentence" orderid="125" id="markable_125" span="word_2166..word_2177" />
<markable mmax_level="sentence" orderid="126" id="markable_126" span="word_2178..word_2192" />
<markable mmax_level="sentence" orderid="127" id="markable_127" span="word_2193..word_2206" />
<markable mmax_level="sentence" orderid="128" id="markable_128" span="word_2207..word_2232" />
<markable mmax_level="sentence" orderid="129" id="markable_129" span="word_2233..word_2247" />
<markable mmax_level="sentence" orderid="130" id="markable_130" span="word_2248..word_2276" />
<markable mmax_level="sentence" orderid="131" id="markable_131" span="word_2277..word_2306" />
<markable mmax_level="sentence" orderid="132" id="markable_132" span="word_2307..word_2315" />
<markable mmax_level="sentence" orderid="133" id="markable_133" span="word_2316..word_2328" />
<markable mmax_level="sentence" orderid="134" id="markable_134" span="word_2329..word_2344" />
<markable mmax_level="sentence" orderid="135" id="markable_135" span="word_2345..word_2357" />
<markable mmax_level="sentence" orderid="136" id="markable_136" span="word_2358..word_2368" />
<markable mmax_level="sentence" orderid="137" id="markable_137" span="word_2369..word_2384" />
<markable mmax_level="sentence" orderid="138" id="markable_138" span="word_2385..word_2405" />
<markable mmax_level="sentence" orderid="139" id="markable_139" span="word_2406..word_2450" />
<markable mmax_level="sentence" orderid="140" id="markable_140" span="word_2451..word_2484" />
<markable mmax_level="sentence" orderid="141" id="markable_141" span="word_2485..word_2499" />
<markable mmax_level="sentence" orderid="142" id="markable_142" span="word_2500..word_2558" />
<markable mmax_level="sentence" orderid="143" id="markable_143" span="word_2559..word_2578" />
<markable mmax_level="sentence" orderid="144" id="markable_144" span="word_2579..word_2595" />
<markable mmax_level="sentence" orderid="145" id="markable_145" span="word_2596..word_2608" />
<markable mmax_level="sentence" orderid="146" id="markable_146" span="word_2609..word_2615" />
<markable mmax_level="sentence" orderid="147" id="markable_147" span="word_2616..word_2623" />
<markable mmax_level="sentence" orderid="148" id="markable_148" span="word_2624..word_2640" />
<markable mmax_level="sentence" orderid="149" id="markable_149" span="word_2641..word_2647" />
<markable mmax_level="sentence" orderid="150" id="markable_150" span="word_2648..word_2661" />
<markable mmax_level="sentence" orderid="151" id="markable_151" span="word_2662..word_2678" />
<markable mmax_level="sentence" orderid="152" id="markable_152" span="word_2679..word_2690" />
<markable mmax_level="sentence" orderid="153" id="markable_153" span="word_2691..word_2697" />
<markable mmax_level="sentence" orderid="154" id="markable_154" span="word_2698..word_2713" />
<markable mmax_level="sentence" orderid="155" id="markable_155" span="word_2714..word_2725" />
<markable mmax_level="sentence" orderid="156" id="markable_156" span="word_2726..word_2773" />
<markable mmax_level="sentence" orderid="157" id="markable_157" span="word_2774..word_2784" />
<markable mmax_level="sentence" orderid="158" id="markable_158" span="word_2785..word_2795" />
<markable mmax_level="sentence" orderid="159" id="markable_159" span="word_2796..word_2805" />
<markable mmax_level="sentence" orderid="160" id="markable_160" span="word_2806..word_2820" />
<markable mmax_level="sentence" orderid="161" id="markable_161" span="word_2821..word_2845" />
<markable mmax_level="sentence" orderid="162" id="markable_162" span="word_2846..word_2857" />
<markable mmax_level="sentence" orderid="163" id="markable_163" span="word_2858..word_2866" />
<markable mmax_level="sentence" orderid="164" id="markable_164" span="word_2867..word_2875" />
<markable mmax_level="sentence" orderid="165" id="markable_165" span="word_2876..word_2887" />
<markable mmax_level="sentence" orderid="166" id="markable_166" span="word_2888..word_2896" />
<markable mmax_level="sentence" orderid="167" id="markable_167" span="word_2897..word_2906" />
<markable mmax_level="sentence" orderid="168" id="markable_168" span="word_2907..word_2914" />
<markable mmax_level="sentence" orderid="169" id="markable_169" span="word_2915..word_2941" />
<markable mmax_level="sentence" orderid="170" id="markable_170" span="word_2942..word_2952" />
<markable mmax_level="sentence" orderid="171" id="markable_171" span="word_2953..word_2960" />
<markable mmax_level="sentence" orderid="172" id="markable_172" span="word_2961..word_2971" />
<markable mmax_level="sentence" orderid="173" id="markable_173" span="word_2972..word_2987" />
<markable mmax_level="sentence" orderid="174" id="markable_174" span="word_2988..word_2994" />
<markable mmax_level="sentence" orderid="175" id="markable_175" span="word_2995..word_3006" />
<markable mmax_level="sentence" orderid="176" id="markable_176" span="word_3007..word_3017" />
<markable mmax_level="sentence" orderid="177" id="markable_177" span="word_3018..word_3065" />
<markable mmax_level="sentence" orderid="178" id="markable_178" span="word_3066..word_3081" />
<markable mmax_level="sentence" orderid="179" id="markable_179" span="word_3082..word_3089" />
<markable mmax_level="sentence" orderid="180" id="markable_180" span="word_3090..word_3097" />
<markable mmax_level="sentence" orderid="181" id="markable_181" span="word_3098..word_3104" />
<markable mmax_level="sentence" orderid="182" id="markable_182" span="word_3105..word_3114" />
<markable mmax_level="sentence" orderid="183" id="markable_183" span="word_3115..word_3160" />
<markable mmax_level="sentence" orderid="184" id="markable_184" span="word_3161..word_3191" />
<markable mmax_level="sentence" orderid="185" id="markable_185" span="word_3192..word_3246" />
<markable mmax_level="sentence" orderid="186" id="markable_186" span="word_3247..word_3264" />
<markable mmax_level="sentence" orderid="187" id="markable_187" span="word_3265..word_3301" />
<markable mmax_level="sentence" orderid="188" id="markable_188" span="word_3302..word_3318" />
<markable mmax_level="sentence" orderid="189" id="markable_189" span="word_3319..word_3325" />
<markable mmax_level="sentence" orderid="190" id="markable_190" span="word_3326..word_3335" />
<markable mmax_level="sentence" orderid="191" id="markable_191" span="word_3336..word_3358" />
<markable mmax_level="sentence" orderid="192" id="markable_192" span="word_3359..word_3364" />
<markable mmax_level="sentence" orderid="193" id="markable_193" span="word_3365..word_3370" />
<markable mmax_level="sentence" orderid="194" id="markable_194" span="word_3371..word_3424" />
<markable mmax_level="sentence" orderid="195" id="markable_195" span="word_3425..word_3457" />
<markable mmax_level="sentence" orderid="196" id="markable_196" span="word_3458..word_3468" />
<markable mmax_level="sentence" orderid="197" id="markable_197" span="word_3469..word_3489" />
<markable mmax_level="sentence" orderid="198" id="markable_198" span="word_3490..word_3511" />
<markable mmax_level="sentence" orderid="199" id="markable_199" span="word_3512..word_3517" />
<markable mmax_level="sentence" orderid="200" id="markable_200" span="word_3518..word_3523" />
<markable mmax_level="sentence" orderid="201" id="markable_201" span="word_3524..word_3539" />
<markable mmax_level="sentence" orderid="202" id="markable_202" span="word_3540..word_3550" />
<markable mmax_level="sentence" orderid="203" id="markable_203" span="word_3551..word_3662" />
<markable mmax_level="sentence" orderid="204" id="markable_204" span="word_3663..word_3672" />
<markable mmax_level="sentence" orderid="205" id="markable_205" span="word_3673..word_3685" />
<markable mmax_level="sentence" orderid="206" id="markable_206" span="word_3686..word_3693" />
<markable mmax_level="sentence" orderid="207" id="markable_207" span="word_3694..word_3702" />
<markable mmax_level="sentence" orderid="208" id="markable_208" span="word_3703..word_3712" />
<markable mmax_level="sentence" orderid="209" id="markable_209" span="word_3713..word_3718" />
<markable mmax_level="sentence" orderid="210" id="markable_210" span="word_3719..word_3740" />
<markable mmax_level="sentence" orderid="211" id="markable_211" span="word_3741..word_3747" />
<markable mmax_level="sentence" orderid="212" id="markable_212" span="word_3748..word_3772" />
<markable mmax_level="sentence" orderid="213" id="markable_213" span="word_3773..word_3797" />
<markable mmax_level="sentence" orderid="214" id="markable_214" span="word_3798..word_3820" />
<markable mmax_level="sentence" orderid="215" id="markable_215" span="word_3821..word_3838" />
<markable mmax_level="sentence" orderid="216" id="markable_216" span="word_3839..word_3848" />
<markable mmax_level="sentence" orderid="217" id="markable_217" span="word_3849..word_3873" />
<markable mmax_level="sentence" orderid="218" id="markable_218" span="word_3874..word_3894" />
<markable mmax_level="sentence" orderid="219" id="markable_219" span="word_3895..word_3902" />
<markable mmax_level="sentence" orderid="220" id="markable_220" span="word_3903..word_3913" />
<markable mmax_level="sentence" orderid="221" id="markable_221" span="word_3914..word_3921" />
<markable mmax_level="sentence" orderid="222" id="markable_222" span="word_3922..word_3931" />
<markable mmax_level="sentence" orderid="223" id="markable_223" span="word_3932..word_3972" />
<markable mmax_level="sentence" orderid="224" id="markable_224" span="word_3973..word_4016" />
<markable mmax_level="sentence" orderid="225" id="markable_225" span="word_4017..word_4021" />
<markable mmax_level="sentence" orderid="226" id="markable_226" span="word_4022..word_4046" />
<markable mmax_level="sentence" orderid="227" id="markable_227" span="word_4047..word_4057" />
<markable mmax_level="sentence" orderid="228" id="markable_228" span="word_4058..word_4067" />
<markable mmax_level="sentence" orderid="229" id="markable_229" span="word_4068..word_4079" />
<markable mmax_level="sentence" orderid="230" id="markable_230" span="word_4080..word_4089" />
<markable mmax_level="sentence" orderid="231" id="markable_231" span="word_4090..word_4122" />
<markable mmax_level="sentence" orderid="232" id="markable_232" span="word_4123..word_4128" />
<markable mmax_level="sentence" orderid="233" id="markable_233" span="word_4129..word_4133" />
</markables>
