<?xml version="1.0" encoding="UTF-8"?>
<!DOCTYPE markables SYSTEM "markables.dtd">
<markables xmlns="www.eml.org/NameSpaces/coref">
<markable id="markable_203" span="word_210..word_218" coref_class="set_6"  mmax_level="coref"  clausetype="antecedent"  mention="clause" />
<markable id="markable_324" span="word_1559..word_1561" type_of_pronoun="personal"  agreement="none"  coref_class="set_62"  mmax_level="coref"  position="none"  type="antecedent"  mention="pronoun" />
<markable id="markable_445" span="word_3269" type_of_pronoun="personal"  agreement="they (sg.)"  split="simple antecedent"  coref_class="set_117"  mmax_level="coref"  position="it (subject)"  type="anaphoric"  antetype="entity"  mention="pronoun" />
<markable id="markable_202" span="word_207" split="simple antecedent"  agreement="none"  coref_class="set_6"  mmax_level="coref"  position="it (non-subject)"  type="cataphoric"  mention="pronoun"  antetype="entity" />
<markable id="markable_323" span="word_1522" type_of_pronoun="relative"  agreement="they (pl.)"  split="simple antecedent"  coref_class="set_61"  mmax_level="coref"  position="it (subject)"  type="anaphoric"  antetype="entity"  mention="pronoun" />
<markable id="markable_444" span="word_3263" type_of_pronoun="personal"  agreement="they (pl.)"  split="simple antecedent"  coref_class="set_117"  mmax_level="coref"  position="it (subject)"  type="anaphoric"  antetype="entity"  mention="pronoun" />
<markable id="markable_205" span="word_236" type_of_pronoun="possessive"  agreement="they (sg.)"  split="simple antecedent"  coref_class="set_15"  mmax_level="coref"  position="it (subject)"  type="anaphoric"  antetype="entity"  mention="pronoun" />
<markable id="markable_326" span="word_1555..word_1556" coref_class="set_65"  mmax_level="coref"  nptype="antecedent"  mention="np" />
<markable id="markable_447" span="word_3277" type_of_pronoun="demonstrative"  agreement="none"  split="simple antecedent"  coref_class="set_118"  mmax_level="coref"  position="it (non-subject)"  type="anaphoric"  antetype="event"  mention="pronoun" />
<markable id="markable_204" span="word_230..word_231" coref_class="set_15"  mmax_level="coref"  nptype="antecedent"  mention="np" />
<markable id="markable_325" span="word_1563" type_of_pronoun="personal"  agreement="none"  coref_class="set_62"  mmax_level="coref"  position="none"  type="antecedent"  mention="pronoun" />
<markable id="markable_446" span="word_3264..word_3273" coref_class="set_118"  mmax_level="coref"  clausetype="antecedent"  mention="clause" />
<markable id="markable_320" span="word_1509" type_of_pronoun="personal"  agreement="they (sg.)"  split="simple antecedent"  coref_class="set_60"  mmax_level="coref"  position="it (non-subject)"  type="anaphoric"  antetype="entity"  mention="pronoun" />
<markable id="markable_441" span="word_3242..word_3243" coref_class="set_116"  mmax_level="coref"  nptype="antecedent"  mention="np" />
<markable id="markable_440" span="word_3233" type_of_pronoun="personal"  agreement="they (sg.)"  split="simple antecedent"  coref_class="set_115"  mmax_level="coref"  position="it (subject)"  type="anaphoric"  antetype="entity"  mention="pronoun" />
<markable id="markable_201" span="word_182..word_191" coref_class="set_5"  mmax_level="coref"  clausetype="antecedent"  mention="clause" />
<markable id="markable_322" span="word_1519..word_1520" coref_class="set_61"  mmax_level="coref"  nptype="antecedent"  mention="np" />
<markable id="markable_443" span="word_3247..word_3251" coref_class="set_117"  mmax_level="coref"  nptype="antecedent"  mention="np" />
<markable id="markable_200" span="word_199" type_of_pronoun="personal"  agreement="they (sg.)"  split="simple antecedent"  coref_class="set_5"  mmax_level="coref"  position="it (non-subject)"  type="anaphoric"  antetype="entity"  mention="pronoun" />
<markable id="markable_321" span="word_1503" coref_class="empty"  mmax_level="coref"  type="pleonastic"  mention="pronoun" />
<markable id="markable_442" span="word_3245" type_of_pronoun="relative"  agreement="they (sg.)"  split="simple antecedent"  coref_class="set_116"  mmax_level="coref"  position="it (subject)"  type="anaphoric"  antetype="entity"  mention="pronoun" />
<markable id="markable_317" span="word_1445..word_1446" npmod="demonstrative"  split="simple antecedent"  coref_class="set_60"  mmax_level="coref"  anacata="anaphoric"  nptype="np"  antetype="entity"  mention="np" />
<markable id="markable_438" span="word_3207" type_of_pronoun="relative"  agreement="they (sg.)"  split="simple antecedent"  coref_class="set_115"  mmax_level="coref"  position="it (subject)"  type="anaphoric"  antetype="entity"  mention="pronoun" />
<markable id="markable_316" span="word_1435..word_1436" coref_class="set_60"  mmax_level="coref"  nptype="antecedent"  mention="np" />
<markable id="markable_437" span="word_3203..word_3204" coref_class="set_115"  mmax_level="coref"  nptype="antecedent"  mention="np" />
<markable id="markable_319" span="word_1483" coref_class="empty"  mmax_level="coref"  type="pleonastic"  mention="pronoun" />
<markable id="markable_318" span="word_1464" type_of_pronoun="personal"  agreement="they (sg.)"  split="simple antecedent"  coref_class="set_60"  mmax_level="coref"  position="it (non-subject)"  type="anaphoric"  antetype="entity"  mention="pronoun" />
<markable id="markable_439" span="word_3215" type_of_pronoun="personal"  agreement="they (sg.)"  split="simple antecedent"  coref_class="set_115"  mmax_level="coref"  position="it (subject)"  type="anaphoric"  antetype="entity"  mention="pronoun" />
<markable id="markable_450" span="word_3318" type_of_pronoun="demonstrative"  agreement="none"  split="simple antecedent"  coref_class="set_119"  mmax_level="coref"  position="it (non-subject)"  type="anaphoric"  antetype="event"  mention="pronoun" />
<markable id="markable_214" span="word_317" type_of_pronoun="personal"  agreement="they (pl.)"  split="split reference"  coref_class="set_13"  mmax_level="coref"  position="it (non-subject)"  type="anaphoric"  mention="pronoun" />
<markable id="markable_335" span="word_1618" type_of_pronoun="personal"  agreement="they (sg.)"  split="simple antecedent"  coref_class="set_67"  mmax_level="coref"  position="it (non-subject)"  type="anaphoric"  antetype="entity"  mention="pronoun" />
<markable id="markable_456" span="word_3365" coref_class="set_123"  mmax_level="coref"  nptype="antecedent"  mention="np" />
<markable id="markable_213" span="word_303..word_309" coref_class="set_13"  mmax_level="coref"  nptype="antecedent"  mention="np" />
<markable id="markable_334" span="word_1612" type_of_pronoun="personal"  agreement="none"  coref_class="set_67"  mmax_level="coref"  position="it (non-subject)"  type="antecedent"  mention="pronoun" />
<markable id="markable_455" span="word_3363" type_of_pronoun="personal"  agreement="they (sg.)"  split="simple antecedent"  coref_class="set_120"  mmax_level="coref"  position="it (subject)"  type="anaphoric"  antetype="entity"  mention="pronoun" />
<markable id="markable_216" span="word_328" type_of_pronoun="relative"  agreement="they (sg.)"  split="simple antecedent"  coref_class="set_14"  mmax_level="coref"  position="it (subject)"  type="anaphoric"  antetype="entity"  mention="pronoun" />
<markable id="markable_337" span="word_1692" type_of_pronoun="demonstrative"  agreement="none"  split="no explicit antecedent"  coref_class="set_70"  mmax_level="coref"  position="it (non-subject)"  type="anaphoric"  mention="pronoun" />
<markable id="markable_458" span="word_3374" type_of_pronoun="personal"  agreement="they (pl.)"  split="simple antecedent"  coref_class="set_123"  mmax_level="coref"  position="it (subject)"  type="anaphoric"  antetype="entity"  mention="pronoun" />
<markable id="markable_215" span="word_325..word_326" coref_class="set_14"  mmax_level="coref"  nptype="antecedent"  mention="np" />
<markable id="markable_336" span="word_1626" type_of_pronoun="personal"  agreement="they (sg.)"  split="simple antecedent"  coref_class="set_67"  mmax_level="coref"  position="it (non-subject)"  type="anaphoric"  antetype="entity"  mention="pronoun" />
<markable id="markable_457" span="word_3367" type_of_pronoun="relative"  agreement="they (sg.)"  split="simple antecedent"  coref_class="set_123"  mmax_level="coref"  position="it (subject)"  type="anaphoric"  antetype="entity"  mention="pronoun" />
<markable id="markable_210" span="word_277" type_of_pronoun="personal"  agreement="they (sg.)"  split="simple antecedent"  coref_class="set_15"  mmax_level="coref"  position="it (subject)"  type="anaphoric"  antetype="entity"  mention="pronoun" />
<markable id="markable_331" span="word_1634..word_1635" coref_class="set_66"  mmax_level="coref"  nptype="antecedent"  mention="np" />
<markable id="markable_452" span="word_3334" type_of_pronoun="relative"  agreement="they (sg.)"  split="simple antecedent"  coref_class="set_120"  mmax_level="coref"  position="it (subject)"  type="anaphoric"  antetype="entity"  mention="pronoun" />
<markable id="markable_330" span="word_1570" type_of_pronoun="personal"  agreement="they (sg.)"  split="simple antecedent"  coref_class="set_65"  mmax_level="coref"  position="it (non-subject)"  type="anaphoric"  antetype="entity"  mention="pronoun" />
<markable id="markable_451" span="word_3331..word_3332" coref_class="set_120"  mmax_level="coref"  nptype="antecedent"  mention="np" />
<markable id="markable_212" span="word_301" type_of_pronoun="personal"  agreement="they (sg.)"  split="simple antecedent"  coref_class="set_15"  mmax_level="coref"  position="it (non-subject)"  type="anaphoric"  antetype="entity"  mention="pronoun" />
<markable id="markable_333" span="word_1732" type_of_pronoun="demonstrative"  agreement="none"  split="no explicit antecedent"  coref_class="set_70"  mmax_level="coref"  position="it (non-subject)"  type="anaphoric"  mention="pronoun" />
<markable id="markable_454" span="word_3354" type_of_pronoun="personal"  agreement="none"  coref_class="set_121"  mmax_level="coref"  position="none"  type="antecedent"  mention="pronoun" />
<markable id="markable_211" span="word_292" type_of_pronoun="personal"  agreement="they (sg.)"  split="simple antecedent"  coref_class="set_15"  mmax_level="coref"  position="it (subject)"  type="anaphoric"  antetype="entity"  mention="pronoun" />
<markable id="markable_332" span="word_1659" type_of_pronoun="personal"  agreement="they (pl.)"  split="simple antecedent"  coref_class="set_66"  mmax_level="coref"  position="it (subject)"  type="anaphoric"  antetype="entity"  mention="pronoun" />
<markable id="markable_453" span="word_3351" coref_class="set_121"  mmax_level="coref"  nptype="antecedent"  mention="np" />
<markable id="markable_207" span="word_249" type_of_pronoun="personal"  agreement="they (sg.)"  split="simple antecedent"  coref_class="set_15"  mmax_level="coref"  position="it (subject)"  type="anaphoric"  antetype="entity"  mention="pronoun" />
<markable id="markable_328" span="word_1526..word_1535" coref_class="set_63"  mmax_level="coref"  clausetype="antecedent"  mention="clause" />
<markable id="markable_206" span="word_244" type_of_pronoun="personal"  agreement="they (sg.)"  split="simple antecedent"  coref_class="set_15"  mmax_level="coref"  position="it (subject)"  type="anaphoric"  antetype="entity"  mention="pronoun" />
<markable id="markable_327" span="word_1543" type_of_pronoun="demonstrative"  agreement="none"  split="simple antecedent"  coref_class="set_63"  mmax_level="coref"  position="it (non-subject)"  type="anaphoric"  antetype="event"  mention="pronoun" />
<markable id="markable_448" span="word_3310..word_3311,word_3313" coref_class="set_119"  mmax_level="coref"  vptype="antecedent"  mention="vp" />
<markable id="markable_209" span="word_273" type_of_pronoun="personal"  agreement="they (sg.)"  split="simple antecedent"  coref_class="set_15"  mmax_level="coref"  position="it (subject)"  type="anaphoric"  antetype="entity"  mention="pronoun" />
<markable id="markable_208" span="word_263" type_of_pronoun="personal"  agreement="they (sg.)"  split="simple antecedent"  coref_class="set_15"  mmax_level="coref"  position="it (subject)"  type="anaphoric"  antetype="entity"  mention="pronoun" />
<markable id="markable_329" span="word_1564" type_of_pronoun="personal"  agreement="they (sg.)"  split="simple antecedent"  coref_class="set_65"  mmax_level="coref"  position="it (non-subject)"  type="anaphoric"  antetype="entity"  mention="pronoun" />
<markable id="markable_340" span="word_1762" type_of_pronoun="demonstrative"  agreement="they (sg.)"  split="no explicit antecedent"  coref_class="set_70"  mmax_level="coref"  position="it (non-subject)"  type="anaphoric"  mention="pronoun" />
<markable id="markable_461" span="word_3446..word_3448" coref_class="set_126"  mmax_level="coref"  nptype="antecedent"  mention="np" />
<markable id="markable_460" span="word_3414" type_of_pronoun="demonstrative"  agreement="they (sg.)"  split="simple antecedent"  coref_class="set_124"  mmax_level="coref"  position="it (non-subject)"  type="anaphoric"  antetype="entity"  mention="pronoun" />
<markable id="markable_225" span="word_467" type_of_pronoun="personal"  agreement="they (sg.)"  split="simple antecedent"  coref_class="set_19"  mmax_level="coref"  position="it (non-subject)"  type="anaphoric"  antetype="entity"  mention="pronoun" />
<markable id="markable_346" span="word_1834" type_of_pronoun="personal"  agreement="they (sg.)"  split="simple antecedent"  coref_class="set_72"  mmax_level="coref"  position="it (subject)"  type="anaphoric"  antetype="entity"  mention="pronoun" />
<markable id="markable_467" span="word_3555" type_of_pronoun="relative"  agreement="they (sg.)"  split="simple antecedent"  coref_class="set_128"  mmax_level="coref"  position="it (subject)"  type="anaphoric"  antetype="entity"  mention="pronoun" />
<markable id="markable_224" span="word_459..word_461" coref_class="set_19"  mmax_level="coref"  nptype="antecedent"  mention="np" />
<markable id="markable_345" span="word_1828..word_1829" coref_class="set_72"  mmax_level="coref"  nptype="antecedent"  mention="np" />
<markable id="markable_466" span="word_3552..word_3553" coref_class="set_128"  mmax_level="coref"  nptype="antecedent"  mention="np" />
<markable id="markable_227" span="word_498..word_499" npmod="def-article"  split="simple antecedent"  coref_class="set_19"  mmax_level="coref"  anacata="anaphoric"  nptype="np"  antetype="entity"  mention="np" />
<markable id="markable_348" span="word_1854" type_of_pronoun="demonstrative"  agreement="they (sg.)"  split="simple antecedent"  coref_class="set_73"  mmax_level="coref"  position="it (non-subject)"  type="anaphoric"  antetype="entity"  mention="pronoun" />
<markable id="markable_469" span="word_3663" coref_class="empty"  mmax_level="coref"  type="pleonastic"  mention="pronoun" />
<markable id="markable_226" span="word_476" coref_class="empty"  mmax_level="coref"  type="pleonastic"  mention="pronoun" />
<markable id="markable_347" span="word_1846..word_1852" coref_class="set_73"  mmax_level="coref"  nptype="antecedent"  mention="np" />
<markable id="markable_468" span="word_3622" type_of_pronoun="demonstrative"  agreement="none"  split="no explicit antecedent"  coref_class="empty"  mmax_level="coref"  position="it (subject)"  type="anaphoric"  mention="pronoun" />
<markable id="markable_221" span="word_392" type_of_pronoun="relative"  agreement="they (sg.)"  split="simple antecedent"  coref_class="set_16"  mmax_level="coref"  position="it (subject)"  type="anaphoric"  antetype="entity"  mention="pronoun" />
<markable id="markable_342" span="word_1782" type_of_pronoun="personal"  agreement="they (sg.)"  split="no explicit antecedent"  coref_class="set_70"  mmax_level="coref"  position="it (non-subject)"  type="anaphoric"  mention="pronoun" />
<markable id="markable_463" span="word_3457" type_of_pronoun="relative"  agreement="they (pl.)"  split="simple antecedent"  coref_class="set_126"  mmax_level="coref"  position="it (subject)"  type="anaphoric"  antetype="entity"  mention="pronoun" />
<markable id="markable_220" span="word_389..word_390" coref_class="set_16"  mmax_level="coref"  nptype="antecedent"  mention="np" />
<markable id="markable_341" span="word_1769" type_of_pronoun="personal"  agreement="they (sg.)"  split="no explicit antecedent"  coref_class="set_70"  mmax_level="coref"  position="it (non-subject)"  type="anaphoric"  mention="pronoun" />
<markable id="markable_462" span="word_3450" type_of_pronoun="relative"  agreement="they (pl.)"  split="simple antecedent"  coref_class="set_126"  mmax_level="coref"  position="it (subject)"  type="anaphoric"  antetype="entity"  mention="pronoun" />
<markable id="markable_223" span="word_385..word_386" coref_class="set_17"  mmax_level="coref"  nptype="antecedent"  mention="np" />
<markable id="markable_344" span="word_1814" type_of_pronoun="personal"  agreement="they (sg.)"  split="simple antecedent"  coref_class="set_71"  mmax_level="coref"  position="it (subject)"  type="anaphoric"  antetype="entity"  mention="pronoun" />
<markable id="markable_465" span="word_3500" type_of_pronoun="relative"  agreement="they (pl.)"  split="simple antecedent"  coref_class="set_127"  mmax_level="coref"  position="it (subject)"  type="anaphoric"  antetype="entity"  mention="pronoun" />
<markable id="markable_222" span="word_401" type_of_pronoun="personal"  agreement="they (sg.)"  split="simple antecedent"  coref_class="set_17"  mmax_level="coref"  position="it (non-subject)"  type="anaphoric"  antetype="entity"  mention="pronoun" />
<markable id="markable_343" span="word_1810..word_1811" coref_class="set_71"  mmax_level="coref"  nptype="antecedent"  mention="np" />
<markable id="markable_464" span="word_3498" coref_class="set_127"  mmax_level="coref"  nptype="antecedent"  mention="np" />
<markable id="markable_218" span="word_378" coref_class="empty"  mmax_level="coref"  type="pleonastic"  mention="pronoun" />
<markable id="markable_339" span="word_1716" type_of_pronoun="personal"  agreement="they (sg.)"  split="no explicit antecedent"  coref_class="set_70"  mmax_level="coref"  position="it (subject)"  type="anaphoric"  mention="pronoun" />
<markable id="markable_217" span="word_372" type_of_pronoun="personal"  agreement="they (sg.)"  split="simple antecedent"  coref_class="set_15"  mmax_level="coref"  position="it (subject)"  type="anaphoric"  antetype="entity"  mention="pronoun" />
<markable id="markable_338" span="word_1712" type_of_pronoun="personal"  agreement="they (sg.)"  split="no explicit antecedent"  coref_class="set_70"  mmax_level="coref"  position="it (non-subject)"  type="anaphoric"  mention="pronoun" />
<markable id="markable_459" span="word_3411..word_3412" coref_class="set_124"  mmax_level="coref"  nptype="antecedent"  mention="np" />
<markable id="markable_219" span="word_344" coref_class="empty"  mmax_level="coref"  type="pleonastic"  mention="pronoun" />
<markable id="markable_470" span="word_3674" coref_class="empty"  mmax_level="coref"  type="pleonastic"  mention="pronoun" />
<markable id="markable_230" span="word_517" type_of_pronoun="personal"  agreement="they (sg.)"  split="simple antecedent"  coref_class="set_20"  mmax_level="coref"  position="it (non-subject)"  type="anaphoric"  antetype="entity"  mention="pronoun" />
<markable id="markable_351" span="word_1868" type_of_pronoun="personal"  agreement="they (sg.)"  split="simple antecedent"  coref_class="set_74"  mmax_level="coref"  position="it (subject)"  type="anaphoric"  antetype="entity"  mention="pronoun" />
<markable id="markable_472" span="word_3679..word_3680" npmod="demonstrative"  split="simple antecedent"  coref_class="set_129"  mmax_level="coref"  anacata="anaphoric"  nptype="np"  antetype="entity"  mention="np" />
<markable id="markable_350" span="word_1859..word_1862" coref_class="set_74"  mmax_level="coref"  nptype="antecedent"  mention="np" />
<markable id="markable_471" span="word_3640..word_3645" type_of_pronoun="personal"  agreement="none"  coref_class="set_129"  mmax_level="coref"  position="none"  type="antecedent"  mention="pronoun" />
<markable id="markable_236" span="word_598" type_of_pronoun="personal"  agreement="they (sg.)"  split="simple antecedent"  coref_class="set_35"  mmax_level="coref"  position="it (subject)"  type="anaphoric"  antetype="entity"  mention="pronoun" />
<markable id="markable_357" span="word_2009" type_of_pronoun="demonstrative"  agreement="none"  split="simple antecedent"  coref_class="set_77"  mmax_level="coref"  position="it (non-subject)"  type="anaphoric"  antetype="event"  mention="pronoun" />
<markable id="markable_478" span="word_3737" type_of_pronoun="personal"  agreement="they (sg.)"  split="simple antecedent"  coref_class="set_158"  mmax_level="coref"  position="it (subject)"  type="anaphoric"  antetype="entity"  mention="pronoun" />
<markable id="markable_235" span="word_591" type_of_pronoun="personal"  agreement="they (sg.)"  split="simple antecedent"  coref_class="set_35"  mmax_level="coref"  position="it (subject)"  type="anaphoric"  antetype="entity"  mention="pronoun" />
<markable id="markable_356" span="word_1999..word_2008" coref_class="set_77"  mmax_level="coref"  clausetype="antecedent"  mention="clause" />
<markable id="markable_477" span="word_3733" type_of_pronoun="personal"  split="simple antecedent"  agreement="they (sg.)"  coref_class="set_158"  mmax_level="coref"  position="it (subject)"  type="anaphoric"  mention="pronoun"  antetype="entity" />
<markable id="markable_238" span="word_604..word_605" coref_class="set_23"  mmax_level="coref"  nptype="antecedent"  mention="np" />
<markable id="markable_359" span="word_2077" type_of_pronoun="personal"  agreement="they (pl.)"  split="simple antecedent"  coref_class="set_78"  mmax_level="coref"  position="it (subject)"  type="anaphoric"  antetype="entity"  mention="pronoun" />
<markable id="markable_237" span="word_618" type_of_pronoun="personal"  agreement="they (sg.)"  split="simple antecedent"  coref_class="set_35"  mmax_level="coref"  position="it (subject)"  type="anaphoric"  antetype="entity"  mention="pronoun" />
<markable id="markable_358" span="word_2074..word_2075" coref_class="set_78"  mmax_level="coref"  nptype="antecedent"  mention="np" />
<markable id="markable_479" span="word_3746..word_3747" coref_class="set_134"  mmax_level="coref"  nptype="antecedent"  mention="np" />
<markable id="markable_232" span="word_570..word_571" coref_class="set_21"  mmax_level="coref"  nptype="antecedent"  mention="np" />
<markable id="markable_353" span="word_1929" type_of_pronoun="personal"  agreement="they (sg.)"  split="simple antecedent"  coref_class="set_76"  mmax_level="coref"  position="it (subject)"  type="anaphoric"  antetype="entity"  mention="pronoun" />
<markable id="markable_474" span="word_3683..word_3684" split="simple antecedent"  coref_class="set_130"  mmax_level="coref"  type="nom substitution"  antetype="entity"  mention="pronoun" />
<markable id="markable_231" span="word_524" type_of_pronoun="personal"  agreement="they (sg.)"  split="simple antecedent"  coref_class="set_20"  mmax_level="coref"  position="it (subject)"  type="anaphoric"  antetype="entity"  mention="pronoun" />
<markable id="markable_352" span="word_1891..word_1892" npmod="demonstrative"  split="simple antecedent"  coref_class="set_73"  mmax_level="coref"  anacata="anaphoric"  nptype="np"  antetype="entity"  mention="np" />
<markable id="markable_473" span="word_3676..word_3677" type_of_pronoun="personal"  agreement="none"  coref_class="set_130"  mmax_level="coref"  position="none"  type="antecedent"  mention="pronoun" />
<markable id="markable_234" span="word_567..word_568" coref_class="set_35"  mmax_level="coref"  nptype="antecedent"  mention="np" />
<markable id="markable_355" span="word_1918..word_1919" coref_class="set_76"  mmax_level="coref"  nptype="antecedent"  mention="np" />
<markable id="markable_476" span="word_3729..word_3730" coref_class="set_158"  mmax_level="coref"  nptype="antecedent"  mention="np" />
<markable id="markable_233" span="word_573" type_of_pronoun="relative"  agreement="they (sg.)"  split="simple antecedent"  coref_class="set_21"  mmax_level="coref"  position="it (subject)"  type="anaphoric"  antetype="entity"  mention="pronoun" />
<markable id="markable_354" span="word_1921..word_1922" npmod="demonstrative"  split="simple antecedent"  coref_class="set_76"  mmax_level="coref"  anacata="anaphoric"  nptype="np"  antetype="entity"  mention="np" />
<markable id="markable_475" span="word_3686" type_of_pronoun="relative"  agreement="they (sg.)"  split="simple antecedent"  coref_class="set_130"  mmax_level="coref"  position="it (non-subject)"  type="anaphoric"  antetype="entity"  mention="pronoun" />
<markable id="markable_229" span="word_511" coref_class="set_20"  mmax_level="coref"  nptype="antecedent"  mention="np" />
<markable id="markable_228" span="word_508" type_of_pronoun="personal"  agreement="they (sg.)"  split="simple antecedent"  coref_class="set_19"  mmax_level="coref"  position="it (subject)"  type="anaphoric"  antetype="entity"  mention="pronoun" />
<markable id="markable_349" span="word_1861..word_1862" npmod="demonstrative"  split="simple antecedent"  coref_class="set_73"  mmax_level="coref"  anacata="anaphoric"  nptype="np"  antetype="entity"  mention="np" />
<markable id="markable_360" span="word_2079..word_2081" coref_class="set_83"  mmax_level="coref"  nptype="antecedent"  mention="np" />
<markable id="markable_481" span="word_3756" type_of_pronoun="possessive"  split="simple antecedent"  agreement="they (sg.)"  coref_class="set_158"  mmax_level="coref"  position="it (subject)"  type="anaphoric"  mention="pronoun"  antetype="entity" />
<markable id="markable_480" span="word_3751" type_of_pronoun="personal"  agreement="they (sg.)"  split="simple antecedent"  coref_class="set_134"  mmax_level="coref"  position="it (subject)"  type="anaphoric"  antetype="entity"  mention="pronoun" />
<markable id="markable_241" span="word_647" type_of_pronoun="relative"  agreement="they (sg.)"  split="simple antecedent"  coref_class="set_24"  mmax_level="coref"  position="it (subject)"  type="anaphoric"  antetype="entity"  mention="pronoun" />
<markable id="markable_362" span="word_2083..word_2086" coref_class="empty"  mmax_level="coref"  clausetype="antecedent"  mention="clause" />
<markable id="markable_483" span="word_3764" type_of_pronoun="relative"  split="simple antecedent"  agreement="they (sg.)"  coref_class="set_135"  mmax_level="coref"  position="it (subject)"  type="anaphoric"  mention="pronoun"  antetype="entity" />
<markable id="markable_240" span="word_642..word_643" coref_class="set_24"  mmax_level="coref"  nptype="antecedent"  mention="np" />
<markable id="markable_361" span="word_2085" type_of_pronoun="personal"  agreement="none"  coref_class="set_83"  mmax_level="coref"  position="none"  type="antecedent"  mention="pronoun" />
<markable id="markable_482" span="word_3760..word_3762" coref_class="set_135"  mmax_level="coref"  nptype="antecedent"  mention="np" />
<markable id="markable_247" span="word_708" type_of_pronoun="personal"  agreement="none"  split="simple antecedent"  coref_class="set_28"  mmax_level="coref"  position="it (non-subject)"  type="anaphoric"  antetype="event"  mention="pronoun" />
<markable id="markable_368" span="word_2134" type_of_pronoun="personal"  agreement="they (sg.)"  split="simple antecedent"  coref_class="set_81"  mmax_level="coref"  position="it (subject)"  type="anaphoric"  antetype="entity"  mention="pronoun" />
<markable id="markable_489" span="word_3835..word_3836" coref_class="set_138"  mmax_level="coref"  nptype="antecedent"  mention="np" />
<markable id="markable_246" span="word_700..word_704" coref_class="set_28"  mmax_level="coref"  clausetype="antecedent"  mention="clause" />
<markable id="markable_367" span="word_2129..word_2131" coref_class="set_81"  mmax_level="coref"  nptype="antecedent"  mention="np" />
<markable id="markable_488" span="word_3825..word_3826" coref_class="set_137"  mmax_level="coref"  nptype="antecedent"  mention="np" />
<markable id="markable_249" span="word_737..word_738" coref_class="set_32"  mmax_level="coref"  nptype="antecedent"  mention="np" />
<markable id="markable_248" span="word_711" type_of_pronoun="demonstrative"  agreement="none"  split="simple antecedent"  coref_class="set_28"  mmax_level="coref"  position="it (subject)"  type="anaphoric"  antetype="event"  mention="pronoun" />
<markable id="markable_369" span="word_2136" type_of_pronoun="personal"  agreement="they (sg.)"  split="simple antecedent"  coref_class="set_83"  mmax_level="coref"  position="it (subject)"  type="anaphoric"  antetype="entity"  mention="pronoun" />
<markable id="markable_243" span="word_667" coref_class="empty"  mmax_level="coref"  type="pleonastic"  mention="pronoun" />
<markable id="markable_364" span="word_2100..word_2101" coref_class="set_80"  mmax_level="coref"  nptype="antecedent"  mention="np" />
<markable id="markable_485" span="word_3813..word_3814" coref_class="set_136"  mmax_level="coref"  nptype="antecedent"  mention="np" />
<markable id="markable_242" span="word_660" type_of_pronoun="personal"  agreement="they (sg.)"  split="simple antecedent"  coref_class="set_35"  mmax_level="coref"  position="it (subject)"  type="anaphoric"  antetype="entity"  mention="pronoun" />
<markable id="markable_363" span="word_2089" type_of_pronoun="personal"  agreement="none"  split="simple antecedent"  coref_class="empty"  mmax_level="coref"  position="it (non-subject)"  type="anaphoric"  antetype="event"  mention="pronoun" />
<markable id="markable_484" span="word_3771" type_of_pronoun="personal"  split="simple antecedent"  agreement="they (sg.)"  coref_class="set_158"  mmax_level="coref"  position="it (non-subject)"  type="anaphoric"  mention="pronoun"  antetype="entity" />
<markable id="markable_245" span="word_688" type_of_pronoun="personal"  agreement="they (sg.)"  split="simple antecedent"  coref_class="set_35"  mmax_level="coref"  position="it (non-subject)"  type="anaphoric"  antetype="entity"  mention="pronoun" />
<markable id="markable_366" span="word_2127" type_of_pronoun="personal"  agreement="they (sg.)"  split="simple antecedent"  coref_class="set_83"  mmax_level="coref"  position="it (subject)"  type="anaphoric"  antetype="entity"  mention="pronoun" />
<markable id="markable_487" span="word_3833" type_of_pronoun="personal"  agreement="they (sg.)"  split="simple antecedent"  coref_class="set_137"  mmax_level="coref"  position="it (subject)"  type="anaphoric"  antetype="entity"  mention="pronoun" />
<markable id="markable_244" span="word_671" type_of_pronoun="personal"  agreement="they (sg.)"  split="simple antecedent"  coref_class="set_35"  mmax_level="coref"  position="it (subject)"  type="anaphoric"  antetype="entity"  mention="pronoun" />
<markable id="markable_365" span="word_2103" type_of_pronoun="personal"  agreement="they (sg.)"  split="simple antecedent"  coref_class="set_80"  mmax_level="coref"  position="it (subject)"  type="anaphoric"  antetype="entity"  mention="pronoun" />
<markable id="markable_486" span="word_3816" type_of_pronoun="relative"  agreement="they (sg.)"  split="simple antecedent"  coref_class="set_136"  mmax_level="coref"  position="it (subject)"  type="anaphoric"  antetype="entity"  mention="pronoun" />
<markable id="markable_239" span="word_609" type_of_pronoun="relative"  agreement="they (sg.)"  split="simple antecedent"  coref_class="set_23"  mmax_level="coref"  position="it (subject)"  type="anaphoric"  antetype="entity"  mention="pronoun" />
<markable id="markable_250" span="word_744" type_of_pronoun="personal"  agreement="they (sg.)"  split="simple antecedent"  coref_class="set_32"  mmax_level="coref"  position="it (subject)"  type="anaphoric"  antetype="entity"  mention="pronoun" />
<markable id="markable_371" span="word_2156" type_of_pronoun="personal"  agreement="they (sg.)"  split="no explicit antecedent"  coref_class="empty"  mmax_level="coref"  position="it (subject)"  type="anaphoric"  mention="pronoun" />
<markable id="markable_492" span="word_3863..word_3867" coref_class="set_139"  mmax_level="coref"  clausetype="antecedent"  mention="clause" />
<markable id="markable_370" span="word_2183" coref_class="empty"  mmax_level="coref"  type="extratextual reference"  mention="pronoun" />
<markable id="markable_491" span="word_3856" agreement="none"  split="simple antecedent"  coref_class="set_139"  mmax_level="coref"  position="it (non-subject)"  type="cataphoric"  antetype="event"  mention="pronoun" />
<markable id="markable_252" span="word_757" type_of_pronoun="personal"  agreement="they (sg.)"  split="simple antecedent"  coref_class="set_32"  mmax_level="coref"  position="it (subject)"  type="anaphoric"  antetype="entity"  mention="pronoun" />
<markable id="markable_373" span="word_2228..word_2231" coref_class="set_84"  mmax_level="coref"  nptype="antecedent"  mention="np" />
<markable id="markable_494" span="word_3874" type_of_pronoun="relative"  agreement="they (pl.)"  split="simple antecedent"  coref_class="set_140"  mmax_level="coref"  position="it (non-subject)"  type="anaphoric"  antetype="entity"  mention="pronoun" />
<markable id="markable_251" span="word_751" type_of_pronoun="personal"  agreement="they (sg.)"  split="simple antecedent"  coref_class="set_32"  mmax_level="coref"  position="it (subject)"  type="anaphoric"  antetype="entity"  mention="pronoun" />
<markable id="markable_372" span="word_2187" coref_class="empty"  mmax_level="coref"  type="extratextual reference"  mention="pronoun" />
<markable id="markable_493" span="word_3871..word_3872" coref_class="set_140"  mmax_level="coref"  nptype="antecedent"  mention="np" />
<markable id="markable_490" span="word_3839" type_of_pronoun="personal"  agreement="they (sg.)"  split="simple antecedent"  coref_class="set_138"  mmax_level="coref"  position="it (non-subject)"  type="anaphoric"  antetype="entity"  mention="pronoun" />
<markable id="markable_258" span="word_822" type_of_pronoun="relative"  agreement="they (pl.)"  split="simple antecedent"  coref_class="set_34"  mmax_level="coref"  position="it (subject)"  type="anaphoric"  antetype="entity"  mention="pronoun" />
<markable id="markable_379" span="word_2320" coref_class="set_87"  mmax_level="coref"  type="extratextual reference"  mention="pronoun" />
<markable id="markable_257" span="word_818" coref_class="set_34"  mmax_level="coref"  nptype="antecedent"  mention="np" />
<markable id="markable_378" span="word_2310" coref_class="set_87"  mmax_level="coref"  type="extratextual reference"  mention="pronoun" />
<markable id="markable_499" span="word_3953" type_of_pronoun="personal"  agreement="none"  split="no explicit antecedent"  coref_class="set_143"  mmax_level="coref"  position="it (subject)"  type="anaphoric"  mention="pronoun" />
<markable id="markable_259" span="word_831" type_of_pronoun="personal"  agreement="they (sg.)"  split="simple antecedent"  coref_class="set_35"  mmax_level="coref"  position="it (subject)"  type="anaphoric"  antetype="entity"  mention="pronoun" />
<markable id="markable_254" span="word_794" type_of_pronoun="possessive"  agreement="they (sg.)"  split="simple antecedent"  coref_class="set_32"  mmax_level="coref"  position="it (non-subject)"  type="anaphoric"  antetype="entity"  mention="pronoun" />
<markable id="markable_375" span="word_2246" coref_class="empty"  mmax_level="coref"  type="pleonastic"  mention="pronoun" />
<markable id="markable_496" span="word_3897" type_of_pronoun="personal"  agreement="they (sg.)"  split="simple antecedent"  coref_class="set_142"  mmax_level="coref"  position="it (subject)"  type="anaphoric"  antetype="entity"  mention="pronoun" />
<markable id="markable_253" span="word_776" type_of_pronoun="personal"  agreement="they (sg.)"  split="simple antecedent"  coref_class="set_32"  mmax_level="coref"  position="it (subject)"  type="anaphoric"  antetype="entity"  mention="pronoun" />
<markable id="markable_374" span="word_2236" type_of_pronoun="demonstrative"  agreement="none"  split="simple antecedent"  coref_class="set_84"  mmax_level="coref"  position="it (non-subject)"  type="anaphoric"  antetype="event"  mention="pronoun" />
<markable id="markable_495" span="word_3890" coref_class="set_142"  mmax_level="coref"  nptype="antecedent"  mention="np" />
<markable id="markable_256" span="word_567..word_568,word_737..word_738" coref_class="set_33"  mmax_level="coref"  nptype="antecedent"  mention="np" />
<markable id="markable_377" span="word_2278" type_of_pronoun="personal"  agreement="they (sg.)"  split="simple antecedent"  coref_class="set_85"  mmax_level="coref"  position="it (non-subject)"  type="anaphoric"  antetype="entity"  mention="pronoun" />
<markable id="markable_498" span="word_3910" type_of_pronoun="personal"  agreement="they (sg.)"  split="simple antecedent"  coref_class="set_142"  mmax_level="coref"  position="it (subject)"  type="anaphoric"  antetype="entity"  mention="pronoun" />
<markable id="markable_255" span="word_815" type_of_pronoun="personal"  agreement="they (pl.)"  split="simple antecedent"  coref_class="set_33"  mmax_level="coref"  position="it (subject)"  type="anaphoric"  antetype="entity"  mention="pronoun" />
<markable id="markable_376" span="word_2257..word_2263" coref_class="set_85"  mmax_level="coref"  nptype="antecedent"  mention="np" />
<markable id="markable_497" span="word_3902" type_of_pronoun="personal"  agreement="they (sg.)"  split="simple antecedent"  coref_class="set_142"  mmax_level="coref"  position="it (subject)"  type="anaphoric"  antetype="entity"  mention="pronoun" />
<markable id="markable_261" span="word_843" type_of_pronoun="demonstrative"  agreement="none"  split="simple antecedent"  coref_class="set_36"  mmax_level="coref"  position="it (non-subject)"  type="anaphoric"  antetype="event"  mention="pronoun" />
<markable id="markable_382" span="word_2348" coref_class="set_87"  mmax_level="coref"  type="extratextual reference"  mention="pronoun" />
<markable id="markable_260" span="word_831..word_841" coref_class="set_36"  mmax_level="coref"  nptype="antecedent"  mention="np" />
<markable id="markable_381" span="word_2336" coref_class="set_87"  mmax_level="coref"  type="extratextual reference"  mention="pronoun" />
<markable id="markable_263" span="word_862" type_of_pronoun="personal"  agreement="they (sg.)"  split="simple antecedent"  coref_class="set_38"  mmax_level="coref"  position="it (subject)"  type="anaphoric"  antetype="entity"  mention="pronoun" />
<markable id="markable_384" span="word_2368" type_of_pronoun="personal"  agreement="they (sg.)"  split="simple antecedent"  coref_class="set_88"  mmax_level="coref"  position="it (non-subject)"  type="anaphoric"  antetype="entity"  mention="pronoun" />
<markable id="markable_262" span="word_849..word_856" coref_class="set_38"  mmax_level="coref"  nptype="antecedent"  mention="np" />
<markable id="markable_383" span="word_2360..word_2363" coref_class="set_88"  mmax_level="coref"  nptype="antecedent"  mention="np" />
<markable id="markable_380" span="word_2331" type_of_pronoun="personal"  agreement="they (pl.)"  split="simple antecedent"  coref_class="set_87"  mmax_level="coref"  position="it (subject)"  type="anaphoric"  antetype="entity"  mention="pronoun" />
<markable id="markable_269" span="word_934" coref_class="empty"  mmax_level="coref"  type="extratextual reference"  mention="pronoun" />
<markable id="markable_268" span="word_924" split="simple antecedent"  coref_class="set_40"  mmax_level="coref"  type="nom substitution"  antetype="entity"  mention="pronoun" />
<markable id="markable_389" span="word_2461..word_2467" coref_class="set_90"  mmax_level="coref"  nptype="antecedent"  mention="np" />
<markable id="markable_265" span="word_899" type_of_pronoun="personal"  agreement="they (sg.)"  split="simple antecedent"  coref_class="set_38"  mmax_level="coref"  position="it (subject)"  type="anaphoric"  antetype="entity"  mention="pronoun" />
<markable id="markable_386" span="word_2402..word_2406" coref_class="set_89"  mmax_level="coref"  nptype="antecedent"  mention="np" />
<markable id="markable_264" span="word_894..word_896" npmod="demonstrative"  split="simple antecedent"  coref_class="set_38"  mmax_level="coref"  anacata="anaphoric"  nptype="np"  antetype="entity"  mention="np" />
<markable id="markable_385" span="word_2378" coref_class="empty"  mmax_level="coref"  type="pleonastic"  mention="pronoun" />
<markable id="markable_267" span="word_911..word_913" coref_class="set_40"  mmax_level="coref"  nptype="antecedent"  mention="np" />
<markable id="markable_388" span="word_2473" type_of_pronoun="demonstrative"  agreement="they (sg.)"  split="simple antecedent"  coref_class="set_90"  mmax_level="coref"  position="it (subject)"  type="anaphoric"  antetype="entity"  mention="pronoun" />
<markable id="markable_266" span="word_902" type_of_pronoun="personal"  agreement="they (sg.)"  split="simple antecedent"  coref_class="set_38"  mmax_level="coref"  position="it (subject)"  type="anaphoric"  antetype="entity"  mention="pronoun" />
<markable id="markable_387" span="word_2408" type_of_pronoun="demonstrative"  agreement="they (sg.)"  split="simple antecedent"  coref_class="set_89"  mmax_level="coref"  position="it (subject)"  type="anaphoric"  antetype="entity"  mention="pronoun" />
<markable id="markable_272" span="word_991..word_992" coref_class="set_41"  mmax_level="coref"  nptype="antecedent"  mention="np" />
<markable id="markable_393" span="word_2509" type_of_pronoun="demonstrative"  agreement="they (sg.)"  split="simple antecedent"  coref_class="set_93"  mmax_level="coref"  position="it (non-subject)"  type="anaphoric"  antetype="entity"  mention="pronoun" />
<markable id="markable_271" span="word_961..word_962" npmod="def-article"  split="simple antecedent"  coref_class="set_40"  mmax_level="coref"  anacata="anaphoric"  nptype="np"  antetype="entity"  mention="np" />
<markable id="markable_392" span="word_2506" type_of_pronoun="relative"  agreement="they (sg.)"  split="simple antecedent"  coref_class="set_92"  mmax_level="coref"  position="it (subject)"  type="anaphoric"  antetype="entity"  mention="pronoun" />
<markable id="markable_274" span="word_1013..word_1015" coref_class="set_54"  mmax_level="coref"  nptype="antecedent"  mention="np" />
<markable id="markable_395" span="word_2515..word_2516" coref_class="set_94"  mmax_level="coref"  nptype="antecedent"  mention="np" />
<markable id="markable_273" span="word_994" type_of_pronoun="relative"  agreement="they (sg.)"  split="simple antecedent"  coref_class="set_41"  mmax_level="coref"  position="it (subject)"  type="anaphoric"  antetype="entity"  mention="pronoun" />
<markable id="markable_394" span="word_2483..word_2484" coref_class="set_93"  mmax_level="coref"  nptype="antecedent"  mention="np" />
<markable id="markable_270" span="word_942" coref_class="empty"  mmax_level="coref"  type="extratextual reference"  mention="pronoun" />
<markable id="markable_391" span="word_2503..word_2504" npmod="demonstrative"  split="simple antecedent"  coref_class="set_92"  mmax_level="coref"  anacata="anaphoric"  nptype="np"  antetype="entity"  mention="np" />
<markable id="markable_390" span="word_2465..word_2466" coref_class="set_92"  mmax_level="coref"  nptype="antecedent"  mention="np" />
<markable id="markable_276" span="word_1048" type_of_pronoun="demonstrative"  agreement="none"  split="simple antecedent"  coref_class="set_43"  mmax_level="coref"  position="it (subject)"  type="anaphoric"  antetype="event"  mention="pronoun" />
<markable id="markable_397" span="word_2533..word_2534" coref_class="set_95"  mmax_level="coref"  nptype="antecedent"  mention="np" />
<markable id="markable_275" span="word_1042..word_1043" npmod="demonstrative"  split="simple antecedent"  coref_class="set_54"  mmax_level="coref"  anacata="anaphoric"  nptype="np"  antetype="entity"  mention="np" />
<markable id="markable_396" span="word_2530" type_of_pronoun="personal"  agreement="they (sg.)"  split="simple antecedent"  coref_class="set_94"  mmax_level="coref"  position="it (subject)"  type="anaphoric"  antetype="entity"  mention="pronoun" />
<markable id="markable_278" span="word_1055" type_of_pronoun="personal"  agreement="they (sg.)"  split="simple antecedent"  coref_class="set_54"  mmax_level="coref"  position="it (non-subject)"  type="anaphoric"  antetype="entity"  mention="pronoun" />
<markable id="markable_399" span="word_2544" type_of_pronoun="personal"  agreement="they (sg.)"  split="simple antecedent"  coref_class="set_95"  mmax_level="coref"  position="it (subject)"  type="anaphoric"  antetype="entity"  mention="pronoun" />
<markable id="markable_277" span="word_1040..word_1046" coref_class="set_43"  mmax_level="coref"  clausetype="antecedent"  mention="clause" />
<markable id="markable_398" span="word_2536" type_of_pronoun="relative"  agreement="they (sg.)"  split="simple antecedent"  coref_class="set_95"  mmax_level="coref"  position="it (subject)"  type="anaphoric"  antetype="entity"  mention="pronoun" />
<markable id="markable_283" span="word_1092" type_of_pronoun="personal"  agreement="they (sg.)"  split="simple antecedent"  coref_class="set_54"  mmax_level="coref"  position="it (subject)"  type="anaphoric"  antetype="entity"  mention="pronoun" />
<markable id="markable_282" span="word_1081" type_of_pronoun="personal"  agreement="they (sg.)"  split="simple antecedent"  coref_class="set_54"  mmax_level="coref"  position="it (non-subject)"  type="anaphoric"  antetype="entity"  mention="pronoun" />
<markable id="markable_285" span="word_1122" type_of_pronoun="personal"  agreement="they (sg.)"  split="simple antecedent"  coref_class="set_54"  mmax_level="coref"  position="it (non-subject)"  type="anaphoric"  antetype="entity"  mention="pronoun" />
<markable id="markable_284" span="word_1111..word_1112" npmod="demonstrative"  split="simple antecedent"  coref_class="set_54"  mmax_level="coref"  anacata="anaphoric"  nptype="np"  antetype="entity"  mention="np" />
<markable id="markable_281" span="word_1074" type_of_pronoun="personal"  agreement="they (sg.)"  split="simple antecedent"  coref_class="set_54"  mmax_level="coref"  position="it (non-subject)"  type="anaphoric"  antetype="entity"  mention="pronoun" />
<markable id="markable_280" span="word_1064" type_of_pronoun="personal"  agreement="they (sg.)"  split="simple antecedent"  coref_class="set_54"  mmax_level="coref"  position="it (subject)"  type="anaphoric"  antetype="entity"  mention="pronoun" />
<markable id="markable_287" span="word_1158" type_of_pronoun="demonstrative"  agreement="none"  split="simple antecedent"  coref_class="set_48"  mmax_level="coref"  position="it (non-subject)"  type="anaphoric"  antetype="event"  mention="pronoun" />
<markable id="markable_286" span="word_1143" type_of_pronoun="personal"  agreement="they (sg.)"  split="simple antecedent"  coref_class="set_54"  mmax_level="coref"  position="it (non-subject)"  type="anaphoric"  antetype="entity"  mention="pronoun" />
<markable id="markable_289" span="word_1166..word_1167" coref_class="set_50"  mmax_level="coref"  nptype="antecedent"  mention="np" />
<markable id="markable_288" span="word_1108..word_1124" coref_class="set_48"  mmax_level="coref"  clausetype="antecedent"  mention="clause" />
<markable id="markable_294" span="word_1203" type_of_pronoun="demonstrative"  agreement="none"  split="simple antecedent"  coref_class="set_51"  mmax_level="coref"  position="it (non-subject)"  type="anaphoric"  antetype="event"  mention="pronoun" />
<markable id="markable_293" span="word_1190..word_1197" coref_class="set_51"  mmax_level="coref"  clausetype="antecedent"  mention="clause" />
<markable id="markable_296" span="word_1225" split="simple antecedent"  agreement="none"  coref_class="set_52"  mmax_level="coref"  position="it (non-subject)"  type="cataphoric"  mention="pronoun"  antetype="entity" />
<markable id="markable_295" span="word_1218..word_1219" npmod="demonstrative"  split="simple antecedent"  coref_class="set_54"  mmax_level="coref"  anacata="anaphoric"  nptype="np"  antetype="entity"  mention="np" />
<markable id="markable_290" span="word_1170" type_of_pronoun="demonstrative"  agreement="they (sg.)"  split="simple antecedent"  coref_class="set_50"  mmax_level="coref"  position="it (non-subject)"  type="anaphoric"  antetype="entity"  mention="pronoun" />
<markable id="markable_292" span="word_1192" type_of_pronoun="personal"  agreement="they (sg.)"  split="simple antecedent"  coref_class="set_54"  mmax_level="coref"  position="it (subject)"  type="anaphoric"  antetype="entity"  mention="pronoun" />
<markable id="markable_291" span="word_1178" type_of_pronoun="relative"  agreement="they (sg.)"  split="simple antecedent"  coref_class="set_50"  mmax_level="coref"  position="it (subject)"  type="anaphoric"  antetype="entity"  mention="pronoun" />
<markable id="markable_298" span="word_1241" type_of_pronoun="personal"  agreement="they (sg.)"  split="simple antecedent"  coref_class="set_54"  mmax_level="coref"  position="it (subject)"  type="anaphoric"  antetype="entity"  mention="pronoun" />
<markable id="markable_297" span="word_1228..word_1233" coref_class="set_52"  mmax_level="coref"  clausetype="antecedent"  mention="clause" />
<markable id="markable_299" span="word_1247" type_of_pronoun="personal"  agreement="they (sg.)"  split="simple antecedent"  coref_class="set_54"  mmax_level="coref"  position="it (subject)"  type="anaphoric"  antetype="entity"  mention="pronoun" />
<markable id="markable_500" span="word_3960" type_of_pronoun="personal"  agreement="none"  split="no explicit antecedent"  coref_class="set_143"  mmax_level="coref"  position="it (subject)"  type="anaphoric"  mention="pronoun" />
<markable id="markable_502" span="word_4007" coref_class="set_149"  mmax_level="coref"  nptype="antecedent"  mention="np" />
<markable id="markable_501" span="word_4014" type_of_pronoun="personal"  agreement="they (sg.)"  split="simple antecedent"  coref_class="set_149"  mmax_level="coref"  position="it (subject)"  type="anaphoric"  antetype="entity"  mention="pronoun" />
<markable id="markable_195" span="word_124..word_129" coref_class="set_2"  mmax_level="coref"  clausetype="antecedent"  mention="clause" />
<markable id="markable_194" span="word_140" type_of_pronoun="demonstrative"  agreement="none"  split="simple antecedent"  coref_class="set_2"  mmax_level="coref"  position="it (non-subject)"  type="anaphoric"  antetype="event"  mention="pronoun" />
<markable id="markable_197" span="word_148" type_of_pronoun="demonstrative"  agreement="none"  split="simple antecedent"  coref_class="set_3"  mmax_level="coref"  position="it (non-subject)"  type="anaphoric"  antetype="event"  mention="pronoun" />
<markable id="markable_196" span="word_132..word_144" coref_class="set_3"  mmax_level="coref"  clausetype="antecedent"  mention="clause" />
<markable id="markable_191" span="word_97..word_102" coref_class="set_0"  mmax_level="coref"  clausetype="antecedent"  mention="clause" />
<markable id="markable_190" span="word_94" split="simple antecedent"  agreement="none"  coref_class="set_0"  mmax_level="coref"  position="none"  type="cataphoric"  mention="pronoun"  antetype="entity" />
<markable id="markable_193" span="word_132" type_of_pronoun="personal"  agreement="they (sg.)"  split="simple antecedent"  coref_class="set_1"  mmax_level="coref"  position="it (subject)"  type="anaphoric"  antetype="entity"  mention="pronoun" />
<markable id="markable_192" span="word_107..word_111" coref_class="set_1"  mmax_level="coref"  nptype="antecedent"  mention="np" />
<markable id="markable_511" span="word_4057..word_4058" coref_class="set_151"  mmax_level="coref"  nptype="antecedent"  mention="np" />
<markable id="markable_510" span="word_4072" coref_class="empty"  mmax_level="coref"  type="extratextual reference"  mention="pronoun" />
<markable id="markable_513" span="word_4066" coref_class="empty"  mmax_level="coref"  type="extratextual reference"  mention="pronoun" />
<markable id="markable_512" span="word_4059" type_of_pronoun="relative"  agreement="they (sg.)"  split="simple antecedent"  coref_class="set_151"  mmax_level="coref"  position="it (subject)"  type="anaphoric"  antetype="entity"  mention="pronoun" />
<markable id="markable_199" span="word_189" type_of_pronoun="relative"  agreement="they (sg.)"  split="simple antecedent"  coref_class="set_4"  mmax_level="coref"  position="it (subject)"  type="anaphoric"  antetype="entity"  mention="pronoun" />
<markable id="markable_198" span="word_185..word_187" coref_class="set_4"  mmax_level="coref"  nptype="antecedent"  mention="np" />
<markable id="markable_508" span="word_4031..word_4032" coref_class="set_150"  mmax_level="coref"  nptype="antecedent"  mention="np" />
<markable id="markable_507" span="word_4041" type_of_pronoun="personal"  agreement="they (sg.)"  split="simple antecedent"  coref_class="set_150"  mmax_level="coref"  position="it (subject)"  type="anaphoric"  antetype="entity"  mention="pronoun" />
<markable id="markable_509" span="word_4050" type_of_pronoun="personal"  agreement="they (sg.)"  split="simple antecedent"  coref_class="set_150"  mmax_level="coref"  position="it (non-subject)"  type="anaphoric"  antetype="entity"  mention="pronoun" />
<markable id="markable_504" span="word_4022" type_of_pronoun="reflexive"  agreement="they (sg.)"  split="simple antecedent"  coref_class="set_149"  mmax_level="coref"  position="it (non-subject)"  type="anaphoric"  antetype="entity"  mention="pronoun" />
<markable id="markable_503" span="word_4020" type_of_pronoun="personal"  agreement="they (sg.)"  split="simple antecedent"  coref_class="set_149"  mmax_level="coref"  position="it (subject)"  type="anaphoric"  antetype="entity"  mention="pronoun" />
<markable id="markable_506" span="word_4037" type_of_pronoun="personal"  agreement="they (sg.)"  split="simple antecedent"  coref_class="set_150"  mmax_level="coref"  position="it (non-subject)"  type="anaphoric"  antetype="entity"  mention="pronoun" />
<markable id="markable_505" span="word_4031" type_of_pronoun="possessive"  agreement="they (sg.)"  split="simple antecedent"  coref_class="set_149"  mmax_level="coref"  position="it (non-subject)"  type="anaphoric"  antetype="entity"  mention="pronoun" />
<markable id="markable_401" span="word_2615..word_2617" coref_class="set_98"  mmax_level="coref"  nptype="antecedent"  mention="np" />
<markable id="markable_522" span="word_3713" split="simple antecedent"  coref_class="set_155"  mmax_level="coref"  type="nom substitution"  mention="pronoun"  antetype="entity" />
<markable id="markable_400" span="word_2590" coref_class="empty"  mmax_level="coref"  type="pleonastic"  mention="pronoun" />
<markable id="markable_521" span="word_3765" type_of_pronoun="personal"  split="simple antecedent"  agreement="they (sg.)"  coref_class="set_134"  mmax_level="coref"  position="it (subject)"  type="anaphoric"  mention="pronoun"  antetype="entity" />
<markable id="markable_403" span="word_2638" type_of_pronoun="relative"  agreement="they (sg.)"  split="simple antecedent"  coref_class="set_98"  mmax_level="coref"  position="it (subject)"  type="anaphoric"  antetype="entity"  mention="pronoun" />
<markable id="markable_524" span="word_3707..word_3708" coref_class="set_155"  mmax_level="coref"  nptype="antecedent"  mention="np" />
<markable id="markable_402" span="word_2619,word_2633..word_2636" coref_class="set_98"  mmax_level="coref"  nptype="antecedent"  mention="np" />
<markable id="markable_523" span="word_3715" type_of_pronoun="relative"  split="simple antecedent"  agreement="they (sg.)"  coref_class="set_155"  mmax_level="coref"  position="it (non-subject)"  type="anaphoric"  mention="pronoun"  antetype="entity" />
<markable id="markable_520" span="word_4120" type_of_pronoun="personal"  agreement="they (sg.)"  split="simple antecedent"  coref_class="set_153"  mmax_level="coref"  position="it (subject)"  type="anaphoric"  antetype="entity"  mention="pronoun" />
<markable id="markable_519" span="word_4116" type_of_pronoun="personal"  agreement="they (sg.)"  split="simple antecedent"  coref_class="set_153"  mmax_level="coref"  position="it (non-subject)"  type="anaphoric"  antetype="entity"  mention="pronoun" />
<markable id="markable_518" span="word_4112" type_of_pronoun="personal"  agreement="they (sg.)"  split="simple antecedent"  coref_class="set_153"  mmax_level="coref"  position="it (subject)"  type="anaphoric"  antetype="entity"  mention="pronoun" />
<markable id="markable_515" span="word_4088" type_of_pronoun="personal"  agreement="they (sg.)"  split="simple antecedent"  coref_class="set_153"  mmax_level="coref"  position="it (subject)"  type="anaphoric"  antetype="entity"  mention="pronoun" />
<markable id="markable_514" span="word_4081" coref_class="set_153"  mmax_level="coref"  nptype="antecedent"  mention="np" />
<markable id="markable_517" span="word_4110" type_of_pronoun="personal"  agreement="they (sg.)"  split="simple antecedent"  coref_class="set_153"  mmax_level="coref"  position="it (subject)"  type="anaphoric"  antetype="entity"  mention="pronoun" />
<markable id="markable_516" span="word_4104" coref_class="empty"  mmax_level="coref"  type="extratextual reference"  mention="pronoun" />
<markable id="markable_412" span="word_2702" coref_class="empty"  mmax_level="coref"  type="extratextual reference"  mention="pronoun" />
<markable id="markable_411" span="word_2696" type_of_pronoun="possessive"  agreement="they (sg.)"  split="simple antecedent"  coref_class="set_103"  mmax_level="coref"  position="it (non-subject)"  type="anaphoric"  antetype="entity"  mention="pronoun" />
<markable id="markable_414" span="word_2710..word_2711" coref_class="set_154"  mmax_level="coref"  nptype="antecedent"  mention="np" />
<markable id="markable_413" span="word_2708" coref_class="empty"  mmax_level="coref"  type="extratextual reference"  mention="pronoun" />
<markable id="markable_410" span="word_2694" type_of_pronoun="personal"  agreement="they (sg.)"  split="simple antecedent"  coref_class="set_103"  mmax_level="coref"  position="it (subject)"  type="anaphoric"  antetype="entity"  mention="pronoun" />
<markable id="markable_409" span="word_2690" type_of_pronoun="possessive"  agreement="they (sg.)"  split="simple antecedent"  coref_class="set_103"  mmax_level="coref"  position="it (non-subject)"  type="anaphoric"  antetype="entity"  mention="pronoun" />
<markable id="markable_408" span="word_2686" type_of_pronoun="possessive"  agreement="they (sg.)"  split="simple antecedent"  coref_class="set_103"  mmax_level="coref"  position="it (non-subject)"  type="anaphoric"  antetype="entity"  mention="pronoun" />
<markable id="markable_405" span="word_2673..word_2674" coref_class="set_103"  mmax_level="coref"  nptype="antecedent"  mention="np" />
<markable id="markable_404" span="word_2643" type_of_pronoun="relative"  agreement="they (sg.)"  split="simple antecedent"  coref_class="set_98"  mmax_level="coref"  position="it (subject)"  type="anaphoric"  antetype="entity"  mention="pronoun" />
<markable id="markable_525" span="word_3776" type_of_pronoun="possessive"  split="simple antecedent"  agreement="they (sg.)"  coref_class="set_158"  mmax_level="coref"  position="it (non-subject)"  type="anaphoric"  mention="pronoun"  antetype="entity" />
<markable id="markable_407" span="word_2678" type_of_pronoun="possessive"  agreement="they (sg.)"  split="simple antecedent"  coref_class="set_103"  mmax_level="coref"  position="it (non-subject)"  type="anaphoric"  antetype="entity"  mention="pronoun" />
<markable id="markable_406" span="word_2676" type_of_pronoun="relative"  agreement="they (sg.)"  split="simple antecedent"  coref_class="set_103"  mmax_level="coref"  position="it (subject)"  type="anaphoric"  antetype="entity"  mention="pronoun" />
<markable id="markable_302" span="word_1281" coref_class="empty"  mmax_level="coref"  type="pleonastic"  mention="pronoun" />
<markable id="markable_423" span="word_2929" coref_class="empty"  mmax_level="coref"  type="pleonastic"  mention="pronoun" />
<markable id="markable_301" span="word_1261" coref_class="empty"  mmax_level="coref"  type="pleonastic"  mention="pronoun" />
<markable id="markable_422" span="word_2804" type_of_pronoun="relative"  agreement="they (sg.)"  split="simple antecedent"  coref_class="set_107"  mmax_level="coref"  position="it (subject)"  type="anaphoric"  antetype="entity"  mention="pronoun" />
<markable id="markable_304" span="word_1291" type_of_pronoun="personal"  agreement="they (sg.)"  split="simple antecedent"  coref_class="set_54"  mmax_level="coref"  position="it (subject)"  type="anaphoric"  antetype="entity"  mention="pronoun" />
<markable id="markable_425" span="word_3011" type_of_pronoun="personal"  agreement="they (sg.)"  split="simple antecedent"  coref_class="set_108"  mmax_level="coref"  position="it (non-subject)"  type="anaphoric"  antetype="entity"  mention="pronoun" />
<markable id="markable_303" span="word_1286" type_of_pronoun="personal"  agreement="they (sg.)"  split="simple antecedent"  coref_class="set_54"  mmax_level="coref"  position="it (subject)"  type="anaphoric"  antetype="entity"  mention="pronoun" />
<markable id="markable_424" span="word_3003..word_3005" coref_class="set_108"  mmax_level="coref"  nptype="antecedent"  mention="np" />
<markable id="markable_300" span="word_1255" type_of_pronoun="personal"  agreement="they (sg.)"  split="simple antecedent"  coref_class="set_54"  mmax_level="coref"  position="it (subject)"  type="anaphoric"  antetype="entity"  mention="pronoun" />
<markable id="markable_421" span="word_2801..word_2802" coref_class="set_107"  mmax_level="coref"  nptype="antecedent"  mention="np" />
<markable id="markable_420" span="word_2799" coref_class="empty"  mmax_level="coref"  type="extratextual reference"  mention="pronoun" />
<markable id="markable_419" span="word_2766" type_of_pronoun="personal"  agreement="they (sg.)"  split="simple antecedent"  coref_class="set_106"  mmax_level="coref"  position="it (non-subject)"  type="anaphoric"  antetype="entity"  mention="pronoun" />
<markable id="markable_416" span="word_2728" type_of_pronoun="personal"  split="simple antecedent"  agreement="they (sg.)"  coref_class="set_154"  mmax_level="coref"  position="it (subject)"  type="anaphoric"  mention="pronoun"  antetype="entity" />
<markable id="markable_415" span="word_2713" type_of_pronoun="relative"  split="simple antecedent"  agreement="they (sg.)"  coref_class="set_154"  mmax_level="coref"  position="it (subject)"  type="anaphoric"  mention="pronoun"  antetype="entity" />
<markable id="markable_418" span="word_2752" type_of_pronoun="personal"  agreement="they (sg.)"  split="simple antecedent"  coref_class="set_106"  mmax_level="coref"  position="it (non-subject)"  type="anaphoric"  antetype="entity"  mention="pronoun" />
<markable id="markable_417" span="word_2741..word_2742" coref_class="set_106"  mmax_level="coref"  nptype="antecedent"  mention="np" />
<markable id="markable_313" span="word_1398" type_of_pronoun="relative"  agreement="they (sg.)"  split="simple antecedent"  coref_class="set_58"  mmax_level="coref"  position="it (non-subject)"  type="anaphoric"  antetype="entity"  mention="pronoun" />
<markable id="markable_434" span="word_3173" type_of_pronoun="reflexive"  agreement="they (sg.)"  split="simple antecedent"  coref_class="set_113"  mmax_level="coref"  position="it (non-subject)"  type="anaphoric"  antetype="entity"  mention="pronoun" />
<markable id="markable_312" span="word_1396" coref_class="set_58"  mmax_level="coref"  nptype="antecedent"  mention="np" />
<markable id="markable_433" span="word_3167" type_of_pronoun="personal"  agreement="they (sg.)"  split="simple antecedent"  coref_class="set_113"  mmax_level="coref"  position="it (subject)"  type="anaphoric"  antetype="entity"  mention="pronoun" />
<markable id="markable_315" span="word_1432" type_of_pronoun="relative"  agreement="they (sg.)"  split="simple antecedent"  coref_class="set_59"  mmax_level="coref"  position="it (subject)"  type="anaphoric"  antetype="entity"  mention="pronoun" />
<markable id="markable_436" span="word_3177" type_of_pronoun="demonstrative"  agreement="none"  split="simple antecedent"  coref_class="set_114"  mmax_level="coref"  position="it (subject)"  type="anaphoric"  antetype="event"  mention="pronoun" />
<markable id="markable_314" span="word_1429..word_1430" coref_class="set_59"  mmax_level="coref"  nptype="antecedent"  mention="np" />
<markable id="markable_435" span="word_3143..word_3173" coref_class="set_114"  mmax_level="coref"  clausetype="antecedent"  mention="clause" />
<markable id="markable_430" span="word_3116" type_of_pronoun="personal"  agreement="they (sg.)"  split="simple antecedent"  coref_class="set_111"  mmax_level="coref"  position="it (non-subject)"  type="anaphoric"  antetype="entity"  mention="pronoun" />
<markable id="markable_311" span="word_1381" type_of_pronoun="demonstrative"  agreement="they (pl.)"  split="simple antecedent"  coref_class="set_57"  mmax_level="coref"  position="it (non-subject)"  type="anaphoric"  antetype="entity"  mention="pronoun" />
<markable id="markable_432" span="word_3149" type_of_pronoun="relative"  agreement="they (sg.)"  split="simple antecedent"  coref_class="set_113"  mmax_level="coref"  position="it (subject)"  type="anaphoric"  antetype="entity"  mention="pronoun" />
<markable id="markable_310" span="word_1369" coref_class="set_57"  mmax_level="coref"  nptype="antecedent"  mention="np" />
<markable id="markable_431" span="word_3146..word_3147" coref_class="set_113"  mmax_level="coref"  nptype="antecedent"  mention="np" />
<markable id="markable_309" span="word_1355" type_of_pronoun="demonstrative"  agreement="none"  split="simple antecedent"  coref_class="set_56"  mmax_level="coref"  position="it (subject)"  type="anaphoric"  antetype="event"  mention="pronoun" />
<markable id="markable_306" span="word_1305..word_1306" npmod="demonstrative"  split="simple antecedent"  coref_class="set_54"  mmax_level="coref"  anacata="anaphoric"  nptype="np"  antetype="entity"  mention="np" />
<markable id="markable_427" span="word_3093" type_of_pronoun="demonstrative"  agreement="none"  split="simple antecedent"  coref_class="set_109"  mmax_level="coref"  position="it (non-subject)"  type="anaphoric"  antetype="event"  mention="pronoun" />
<markable id="markable_305" span="word_1296" type_of_pronoun="personal"  agreement="they (sg.)"  split="simple antecedent"  coref_class="set_54"  mmax_level="coref"  position="it (subject)"  type="anaphoric"  antetype="entity"  mention="pronoun" />
<markable id="markable_426" span="word_3085..word_3089" coref_class="set_109"  mmax_level="coref"  vptype="antecedent"  mention="vp" />
<markable id="markable_429" span="word_3098" type_of_pronoun="personal"  agreement="they (sg.)"  split="simple antecedent"  coref_class="set_111"  mmax_level="coref"  position="it (subject)"  type="anaphoric"  antetype="entity"  mention="pronoun" />
<markable id="markable_307" span="word_1345..word_1351" coref_class="set_56"  mmax_level="coref"  clausetype="antecedent"  mention="clause" />
<markable id="markable_428" span="word_3085..word_3086" coref_class="set_111"  mmax_level="coref"  nptype="antecedent"  mention="np" />
</markables>