<?xml version="1.0" encoding="UTF-8" ?>
<!DOCTYPE markables SYSTEM "markables.dtd">
<markables xmlns="www.eml.org/NameSpaces/sentence">
<markable mmax_level="sentence" orderid="0" id="markable_0" span="word_1..word_13" />
<markable mmax_level="sentence" orderid="1" id="markable_1" span="word_14..word_55" />
<markable mmax_level="sentence" orderid="2" id="markable_2" span="word_56..word_70" />
<markable mmax_level="sentence" orderid="3" id="markable_3" span="word_71..word_108" />
<markable mmax_level="sentence" orderid="4" id="markable_4" span="word_109..word_121" />
<markable mmax_level="sentence" orderid="5" id="markable_5" span="word_122..word_167" />
<markable mmax_level="sentence" orderid="6" id="markable_6" span="word_168..word_191" />
<markable mmax_level="sentence" orderid="7" id="markable_7" span="word_192..word_197" />
<markable mmax_level="sentence" orderid="8" id="markable_8" span="word_198..word_215" />
<markable mmax_level="sentence" orderid="9" id="markable_9" span="word_216..word_222" />
<markable mmax_level="sentence" orderid="10" id="markable_10" span="word_223..word_245" />
<markable mmax_level="sentence" orderid="11" id="markable_11" span="word_246..word_253" />
<markable mmax_level="sentence" orderid="12" id="markable_12" span="word_254..word_261" />
<markable mmax_level="sentence" orderid="13" id="markable_13" span="word_262..word_280" />
<markable mmax_level="sentence" orderid="14" id="markable_14" span="word_281..word_296" />
<markable mmax_level="sentence" orderid="15" id="markable_15" span="word_297..word_325" />
<markable mmax_level="sentence" orderid="16" id="markable_16" span="word_326..word_344" />
<markable mmax_level="sentence" orderid="17" id="markable_17" span="word_345..word_361" />
<markable mmax_level="sentence" orderid="18" id="markable_18" span="word_362..word_390" />
<markable mmax_level="sentence" orderid="19" id="markable_19" span="word_391..word_395" />
<markable mmax_level="sentence" orderid="20" id="markable_20" span="word_396..word_405" />
<markable mmax_level="sentence" orderid="21" id="markable_21" span="word_406..word_438" />
<markable mmax_level="sentence" orderid="22" id="markable_22" span="word_439..word_446" />
<markable mmax_level="sentence" orderid="23" id="markable_23" span="word_447..word_456" />
<markable mmax_level="sentence" orderid="24" id="markable_24" span="word_457..word_475" />
<markable mmax_level="sentence" orderid="25" id="markable_25" span="word_476..word_488" />
<markable mmax_level="sentence" orderid="26" id="markable_26" span="word_489..word_499" />
<markable mmax_level="sentence" orderid="27" id="markable_27" span="word_500..word_529" />
<markable mmax_level="sentence" orderid="28" id="markable_28" span="word_530..word_538" />
<markable mmax_level="sentence" orderid="29" id="markable_29" span="word_539..word_556" />
<markable mmax_level="sentence" orderid="30" id="markable_30" span="word_557..word_590" />
<markable mmax_level="sentence" orderid="31" id="markable_31" span="word_591..word_604" />
<markable mmax_level="sentence" orderid="32" id="markable_32" span="word_605..word_611" />
<markable mmax_level="sentence" orderid="33" id="markable_33" span="word_612..word_626" />
<markable mmax_level="sentence" orderid="34" id="markable_34" span="word_627..word_635" />
<markable mmax_level="sentence" orderid="35" id="markable_35" span="word_636..word_649" />
<markable mmax_level="sentence" orderid="36" id="markable_36" span="word_650..word_659" />
<markable mmax_level="sentence" orderid="37" id="markable_37" span="word_660..word_670" />
<markable mmax_level="sentence" orderid="38" id="markable_38" span="word_671..word_680" />
<markable mmax_level="sentence" orderid="39" id="markable_39" span="word_681..word_693" />
<markable mmax_level="sentence" orderid="40" id="markable_40" span="word_694..word_704" />
<markable mmax_level="sentence" orderid="41" id="markable_41" span="word_705..word_719" />
<markable mmax_level="sentence" orderid="42" id="markable_42" span="word_720..word_733" />
<markable mmax_level="sentence" orderid="43" id="markable_43" span="word_734..word_749" />
<markable mmax_level="sentence" orderid="44" id="markable_44" span="word_750..word_759" />
<markable mmax_level="sentence" orderid="45" id="markable_45" span="word_760..word_780" />
<markable mmax_level="sentence" orderid="46" id="markable_46" span="word_781..word_804" />
<markable mmax_level="sentence" orderid="47" id="markable_47" span="word_805..word_813" />
<markable mmax_level="sentence" orderid="48" id="markable_48" span="word_814..word_830" />
<markable mmax_level="sentence" orderid="49" id="markable_49" span="word_831..word_839" />
<markable mmax_level="sentence" orderid="50" id="markable_50" span="word_840..word_873" />
<markable mmax_level="sentence" orderid="51" id="markable_51" span="word_874..word_880" />
<markable mmax_level="sentence" orderid="52" id="markable_52" span="word_881..word_897" />
<markable mmax_level="sentence" orderid="53" id="markable_53" span="word_898..word_916" />
<markable mmax_level="sentence" orderid="54" id="markable_54" span="word_917..word_925" />
<markable mmax_level="sentence" orderid="55" id="markable_55" span="word_926..word_946" />
<markable mmax_level="sentence" orderid="56" id="markable_56" span="word_947..word_962" />
<markable mmax_level="sentence" orderid="57" id="markable_57" span="word_963..word_982" />
<markable mmax_level="sentence" orderid="58" id="markable_58" span="word_983..word_1016" />
<markable mmax_level="sentence" orderid="59" id="markable_59" span="word_1017..word_1024" />
<markable mmax_level="sentence" orderid="60" id="markable_60" span="word_1025..word_1047" />
<markable mmax_level="sentence" orderid="61" id="markable_61" span="word_1048..word_1070" />
<markable mmax_level="sentence" orderid="62" id="markable_62" span="word_1071..word_1095" />
<markable mmax_level="sentence" orderid="63" id="markable_63" span="word_1096..word_1121" />
<markable mmax_level="sentence" orderid="64" id="markable_64" span="word_1122..word_1137" />
<markable mmax_level="sentence" orderid="65" id="markable_65" span="word_1138..word_1154" />
<markable mmax_level="sentence" orderid="66" id="markable_66" span="word_1155..word_1194" />
<markable mmax_level="sentence" orderid="67" id="markable_67" span="word_1195..word_1211" />
<markable mmax_level="sentence" orderid="68" id="markable_68" span="word_1212..word_1240" />
<markable mmax_level="sentence" orderid="69" id="markable_69" span="word_1241..word_1247" />
<markable mmax_level="sentence" orderid="70" id="markable_70" span="word_1248..word_1265" />
<markable mmax_level="sentence" orderid="71" id="markable_71" span="word_1266..word_1291" />
<markable mmax_level="sentence" orderid="72" id="markable_72" span="word_1292..word_1301" />
<markable mmax_level="sentence" orderid="73" id="markable_73" span="word_1302..word_1309" />
<markable mmax_level="sentence" orderid="74" id="markable_74" span="word_1310..word_1322" />
<markable mmax_level="sentence" orderid="75" id="markable_75" span="word_1323..word_1332" />
<markable mmax_level="sentence" orderid="76" id="markable_76" span="word_1333..word_1352" />
<markable mmax_level="sentence" orderid="77" id="markable_77" span="word_1353..word_1361" />
<markable mmax_level="sentence" orderid="78" id="markable_78" span="word_1362..word_1384" />
<markable mmax_level="sentence" orderid="79" id="markable_79" span="word_1385..word_1396" />
<markable mmax_level="sentence" orderid="80" id="markable_80" span="word_1397..word_1405" />
<markable mmax_level="sentence" orderid="81" id="markable_81" span="word_1406..word_1426" />
<markable mmax_level="sentence" orderid="82" id="markable_82" span="word_1427..word_1441" />
<markable mmax_level="sentence" orderid="83" id="markable_83" span="word_1442..word_1453" />
<markable mmax_level="sentence" orderid="84" id="markable_84" span="word_1454..word_1491" />
<markable mmax_level="sentence" orderid="85" id="markable_85" span="word_1492..word_1503" />
<markable mmax_level="sentence" orderid="86" id="markable_86" span="word_1504..word_1515" />
<markable mmax_level="sentence" orderid="87" id="markable_87" span="word_1516..word_1530" />
<markable mmax_level="sentence" orderid="88" id="markable_88" span="word_1531..word_1546" />
<markable mmax_level="sentence" orderid="89" id="markable_89" span="word_1547..word_1555" />
<markable mmax_level="sentence" orderid="90" id="markable_90" span="word_1556..word_1589" />
<markable mmax_level="sentence" orderid="91" id="markable_91" span="word_1590..word_1598" />
<markable mmax_level="sentence" orderid="92" id="markable_92" span="word_1599..word_1608" />
<markable mmax_level="sentence" orderid="93" id="markable_93" span="word_1609..word_1636" />
<markable mmax_level="sentence" orderid="94" id="markable_94" span="word_1637..word_1645" />
<markable mmax_level="sentence" orderid="95" id="markable_95" span="word_1646..word_1657" />
<markable mmax_level="sentence" orderid="96" id="markable_96" span="word_1658..word_1666" />
<markable mmax_level="sentence" orderid="97" id="markable_97" span="word_1667..word_1676" />
<markable mmax_level="sentence" orderid="98" id="markable_98" span="word_1677..word_1693" />
<markable mmax_level="sentence" orderid="99" id="markable_99" span="word_1694..word_1705" />
<markable mmax_level="sentence" orderid="100" id="markable_100" span="word_1706..word_1738" />
<markable mmax_level="sentence" orderid="101" id="markable_101" span="word_1739..word_1762" />
<markable mmax_level="sentence" orderid="102" id="markable_102" span="word_1763..word_1782" />
<markable mmax_level="sentence" orderid="103" id="markable_103" span="word_1783..word_1801" />
<markable mmax_level="sentence" orderid="104" id="markable_104" span="word_1802..word_1812" />
<markable mmax_level="sentence" orderid="105" id="markable_105" span="word_1813..word_1824" />
<markable mmax_level="sentence" orderid="106" id="markable_106" span="word_1825..word_1836" />
<markable mmax_level="sentence" orderid="107" id="markable_107" span="word_1837..word_1861" />
<markable mmax_level="sentence" orderid="108" id="markable_108" span="word_1862..word_1886" />
<markable mmax_level="sentence" orderid="109" id="markable_109" span="word_1887..word_1902" />
<markable mmax_level="sentence" orderid="110" id="markable_110" span="word_1903..word_1935" />
<markable mmax_level="sentence" orderid="111" id="markable_111" span="word_1936..word_1942" />
<markable mmax_level="sentence" orderid="112" id="markable_112" span="word_1943..word_1960" />
<markable mmax_level="sentence" orderid="113" id="markable_113" span="word_1961..word_1963" />
<markable mmax_level="sentence" orderid="114" id="markable_114" span="word_1964..word_1971" />
<markable mmax_level="sentence" orderid="115" id="markable_115" span="word_1972..word_1995" />
<markable mmax_level="sentence" orderid="116" id="markable_116" span="word_1996..word_2001" />
<markable mmax_level="sentence" orderid="117" id="markable_117" span="word_2002..word_2016" />
<markable mmax_level="sentence" orderid="118" id="markable_118" span="word_2017..word_2028" />
<markable mmax_level="sentence" orderid="119" id="markable_119" span="word_2029..word_2036" />
<markable mmax_level="sentence" orderid="120" id="markable_120" span="word_2037..word_2049" />
<markable mmax_level="sentence" orderid="121" id="markable_121" span="word_2050..word_2061" />
<markable mmax_level="sentence" orderid="122" id="markable_122" span="word_2062..word_2077" />
<markable mmax_level="sentence" orderid="123" id="markable_123" span="word_2078..word_2083" />
<markable mmax_level="sentence" orderid="124" id="markable_124" span="word_2084..word_2120" />
<markable mmax_level="sentence" orderid="125" id="markable_125" span="word_2121..word_2160" />
<markable mmax_level="sentence" orderid="126" id="markable_126" span="word_2161..word_2185" />
<markable mmax_level="sentence" orderid="127" id="markable_127" span="word_2186..word_2216" />
<markable mmax_level="sentence" orderid="128" id="markable_128" span="word_2217..word_2235" />
<markable mmax_level="sentence" orderid="129" id="markable_129" span="word_2236..word_2252" />
<markable mmax_level="sentence" orderid="130" id="markable_130" span="word_2253..word_2302" />
<markable mmax_level="sentence" orderid="131" id="markable_131" span="word_2303..word_2321" />
<markable mmax_level="sentence" orderid="132" id="markable_132" span="word_2322..word_2343" />
<markable mmax_level="sentence" orderid="133" id="markable_133" span="word_2344..word_2361" />
<markable mmax_level="sentence" orderid="134" id="markable_134" span="word_2362..word_2379" />
<markable mmax_level="sentence" orderid="135" id="markable_135" span="word_2380..word_2412" />
<markable mmax_level="sentence" orderid="136" id="markable_136" span="word_2413..word_2419" />
<markable mmax_level="sentence" orderid="137" id="markable_137" span="word_2420..word_2432" />
<markable mmax_level="sentence" orderid="138" id="markable_138" span="word_2433..word_2453" />
<markable mmax_level="sentence" orderid="139" id="markable_139" span="word_2454..word_2466" />
<markable mmax_level="sentence" orderid="140" id="markable_140" span="word_2467..word_2480" />
<markable mmax_level="sentence" orderid="141" id="markable_141" span="word_2481..word_2486" />
<markable mmax_level="sentence" orderid="142" id="markable_142" span="word_2487..word_2535" />
<markable mmax_level="sentence" orderid="143" id="markable_143" span="word_2536..word_2585" />
<markable mmax_level="sentence" orderid="144" id="markable_144" span="word_2586..word_2592" />
</markables>
