<?xml version="1.0" encoding="UTF-8"?>
<!DOCTYPE markables SYSTEM "markables.dtd">
<markables xmlns="www.eml.org/NameSpaces/coref">
<markable id="markable_203" span="word_665..word_669" coref_class="set_33"  mmax_level="coref"  nptype="antecedent"  mention="np" />
<markable id="markable_324" span="word_1905..word_1906" npmod="def-article"  split="simple antecedent"  coref_class="set_103"  mmax_level="coref"  nptype="np"  anacata="anaphoric"  mention="np"  antetype="entity" />
<markable id="markable_202" span="word_654..word_655" npmod="def-article"  split="simple antecedent"  coref_class="set_103"  mmax_level="coref"  nptype="np"  anacata="anaphoric"  mention="np"  antetype="entity" />
<markable id="markable_323" span="word_1892..word_1893" coref_class="set_102"  mmax_level="coref"  nptype="antecedent"  mention="np" />
<markable id="markable_205" span="word_686..word_687" npmod="def-article"  split="simple antecedent"  coref_class="set_103"  mmax_level="coref"  nptype="np"  anacata="anaphoric"  mention="np"  antetype="entity" />
<markable id="markable_326" span="word_1924..word_1925" coref_class="set_104"  mmax_level="coref"  nptype="antecedent"  mention="np" />
<markable id="markable_204" span="word_671" type_of_pronoun="personal"  split="simple antecedent"  agreement="they (sg.)"  coref_class="set_33"  mmax_level="coref"  position="it (subject)"  type="anaphoric"  mention="pronoun"  antetype="entity" />
<markable id="markable_325" span="word_1911..word_1912" coref_class="set_106"  mmax_level="coref"  nptype="antecedent"  mention="np" />
<markable id="markable_320" span="word_1889..word_1890" npmod="def-article"  split="simple antecedent"  coref_class="set_103"  mmax_level="coref"  nptype="np"  anacata="anaphoric"  mention="np"  antetype="entity" />
<markable id="markable_201" span="word_636" type_of_pronoun="personal"  split="simple antecedent"  agreement="they (sg.)"  coref_class="set_103"  mmax_level="coref"  position="it (subject)"  type="anaphoric"  mention="pronoun"  antetype="entity" />
<markable id="markable_322" span="word_1897" type_of_pronoun="possessive"  split="simple antecedent"  agreement="they (pl.)"  coref_class="set_102"  mmax_level="coref"  position="it (non-subject)"  type="anaphoric"  mention="pronoun"  antetype="entity" />
<markable id="markable_200" span="word_629..word_630" npmod="def-article"  split="simple antecedent"  coref_class="set_103"  mmax_level="coref"  nptype="np"  anacata="anaphoric"  mention="np"  antetype="entity" />
<markable id="markable_321" span="word_1899" type_of_pronoun="personal"  split="simple antecedent"  agreement="they (sg.)"  coref_class="set_103"  mmax_level="coref"  position="it (subject)"  type="anaphoric"  mention="pronoun"  antetype="entity" />
<markable id="markable_317" span="word_1858" type_of_pronoun="demonstrative"  split="simple antecedent"  agreement="none"  coref_class="set_100"  mmax_level="coref"  position="it (subject)"  type="anaphoric"  mention="pronoun"  antetype="event" />
<markable id="markable_316" span="word_1846..word_1852" coref_class="set_100"  mmax_level="coref"  clausetype="antecedent"  mention="clause" />
<markable id="markable_319" span="word_1881" type_of_pronoun="personal"  split="simple antecedent"  agreement="they (pl.)"  coref_class="set_101"  mmax_level="coref"  position="it (non-subject)"  type="anaphoric"  mention="pronoun"  antetype="entity" />
<markable id="markable_318" span="word_1873..word_1875" coref_class="set_101"  mmax_level="coref"  nptype="antecedent"  mention="np" />
<markable id="markable_214" span="word_814" type_of_pronoun="personal"  split="simple antecedent"  agreement="they (sg.)"  coref_class="set_103"  mmax_level="coref"  position="it (subject)"  type="anaphoric"  mention="pronoun"  antetype="entity" />
<markable id="markable_335" span="word_2108" type_of_pronoun="personal"  split="simple antecedent"  agreement="none"  coref_class="set_109"  mmax_level="coref"  position="it (non-subject)"  type="anaphoric"  mention="pronoun"  antetype="event" />
<markable id="markable_213" span="word_805..word_806" npmod="def-article"  split="simple antecedent"  coref_class="set_103"  mmax_level="coref"  nptype="np"  anacata="anaphoric"  mention="np"  antetype="entity" />
<markable id="markable_334" span="word_2099" type_of_pronoun="personal"  split="simple antecedent"  agreement="none"  coref_class="set_109"  mmax_level="coref"  position="it (non-subject)"  type="anaphoric"  mention="pronoun"  antetype="event" />
<markable id="markable_216" span="word_809..word_812" coref_class="set_39"  mmax_level="coref"  nptype="antecedent"  mention="np" />
<markable id="markable_337" span="word_2156" type_of_pronoun="demonstrative"  split="simple antecedent"  agreement="none"  coref_class="set_110"  mmax_level="coref"  position="it (non-subject)"  type="anaphoric"  mention="pronoun"  antetype="event" />
<markable id="markable_336" span="word_2152..word_2153" coref_class="set_110"  vptype="antecedent"  mmax_level="coref"  mention="vp" />
<markable id="markable_210" span="word_760..word_761" npmod="def-article"  split="simple antecedent"  coref_class="set_103"  mmax_level="coref"  nptype="np"  anacata="anaphoric"  mention="np"  antetype="entity" />
<markable id="markable_331" span="word_2062..word_2076" coref_class="set_107"  vptype="antecedent"  mmax_level="coref"  mention="vp" />
<markable id="markable_330" span="word_2035" type_of_pronoun="demonstrative"  split="no explicit antecedent"  agreement="none"  coref_class="empty"  mmax_level="coref"  position="it (non-subject)"  type="anaphoric"  mention="pronoun" />
<markable id="markable_212" span="word_763..word_765" coref_class="set_37"  mmax_level="coref"  nptype="antecedent"  mention="np" />
<markable id="markable_333" span="word_2086..word_2096" coref_class="set_109"  mmax_level="coref"  clausetype="antecedent"  mention="clause" />
<markable id="markable_211" span="word_776" type_of_pronoun="possessive"  split="simple antecedent"  agreement="they (pl.)"  coref_class="set_37"  mmax_level="coref"  position="it (non-subject)"  type="anaphoric"  mention="pronoun"  antetype="entity" />
<markable id="markable_332" span="word_2078" type_of_pronoun="demonstrative"  split="simple antecedent"  agreement="none"  coref_class="set_107"  mmax_level="coref"  position="it (subject)"  type="anaphoric"  mention="pronoun"  antetype="event" />
<markable id="markable_207" span="word_722..word_723" npmod="def-article"  split="simple antecedent"  coref_class="set_103"  mmax_level="coref"  nptype="np"  anacata="anaphoric"  mention="np"  antetype="entity" />
<markable id="markable_328" span="word_1930" type_of_pronoun="personal"  split="simple antecedent"  agreement="they (pl.)"  coref_class="set_106"  mmax_level="coref"  position="it (subject)"  type="anaphoric"  mention="pronoun"  antetype="entity" />
<markable id="markable_206" span="word_699..word_700" npmod="def-article"  split="simple antecedent"  coref_class="set_103"  mmax_level="coref"  nptype="np"  anacata="anaphoric"  mention="np"  antetype="entity" />
<markable id="markable_327" span="word_1929" type_of_pronoun="relative"  split="simple antecedent"  agreement="they (pl.)"  coref_class="set_104"  mmax_level="coref"  position="it (non-subject)"  type="anaphoric"  mention="pronoun"  antetype="entity" />
<markable id="markable_209" span="word_747" type_of_pronoun="possessive"  split="simple antecedent"  agreement="they (sg.)"  coref_class="set_35"  mmax_level="coref"  position="it (non-subject)"  type="anaphoric"  mention="pronoun"  antetype="entity" />
<markable id="markable_208" span="word_741..word_743" coref_class="set_35"  mmax_level="coref"  nptype="antecedent"  mention="np" />
<markable id="markable_329" span="word_1938" type_of_pronoun="personal"  split="simple antecedent"  agreement="they (pl.)"  coref_class="set_106"  mmax_level="coref"  position="it (subject)"  type="anaphoric"  mention="pronoun"  antetype="entity" />
<markable id="markable_340" span="word_2191..word_2193" coref_class="set_112"  mmax_level="coref"  nptype="antecedent"  mention="np" />
<markable id="markable_225" span="word_831..word_873" coref_class="set_44"  mmax_level="coref"  clausetype="antecedent"  mention="clause" />
<markable id="markable_346" span="word_2283..word_2301" coref_class="set_115"  mmax_level="coref"  clausetype="antecedent"  mention="clause" />
<markable id="markable_224" span="word_869" type_of_pronoun="possessive"  split="simple antecedent"  agreement="they (sg.)"  coref_class="set_43"  mmax_level="coref"  position="it (subject)"  type="anaphoric"  mention="pronoun"  antetype="entity" />
<markable id="markable_345" span="word_2283" type_of_pronoun="personal"  split="simple antecedent"  agreement="they (sg.)"  coref_class="set_114"  mmax_level="coref"  position="it (subject)"  type="anaphoric"  mention="pronoun"  antetype="entity" />
<markable id="markable_227" span="word_898..word_899" coref_class="set_45"  mmax_level="coref"  nptype="antecedent"  mention="np" />
<markable id="markable_348" span="word_2314..word_2315" coref_class="set_116"  mmax_level="coref"  nptype="antecedent"  mention="np" />
<markable id="markable_226" span="word_876" type_of_pronoun="demonstrative"  split="simple antecedent"  agreement="none"  coref_class="set_44"  mmax_level="coref"  position="it (non-subject)"  type="anaphoric"  mention="pronoun"  antetype="event" />
<markable id="markable_347" span="word_2305" type_of_pronoun="demonstrative"  split="simple antecedent"  agreement="none"  coref_class="set_115"  mmax_level="coref"  position="it (subject)"  type="anaphoric"  mention="pronoun"  antetype="event" />
<markable id="markable_221" span="word_848" split="simple antecedent"  coref_class="set_41"  mmax_level="coref"  nptype="nom-ellipsis"  mention="np"  antetype="entity" />
<markable id="markable_342" span="word_2261" type_of_pronoun="demonstrative"  split="simple antecedent"  agreement="none"  coref_class="set_113"  mmax_level="coref"  position="it (subject)"  type="anaphoric"  mention="pronoun"  antetype="event" />
<markable id="markable_220" span="word_840..word_841" coref_class="set_41"  mmax_level="coref"  nptype="antecedent"  mention="np" />
<markable id="markable_341" span="word_2195" type_of_pronoun="relative"  split="simple antecedent"  agreement="they (sg.)"  coref_class="set_112"  mmax_level="coref"  position="it (non-subject)"  type="anaphoric"  mention="pronoun"  antetype="entity" />
<markable id="markable_223" span="word_861..word_862" coref_class="set_43"  mmax_level="coref"  nptype="antecedent"  mention="np" />
<markable id="markable_344" span="word_2278..word_2280" coref_class="set_114"  mmax_level="coref"  nptype="antecedent"  mention="np" />
<markable id="markable_222" span="word_864..word_865" npmod="def-article"  split="simple antecedent"  coref_class="set_103"  mmax_level="coref"  nptype="np"  anacata="anaphoric"  mention="np"  antetype="entity" />
<markable id="markable_343" span="word_2242..word_2252" coref_class="set_113"  mmax_level="coref"  clausetype="antecedent"  mention="clause" />
<markable id="markable_218" span="word_823" type_of_pronoun="relative"  split="simple antecedent"  agreement="they (pl.)"  coref_class="set_40"  mmax_level="coref"  position="it (non-subject)"  type="anaphoric"  mention="pronoun"  antetype="entity" />
<markable id="markable_339" span="word_2153" type_of_pronoun="demonstrative"  split="simple antecedent"  agreement="none"  coref_class="set_111"  mmax_level="coref"  position="it (non-subject)"  type="anaphoric"  mention="pronoun"  antetype="event" />
<markable id="markable_217" span="word_817" type_of_pronoun="demonstrative"  split="simple antecedent"  agreement="they (sg.)"  coref_class="set_39"  mmax_level="coref"  position="it (non-subject)"  type="anaphoric"  mention="pronoun"  antetype="entity" />
<markable id="markable_338" span="word_2142..word_2148" coref_class="set_111"  mmax_level="coref"  clausetype="antecedent"  mention="clause" />
<markable id="markable_219" span="word_819..word_820" coref_class="set_40"  mmax_level="coref"  nptype="antecedent"  mention="np" />
<markable id="markable_230" span="word_942..word_943" npmod="def-article"  split="simple antecedent"  coref_class="set_103"  mmax_level="coref"  nptype="np"  anacata="anaphoric"  mention="np"  antetype="entity" />
<markable id="markable_351" span="word_2345..word_2358" coref_class="set_117"  mmax_level="coref"  clausetype="antecedent"  mention="clause" />
<markable id="markable_350" span="word_2366" type_of_pronoun="demonstrative"  split="simple antecedent"  agreement="none"  coref_class="set_117"  mmax_level="coref"  position="it (subject)"  type="anaphoric"  mention="pronoun"  antetype="event" />
<markable id="markable_236" span="word_1019..word_1020" npmod="def-article"  split="simple antecedent"  coref_class="set_103"  mmax_level="coref"  nptype="np"  anacata="anaphoric"  mention="np"  antetype="entity" />
<markable id="markable_357" span="word_2428" type_of_pronoun="personal"  split="simple antecedent"  agreement="they (pl.)"  coref_class="set_120"  mmax_level="coref"  position="it (subject)"  type="anaphoric"  mention="pronoun"  antetype="entity" />
<markable id="markable_235" span="word_1010" coref_class="set_49"  mmax_level="coref"  nptype="antecedent"  mention="np" />
<markable id="markable_356" span="word_2420..word_2421" coref_class="set_120"  mmax_level="coref"  nptype="antecedent"  mention="np" />
<markable id="markable_238" span="word_1023" coref_class="set_52"  mmax_level="coref"  nptype="antecedent"  mention="np" />
<markable id="markable_359" span="word_2451" type_of_pronoun="personal"  split="simple antecedent"  agreement="they (pl.)"  coref_class="set_121"  mmax_level="coref"  position="it (subject)"  type="anaphoric"  mention="pronoun"  antetype="entity" />
<markable id="markable_237" span="word_1031" type_of_pronoun="personal"  split="simple antecedent"  agreement="they (pl.)"  coref_class="set_52"  mmax_level="coref"  position="it (non-subject)"  type="anaphoric"  mention="pronoun"  antetype="entity" />
<markable id="markable_358" span="word_2441..word_2442" coref_class="set_121"  mmax_level="coref"  nptype="antecedent"  mention="np" />
<markable id="markable_232" span="word_941" type_of_pronoun="relative"  split="simple antecedent"  agreement="they (pl.)"  coref_class="set_46"  mmax_level="coref"  position="it (subject)"  type="anaphoric"  mention="pronoun"  antetype="entity" />
<markable id="markable_353" span="word_2380" type_of_pronoun="personal"  split="simple antecedent"  agreement="they (pl.)"  coref_class="set_118"  mmax_level="coref"  position="it (subject)"  type="anaphoric"  mention="pronoun"  antetype="entity" />
<markable id="markable_231" span="word_939" coref_class="set_46"  mmax_level="coref"  nptype="antecedent"  mention="np" />
<markable id="markable_352" span="word_2371..word_2372" coref_class="set_118"  mmax_level="coref"  nptype="antecedent"  mention="np" />
<markable id="markable_234" span="word_1014" type_of_pronoun="personal"  split="simple antecedent"  agreement="they (pl.)"  coref_class="set_49"  mmax_level="coref"  position="it (subject)"  type="anaphoric"  mention="pronoun"  antetype="entity" />
<markable id="markable_355" span="word_2413" type_of_pronoun="demonstrative"  split="simple antecedent"  agreement="none"  coref_class="set_119"  mmax_level="coref"  position="it (subject)"  type="anaphoric"  mention="pronoun"  antetype="event" />
<markable id="markable_233" span="word_972..word_973" npmod="def-article"  split="simple antecedent"  coref_class="set_103"  mmax_level="coref"  nptype="np"  anacata="anaphoric"  mention="np"  antetype="entity" />
<markable id="markable_354" span="word_2371..word_2412" coref_class="set_119"  mmax_level="coref"  clausetype="antecedent"  mention="clause" />
<markable id="markable_229" span="word_930..word_931" npmod="def-article"  split="simple antecedent"  coref_class="set_103"  mmax_level="coref"  nptype="np"  anacata="anaphoric"  mention="np"  antetype="entity" />
<markable id="markable_228" span="word_901" type_of_pronoun="relative"  split="simple antecedent"  agreement="they (sg.)"  coref_class="set_45"  mmax_level="coref"  position="it (subject)"  type="anaphoric"  mention="pronoun"  antetype="entity" />
<markable id="markable_349" span="word_2317" type_of_pronoun="relative"  split="simple antecedent"  agreement="they (pl.)"  coref_class="set_116"  mmax_level="coref"  position="it (non-subject)"  type="anaphoric"  mention="pronoun"  antetype="entity" />
<markable id="markable_360" span="word_2456..word_2458" coref_class="set_122"  mmax_level="coref"  nptype="antecedent"  mention="np" />
<markable id="markable_241" span="word_1051" type_of_pronoun="possessive"  split="simple antecedent"  agreement="they (sg.)"  coref_class="set_103"  mmax_level="coref"  position="it (non-subject)"  type="anaphoric"  mention="pronoun"  antetype="entity" />
<markable id="markable_362" span="word_2475..word_2479" coref_class="set_123"  vptype="antecedent"  mmax_level="coref"  mention="vp" />
<markable id="markable_240" span="word_1048..word_1049" npmod="def-article"  split="simple antecedent"  coref_class="set_103"  mmax_level="coref"  nptype="np"  anacata="anaphoric"  mention="np"  antetype="entity" />
<markable id="markable_361" span="word_2464..word_2465" split="simple antecedent"  coref_class="set_122"  mmax_level="coref"  nptype="nom-ellipsis"  mention="np"  antetype="entity" />
<markable id="markable_247" span="word_1109" type_of_pronoun="demonstrative"  split="simple antecedent"  agreement="none"  coref_class="set_57"  mmax_level="coref"  position="it (subject)"  type="anaphoric"  mention="pronoun"  antetype="event" />
<markable id="markable_368" span="word_2507" type_of_pronoun="personal"  split="simple antecedent"  agreement="they (sg.)"  coref_class="set_128"  mmax_level="coref"  position="it (non-subject)"  type="anaphoric"  mention="pronoun"  antetype="entity" />
<markable id="markable_246" span="word_1100..word_1104" coref_class="set_57"  mmax_level="coref"  clausetype="antecedent"  mention="clause" />
<markable id="markable_367" span="word_2475..word_2476" coref_class="set_128"  mmax_level="coref"  nptype="antecedent"  mention="np" />
<markable id="markable_249" span="word_1163" type_of_pronoun="personal"  split="simple antecedent"  agreement="they (pl.)"  coref_class="set_58"  mmax_level="coref"  position="it (non-subject)"  type="anaphoric"  mention="pronoun"  antetype="entity" />
<markable id="markable_248" span="word_1155..word_1156" coref_class="set_58"  mmax_level="coref"  nptype="antecedent"  mention="np" />
<markable id="markable_369" span="word_2516" type_of_pronoun="personal"  split="simple antecedent"  agreement="they (sg.)"  coref_class="set_128"  mmax_level="coref"  position="it (subject)"  type="anaphoric"  mention="pronoun"  antetype="entity" />
<markable id="markable_243" span="word_1080" type_of_pronoun="relative"  split="simple antecedent"  agreement="they (sg.)"  coref_class="set_55"  mmax_level="coref"  position="it (non-subject)"  type="anaphoric"  mention="pronoun"  antetype="entity" />
<markable id="markable_364" span="word_2485" type_of_pronoun="demonstrative"  split="simple antecedent"  agreement="none"  coref_class="set_123"  mmax_level="coref"  position="it (non-subject)"  type="anaphoric"  mention="pronoun"  antetype="event" />
<markable id="markable_242" span="word_1077..word_1078" coref_class="set_55"  mmax_level="coref"  nptype="antecedent"  mention="np" />
<markable id="markable_363" span="word_2483" type_of_pronoun="demonstrative"  split="simple antecedent"  agreement="none"  coref_class="set_123"  mmax_level="coref"  position="it (non-subject)"  type="anaphoric"  mention="pronoun"  antetype="event" />
<markable id="markable_245" span="word_1091" type_of_pronoun="possessive"  split="simple antecedent"  agreement="they (pl.)"  coref_class="set_56"  mmax_level="coref"  position="it (non-subject)"  type="anaphoric"  mention="pronoun"  antetype="entity" />
<markable id="markable_366" span="word_2489" type_of_pronoun="demonstrative"  split="simple antecedent"  agreement="none"  coref_class="set_124"  mmax_level="coref"  position="it (subject)"  type="anaphoric"  mention="pronoun"  antetype="event" />
<markable id="markable_244" span="word_1087" coref_class="set_56"  mmax_level="coref"  nptype="antecedent"  mention="np" />
<markable id="markable_365" span="word_2481..word_2486" coref_class="set_124"  mmax_level="coref"  clausetype="antecedent"  mention="clause" />
<markable id="markable_239" span="word_1036" type_of_pronoun="personal"  split="simple antecedent"  agreement="they (pl.)"  coref_class="set_52"  mmax_level="coref"  position="it (non-subject)"  type="anaphoric"  mention="pronoun"  antetype="entity" />
<markable id="markable_250" span="word_1177..word_1178" npmod="def-article"  split="simple antecedent"  coref_class="set_103"  mmax_level="coref"  nptype="np"  anacata="anaphoric"  mention="np"  antetype="entity" />
<markable id="markable_371" span="word_2525" type_of_pronoun="possessive"  split="simple antecedent"  agreement="they (sg.)"  coref_class="set_128"  mmax_level="coref"  position="it (non-subject)"  type="anaphoric"  mention="pronoun"  antetype="entity" />
<markable id="markable_370" span="word_2523" type_of_pronoun="personal"  split="simple antecedent"  agreement="they (sg.)"  coref_class="set_128"  mmax_level="coref"  position="it (subject)"  type="anaphoric"  mention="pronoun"  antetype="entity" />
<markable id="markable_252" span="word_1209..word_1210" coref_class="set_61"  mmax_level="coref"  nptype="antecedent"  mention="np" />
<markable id="markable_373" span="word_2567" coref_class="set_129"  mmax_level="coref"  nptype="antecedent"  mention="np" />
<markable id="markable_251" span="word_1203..word_1204" npmod="def-article"  split="simple antecedent"  coref_class="set_103"  mmax_level="coref"  nptype="np"  anacata="anaphoric"  mention="np"  antetype="entity" />
<markable id="markable_372" span="word_2530" type_of_pronoun="possessive"  split="simple antecedent"  agreement="they (sg.)"  coref_class="set_128"  mmax_level="coref"  position="it (non-subject)"  type="anaphoric"  mention="pronoun"  antetype="entity" />
<markable id="markable_258" span="word_1292" type_of_pronoun="possessive"  split="simple antecedent"  agreement="they (sg.)"  coref_class="set_63"  mmax_level="coref"  position="it (subject)"  type="anaphoric"  mention="pronoun"  antetype="entity" />
<markable id="markable_257" span="word_1272..word_1274" coref_class="set_63"  mmax_level="coref"  nptype="antecedent"  mention="np" />
<markable id="markable_259" span="word_1299" split="simple antecedent"  coref_class="set_65"  mmax_level="coref"  type="nom substitution"  mention="pronoun"  antetype="entity" />
<markable id="markable_254" span="word_1236" type_of_pronoun="personal"  split="simple antecedent"  agreement="they (sg.)"  coref_class="set_61"  mmax_level="coref"  position="it (subject)"  type="anaphoric"  mention="pronoun"  antetype="entity" />
<markable id="markable_375" span="word_2581" type_of_pronoun="personal"  agreement="none"  coref_class="empty"  mmax_level="coref"  position="none"  type="antecedent"  mention="pronoun" />
<markable id="markable_253" span="word_1214" type_of_pronoun="personal"  split="simple antecedent"  agreement="they (sg.)"  coref_class="set_61"  mmax_level="coref"  position="it (subject)"  type="anaphoric"  mention="pronoun"  antetype="entity" />
<markable id="markable_374" span="word_2570" type_of_pronoun="personal"  split="simple antecedent"  agreement="they (sg.)"  coref_class="set_129"  mmax_level="coref"  position="it (non-subject)"  type="anaphoric"  mention="pronoun"  antetype="entity" />
<markable id="markable_256" span="word_1287" type_of_pronoun="personal"  split="simple antecedent"  agreement="they (sg.)"  coref_class="set_65"  mmax_level="coref"  position="it (non-subject)"  type="anaphoric"  mention="pronoun"  antetype="entity" />
<markable id="markable_255" span="word_1281..word_1282" coref_class="set_65"  mmax_level="coref"  nptype="antecedent"  mention="np" />
<markable id="markable_376" span="word_2582" type_of_pronoun="personal"  split="simple antecedent"  agreement="they (sg.)"  coref_class="set_128"  mmax_level="coref"  position="it (non-subject)"  type="anaphoric"  mention="pronoun"  antetype="entity" />
<markable id="markable_261" span="word_1346" type_of_pronoun="possessive"  split="simple antecedent"  agreement="they (sg.)"  coref_class="set_66"  mmax_level="coref"  position="it (non-subject)"  type="anaphoric"  mention="pronoun"  antetype="entity" />
<markable id="markable_260" span="word_1304" split="simple antecedent"  coref_class="set_65"  mmax_level="coref"  type="nom substitution"  mention="pronoun"  antetype="entity" />
<markable id="markable_263" span="word_1351" type_of_pronoun="personal"  split="simple antecedent"  agreement="they (sg.)"  coref_class="set_66"  mmax_level="coref"  position="it (non-subject)"  type="anaphoric"  mention="pronoun"  antetype="entity" />
<markable id="markable_262" span="word_1349" type_of_pronoun="possessive"  split="simple antecedent"  agreement="they (sg.)"  coref_class="set_66"  mmax_level="coref"  position="it (subject)"  type="anaphoric"  mention="pronoun"  antetype="entity" />
<markable id="markable_148" span="word_93..word_94" npmod="demonstrative"  split="simple antecedent"  coref_class="set_1"  mmax_level="coref"  nptype="np"  anacata="anaphoric"  mention="np"  antetype="entity" />
<markable id="markable_269" span="word_1394" type_of_pronoun="possessive"  split="simple antecedent"  agreement="they (pl.)"  coref_class="set_103"  mmax_level="coref"  position="it (non-subject)"  type="anaphoric"  mention="pronoun"  antetype="entity" />
<markable id="markable_147" span="word_78..word_79" coref_class="set_1"  mmax_level="coref"  nptype="antecedent"  mention="np" />
<markable id="markable_268" span="word_1320..word_1321" npmod="def-article"  split="simple antecedent"  coref_class="set_103"  mmax_level="coref"  nptype="np"  anacata="anaphoric"  mention="np"  antetype="entity" />
<markable id="markable_149" span="word_112..word_119" coref_class="set_2"  mmax_level="coref"  nptype="antecedent"  mention="np" />
<markable id="markable_265" span="word_1353..word_1355" coref_class="set_67"  mmax_level="coref"  nptype="antecedent"  mention="np" />
<markable id="markable_264" span="word_1337..word_1343" coref_class="set_66"  mmax_level="coref"  nptype="antecedent"  mention="np" />
<markable id="markable_146" span="word_75" type_of_pronoun="possessive"  split="simple antecedent"  agreement="they (sg.)"  coref_class="set_0"  mmax_level="coref"  position="it (non-subject)"  type="anaphoric"  mention="pronoun"  antetype="entity" />
<markable id="markable_267" span="word_1388..word_1389" npmod="def-article"  split="simple antecedent"  coref_class="set_103"  mmax_level="coref"  nptype="np"  anacata="anaphoric"  mention="np"  antetype="entity" />
<markable id="markable_145" span="word_62..word_69" coref_class="set_0"  mmax_level="coref"  nptype="antecedent"  mention="np" />
<markable id="markable_266" span="word_1358" type_of_pronoun="possessive"  split="simple antecedent"  agreement="they (sg.)"  coref_class="set_67"  mmax_level="coref"  position="it (non-subject)"  type="anaphoric"  mention="pronoun"  antetype="entity" />
<markable id="markable_151" span="word_134..word_135" coref_class="set_3"  mmax_level="coref"  nptype="antecedent"  mention="np" />
<markable id="markable_272" span="word_1411..word_1412" coref_class="set_70"  mmax_level="coref"  nptype="antecedent"  mention="np" />
<markable id="markable_150" span="word_122..word_123" npmod="demonstrative"  split="simple antecedent"  coref_class="set_2"  mmax_level="coref"  nptype="np"  anacata="anaphoric"  mention="np"  antetype="entity" />
<markable id="markable_271" span="word_1442" type_of_pronoun="personal"  split="simple antecedent"  agreement="they (sg.)"  coref_class="set_70"  mmax_level="coref"  position="it (subject)"  type="anaphoric"  mention="pronoun"  antetype="entity" />
<markable id="markable_153" span="word_168..word_178" coref_class="set_4"  mmax_level="coref"  clausetype="antecedent"  mention="clause" />
<markable id="markable_274" span="word_1460" type_of_pronoun="personal"  split="simple antecedent"  agreement="they (pl.)"  coref_class="set_71"  mmax_level="coref"  position="it (subject)"  type="anaphoric"  mention="pronoun"  antetype="entity" />
<markable id="markable_152" span="word_139" type_of_pronoun="relative"  split="simple antecedent"  agreement="they (sg.)"  coref_class="set_3"  mmax_level="coref"  position="it (non-subject)"  type="anaphoric"  mention="pronoun"  antetype="entity" />
<markable id="markable_273" span="word_1454..word_1455" coref_class="set_71"  mmax_level="coref"  nptype="antecedent"  mention="np" />
<markable id="markable_270" span="word_1427" type_of_pronoun="personal"  split="simple antecedent"  agreement="they (sg.)"  coref_class="set_70"  mmax_level="coref"  position="it (subject)"  type="anaphoric"  mention="pronoun"  antetype="entity" />
<markable id="markable_159" span="word_223..word_224" npmod="def-article"  split="simple antecedent"  coref_class="set_8"  mmax_level="coref"  nptype="np"  anacata="anaphoric"  mention="np"  antetype="entity" />
<markable id="markable_158" span="word_216" type_of_pronoun="personal"  split="simple antecedent"  agreement="they (sg.)"  coref_class="set_8"  mmax_level="coref"  position="it (subject)"  type="anaphoric"  mention="pronoun"  antetype="entity" />
<markable id="markable_279" span="word_1509..word_1510" npmod="def-article"  split="simple antecedent"  coref_class="set_103"  mmax_level="coref"  nptype="np"  anacata="anaphoric"  mention="np"  antetype="entity" />
<markable id="markable_155" span="word_177..word_178" coref_class="set_5"  mmax_level="coref"  nptype="antecedent"  mention="np" />
<markable id="markable_276" span="word_1492" type_of_pronoun="demonstrative"  split="simple antecedent"  agreement="none"  coref_class="set_72"  mmax_level="coref"  position="it (non-subject)"  type="anaphoric"  mention="pronoun"  antetype="event" />
<markable id="markable_154" span="word_181" type_of_pronoun="demonstrative"  split="simple antecedent"  agreement="none"  coref_class="set_4"  mmax_level="coref"  position="it (subject)"  type="anaphoric"  mention="pronoun"  antetype="event" />
<markable id="markable_275" span="word_1454..word_1491" coref_class="set_72"  mmax_level="coref"  clausetype="antecedent"  mention="clause" />
<markable id="markable_157" span="word_203..word_214" coref_class="set_8"  mmax_level="coref"  nptype="antecedent"  mention="np" />
<markable id="markable_278" span="word_1506" type_of_pronoun="personal"  split="simple antecedent"  agreement="none"  coref_class="set_73"  mmax_level="coref"  position="it (non-subject)"  type="anaphoric"  mention="pronoun"  antetype="event" />
<markable id="markable_156" span="word_192" type_of_pronoun="possessive"  split="simple antecedent"  agreement="they (sg.)"  coref_class="set_5"  mmax_level="coref"  position="it (subject)"  type="anaphoric"  mention="pronoun"  antetype="entity" />
<markable id="markable_277" span="word_1497..word_1502" coref_class="set_73"  vptype="antecedent"  mmax_level="coref"  mention="vp" />
<markable id="markable_162" span="word_237" type_of_pronoun="personal"  split="simple antecedent"  agreement="they (pl.)"  coref_class="set_9"  mmax_level="coref"  position="it (subject)"  type="anaphoric"  mention="pronoun"  antetype="entity" />
<markable id="markable_283" span="word_1523" type_of_pronoun="personal"  split="simple antecedent"  agreement="they (sg.)"  coref_class="set_75"  mmax_level="coref"  position="it (subject)"  type="anaphoric"  mention="pronoun"  antetype="entity" />
<markable id="markable_161" span="word_232" type_of_pronoun="possessive"  split="simple antecedent"  agreement="they (pl.)"  coref_class="set_9"  mmax_level="coref"  position="it (non-subject)"  type="anaphoric"  mention="pronoun"  antetype="entity" />
<markable id="markable_282" span="word_1518" type_of_pronoun="personal"  split="simple antecedent"  agreement="they (sg.)"  coref_class="set_75"  mmax_level="coref"  position="it (non-subject)"  type="anaphoric"  mention="pronoun"  antetype="entity" />
<markable id="markable_164" span="word_246" type_of_pronoun="personal"  split="simple antecedent"  agreement="they (sg.)"  coref_class="set_8"  mmax_level="coref"  position="it (subject)"  type="anaphoric"  mention="pronoun"  antetype="entity" />
<markable id="markable_285" span="word_1531..word_1532" npmod="demonstrative"  split="simple antecedent"  coref_class="set_79"  mmax_level="coref"  nptype="np"  anacata="anaphoric"  mention="np"  antetype="entity" />
<markable id="markable_163" span="word_242" type_of_pronoun="possessive"  split="simple antecedent"  agreement="they (pl.)"  coref_class="set_9"  mmax_level="coref"  position="it (non-subject)"  type="anaphoric"  mention="pronoun"  antetype="entity" />
<markable id="markable_284" span="word_1520" coref_class="set_79"  mmax_level="coref"  nptype="antecedent"  mention="np" />
<markable id="markable_160" span="word_228..word_229" coref_class="set_9"  mmax_level="coref"  nptype="antecedent"  mention="np" />
<markable id="markable_281" span="word_1512..word_1514" coref_class="set_75"  mmax_level="coref"  nptype="antecedent"  mention="np" />
<markable id="markable_280" span="word_1516" type_of_pronoun="personal"  split="simple antecedent"  agreement="they (sg.)"  coref_class="set_103"  mmax_level="coref"  position="it (subject)"  type="anaphoric"  mention="pronoun"  antetype="entity" />
<markable id="markable_169" span="word_306" type_of_pronoun="personal"  split="simple antecedent"  agreement="they (sg.)"  coref_class="set_10"  mmax_level="coref"  position="it (subject)"  type="anaphoric"  mention="pronoun"  antetype="entity" />
<markable id="markable_166" span="word_284..word_286" coref_class="set_10"  mmax_level="coref"  nptype="antecedent"  mention="np" />
<markable id="markable_287" span="word_1543..word_1544" coref_class="set_80"  mmax_level="coref"  nptype="antecedent"  mention="np" />
<markable id="markable_165" span="word_254..word_255" npmod="demonstrative"  split="simple antecedent"  coref_class="set_8"  mmax_level="coref"  nptype="np"  anacata="anaphoric"  mention="np"  antetype="entity" />
<markable id="markable_286" span="word_1539" type_of_pronoun="personal"  split="simple antecedent"  agreement="they (sg.)"  coref_class="set_79"  mmax_level="coref"  position="it (subject)"  type="anaphoric"  mention="pronoun"  antetype="entity" />
<markable id="markable_168" span="word_298..word_300" type_of_pronoun="personal"  agreement="none"  coref_class="empty"  mmax_level="coref"  position="none"  type="antecedent"  mention="pronoun" />
<markable id="markable_289" span="word_1565" coref_class="set_83"  mmax_level="coref"  nptype="antecedent"  mention="np" />
<markable id="markable_167" span="word_288" type_of_pronoun="relative"  split="simple antecedent"  agreement="they (sg.)"  coref_class="set_10"  mmax_level="coref"  position="it (subject)"  type="anaphoric"  mention="pronoun"  antetype="entity" />
<markable id="markable_288" span="word_1550" type_of_pronoun="demonstrative"  split="simple antecedent"  agreement="they (sg.)"  coref_class="set_80"  mmax_level="coref"  position="it (subject)"  type="anaphoric"  mention="pronoun"  antetype="entity" />
<markable id="markable_173" span="word_333" type_of_pronoun="relative"  split="simple antecedent"  agreement="they (sg.)"  coref_class="set_13"  mmax_level="coref"  position="it (non-subject)"  type="anaphoric"  mention="pronoun"  antetype="entity" />
<markable id="markable_294" span="word_1609" type_of_pronoun="personal"  split="simple antecedent"  agreement="they (sg.)"  coref_class="set_103"  mmax_level="coref"  position="it (subject)"  type="anaphoric"  mention="pronoun"  antetype="entity" />
<markable id="markable_172" span="word_329..word_330" coref_class="set_13"  mmax_level="coref"  nptype="antecedent"  mention="np" />
<markable id="markable_293" span="word_1599..word_1600" npmod="def-article"  split="simple antecedent"  coref_class="set_103"  mmax_level="coref"  nptype="np"  anacata="anaphoric"  mention="np"  antetype="entity" />
<markable id="markable_175" span="word_349..word_350" coref_class="set_103"  mmax_level="coref"  nptype="antecedent"  mention="np" />
<markable id="markable_296" span="word_1612" type_of_pronoun="personal"  split="simple antecedent"  agreement="they (pl.)"  coref_class="set_86"  mmax_level="coref"  position="it (non-subject)"  type="anaphoric"  mention="pronoun"  antetype="entity" />
<markable id="markable_174" span="word_358" type_of_pronoun="personal"  split="simple antecedent"  agreement="they (sg.)"  coref_class="set_103"  mmax_level="coref"  position="it (non-subject)"  type="anaphoric"  mention="pronoun"  antetype="entity" />
<markable id="markable_295" span="word_1605" coref_class="set_86"  mmax_level="coref"  nptype="antecedent"  mention="np" />
<markable id="markable_290" span="word_1572" type_of_pronoun="possessive"  split="simple antecedent"  agreement="they (pl.)"  coref_class="set_83"  mmax_level="coref"  position="it (non-subject)"  type="anaphoric"  mention="pronoun"  antetype="entity" />
<markable id="markable_171" span="word_321" type_of_pronoun="possessive"  split="simple antecedent"  agreement="they (sg.)"  coref_class="set_12"  mmax_level="coref"  position="it (non-subject)"  type="anaphoric"  mention="pronoun"  antetype="entity" />
<markable id="markable_292" span="word_1585" type_of_pronoun="possessive"  split="simple antecedent"  agreement="they (pl.)"  coref_class="set_83"  mmax_level="coref"  position="it (non-subject)"  type="anaphoric"  mention="pronoun"  antetype="entity" />
<markable id="markable_170" span="word_315..word_317" coref_class="set_12"  mmax_level="coref"  nptype="antecedent"  mention="np" />
<markable id="markable_291" span="word_1578" type_of_pronoun="possessive"  split="simple antecedent"  agreement="they (pl.)"  coref_class="set_83"  mmax_level="coref"  position="it (non-subject)"  type="anaphoric"  mention="pronoun"  antetype="entity" />
<markable id="markable_177" span="word_371" type_of_pronoun="relative"  split="simple antecedent"  agreement="they (sg.)"  coref_class="set_15"  mmax_level="coref"  position="it (subject)"  type="anaphoric"  mention="pronoun"  antetype="entity" />
<markable id="markable_298" span="word_1625" type_of_pronoun="personal"  split="simple antecedent"  agreement="they (sg.)"  coref_class="set_103"  mmax_level="coref"  position="it (subject)"  type="anaphoric"  mention="pronoun"  antetype="entity" />
<markable id="markable_176" span="word_365..word_369" coref_class="set_15"  mmax_level="coref"  nptype="antecedent"  mention="np" />
<markable id="markable_297" span="word_1617" type_of_pronoun="personal"  split="simple antecedent"  agreement="they (sg.)"  coref_class="set_103"  mmax_level="coref"  position="it (subject)"  type="anaphoric"  mention="pronoun"  antetype="entity" />
<markable id="markable_179" span="word_407..word_408" coref_class="set_16"  mmax_level="coref"  nptype="antecedent"  mention="np" />
<markable id="markable_178" span="word_393" type_of_pronoun="personal"  split="simple antecedent"  agreement="they (sg.)"  coref_class="set_15"  mmax_level="coref"  position="it (non-subject)"  type="anaphoric"  mention="pronoun"  antetype="entity" />
<markable id="markable_299" span="word_1648..word_1649" npmod="def-article"  split="simple antecedent"  coref_class="set_103"  mmax_level="coref"  nptype="np"  anacata="anaphoric"  mention="np"  antetype="entity" />
<markable id="markable_184" span="word_510" type_of_pronoun="personal"  split="simple antecedent"  agreement="they (sg.)"  coref_class="set_19"  mmax_level="coref"  position="it (subject)"  type="anaphoric"  mention="pronoun"  antetype="entity" />
<markable id="markable_183" span="word_500" type_of_pronoun="personal"  split="simple antecedent"  agreement="they (sg.)"  coref_class="set_19"  mmax_level="coref"  position="it (subject)"  type="anaphoric"  mention="pronoun"  antetype="entity" />
<markable id="markable_186" span="word_534..word_535" npmod="def-article"  split="simple antecedent"  coref_class="set_103"  mmax_level="coref"  nptype="np"  anacata="anaphoric"  mention="np"  antetype="entity" />
<markable id="markable_185" span="word_524" type_of_pronoun="personal"  split="simple antecedent"  agreement="they (sg.)"  coref_class="set_19"  mmax_level="coref"  position="it (subject)"  type="anaphoric"  mention="pronoun"  antetype="entity" />
<markable id="markable_180" span="word_411" type_of_pronoun="possessive"  split="simple antecedent"  agreement="they (pl.)"  coref_class="set_16"  mmax_level="coref"  position="it (non-subject)"  type="anaphoric"  mention="pronoun"  antetype="entity" />
<markable id="markable_182" span="word_489" type_of_pronoun="personal"  split="simple antecedent"  agreement="they (sg.)"  coref_class="set_19"  mmax_level="coref"  position="it (subject)"  type="anaphoric"  mention="pronoun"  antetype="entity" />
<markable id="markable_181" span="word_483..word_487" coref_class="set_19"  mmax_level="coref"  nptype="antecedent"  mention="np" />
<markable id="markable_188" span="word_380..word_381" npmod="def-article"  split="simple antecedent"  coref_class="set_103"  mmax_level="coref"  nptype="np"  anacata="anaphoric"  mention="np"  antetype="entity" />
<markable id="markable_187" span="word_544" type_of_pronoun="possessive"  split="simple antecedent"  agreement="they (sg.)"  coref_class="set_103"  mmax_level="coref"  position="it (non-subject)"  type="anaphoric"  mention="pronoun"  antetype="entity" />
<markable id="markable_189" span="word_417..word_418" npmod="def-article"  split="simple antecedent"  coref_class="set_103"  mmax_level="coref"  nptype="np"  anacata="anaphoric"  mention="np"  antetype="entity" />
<markable id="markable_195" span="word_607..word_608" npmod="def-article"  split="simple antecedent"  coref_class="set_103"  mmax_level="coref"  nptype="np"  anacata="anaphoric"  mention="np"  antetype="entity" />
<markable id="markable_194" span="word_591" type_of_pronoun="personal"  split="simple antecedent"  agreement="they (sg.)"  coref_class="set_103"  mmax_level="coref"  position="it (subject)"  type="anaphoric"  mention="pronoun"  antetype="entity" />
<markable id="markable_197" span="word_614" coref_class="set_29"  mmax_level="coref"  nptype="antecedent"  mention="np" />
<markable id="markable_196" span="word_612" type_of_pronoun="personal"  split="simple antecedent"  agreement="they (sg.)"  coref_class="set_103"  mmax_level="coref"  position="it (subject)"  type="anaphoric"  mention="pronoun"  antetype="entity" />
<markable id="markable_191" span="word_549" type_of_pronoun="personal"  split="simple antecedent"  agreement="they (sg.)"  coref_class="set_103"  mmax_level="coref"  position="it (subject)"  type="anaphoric"  mention="pronoun"  antetype="entity" />
<markable id="markable_190" span="word_454..word_455" npmod="def-article"  split="simple antecedent"  coref_class="set_103"  mmax_level="coref"  nptype="np"  anacata="anaphoric"  mention="np"  antetype="entity" />
<markable id="markable_193" span="word_564" type_of_pronoun="personal"  split="simple antecedent"  agreement="they (sg.)"  coref_class="set_103"  mmax_level="coref"  position="it (subject)"  type="anaphoric"  mention="pronoun"  antetype="entity" />
<markable id="markable_192" span="word_559..word_560" npmod="def-article"  split="simple antecedent"  coref_class="set_103"  mmax_level="coref"  nptype="np"  anacata="anaphoric"  mention="np"  antetype="entity" />
<markable id="markable_199" span="word_622" type_of_pronoun="possessive"  split="simple antecedent"  agreement="they (pl.)"  coref_class="set_103"  mmax_level="coref"  position="it (non-subject)"  type="anaphoric"  mention="pronoun"  antetype="entity" />
<markable id="markable_198" span="word_620" type_of_pronoun="personal"  split="simple antecedent"  agreement="they (pl.)"  coref_class="set_29"  mmax_level="coref"  position="it (non-subject)"  type="anaphoric"  mention="pronoun"  antetype="entity" />
<markable id="markable_302" span="word_1658" type_of_pronoun="demonstrative"  split="simple antecedent"  agreement="none"  coref_class="set_90"  mmax_level="coref"  position="none"  type="anaphoric"  mention="pronoun"  antetype="entity" />
<markable id="markable_301" span="word_1653" split="simple antecedent"  coref_class="set_90"  mmax_level="coref"  type="nom substitution"  mention="pronoun"  antetype="entity" />
<markable id="markable_304" span="word_1671..word_1672" coref_class="set_91"  mmax_level="coref"  nptype="antecedent"  mention="np" />
<markable id="markable_303" span="word_1660..word_1661" npmod="def-article"  split="simple antecedent"  coref_class="set_103"  mmax_level="coref"  nptype="np"  anacata="anaphoric"  mention="np"  antetype="entity" />
<markable id="markable_300" span="word_1650..word_1651" coref_class="set_90"  mmax_level="coref"  nptype="antecedent"  mention="np" />
<markable id="markable_313" span="word_1773" type_of_pronoun="personal"  split="simple antecedent"  agreement="they (sg.)"  coref_class="set_98"  mmax_level="coref"  position="it (subject)"  type="anaphoric"  mention="pronoun"  antetype="entity" />
<markable id="markable_312" span="word_1765..word_1768" coref_class="set_98"  mmax_level="coref"  nptype="antecedent"  mention="np" />
<markable id="markable_315" span="word_1818..word_1819" npmod="def-article"  split="simple antecedent"  coref_class="set_103"  mmax_level="coref"  nptype="np"  anacata="anaphoric"  mention="np"  antetype="entity" />
<markable id="markable_314" span="word_1783" type_of_pronoun="personal"  split="simple antecedent"  agreement="they (sg.)"  coref_class="set_98"  mmax_level="coref"  position="it (subject)"  type="anaphoric"  mention="pronoun"  antetype="entity" />
<markable id="markable_311" span="word_1749..word_1750" npmod="def-article"  split="simple antecedent"  coref_class="set_103"  mmax_level="coref"  nptype="np"  anacata="anaphoric"  mention="np"  antetype="entity" />
<markable id="markable_310" span="word_1736" type_of_pronoun="demonstrative"  split="simple antecedent"  agreement="they (sg.)"  coref_class="set_94"  mmax_level="coref"  position="it (subject)"  type="anaphoric"  mention="pronoun"  antetype="entity" />
<markable id="markable_309" span="word_1730" type_of_pronoun="relative"  split="simple antecedent"  agreement="they (sg.)"  coref_class="set_93"  mmax_level="coref"  position="it (subject)"  type="anaphoric"  mention="pronoun"  antetype="entity" />
<markable id="markable_306" span="word_1680..word_1685" coref_class="set_94"  mmax_level="coref"  nptype="antecedent"  mention="np" />
<markable id="markable_305" span="word_1679" type_of_pronoun="personal"  split="simple antecedent"  agreement="they (sg.)"  coref_class="set_91"  mmax_level="coref"  position="it (subject)"  type="anaphoric"  mention="pronoun"  antetype="entity" />
<markable id="markable_308" span="word_1725..word_1728" coref_class="set_93"  mmax_level="coref"  nptype="antecedent"  mention="np" />
<markable id="markable_307" span="word_1688" type_of_pronoun="relative"  split="simple antecedent"  agreement="they (sg.)"  coref_class="set_94"  mmax_level="coref"  position="it (non-subject)"  type="anaphoric"  mention="pronoun"  antetype="entity" />
</markables>