
<doc sysid="ref" docid="cbsnews.146237" genre="news" origlang="en" topic="crime">
<p>
<seg id="1">Police: 3 victims in serial killer case shot while listening to music in car</seg>
<seg id="2">Two women and a 12-year-old girl who died in the deadliest attack in Phoenix's first serial killer case in a decade were sitting in a car talking and listening to music when they were shot, according to police reports released Thursday.</seg>
<seg id="3">Angela Rochelle Liner, Stefanie R. Ellis and Ellis' daughter Maleah were shot on June 12 while the car was parked in a driveway, authorities said.</seg>
<seg id="4">The gunman fired as many as eight shots from a handgun while standing on the passenger side of the car then fled in another vehicle, the report states.</seg>
<seg id="5">Police say the triple killing doesn't appear to have been the result of a robbery because the attacker didn't take purses or $2,900 in the possession of one of the adult victims.</seg>
<seg id="6">Phoenix police spokesman Sgt. Jonathan Howard said the shooting prompted investigators to look at whether it was tied to four earlier attacks.</seg>
<seg id="7">In all, seven people have been killed and two others wounded in nine attacks in two predominantly Hispanic neighborhoods over a four-month period.</seg>
<seg id="8">"It's occurring within a residential area in front of a home," Howard said to CBS affiliate KPHO earlier this month.</seg>
<seg id="9">The suspect is believed to have used several vehicles, including as a late-1990s brown Nissan, a late-1990s black BMW and a white Cadillac or Lincoln.</seg>
<seg id="10">Investigators have declined to reveal the evidence that led them to conclude the attacks are related and committed by the same killer.</seg>
<seg id="11">Ellis, 33, was hospitalized for her injuries and later died.</seg>
<seg id="12">Liner, 31, and Ellis' daughter Maleah died at the scene.</seg>
<seg id="13">A witness told police that it wasn't unusual for them to sit in a parked car listening to music.</seg>
<seg id="14">Authorities also released a police report on a shooting that targeted an unoccupied pickup truck just a half-hour before the triple killing and is believed to have been the work of the serial killer.</seg>
<seg id="15">Investigators found bullet casings and recovered a bullet from a seat and bullet fragments from the engine compartment.</seg>
</p>
</doc>
