
<doc sysid="ref" docid="an-online.de.224441" genre="news" origlang="de" topic="celebrities,sports">
<p>
<seg id="1">Golfer Langer is awarded the Sport Pyramid</seg>
<seg id="2">His experience on horseback is negligible.</seg>
<seg id="3">At the end of a golfing tournament in South Africa, Bernhard Langer and a colleague went for a ride along the beach for a bit of fun.</seg>
<seg id="4">It was a first for the 58-year-old.</seg>
<seg id="5">CHIO: "Golden Sport Pyramid" for Bernhard Langer</seg>
<seg id="6">After a few minutes, the horse decided it wanted to go home, and raced back to its feeding trough at full tilt.</seg>
<seg id="7">After a kilometre at this speed I was scared.</seg>
<seg id="8">"It wasn't a good experience," said Langer.</seg>
<seg id="9">And with that, his riding career came to an end again.</seg>
<seg id="10">On Saturday, Germany's best golfer of all time - with 101 tournament wins under his belt - was once again near horses.</seg>
<seg id="11">He and his family toured the ALRV grounds, but he did not jump onto a horse for a photo.</seg>
<seg id="12">It was Langer's first time in Aachen, and at CHIO.</seg>
<seg id="13">He had been thoroughly convinced.</seg>
<seg id="14">The German Sport Aid foundation awarded the man from Anhausen with the Golden Sport Pyramid at a small gala event.</seg>
<seg id="15">The friendly sportsman is not lacking for awards.</seg>
<seg id="16">The Federal Cross of Merit, the Silver Laurel Leaf, Champions Tour Player of the Year...</seg>
<seg id="17">Even the British Queen has bestowed an honour upon him.</seg>
<seg id="18">Langer is the 18th person to be awarded the Sport Pyramid.</seg>
<seg id="19">On Saturday, he met the first person to receive it, Hans Günter Winkler, in Aachen.</seg>
<seg id="20">"This award means a lot to me," said Langer, "because it's not just given for sporting success, but also for social commitment."</seg>
<seg id="21">Langer has been encouraging up-and-coming talent for years.</seg>
<seg id="22">And in this vein, he passed the prize money of 25,000 euros on straight away.</seg>
<seg id="23">The two-time US master's champion was inaugurated into the "Hall of Fame for German Sport" on Saturday, along with 15 other outstanding sportspeople.</seg>
<seg id="24">Those given the award include track athletes Hartwig Gauder and Harald Schmitt, gymnast Eberhard Gienger, fencers Cornelia Hanisch, Alexander Putsch and Arnd Schmitt, rower Peter-Michael Kolbe, bob-sleigh rider Meinhard Nehmer, judo player Frank Wieneke, show-jumper Alwin Schockemöhle, and, posthumously, handball player Erhard Wunderlich.</seg>
<seg id="25">Many of these sport legends came to Aachen on Saturday.</seg>
<seg id="26">After the official part, the illustrious gathering wandered to the show-jumping stadium, where the Lavazza Prize was underway.</seg>
<seg id="27">Bernhard Langer kept his distance from the large animals.</seg>
</p>
</doc>
