<?xml version="1.0" encoding="UTF-8" ?>
<!DOCTYPE markables SYSTEM "markables.dtd">
<markables xmlns="www.eml.org/NameSpaces/smtsentence">
<markable mmax_level="smtsentence" orderid="0" id="markable_0" span="word_1..word_7" />
<markable mmax_level="smtsentence" orderid="1" id="markable_1" span="word_8..word_42" />
<markable mmax_level="smtsentence" orderid="2" id="markable_2" span="word_43..word_55" />
<markable mmax_level="smtsentence" orderid="3" id="markable_3" span="word_56..word_63" />
<markable mmax_level="smtsentence" orderid="4" id="markable_4" span="word_64..word_71" />
<markable mmax_level="smtsentence" orderid="5" id="markable_5" span="word_72..word_99" />
<markable mmax_level="smtsentence" orderid="6" id="markable_6" span="word_100..word_111" />
<markable mmax_level="smtsentence" orderid="7" id="markable_7" span="word_112..word_145" />
<markable mmax_level="smtsentence" orderid="8" id="markable_8" span="word_146..word_157" />
<markable mmax_level="smtsentence" orderid="9" id="markable_9" span="word_158..word_181" />
<markable mmax_level="smtsentence" orderid="10" id="markable_10" span="word_182..word_225" />
<markable mmax_level="smtsentence" orderid="11" id="markable_11" span="word_226..word_257" />
<markable mmax_level="smtsentence" orderid="12" id="markable_12" span="word_258..word_276" />
<markable mmax_level="smtsentence" orderid="13" id="markable_13" span="word_277..word_306" />
<markable mmax_level="smtsentence" orderid="14" id="markable_14" span="word_307..word_316" />
<markable mmax_level="smtsentence" orderid="15" id="markable_15" span="word_317..word_326" />
<markable mmax_level="smtsentence" orderid="16" id="markable_16" span="word_327..word_354" />
<markable mmax_level="smtsentence" orderid="17" id="markable_17" span="word_355..word_385" />
<markable mmax_level="smtsentence" orderid="18" id="markable_18" span="word_386..word_400" />
<markable mmax_level="smtsentence" orderid="19" id="markable_19" span="word_401..word_405" />
<markable mmax_level="smtsentence" orderid="20" id="markable_20" span="word_406..word_416" />
<markable mmax_level="smtsentence" orderid="21" id="markable_21" span="word_417..word_422" />
<markable mmax_level="smtsentence" orderid="22" id="markable_22" span="word_423..word_431" />
<markable mmax_level="smtsentence" orderid="23" id="markable_23" span="word_432..word_460" />
<markable mmax_level="smtsentence" orderid="24" id="markable_24" span="word_461..word_486" />
<markable mmax_level="smtsentence" orderid="25" id="markable_25" span="word_487..word_517" />
<markable mmax_level="smtsentence" orderid="26" id="markable_26" span="word_518..word_547" />
<markable mmax_level="smtsentence" orderid="27" id="markable_27" span="word_548..word_597" />
<markable mmax_level="smtsentence" orderid="28" id="markable_28" span="word_598..word_612" />
<markable mmax_level="smtsentence" orderid="29" id="markable_29" span="word_613..word_642" />
<markable mmax_level="smtsentence" orderid="30" id="markable_30" span="word_643..word_651" />
<markable mmax_level="smtsentence" orderid="31" id="markable_31" span="word_652..word_667" />
<markable mmax_level="smtsentence" orderid="32" id="markable_32" span="word_668..word_681" />
<markable mmax_level="smtsentence" orderid="33" id="markable_33" span="word_682..word_702" />
<markable mmax_level="smtsentence" orderid="34" id="markable_34" span="word_703..word_710" />
<markable mmax_level="smtsentence" orderid="35" id="markable_35" span="word_711..word_716" />
<markable mmax_level="smtsentence" orderid="36" id="markable_36" span="word_717..word_725" />
<markable mmax_level="smtsentence" orderid="37" id="markable_37" span="word_726..word_753" />
<markable mmax_level="smtsentence" orderid="38" id="markable_38" span="word_754..word_765" />
<markable mmax_level="smtsentence" orderid="39" id="markable_39" span="word_766..word_771" />
<markable mmax_level="smtsentence" orderid="40" id="markable_40" span="word_772..word_776" />
<markable mmax_level="smtsentence" orderid="41" id="markable_41" span="word_777..word_789" />
<markable mmax_level="smtsentence" orderid="42" id="markable_42" span="word_790..word_797" />
<markable mmax_level="smtsentence" orderid="43" id="markable_43" span="word_798..word_804" />
<markable mmax_level="smtsentence" orderid="44" id="markable_44" span="word_805..word_824" />
<markable mmax_level="smtsentence" orderid="45" id="markable_45" span="word_825..word_842" />
<markable mmax_level="smtsentence" orderid="46" id="markable_46" span="word_843..word_866" />
<markable mmax_level="smtsentence" orderid="47" id="markable_47" span="word_867..word_906" />
<markable mmax_level="smtsentence" orderid="48" id="markable_48" span="word_907..word_917" />
<markable mmax_level="smtsentence" orderid="49" id="markable_49" span="word_918..word_937" />
<markable mmax_level="smtsentence" orderid="50" id="markable_50" span="word_938..word_943" />
<markable mmax_level="smtsentence" orderid="51" id="markable_51" span="word_944..word_949" />
<markable mmax_level="smtsentence" orderid="52" id="markable_52" span="word_950..word_976" />
<markable mmax_level="smtsentence" orderid="53" id="markable_53" span="word_977..word_989" />
<markable mmax_level="smtsentence" orderid="54" id="markable_54" span="word_990..word_1004" />
<markable mmax_level="smtsentence" orderid="55" id="markable_55" span="word_1005..word_1022" />
<markable mmax_level="smtsentence" orderid="56" id="markable_56" span="word_1023..word_1071" />
<markable mmax_level="smtsentence" orderid="57" id="markable_57" span="word_1072..word_1089" />
<markable mmax_level="smtsentence" orderid="58" id="markable_58" span="word_1090..word_1141" />
<markable mmax_level="smtsentence" orderid="59" id="markable_59" span="word_1142..word_1146" />
<markable mmax_level="smtsentence" orderid="60" id="markable_60" span="word_1147..word_1172" />
<markable mmax_level="smtsentence" orderid="61" id="markable_61" span="word_1173..word_1184" />
<markable mmax_level="smtsentence" orderid="62" id="markable_62" span="word_1185..word_1200" />
<markable mmax_level="smtsentence" orderid="63" id="markable_63" span="word_1201..word_1210" />
<markable mmax_level="smtsentence" orderid="64" id="markable_64" span="word_1211..word_1221" />
<markable mmax_level="smtsentence" orderid="65" id="markable_65" span="word_1222..word_1231" />
<markable mmax_level="smtsentence" orderid="66" id="markable_66" span="word_1232..word_1238" />
<markable mmax_level="smtsentence" orderid="67" id="markable_67" span="word_1239..word_1243" />
<markable mmax_level="smtsentence" orderid="68" id="markable_68" span="word_1244..word_1273" />
<markable mmax_level="smtsentence" orderid="69" id="markable_69" span="word_1274..word_1292" />
<markable mmax_level="smtsentence" orderid="70" id="markable_70" span="word_1293..word_1301" />
<markable mmax_level="smtsentence" orderid="71" id="markable_71" span="word_1302..word_1310" />
<markable mmax_level="smtsentence" orderid="72" id="markable_72" span="word_1311..word_1321" />
<markable mmax_level="smtsentence" orderid="73" id="markable_73" span="word_1322..word_1347" />
<markable mmax_level="smtsentence" orderid="74" id="markable_74" span="word_1348..word_1363" />
<markable mmax_level="smtsentence" orderid="75" id="markable_75" span="word_1364..word_1389" />
<markable mmax_level="smtsentence" orderid="76" id="markable_76" span="word_1390..word_1407" />
<markable mmax_level="smtsentence" orderid="77" id="markable_77" span="word_1408..word_1419" />
<markable mmax_level="smtsentence" orderid="78" id="markable_78" span="word_1420..word_1462" />
<markable mmax_level="smtsentence" orderid="79" id="markable_79" span="word_1463..word_1476" />
<markable mmax_level="smtsentence" orderid="80" id="markable_80" span="word_1477..word_1501" />
<markable mmax_level="smtsentence" orderid="81" id="markable_81" span="word_1502..word_1508" />
<markable mmax_level="smtsentence" orderid="82" id="markable_82" span="word_1509..word_1529" />
<markable mmax_level="smtsentence" orderid="83" id="markable_83" span="word_1530..word_1538" />
<markable mmax_level="smtsentence" orderid="84" id="markable_84" span="word_1539..word_1551" />
<markable mmax_level="smtsentence" orderid="85" id="markable_85" span="word_1552..word_1614" />
<markable mmax_level="smtsentence" orderid="86" id="markable_86" span="word_1615..word_1624" />
<markable mmax_level="smtsentence" orderid="87" id="markable_87" span="word_1625..word_1632" />
<markable mmax_level="smtsentence" orderid="88" id="markable_88" span="word_1633..word_1639" />
<markable mmax_level="smtsentence" orderid="89" id="markable_89" span="word_1640..word_1660" />
<markable mmax_level="smtsentence" orderid="90" id="markable_90" span="word_1661..word_1669" />
<markable mmax_level="smtsentence" orderid="91" id="markable_91" span="word_1670..word_1712" />
<markable mmax_level="smtsentence" orderid="92" id="markable_92" span="word_1713..word_1751" />
<markable mmax_level="smtsentence" orderid="93" id="markable_93" span="word_1752..word_1762" />
<markable mmax_level="smtsentence" orderid="94" id="markable_94" span="word_1763..word_1773" />
<markable mmax_level="smtsentence" orderid="95" id="markable_95" span="word_1774..word_1790" />
<markable mmax_level="smtsentence" orderid="96" id="markable_96" span="word_1791..word_1840" />
<markable mmax_level="smtsentence" orderid="97" id="markable_97" span="word_1841..word_1867" />
<markable mmax_level="smtsentence" orderid="98" id="markable_98" span="word_1868..word_1890" />
<markable mmax_level="smtsentence" orderid="99" id="markable_99" span="word_1891..word_1908" />
<markable mmax_level="smtsentence" orderid="100" id="markable_100" span="word_1909..word_1915" />
<markable mmax_level="smtsentence" orderid="101" id="markable_101" span="word_1916..word_1952" />
<markable mmax_level="smtsentence" orderid="102" id="markable_102" span="word_1953..word_1971" />
<markable mmax_level="smtsentence" orderid="103" id="markable_103" span="word_1972..word_1982" />
<markable mmax_level="smtsentence" orderid="104" id="markable_104" span="word_1983..word_2018" />
<markable mmax_level="smtsentence" orderid="105" id="markable_105" span="word_2019..word_2027" />
<markable mmax_level="smtsentence" orderid="106" id="markable_106" span="word_2028..word_2081" />
<markable mmax_level="smtsentence" orderid="107" id="markable_107" span="word_2082..word_2096" />
<markable mmax_level="smtsentence" orderid="108" id="markable_108" span="word_2097..word_2119" />
<markable mmax_level="smtsentence" orderid="109" id="markable_109" span="word_2120..word_2131" />
<markable mmax_level="smtsentence" orderid="110" id="markable_110" span="word_2132..word_2147" />
<markable mmax_level="smtsentence" orderid="111" id="markable_111" span="word_2148..word_2159" />
<markable mmax_level="smtsentence" orderid="112" id="markable_112" span="word_2160..word_2177" />
<markable mmax_level="smtsentence" orderid="113" id="markable_113" span="word_2178..word_2191" />
<markable mmax_level="smtsentence" orderid="114" id="markable_114" span="word_2192..word_2200" />
<markable mmax_level="smtsentence" orderid="115" id="markable_115" span="word_2201..word_2226" />
<markable mmax_level="smtsentence" orderid="116" id="markable_116" span="word_2227..word_2244" />
<markable mmax_level="smtsentence" orderid="117" id="markable_117" span="word_2245..word_2254" />
<markable mmax_level="smtsentence" orderid="118" id="markable_118" span="word_2255..word_2272" />
<markable mmax_level="smtsentence" orderid="119" id="markable_119" span="word_2273..word_2276" />
<markable mmax_level="smtsentence" orderid="120" id="markable_120" span="word_2277..word_2323" />
<markable mmax_level="smtsentence" orderid="121" id="markable_121" span="word_2324..word_2387" />
<markable mmax_level="smtsentence" orderid="122" id="markable_122" span="word_2388..word_2397" />
<markable mmax_level="smtsentence" orderid="123" id="markable_123" span="word_2398..word_2415" />
<markable mmax_level="smtsentence" orderid="124" id="markable_124" span="word_2416..word_2432" />
<markable mmax_level="smtsentence" orderid="125" id="markable_125" span="word_2433..word_2464" />
<markable mmax_level="smtsentence" orderid="126" id="markable_126" span="word_2465..word_2480" />
<markable mmax_level="smtsentence" orderid="127" id="markable_127" span="word_2481..word_2511" />
<markable mmax_level="smtsentence" orderid="128" id="markable_128" span="word_2512..word_2529" />
<markable mmax_level="smtsentence" orderid="129" id="markable_129" span="word_2530..word_2535" />
<markable mmax_level="smtsentence" orderid="130" id="markable_130" span="word_2536..word_2567" />
<markable mmax_level="smtsentence" orderid="131" id="markable_131" span="word_2568..word_2573" />
<markable mmax_level="smtsentence" orderid="132" id="markable_132" span="word_2574..word_2585" />
<markable mmax_level="smtsentence" orderid="133" id="markable_133" span="word_2586..word_2598" />
<markable mmax_level="smtsentence" orderid="134" id="markable_134" span="word_2599..word_2620" />
<markable mmax_level="smtsentence" orderid="135" id="markable_135" span="word_2621..word_2630" />
<markable mmax_level="smtsentence" orderid="136" id="markable_136" span="word_2631..word_2654" />
<markable mmax_level="smtsentence" orderid="137" id="markable_137" span="word_2655..word_2678" />
<markable mmax_level="smtsentence" orderid="138" id="markable_138" span="word_2679..word_2685" />
<markable mmax_level="smtsentence" orderid="139" id="markable_139" span="word_2686..word_2719" />
<markable mmax_level="smtsentence" orderid="140" id="markable_140" span="word_2720..word_2746" />
<markable mmax_level="smtsentence" orderid="141" id="markable_141" span="word_2747..word_2770" />
<markable mmax_level="smtsentence" orderid="142" id="markable_142" span="word_2771..word_2804" />
<markable mmax_level="smtsentence" orderid="143" id="markable_143" span="word_2805..word_2836" />
<markable mmax_level="smtsentence" orderid="144" id="markable_144" span="word_2837..word_2861" />
<markable mmax_level="smtsentence" orderid="145" id="markable_145" span="word_2862..word_2887" />
<markable mmax_level="smtsentence" orderid="146" id="markable_146" span="word_2888..word_2899" />
<markable mmax_level="smtsentence" orderid="147" id="markable_147" span="word_2900..word_2903" />
<markable mmax_level="smtsentence" orderid="148" id="markable_148" span="word_2904..word_2937" />
<markable mmax_level="smtsentence" orderid="149" id="markable_149" span="word_2938..word_2947" />
<markable mmax_level="smtsentence" orderid="150" id="markable_150" span="word_2948..word_2972" />
<markable mmax_level="smtsentence" orderid="151" id="markable_151" span="word_2973..word_2975" />
<markable mmax_level="smtsentence" orderid="152" id="markable_152" span="word_2976..word_2986" />
<markable mmax_level="smtsentence" orderid="153" id="markable_153" span="word_2987..word_2991" />
<markable mmax_level="smtsentence" orderid="154" id="markable_154" span="word_2992..word_3022" />
<markable mmax_level="smtsentence" orderid="155" id="markable_155" span="word_3023..word_3038" />
<markable mmax_level="smtsentence" orderid="156" id="markable_156" span="word_3039..word_3040" />
<markable mmax_level="smtsentence" orderid="157" id="markable_157" span="word_3041..word_3066" />
<markable mmax_level="smtsentence" orderid="158" id="markable_158" span="word_3067..word_3079" />
<markable mmax_level="smtsentence" orderid="159" id="markable_159" span="word_3080..word_3089" />
<markable mmax_level="smtsentence" orderid="160" id="markable_160" span="word_3090..word_3137" />
<markable mmax_level="smtsentence" orderid="161" id="markable_161" span="word_3138..word_3139" />
<markable mmax_level="smtsentence" orderid="162" id="markable_162" span="word_3140..word_3141" />
<markable mmax_level="smtsentence" orderid="163" id="markable_163" span="word_3142..word_3160" />
<markable mmax_level="smtsentence" orderid="164" id="markable_164" span="word_3161..word_3170" />
<markable mmax_level="smtsentence" orderid="165" id="markable_165" span="word_3171..word_3180" />
<markable mmax_level="smtsentence" orderid="166" id="markable_166" span="word_3181..word_3214" />
<markable mmax_level="smtsentence" orderid="167" id="markable_167" span="word_3215..word_3231" />
<markable mmax_level="smtsentence" orderid="168" id="markable_168" span="word_3232..word_3242" />
<markable mmax_level="smtsentence" orderid="169" id="markable_169" span="word_3243..word_3249" />
<markable mmax_level="smtsentence" orderid="170" id="markable_170" span="word_3250..word_3267" />
<markable mmax_level="smtsentence" orderid="171" id="markable_171" span="word_3268..word_3298" />
<markable mmax_level="smtsentence" orderid="172" id="markable_172" span="word_3299..word_3325" />
<markable mmax_level="smtsentence" orderid="173" id="markable_173" span="word_3326..word_3343" />
<markable mmax_level="smtsentence" orderid="174" id="markable_174" span="word_3344..word_3377" />
<markable mmax_level="smtsentence" orderid="175" id="markable_175" span="word_3378..word_3395" />
<markable mmax_level="smtsentence" orderid="176" id="markable_176" span="word_3396..word_3466" />
<markable mmax_level="smtsentence" orderid="177" id="markable_177" span="word_3467..word_3481" />
<markable mmax_level="smtsentence" orderid="178" id="markable_178" span="word_3482..word_3499" />
<markable mmax_level="smtsentence" orderid="179" id="markable_179" span="word_3500..word_3520" />
<markable mmax_level="smtsentence" orderid="180" id="markable_180" span="word_3521..word_3550" />
<markable mmax_level="smtsentence" orderid="181" id="markable_181" span="word_3551..word_3559" />
<markable mmax_level="smtsentence" orderid="182" id="markable_182" span="word_3560..word_3564" />
</markables>
