<?xml version="1.0" encoding="utf-8"?>
<!DOCTYPE markables SYSTEM "markables.dtd">
<markables xmlns="www.eml.org/NameSpaces/checks">
 <markable check="antecedent-not-first" id="markable_34" mmax_level="checks" span="word_112"/>
 <markable check="antecedent-not-first" id="markable_37" mmax_level="checks" span="word_123"/>
 <markable check="chain-without-antecedent" id="markable_942" mmax_level="checks" span="word_774"/>
 <markable check="chain-without-antecedent" id="markable_941" mmax_level="checks" span="word_760"/>
 <markable check="chain-without-antecedent" id="markable_937" mmax_level="checks" span="word_602"/>
 <markable check="chain-without-antecedent" id="markable_947" mmax_level="checks" span="word_1207"/>
 <markable check="chain-without-antecedent" id="markable_944" mmax_level="checks" span="word_931"/>
 <markable check="chain-without-antecedent" id="markable_943" mmax_level="checks" span="word_805"/>
 <markable check="chain-without-antecedent" id="markable_946" mmax_level="checks" span="word_1139"/>
 <markable check="chain-without-antecedent" id="markable_945" mmax_level="checks" span="word_956"/>
 <markable check="chain-without-antecedent" id="markable_280" mmax_level="checks" span="word_1068"/>
 <markable check="chain-without-antecedent" id="markable_292" mmax_level="checks" span="word_1132..word_1133"/>
 <markable check="chain-without-antecedent" id="markable_299" mmax_level="checks" span="word_1161"/>
 <markable check="chain-without-antecedent" id="markable_566" mmax_level="checks" span="word_2238"/>
 <markable check="chain-without-antecedent" id="markable_568" mmax_level="checks" span="word_2245"/>
 <markable check="chain-without-antecedent" id="markable_564" mmax_level="checks" span="word_2231..word_2236"/>
 <markable check="chain-without-antecedent" id="markable_322" mmax_level="checks" span="word_1249..word_1253"/>
 <markable check="chain-without-antecedent" id="markable_317" mmax_level="checks" span="word_1229..word_1230"/>
 <markable check="chain-without-antecedent" id="markable_319" mmax_level="checks" span="word_1239"/>
 <markable check="chain-without-antecedent" id="markable_570" mmax_level="checks" span="word_2255"/>
 <markable check="chain-without-antecedent" id="markable_336" mmax_level="checks" span="word_1304"/>
 <markable check="chain-without-antecedent" id="markable_331" mmax_level="checks" span="word_1291"/>
 <markable check="chain-without-antecedent" id="markable_572" mmax_level="checks" span="word_2266..word_2267"/>
 <markable check="chain-without-antecedent" id="markable_347" mmax_level="checks" span="word_1348"/>
 <markable check="chain-without-antecedent" id="markable_344" mmax_level="checks" span="word_1340..word_1343"/>
 <markable check="chain-without-antecedent" id="markable_343" mmax_level="checks" span="word_1332"/>
 <markable check="chain-without-antecedent" id="markable_339" mmax_level="checks" span="word_1313"/>
 <markable check="chain-without-antecedent" id="markable_599" mmax_level="checks" span="word_2378"/>
 <markable check="chain-without-antecedent" id="markable_357" mmax_level="checks" span="word_1393..word_1399"/>
 <markable check="chain-without-antecedent" id="markable_359" mmax_level="checks" span="word_1402"/>
 <markable check="chain-without-antecedent" id="markable_352" mmax_level="checks" span="word_1368"/>
 <markable check="chain-without-antecedent" id="markable_597" mmax_level="checks" span="word_2366..word_2371"/>
 <markable check="chain-without-antecedent" id="markable_361" mmax_level="checks" span="word_1412"/>
 <markable check="markable-without-chain" id="markable_125" mmax_level="checks" span="word_462"/>
 <markable check="markable-without-chain" id="markable_128" mmax_level="checks" span="word_476"/>
 <markable check="chain-without-antecedent" id="markable_137" mmax_level="checks" span="word_512"/>
 <markable check="chain-without-antecedent" id="markable_133" mmax_level="checks" span="word_489..word_491"/>
 <markable check="chain-without-antecedent" id="markable_148" mmax_level="checks" span="word_552..word_554"/>
 <markable check="chain-without-antecedent" id="markable_393" mmax_level="checks" span="word_1541..word_1543"/>
 <markable check="chain-without-antecedent" id="markable_395" mmax_level="checks" span="word_1552"/>
 <markable check="chain-without-antecedent" id="markable_158" mmax_level="checks" span="word_592"/>
 <markable check="chain-without-antecedent" id="markable_154" mmax_level="checks" span="word_576"/>
 <markable check="markable-without-chain" id="markable_962" mmax_level="checks" span="word_2458"/>
 <markable check="chain-without-antecedent" id="markable_961" mmax_level="checks" span="word_2441"/>
 <markable check="chain-without-antecedent" id="markable_964" mmax_level="checks" span="word_2509"/>
 <markable check="chain-without-antecedent" id="markable_963" mmax_level="checks" span="word_2496"/>
 <markable check="markable-without-chain" id="markable_960" mmax_level="checks" span="word_2385"/>
 <markable check="markable-without-chain" id="markable_959" mmax_level="checks" span="word_2381"/>
 <markable check="chain-without-antecedent" id="markable_958" mmax_level="checks" span="word_2270"/>
 <markable check="chain-without-antecedent" id="markable_718" mmax_level="checks" span="word_2876..word_2886"/>
 <markable check="markable-without-chain" id="markable_973" mmax_level="checks" span="word_1899"/>
 <markable check="chain-without-antecedent" id="markable_730" mmax_level="checks" span="word_2942"/>
 <markable check="markable-without-chain" id="markable_972" mmax_level="checks" span="word_1893"/>
 <markable check="chain-without-antecedent" id="markable_974" mmax_level="checks" span="word_3109"/>
 <markable check="chain-without-antecedent" id="markable_971" mmax_level="checks" span="word_1148"/>
 <markable check="chain-without-antecedent" id="markable_970" mmax_level="checks" span="word_653"/>
 <markable check="chain-without-antecedent" id="markable_728" mmax_level="checks" span="word_2932..word_2933"/>
 <markable check="chain-without-antecedent" id="markable_727" mmax_level="checks" span="word_2925"/>
 <markable check="chain-without-antecedent" id="markable_729" mmax_level="checks" span="word_2939"/>
 <markable check="chain-without-antecedent" id="markable_724" mmax_level="checks" span="word_2913"/>
 <markable check="chain-without-antecedent" id="markable_966" mmax_level="checks" span="word_2543"/>
 <markable check="chain-without-antecedent" id="markable_723" mmax_level="checks" span="word_2910"/>
 <markable check="chain-without-antecedent" id="markable_965" mmax_level="checks" span="word_2519"/>
 <markable check="chain-without-antecedent" id="markable_726" mmax_level="checks" span="word_2923"/>
 <markable check="chain-without-antecedent" id="markable_968" mmax_level="checks" span="word_2890"/>
 <markable check="chain-without-antecedent" id="markable_725" mmax_level="checks" span="word_2920"/>
 <markable check="chain-without-antecedent" id="markable_967" mmax_level="checks" span="word_2564"/>
 <markable check="split-discontinuous" id="markable_980" mmax_level="checks" span="word_241..word_256"/>
 <markable check="markable-without-chain" id="markable_738" mmax_level="checks" span="word_2970"/>
 <markable check="markable-without-chain" id="markable_519" mmax_level="checks" span="word_2059"/>
 <markable check="chain-without-antecedent" id="markable_777" mmax_level="checks" span="word_3122"/>
 <markable check="chain-without-antecedent" id="markable_786" mmax_level="checks" span="word_3147"/>
 <markable check="chain-without-antecedent" id="markable_788" mmax_level="checks" span="word_3158"/>
 <markable check="chain-without-antecedent" id="markable_787" mmax_level="checks" span="word_3152"/>
 <markable check="chain-without-antecedent" id="markable_551" mmax_level="checks" span="word_2179"/>
 <markable check="chain-without-antecedent" id="markable_311" mmax_level="checks" span="word_1211"/>
 <markable check="chain-without-antecedent" id="markable_309" mmax_level="checks" span="word_1203..word_1205"/>
 <markable check="chain-without-antecedent" id="markable_549" mmax_level="checks" span="word_2169..word_2176"/>
 <markable check="chain-without-antecedent" id="markable_820" mmax_level="checks" span="word_3278"/>
 <markable check="chain-without-antecedent" id="markable_818" mmax_level="checks" span="word_3272..word_3273"/>
 <markable check="chain-without-antecedent" id="markable_830" mmax_level="checks" span="word_3324"/>
 <markable check="chain-without-antecedent" id="markable_827" mmax_level="checks" span="word_3313..word_3316"/>
 <markable check="markable-without-chain" id="markable_162" mmax_level="checks" span="word_613"/>
 <markable check="chain-without-antecedent" id="markable_164" mmax_level="checks" span="word_620..word_622"/>
 <markable check="chain-without-antecedent" id="markable_166" mmax_level="checks" span="word_631"/>
 <markable check="chain-without-antecedent" id="markable_165" mmax_level="checks" span="word_624..word_626"/>
 <markable check="chain-without-antecedent" id="markable_175" mmax_level="checks" span="word_664"/>
 <markable check="chain-without-antecedent" id="markable_197" mmax_level="checks" span="word_733"/>
 <markable check="chain-without-antecedent" id="markable_193" mmax_level="checks" span="word_722..word_724"/>
 <markable check="chain-without-antecedent" id="markable_192" mmax_level="checks" span="word_719..word_720"/>
 <markable check="chain-without-antecedent" id="markable_199" mmax_level="checks" span="word_742"/>
 <markable check="markable-without-chain" id="markable_445" mmax_level="checks" span="word_1753"/>
 <markable check="chain-without-antecedent" id="markable_202" mmax_level="checks" span="word_754"/>
 <markable check="chain-without-antecedent" id="markable_682" mmax_level="checks" span="word_2679"/>
 <markable check="markable-without-chain" id="markable_438" mmax_level="checks" span="word_1723"/>
 <markable check="chain-without-antecedent" id="markable_679" mmax_level="checks" span="word_2672"/>
 <markable check="chain-without-antecedent" id="markable_456" mmax_level="checks" span="word_1801..word_1810"/>
 <markable check="chain-without-antecedent" id="markable_214" mmax_level="checks" span="word_800..word_801"/>
 <markable check="chain-without-antecedent" id="markable_210" mmax_level="checks" span="word_785"/>
 <markable check="markable-without-chain" id="markable_212" mmax_level="checks" span="word_791"/>
 <markable check="chain-without-antecedent" id="markable_206" mmax_level="checks" span="word_769..word_770"/>
 <markable check="chain-without-antecedent" id="markable_224" mmax_level="checks" span="word_839"/>
 <markable check="chain-without-antecedent" id="markable_462" mmax_level="checks" span="word_1827"/>
 <markable check="chain-without-antecedent" id="markable_223" mmax_level="checks" span="word_836..word_837"/>
 <markable check="chain-without-antecedent" id="markable_472" mmax_level="checks" span="word_1875..word_1876"/>
 <markable check="chain-without-antecedent" id="markable_236" mmax_level="checks" span="word_885"/>
 <markable check="chain-without-antecedent" id="markable_235" mmax_level="checks" span="word_881..word_882"/>
 <markable check="chain-without-antecedent" id="markable_238" mmax_level="checks" span="word_891..word_892"/>
 <markable check="chain-without-antecedent" id="markable_474" mmax_level="checks" span="word_1882"/>
 <markable check="chain-without-antecedent" id="markable_240" mmax_level="checks" span="word_902"/>
 <markable check="chain-without-antecedent" id="markable_246" mmax_level="checks" span="word_928"/>
 <markable check="markable-without-chain" id="markable_488" mmax_level="checks" span="word_1945"/>
 <markable check="chain-without-antecedent" id="markable_249" mmax_level="checks" span="word_938"/>
 <markable check="chain-without-antecedent" id="markable_242" mmax_level="checks" span="word_910"/>
 <markable check="chain-without-antecedent" id="markable_244" mmax_level="checks" span="word_919..word_923"/>
 <markable check="chain-without-antecedent" id="markable_257" mmax_level="checks" span="word_978"/>
 <markable check="chain-without-antecedent" id="markable_253" mmax_level="checks" span="word_953..word_954"/>
 <markable check="chain-without-antecedent" id="markable_255" mmax_level="checks" span="word_969..word_971"/>
 <markable check="markable-without-chain" id="markable_261" mmax_level="checks" span="word_991"/>
 <markable check="chain-without-antecedent" id="markable_274" mmax_level="checks" span="word_1041"/>
 <markable check="chain-without-antecedent" id="markable_279" mmax_level="checks" span="word_1063..word_1064"/>
 <markable check="chain-without-antecedent" id="markable_275" mmax_level="checks" span="word_1047"/>
 <markable check="chain-without-antecedent" id="markable_840" mmax_level="checks" span="word_3366"/>
 <markable check="chain-without-antecedent" id="markable_843" mmax_level="checks" span="word_3378"/>
 <markable check="chain-without-antecedent" id="markable_842" mmax_level="checks" span="word_3374"/>
 <markable check="chain-without-antecedent" id="markable_838" mmax_level="checks" span="word_3344..word_3345"/>
 <markable check="chain-without-antecedent" id="markable_852" mmax_level="checks" span="word_3419"/>
 <markable check="chain-without-antecedent" id="markable_612" mmax_level="checks" span="word_2428"/>
 <markable check="chain-without-antecedent" id="markable_850" mmax_level="checks" span="word_3410"/>
 <markable check="chain-without-antecedent" id="markable_849" mmax_level="checks" span="word_3404"/>
 <markable check="markable-without-chain" id="markable_848" mmax_level="checks" span="word_3396"/>
 <markable check="chain-without-antecedent" id="markable_608" mmax_level="checks" span="word_2412..word_2414"/>
 <markable check="chain-without-antecedent" id="markable_844" mmax_level="checks" span="word_3382"/>
 <markable check="chain-without-antecedent" id="markable_846" mmax_level="checks" span="word_3390"/>
 <markable check="markable-without-chain" id="markable_863" mmax_level="checks" span="word_3467"/>
 <markable check="chain-without-antecedent" id="markable_619" mmax_level="checks" span="word_2455"/>
 <markable check="chain-without-antecedent" id="markable_614" mmax_level="checks" span="word_2438"/>
 <markable check="antecedent-not-first" id="markable_57" mmax_level="checks" span="word_201"/>
 <markable check="markable-without-chain" id="markable_870" mmax_level="checks" span="word_3500"/>
 <markable check="chain-without-antecedent" id="markable_627" mmax_level="checks" span="word_2488"/>
 <markable check="chain-without-antecedent" id="markable_401" mmax_level="checks" span="word_1576..word_1578"/>
 <markable check="chain-without-antecedent" id="markable_643" mmax_level="checks" span="word_2541"/>
 <markable check="chain-without-antecedent" id="markable_402" mmax_level="checks" span="word_1584"/>
 <markable check="chain-without-antecedent" id="markable_651" mmax_level="checks" span="word_2561"/>
 <markable check="markable-without-chain" id="markable_670" mmax_level="checks" span="word_2627"/>
 <markable check="markable-without-chain" id="markable_426" mmax_level="checks" span="word_1676"/>
</markables>