<?xml version="1.0" encoding="UTF-8" ?>
<!DOCTYPE markables SYSTEM "markables.dtd">
<markables xmlns="www.eml.org/NameSpaces/smtsentence">
<markable mmax_level="smtsentence" orderid="0" id="markable_0" span="word_1..word_57" />
<markable mmax_level="smtsentence" orderid="1" id="markable_1" span="word_58..word_97" />
<markable mmax_level="smtsentence" orderid="2" id="markable_2" span="word_98..word_122" />
<markable mmax_level="smtsentence" orderid="3" id="markable_3" span="word_123..word_135" />
<markable mmax_level="smtsentence" orderid="4" id="markable_4" span="word_136..word_158" />
<markable mmax_level="smtsentence" orderid="5" id="markable_5" span="word_159..word_188" />
<markable mmax_level="smtsentence" orderid="6" id="markable_6" span="word_189..word_200" />
<markable mmax_level="smtsentence" orderid="7" id="markable_7" span="word_201..word_214" />
<markable mmax_level="smtsentence" orderid="8" id="markable_8" span="word_215..word_224" />
<markable mmax_level="smtsentence" orderid="9" id="markable_9" span="word_225..word_231" />
<markable mmax_level="smtsentence" orderid="10" id="markable_10" span="word_232..word_247" />
<markable mmax_level="smtsentence" orderid="11" id="markable_11" span="word_248..word_261" />
<markable mmax_level="smtsentence" orderid="12" id="markable_12" span="word_262..word_268" />
<markable mmax_level="smtsentence" orderid="13" id="markable_13" span="word_269..word_290" />
<markable mmax_level="smtsentence" orderid="14" id="markable_14" span="word_291..word_319" />
<markable mmax_level="smtsentence" orderid="15" id="markable_15" span="word_320..word_328" />
<markable mmax_level="smtsentence" orderid="16" id="markable_16" span="word_329..word_353" />
<markable mmax_level="smtsentence" orderid="17" id="markable_17" span="word_354..word_376" />
<markable mmax_level="smtsentence" orderid="18" id="markable_18" span="word_377..word_393" />
<markable mmax_level="smtsentence" orderid="19" id="markable_19" span="word_394..word_395" />
<markable mmax_level="smtsentence" orderid="20" id="markable_20" span="word_396..word_438" />
<markable mmax_level="smtsentence" orderid="21" id="markable_21" span="word_439..word_449" />
<markable mmax_level="smtsentence" orderid="22" id="markable_22" span="word_450..word_454" />
<markable mmax_level="smtsentence" orderid="23" id="markable_23" span="word_455..word_462" />
<markable mmax_level="smtsentence" orderid="24" id="markable_24" span="word_463..word_489" />
<markable mmax_level="smtsentence" orderid="25" id="markable_25" span="word_490..word_508" />
<markable mmax_level="smtsentence" orderid="26" id="markable_26" span="word_509..word_550" />
<markable mmax_level="smtsentence" orderid="27" id="markable_27" span="word_551..word_553" />
<markable mmax_level="smtsentence" orderid="28" id="markable_28" span="word_554..word_564" />
<markable mmax_level="smtsentence" orderid="29" id="markable_29" span="word_565..word_576" />
<markable mmax_level="smtsentence" orderid="30" id="markable_30" span="word_577..word_585" />
<markable mmax_level="smtsentence" orderid="31" id="markable_31" span="word_586..word_634" />
<markable mmax_level="smtsentence" orderid="32" id="markable_32" span="word_635..word_654" />
<markable mmax_level="smtsentence" orderid="33" id="markable_33" span="word_655..word_675" />
<markable mmax_level="smtsentence" orderid="34" id="markable_34" span="word_676..word_703" />
<markable mmax_level="smtsentence" orderid="35" id="markable_35" span="word_704..word_715" />
<markable mmax_level="smtsentence" orderid="36" id="markable_36" span="word_716..word_730" />
<markable mmax_level="smtsentence" orderid="37" id="markable_37" span="word_731..word_743" />
<markable mmax_level="smtsentence" orderid="38" id="markable_38" span="word_744..word_761" />
<markable mmax_level="smtsentence" orderid="39" id="markable_39" span="word_762..word_781" />
<markable mmax_level="smtsentence" orderid="40" id="markable_40" span="word_782..word_819" />
<markable mmax_level="smtsentence" orderid="41" id="markable_41" span="word_820..word_858" />
<markable mmax_level="smtsentence" orderid="42" id="markable_42" span="word_859..word_874" />
<markable mmax_level="smtsentence" orderid="43" id="markable_43" span="word_875..word_887" />
<markable mmax_level="smtsentence" orderid="44" id="markable_44" span="word_888..word_895" />
<markable mmax_level="smtsentence" orderid="45" id="markable_45" span="word_896..word_908" />
<markable mmax_level="smtsentence" orderid="46" id="markable_46" span="word_909..word_923" />
<markable mmax_level="smtsentence" orderid="47" id="markable_47" span="word_924..word_945" />
<markable mmax_level="smtsentence" orderid="48" id="markable_48" span="word_946..word_953" />
<markable mmax_level="smtsentence" orderid="49" id="markable_49" span="word_954..word_976" />
<markable mmax_level="smtsentence" orderid="50" id="markable_50" span="word_977..word_981" />
<markable mmax_level="smtsentence" orderid="51" id="markable_51" span="word_982..word_991" />
<markable mmax_level="smtsentence" orderid="52" id="markable_52" span="word_992..word_1001" />
<markable mmax_level="smtsentence" orderid="53" id="markable_53" span="word_1002..word_1016" />
<markable mmax_level="smtsentence" orderid="54" id="markable_54" span="word_1017..word_1040" />
<markable mmax_level="smtsentence" orderid="55" id="markable_55" span="word_1041..word_1061" />
<markable mmax_level="smtsentence" orderid="56" id="markable_56" span="word_1062..word_1084" />
<markable mmax_level="smtsentence" orderid="57" id="markable_57" span="word_1085..word_1114" />
<markable mmax_level="smtsentence" orderid="58" id="markable_58" span="word_1115..word_1124" />
<markable mmax_level="smtsentence" orderid="59" id="markable_59" span="word_1125..word_1142" />
<markable mmax_level="smtsentence" orderid="60" id="markable_60" span="word_1143..word_1160" />
<markable mmax_level="smtsentence" orderid="61" id="markable_61" span="word_1161..word_1175" />
<markable mmax_level="smtsentence" orderid="62" id="markable_62" span="word_1176..word_1192" />
<markable mmax_level="smtsentence" orderid="63" id="markable_63" span="word_1193..word_1205" />
<markable mmax_level="smtsentence" orderid="64" id="markable_64" span="word_1206..word_1217" />
<markable mmax_level="smtsentence" orderid="65" id="markable_65" span="word_1218..word_1232" />
<markable mmax_level="smtsentence" orderid="66" id="markable_66" span="word_1233..word_1247" />
<markable mmax_level="smtsentence" orderid="67" id="markable_67" span="word_1248..word_1264" />
<markable mmax_level="smtsentence" orderid="68" id="markable_68" span="word_1265..word_1304" />
<markable mmax_level="smtsentence" orderid="69" id="markable_69" span="word_1305..word_1340" />
<markable mmax_level="smtsentence" orderid="70" id="markable_70" span="word_1341..word_1357" />
<markable mmax_level="smtsentence" orderid="71" id="markable_71" span="word_1358..word_1386" />
<markable mmax_level="smtsentence" orderid="72" id="markable_72" span="word_1387..word_1397" />
<markable mmax_level="smtsentence" orderid="73" id="markable_73" span="word_1398..word_1416" />
<markable mmax_level="smtsentence" orderid="74" id="markable_74" span="word_1417..word_1433" />
<markable mmax_level="smtsentence" orderid="75" id="markable_75" span="word_1434..word_1436" />
<markable mmax_level="smtsentence" orderid="76" id="markable_76" span="word_1437..word_1448" />
<markable mmax_level="smtsentence" orderid="77" id="markable_77" span="word_1449..word_1468" />
<markable mmax_level="smtsentence" orderid="78" id="markable_78" span="word_1469..word_1472" />
<markable mmax_level="smtsentence" orderid="79" id="markable_79" span="word_1473..word_1482" />
<markable mmax_level="smtsentence" orderid="80" id="markable_80" span="word_1483..word_1508" />
<markable mmax_level="smtsentence" orderid="81" id="markable_81" span="word_1509..word_1518" />
<markable mmax_level="smtsentence" orderid="82" id="markable_82" span="word_1519..word_1528" />
<markable mmax_level="smtsentence" orderid="83" id="markable_83" span="word_1529..word_1533" />
<markable mmax_level="smtsentence" orderid="84" id="markable_84" span="word_1534..word_1552" />
<markable mmax_level="smtsentence" orderid="85" id="markable_85" span="word_1553..word_1564" />
<markable mmax_level="smtsentence" orderid="86" id="markable_86" span="word_1565..word_1574" />
<markable mmax_level="smtsentence" orderid="87" id="markable_87" span="word_1575..word_1588" />
<markable mmax_level="smtsentence" orderid="88" id="markable_88" span="word_1589..word_1600" />
<markable mmax_level="smtsentence" orderid="89" id="markable_89" span="word_1601..word_1620" />
<markable mmax_level="smtsentence" orderid="90" id="markable_90" span="word_1621..word_1681" />
<markable mmax_level="smtsentence" orderid="91" id="markable_91" span="word_1682..word_1691" />
<markable mmax_level="smtsentence" orderid="92" id="markable_92" span="word_1692..word_1697" />
<markable mmax_level="smtsentence" orderid="93" id="markable_93" span="word_1698..word_1707" />
<markable mmax_level="smtsentence" orderid="94" id="markable_94" span="word_1708..word_1761" />
<markable mmax_level="smtsentence" orderid="95" id="markable_95" span="word_1762..word_1774" />
<markable mmax_level="smtsentence" orderid="96" id="markable_96" span="word_1775..word_1788" />
</markables>
