<?xml version="1.0" encoding="utf-8"?>
<!DOCTYPE markables SYSTEM "markables.dtd">
<markables xmlns="www.eml.org/NameSpaces/checks">
 <markable check="markable-without-chain" id="markable_924" mmax_level="checks" span="word_3748"/>
 <markable check="markable-without-chain" id="markable_281" mmax_level="checks" span="word_1082"/>
 <markable check="chain-without-antecedent" id="markable_1296" mmax_level="checks" span="word_4216"/>
 <markable check="markable-without-chain antecedent-not-first" id="markable_1250" mmax_level="checks" span="word_893"/>
 <markable check="markable-without-chain antecedent-not-first" id="markable_1251" mmax_level="checks" span="word_891"/>
 <markable check="markable-without-chain antecedent-not-first" id="markable_1274" mmax_level="checks" span="word_2881..word_2904"/>
 <markable check="antecedent-not-first" id="markable_1276" mmax_level="checks" span="word_2949"/>
 <markable check="markable-without-chain antecedent-not-first" id="markable_1277" mmax_level="checks" span="word_2981..word_3006"/>
 <markable check="chain-without-antecedent" id="markable_1039" mmax_level="checks" span="word_4213..word_4215"/>
 <markable check="chain-without-antecedent" id="markable_567" mmax_level="checks" span="word_2294..word_2298"/>
 <markable check="chain-without-antecedent" id="markable_570" mmax_level="checks" span="word_2304"/>
 <markable check="markable-without-chain" id="markable_345" mmax_level="checks" span="word_1328"/>
 <markable check="markable-without-chain" id="markable_586" mmax_level="checks" span="word_2356"/>
 <markable check="markable-without-chain" id="markable_366" mmax_level="checks" span="word_1435"/>
 <markable check="markable-without-chain" id="markable_132" mmax_level="checks" span="word_510"/>
 <markable check="markable-without-chain" id="markable_135" mmax_level="checks" span="word_519"/>
 <markable check="markable-without-chain" id="markable_140" mmax_level="checks" span="word_534"/>
 <markable check="markable-without-chain" id="markable_142" mmax_level="checks" span="word_543"/>
 <markable check="markable-without-chain" id="markable_141" mmax_level="checks" span="word_537"/>
 <markable check="markable-without-chain" id="markable_724" mmax_level="checks" span="word_2908"/>
 <markable check="markable-without-chain" id="markable_743" mmax_level="checks" span="word_2976"/>
 <markable check="chain-without-antecedent" id="markable_513" mmax_level="checks" span="word_2072"/>
 <markable check="chain-without-antecedent" id="markable_521" mmax_level="checks" span="word_2099"/>
 <markable check="chain-without-antecedent" id="markable_518" mmax_level="checks" span="word_2086"/>
 <markable check="chain-without-antecedent" id="markable_515" mmax_level="checks" span="word_2077"/>
 <markable check="markable-without-chain" id="markable_303" mmax_level="checks" span="word_1166"/>
 <markable check="markable-without-chain" id="markable_540" mmax_level="checks" span="word_2170"/>
 <markable check="chain-without-antecedent" id="markable_173" mmax_level="checks" span="word_656"/>
 <markable check="chain-without-antecedent" id="markable_177" mmax_level="checks" span="word_671"/>
 <markable check="markable-without-chain" id="markable_203" mmax_level="checks" span="word_765"/>
 <markable check="chain-without-antecedent" id="markable_1210" mmax_level="checks" span="word_2080"/>
 <markable check="antecedent-not-first" id="markable_1239" mmax_level="checks" span="word_505"/>
 <markable check="antecedent-not-first" id="markable_1242" mmax_level="checks" span="word_572"/>
 <markable check="markable-without-chain antecedent-not-first" id="markable_1247" mmax_level="checks" span="word_882"/>
 <markable check="markable-without-chain antecedent-not-first" id="markable_1248" mmax_level="checks" span="word_886"/>
 <markable check="markable-without-chain antecedent-not-first" id="markable_1249" mmax_level="checks" span="word_889"/>
 <markable check="markable-without-chain" id="markable_279" mmax_level="checks" span="word_1078"/>
 <markable check="markable-without-chain" id="markable_1201" mmax_level="checks" span="word_1059"/>
 <markable check="markable-without-chain" id="markable_1202" mmax_level="checks" span="word_1124"/>
 <markable check="markable-without-chain" id="markable_276" mmax_level="checks" span="word_1070"/>
 <markable check="markable-without-chain" id="markable_278" mmax_level="checks" span="word_1075"/>
 <markable check="markable-without-chain" id="markable_625" mmax_level="checks" span="word_2514"/>
 <markable check="split-discontinuous" id="markable_885" mmax_level="checks" span="word_3590..word_3595"/>
 <markable check="markable-without-chain" id="markable_402" mmax_level="checks" span="word_1585"/>
 <markable check="markable-without-chain" id="markable_406" mmax_level="checks" span="word_1598"/>
 <markable check="markable-without-chain" id="markable_435" mmax_level="checks" span="word_1709"/>
 <markable check="markable-without-chain" id="markable_432" mmax_level="checks" span="word_1702"/>
</markables>