<?xml version="1.0" encoding="UTF-8" ?>
<!DOCTYPE markables SYSTEM "markables.dtd">
<markables xmlns="www.eml.org/NameSpaces/smtsentence">
<markable mmax_level="smtsentence" orderid="0" id="markable_0" span="word_1..word_13" />
<markable mmax_level="smtsentence" orderid="1" id="markable_1" span="word_14..word_19" />
<markable mmax_level="smtsentence" orderid="2" id="markable_2" span="word_20..word_31" />
<markable mmax_level="smtsentence" orderid="3" id="markable_3" span="word_32..word_49" />
<markable mmax_level="smtsentence" orderid="4" id="markable_4" span="word_50..word_53" />
<markable mmax_level="smtsentence" orderid="5" id="markable_5" span="word_54..word_67" />
<markable mmax_level="smtsentence" orderid="6" id="markable_6" span="word_68..word_76" />
<markable mmax_level="smtsentence" orderid="7" id="markable_7" span="word_77..word_88" />
<markable mmax_level="smtsentence" orderid="8" id="markable_8" span="word_89..word_112" />
<markable mmax_level="smtsentence" orderid="9" id="markable_9" span="word_113..word_119" />
<markable mmax_level="smtsentence" orderid="10" id="markable_10" span="word_120..word_136" />
<markable mmax_level="smtsentence" orderid="11" id="markable_11" span="word_137..word_145" />
<markable mmax_level="smtsentence" orderid="12" id="markable_12" span="word_146..word_162" />
<markable mmax_level="smtsentence" orderid="13" id="markable_13" span="word_163..word_170" />
<markable mmax_level="smtsentence" orderid="14" id="markable_14" span="word_171..word_196" />
<markable mmax_level="smtsentence" orderid="15" id="markable_15" span="word_197..word_202" />
<markable mmax_level="smtsentence" orderid="16" id="markable_16" span="word_203..word_225" />
<markable mmax_level="smtsentence" orderid="17" id="markable_17" span="word_226..word_232" />
<markable mmax_level="smtsentence" orderid="18" id="markable_18" span="word_233..word_250" />
<markable mmax_level="smtsentence" orderid="19" id="markable_19" span="word_251..word_254" />
<markable mmax_level="smtsentence" orderid="20" id="markable_20" span="word_255..word_266" />
<markable mmax_level="smtsentence" orderid="21" id="markable_21" span="word_267..word_284" />
<markable mmax_level="smtsentence" orderid="22" id="markable_22" span="word_285..word_288" />
<markable mmax_level="smtsentence" orderid="23" id="markable_23" span="word_289..word_295" />
<markable mmax_level="smtsentence" orderid="24" id="markable_24" span="word_296..word_309" />
<markable mmax_level="smtsentence" orderid="25" id="markable_25" span="word_310..word_315" />
<markable mmax_level="smtsentence" orderid="26" id="markable_26" span="word_316..word_330" />
<markable mmax_level="smtsentence" orderid="27" id="markable_27" span="word_331..word_336" />
<markable mmax_level="smtsentence" orderid="28" id="markable_28" span="word_337..word_369" />
<markable mmax_level="smtsentence" orderid="29" id="markable_29" span="word_370..word_397" />
<markable mmax_level="smtsentence" orderid="30" id="markable_30" span="word_398..word_411" />
<markable mmax_level="smtsentence" orderid="31" id="markable_31" span="word_412..word_424" />
<markable mmax_level="smtsentence" orderid="32" id="markable_32" span="word_425..word_431" />
<markable mmax_level="smtsentence" orderid="33" id="markable_33" span="word_432..word_437" />
<markable mmax_level="smtsentence" orderid="34" id="markable_34" span="word_438..word_449" />
<markable mmax_level="smtsentence" orderid="35" id="markable_35" span="word_450..word_457" />
<markable mmax_level="smtsentence" orderid="36" id="markable_36" span="word_458..word_469" />
<markable mmax_level="smtsentence" orderid="37" id="markable_37" span="word_470..word_491" />
<markable mmax_level="smtsentence" orderid="38" id="markable_38" span="word_492..word_505" />
<markable mmax_level="smtsentence" orderid="39" id="markable_39" span="word_506..word_520" />
<markable mmax_level="smtsentence" orderid="40" id="markable_40" span="word_521..word_532" />
<markable mmax_level="smtsentence" orderid="41" id="markable_41" span="word_533..word_547" />
<markable mmax_level="smtsentence" orderid="42" id="markable_42" span="word_548..word_556" />
<markable mmax_level="smtsentence" orderid="43" id="markable_43" span="word_557..word_569" />
<markable mmax_level="smtsentence" orderid="44" id="markable_44" span="word_570..word_576" />
<markable mmax_level="smtsentence" orderid="45" id="markable_45" span="word_577..word_593" />
<markable mmax_level="smtsentence" orderid="46" id="markable_46" span="word_594..word_611" />
<markable mmax_level="smtsentence" orderid="47" id="markable_47" span="word_612..word_619" />
<markable mmax_level="smtsentence" orderid="48" id="markable_48" span="word_620..word_641" />
<markable mmax_level="smtsentence" orderid="49" id="markable_49" span="word_642..word_654" />
<markable mmax_level="smtsentence" orderid="50" id="markable_50" span="word_655..word_662" />
<markable mmax_level="smtsentence" orderid="51" id="markable_51" span="word_663..word_675" />
<markable mmax_level="smtsentence" orderid="52" id="markable_52" span="word_676..word_691" />
<markable mmax_level="smtsentence" orderid="53" id="markable_53" span="word_692..word_716" />
<markable mmax_level="smtsentence" orderid="54" id="markable_54" span="word_717..word_725" />
<markable mmax_level="smtsentence" orderid="55" id="markable_55" span="word_726..word_738" />
<markable mmax_level="smtsentence" orderid="56" id="markable_56" span="word_739..word_742" />
<markable mmax_level="smtsentence" orderid="57" id="markable_57" span="word_743..word_770" />
<markable mmax_level="smtsentence" orderid="58" id="markable_58" span="word_771..word_783" />
<markable mmax_level="smtsentence" orderid="59" id="markable_59" span="word_784..word_806" />
<markable mmax_level="smtsentence" orderid="60" id="markable_60" span="word_807..word_817" />
<markable mmax_level="smtsentence" orderid="61" id="markable_61" span="word_818..word_831" />
<markable mmax_level="smtsentence" orderid="62" id="markable_62" span="word_832..word_838" />
<markable mmax_level="smtsentence" orderid="63" id="markable_63" span="word_839..word_852" />
<markable mmax_level="smtsentence" orderid="64" id="markable_64" span="word_853..word_858" />
<markable mmax_level="smtsentence" orderid="65" id="markable_65" span="word_859..word_862" />
<markable mmax_level="smtsentence" orderid="66" id="markable_66" span="word_863..word_869" />
<markable mmax_level="smtsentence" orderid="67" id="markable_67" span="word_870..word_882" />
<markable mmax_level="smtsentence" orderid="68" id="markable_68" span="word_883..word_891" />
<markable mmax_level="smtsentence" orderid="69" id="markable_69" span="word_892..word_897" />
<markable mmax_level="smtsentence" orderid="70" id="markable_70" span="word_898..word_903" />
<markable mmax_level="smtsentence" orderid="71" id="markable_71" span="word_904..word_920" />
<markable mmax_level="smtsentence" orderid="72" id="markable_72" span="word_921..word_932" />
<markable mmax_level="smtsentence" orderid="73" id="markable_73" span="word_933..word_941" />
<markable mmax_level="smtsentence" orderid="74" id="markable_74" span="word_942..word_953" />
<markable mmax_level="smtsentence" orderid="75" id="markable_75" span="word_954..word_963" />
<markable mmax_level="smtsentence" orderid="76" id="markable_76" span="word_964..word_977" />
<markable mmax_level="smtsentence" orderid="77" id="markable_77" span="word_978..word_987" />
<markable mmax_level="smtsentence" orderid="78" id="markable_78" span="word_988..word_995" />
<markable mmax_level="smtsentence" orderid="79" id="markable_79" span="word_996..word_1016" />
<markable mmax_level="smtsentence" orderid="80" id="markable_80" span="word_1017..word_1028" />
<markable mmax_level="smtsentence" orderid="81" id="markable_81" span="word_1029..word_1036" />
<markable mmax_level="smtsentence" orderid="82" id="markable_82" span="word_1037..word_1057" />
<markable mmax_level="smtsentence" orderid="83" id="markable_83" span="word_1058..word_1073" />
<markable mmax_level="smtsentence" orderid="84" id="markable_84" span="word_1074..word_1078" />
<markable mmax_level="smtsentence" orderid="85" id="markable_85" span="word_1079..word_1085" />
<markable mmax_level="smtsentence" orderid="86" id="markable_86" span="word_1086..word_1091" />
<markable mmax_level="smtsentence" orderid="87" id="markable_87" span="word_1092..word_1107" />
<markable mmax_level="smtsentence" orderid="88" id="markable_88" span="word_1108..word_1112" />
<markable mmax_level="smtsentence" orderid="89" id="markable_89" span="word_1113..word_1145" />
<markable mmax_level="smtsentence" orderid="90" id="markable_90" span="word_1146..word_1150" />
<markable mmax_level="smtsentence" orderid="91" id="markable_91" span="word_1151..word_1161" />
<markable mmax_level="smtsentence" orderid="92" id="markable_92" span="word_1162..word_1188" />
<markable mmax_level="smtsentence" orderid="93" id="markable_93" span="word_1189..word_1197" />
<markable mmax_level="smtsentence" orderid="94" id="markable_94" span="word_1198..word_1213" />
<markable mmax_level="smtsentence" orderid="95" id="markable_95" span="word_1214..word_1246" />
<markable mmax_level="smtsentence" orderid="96" id="markable_96" span="word_1247..word_1257" />
<markable mmax_level="smtsentence" orderid="97" id="markable_97" span="word_1258..word_1268" />
<markable mmax_level="smtsentence" orderid="98" id="markable_98" span="word_1269..word_1285" />
<markable mmax_level="smtsentence" orderid="99" id="markable_99" span="word_1286..word_1305" />
<markable mmax_level="smtsentence" orderid="100" id="markable_100" span="word_1306..word_1317" />
<markable mmax_level="smtsentence" orderid="101" id="markable_101" span="word_1318..word_1331" />
<markable mmax_level="smtsentence" orderid="102" id="markable_102" span="word_1332..word_1339" />
<markable mmax_level="smtsentence" orderid="103" id="markable_103" span="word_1340..word_1358" />
<markable mmax_level="smtsentence" orderid="104" id="markable_104" span="word_1359..word_1382" />
<markable mmax_level="smtsentence" orderid="105" id="markable_105" span="word_1383..word_1392" />
<markable mmax_level="smtsentence" orderid="106" id="markable_106" span="word_1393..word_1410" />
<markable mmax_level="smtsentence" orderid="107" id="markable_107" span="word_1411..word_1430" />
<markable mmax_level="smtsentence" orderid="108" id="markable_108" span="word_1431..word_1436" />
<markable mmax_level="smtsentence" orderid="109" id="markable_109" span="word_1437..word_1455" />
<markable mmax_level="smtsentence" orderid="110" id="markable_110" span="word_1456..word_1462" />
<markable mmax_level="smtsentence" orderid="111" id="markable_111" span="word_1463..word_1470" />
<markable mmax_level="smtsentence" orderid="112" id="markable_112" span="word_1471..word_1499" />
<markable mmax_level="smtsentence" orderid="113" id="markable_113" span="word_1500..word_1516" />
<markable mmax_level="smtsentence" orderid="114" id="markable_114" span="word_1517..word_1527" />
<markable mmax_level="smtsentence" orderid="115" id="markable_115" span="word_1528..word_1532" />
<markable mmax_level="smtsentence" orderid="116" id="markable_116" span="word_1533..word_1544" />
<markable mmax_level="smtsentence" orderid="117" id="markable_117" span="word_1545..word_1593" />
<markable mmax_level="smtsentence" orderid="118" id="markable_118" span="word_1594..word_1610" />
<markable mmax_level="smtsentence" orderid="119" id="markable_119" span="word_1611..word_1641" />
<markable mmax_level="smtsentence" orderid="120" id="markable_120" span="word_1642..word_1650" />
<markable mmax_level="smtsentence" orderid="121" id="markable_121" span="word_1651..word_1658" />
<markable mmax_level="smtsentence" orderid="122" id="markable_122" span="word_1659..word_1663" />
<markable mmax_level="smtsentence" orderid="123" id="markable_123" span="word_1664..word_1670" />
<markable mmax_level="smtsentence" orderid="124" id="markable_124" span="word_1671..word_1685" />
<markable mmax_level="smtsentence" orderid="125" id="markable_125" span="word_1686..word_1692" />
<markable mmax_level="smtsentence" orderid="126" id="markable_126" span="word_1693..word_1706" />
<markable mmax_level="smtsentence" orderid="127" id="markable_127" span="word_1707..word_1725" />
<markable mmax_level="smtsentence" orderid="128" id="markable_128" span="word_1726..word_1748" />
<markable mmax_level="smtsentence" orderid="129" id="markable_129" span="word_1749..word_1772" />
<markable mmax_level="smtsentence" orderid="130" id="markable_130" span="word_1773..word_1779" />
<markable mmax_level="smtsentence" orderid="131" id="markable_131" span="word_1780..word_1790" />
<markable mmax_level="smtsentence" orderid="132" id="markable_132" span="word_1791..word_1796" />
<markable mmax_level="smtsentence" orderid="133" id="markable_133" span="word_1797..word_1802" />
<markable mmax_level="smtsentence" orderid="134" id="markable_134" span="word_1803..word_1808" />
<markable mmax_level="smtsentence" orderid="135" id="markable_135" span="word_1809..word_1820" />
<markable mmax_level="smtsentence" orderid="136" id="markable_136" span="word_1821..word_1827" />
<markable mmax_level="smtsentence" orderid="137" id="markable_137" span="word_1828..word_1850" />
<markable mmax_level="smtsentence" orderid="138" id="markable_138" span="word_1851..word_1860" />
<markable mmax_level="smtsentence" orderid="139" id="markable_139" span="word_1861..word_1881" />
<markable mmax_level="smtsentence" orderid="140" id="markable_140" span="word_1882..word_1900" />
<markable mmax_level="smtsentence" orderid="141" id="markable_141" span="word_1901..word_1911" />
<markable mmax_level="smtsentence" orderid="142" id="markable_142" span="word_1912..word_1921" />
<markable mmax_level="smtsentence" orderid="143" id="markable_143" span="word_1922..word_1938" />
<markable mmax_level="smtsentence" orderid="144" id="markable_144" span="word_1939..word_1941" />
<markable mmax_level="smtsentence" orderid="145" id="markable_145" span="word_1942..word_1957" />
<markable mmax_level="smtsentence" orderid="146" id="markable_146" span="word_1958..word_1983" />
<markable mmax_level="smtsentence" orderid="147" id="markable_147" span="word_1984..word_1992" />
<markable mmax_level="smtsentence" orderid="148" id="markable_148" span="word_1993..word_2006" />
<markable mmax_level="smtsentence" orderid="149" id="markable_149" span="word_2007..word_2022" />
<markable mmax_level="smtsentence" orderid="150" id="markable_150" span="word_2023..word_2045" />
<markable mmax_level="smtsentence" orderid="151" id="markable_151" span="word_2046..word_2059" />
<markable mmax_level="smtsentence" orderid="152" id="markable_152" span="word_2060..word_2067" />
<markable mmax_level="smtsentence" orderid="153" id="markable_153" span="word_2068..word_2074" />
<markable mmax_level="smtsentence" orderid="154" id="markable_154" span="word_2075..word_2096" />
<markable mmax_level="smtsentence" orderid="155" id="markable_155" span="word_2097..word_2111" />
<markable mmax_level="smtsentence" orderid="156" id="markable_156" span="word_2112..word_2121" />
<markable mmax_level="smtsentence" orderid="157" id="markable_157" span="word_2122..word_2132" />
<markable mmax_level="smtsentence" orderid="158" id="markable_158" span="word_2133..word_2143" />
<markable mmax_level="smtsentence" orderid="159" id="markable_159" span="word_2144..word_2151" />
<markable mmax_level="smtsentence" orderid="160" id="markable_160" span="word_2152..word_2165" />
<markable mmax_level="smtsentence" orderid="161" id="markable_161" span="word_2166..word_2176" />
<markable mmax_level="smtsentence" orderid="162" id="markable_162" span="word_2177..word_2189" />
<markable mmax_level="smtsentence" orderid="163" id="markable_163" span="word_2190..word_2225" />
<markable mmax_level="smtsentence" orderid="164" id="markable_164" span="word_2226..word_2250" />
<markable mmax_level="smtsentence" orderid="165" id="markable_165" span="word_2251..word_2271" />
<markable mmax_level="smtsentence" orderid="166" id="markable_166" span="word_2272..word_2282" />
<markable mmax_level="smtsentence" orderid="167" id="markable_167" span="word_2283..word_2336" />
<markable mmax_level="smtsentence" orderid="168" id="markable_168" span="word_2337..word_2349" />
<markable mmax_level="smtsentence" orderid="169" id="markable_169" span="word_2350..word_2381" />
<markable mmax_level="smtsentence" orderid="170" id="markable_170" span="word_2382..word_2405" />
<markable mmax_level="smtsentence" orderid="171" id="markable_171" span="word_2406..word_2426" />
<markable mmax_level="smtsentence" orderid="172" id="markable_172" span="word_2427..word_2439" />
<markable mmax_level="smtsentence" orderid="173" id="markable_173" span="word_2440..word_2447" />
<markable mmax_level="smtsentence" orderid="174" id="markable_174" span="word_2448..word_2451" />
<markable mmax_level="smtsentence" orderid="175" id="markable_175" span="word_2452..word_2457" />
<markable mmax_level="smtsentence" orderid="176" id="markable_176" span="word_2458..word_2463" />
<markable mmax_level="smtsentence" orderid="177" id="markable_177" span="word_2464..word_2469" />
<markable mmax_level="smtsentence" orderid="178" id="markable_178" span="word_2470..word_2473" />
<markable mmax_level="smtsentence" orderid="179" id="markable_179" span="word_2474..word_2517" />
<markable mmax_level="smtsentence" orderid="180" id="markable_180" span="word_2518..word_2526" />
<markable mmax_level="smtsentence" orderid="181" id="markable_181" span="word_2527..word_2531" />
<markable mmax_level="smtsentence" orderid="182" id="markable_182" span="word_2532..word_2538" />
<markable mmax_level="smtsentence" orderid="183" id="markable_183" span="word_2539..word_2554" />
<markable mmax_level="smtsentence" orderid="184" id="markable_184" span="word_2555..word_2562" />
<markable mmax_level="smtsentence" orderid="185" id="markable_185" span="word_2563..word_2582" />
<markable mmax_level="smtsentence" orderid="186" id="markable_186" span="word_2583..word_2606" />
<markable mmax_level="smtsentence" orderid="187" id="markable_187" span="word_2607..word_2648" />
<markable mmax_level="smtsentence" orderid="188" id="markable_188" span="word_2649..word_2670" />
<markable mmax_level="smtsentence" orderid="189" id="markable_189" span="word_2671..word_2698" />
<markable mmax_level="smtsentence" orderid="190" id="markable_190" span="word_2699..word_2710" />
<markable mmax_level="smtsentence" orderid="191" id="markable_191" span="word_2711..word_2729" />
<markable mmax_level="smtsentence" orderid="192" id="markable_192" span="word_2730..word_2775" />
<markable mmax_level="smtsentence" orderid="193" id="markable_193" span="word_2776..word_2781" />
<markable mmax_level="smtsentence" orderid="194" id="markable_194" span="word_2782..word_2795" />
<markable mmax_level="smtsentence" orderid="195" id="markable_195" span="word_2796..word_2811" />
<markable mmax_level="smtsentence" orderid="196" id="markable_196" span="word_2812..word_2826" />
<markable mmax_level="smtsentence" orderid="197" id="markable_197" span="word_2827..word_2836" />
<markable mmax_level="smtsentence" orderid="198" id="markable_198" span="word_2837..word_2858" />
<markable mmax_level="smtsentence" orderid="199" id="markable_199" span="word_2859..word_2868" />
<markable mmax_level="smtsentence" orderid="200" id="markable_200" span="word_2869..word_2882" />
<markable mmax_level="smtsentence" orderid="201" id="markable_201" span="word_2883..word_2890" />
<markable mmax_level="smtsentence" orderid="202" id="markable_202" span="word_2891..word_2926" />
<markable mmax_level="smtsentence" orderid="203" id="markable_203" span="word_2927..word_2938" />
<markable mmax_level="smtsentence" orderid="204" id="markable_204" span="word_2939..word_2959" />
<markable mmax_level="smtsentence" orderid="205" id="markable_205" span="word_2960..word_2985" />
<markable mmax_level="smtsentence" orderid="206" id="markable_206" span="word_2986..word_2988" />
</markables>
