<?xml version="1.0" encoding="utf-8"?>
<!DOCTYPE markables SYSTEM "markables.dtd">
<markables xmlns="www.eml.org/NameSpaces/coref">
 <markable anacata="anaphoric" antetype="entity" coref_class="set_120" id="markable_904" mention="np" mmax_level="coref" npmod="demonstrative" nptype="np" span="word_2536..word_2537" split="simple antecedent"/>
 <markable clausetype="antecedent" coref_class="set_120" id="markable_903" mention="clause" mmax_level="coref" span="word_2518..word_2525"/>
 <markable agreement="they (sg.)" coref_class="set_165" id="markable_906" mention="pronoun" mmax_level="coref" position="it (subject)" span="word_2645" type="antecedent" type_of_pronoun="demonstrative"/>
 <markable agreement="they (sg.)" coref_class="set_164" id="markable_905" mention="pronoun" mmax_level="coref" position="it (subject)" span="word_2566" type="antecedent" type_of_pronoun="demonstrative"/>
 <markable agreement="they (sg.)" antetype="entity" coref_class="set_161" id="markable_900" mention="pronoun" mmax_level="coref" position="it (subject)" span="word_2433" split="simple antecedent" type="anaphoric" type_of_pronoun="demonstrative"/>
 <markable agreement="they (pl.)" coref_class="set_162" id="markable_902" mention="pronoun" mmax_level="coref" position="it (subject)" span="word_2482" type="antecedent" type_of_pronoun="relative"/>
 <markable coref_class="set_161" id="markable_901" mention="np" mmax_level="coref" nptype="antecedent" span="word_2411..word_2416"/>
 <markable coref_class="set_166" id="markable_908" mention="np" mmax_level="coref" nptype="antecedent" span="word_2684..word_2685"/>
 <markable coref_class="set_165" id="markable_907" mention="vp" mmax_level="coref" span="word_2636..word_2640" vptype="antecedent"/>
 <markable agreement="they (sg.)" antetype="entity" coref_class="set_166" id="markable_909" mention="pronoun" mmax_level="coref" position="it (subject)" span="word_2686" split="simple antecedent" type="anaphoric" type_of_pronoun="demonstrative"/>
 <markable coref_class="set_173" id="markable_920" mention="np" mmax_level="coref" nptype="antecedent" span="word_2906"/>
 <markable agreement="they (sg.)" antetype="entity" coref_class="set_170" id="markable_915" mention="pronoun" mmax_level="coref" position="it (subject)" span="word_2869" split="simple antecedent" type="anaphoric" type_of_pronoun="demonstrative"/>
 <markable coref_class="set_169" id="markable_914" mention="vp" mmax_level="coref" span="word_2802..word_2810" vptype="antecedent"/>
 <markable agreement="they (pl.)" antetype="entity" coref_class="set_132" id="markable_917" mention="pronoun" mmax_level="coref" position="it (subject)" span="word_2892" split="simple antecedent" type="anaphoric" type_of_pronoun="relative"/>
 <markable agreement="they (sg.)" coref_class="set_171" id="markable_916" mention="pronoun" mmax_level="coref" position="it (subject)" span="word_2873" type="antecedent" type_of_pronoun="relative"/>
 <markable agreement="they (sg.)" antetype="entity" coref_class="set_167" id="markable_911" mention="pronoun" mmax_level="coref" position="it (non-subject)" span="word_2692" split="simple antecedent" type="anaphoric" type_of_pronoun="demonstrative"/>
 <markable agreement="none" coref_class="empty" id="markable_910" mention="pronoun" mmax_level="coref" position="none" span="word_2690..word_2691" type="antecedent" type_of_pronoun="personal"/>
 <markable agreement="they (sg.)" coref_class="set_169" id="markable_913" mention="pronoun" mmax_level="coref" position="it (non-subject)" span="word_2814" type="antecedent" type_of_pronoun="demonstrative"/>
 <markable agreement="they (pl.)" antetype="entity" coref_class="set_168" id="markable_912" mention="pronoun" mmax_level="coref" position="it (subject)" span="word_2804" split="simple antecedent" type="anaphoric" type_of_pronoun="relative"/>
 <markable audience="all-inclusive we" coref_class="empty" id="markable_33" mention="pronoun" mmax_level="coref" span="word_139" type="speaker reference"/>
 <markable agreement="they (pl.)" antetype="entity" coref_class="set_172" id="markable_919" mention="pronoun" mmax_level="coref" position="it (subject)" span="word_2900" split="simple antecedent" type="anaphoric" type_of_pronoun="demonstrative"/>
 <markable audience="all-inclusive we" coref_class="empty" id="markable_39" mention="pronoun" mmax_level="coref" span="word_159" type="speaker reference"/>
 <markable coref_class="set_172" id="markable_918" mention="np" mmax_level="coref" nptype="antecedent" span="word_2899"/>
 <markable audience="all-inclusive we" coref_class="empty" id="markable_37" mention="pronoun" mmax_level="coref" span="word_152" type="speaker reference"/>
 <markable coref_class="set_176" id="markable_926" mention="np" mmax_level="coref" nptype="antecedent" span="word_2949..word_2958"/>
 <markable agreement="none" coref_class="set_176" id="markable_925" mention="pronoun" mmax_level="coref" position="it (non-subject)" span="word_2967" type="antecedent" type_of_pronoun="demonstrative"/>
 <markable agreement="none" coref_class="set_179" id="markable_928" mention="pronoun" mmax_level="coref" position="none" span="word_20..word_22" type="antecedent" type_of_pronoun="personal"/>
 <markable coref_class="set_178" id="markable_927" mention="np" mmax_level="coref" nptype="antecedent" span="word_6..word_9"/>
 <markable anacata="anaphoric" antetype="entity" coref_class="set_179" id="markable_21" mention="np" mmax_level="coref" npmod="demonstrative" nptype="np" span="word_83..word_84" split="simple antecedent"/>
 <markable coref_class="set_174" id="markable_922" mention="np" mmax_level="coref" nptype="antecedent" span="word_2915"/>
 <markable agreement="they (pl.)" antetype="entity" coref_class="set_173" id="markable_921" mention="pronoun" mmax_level="coref" position="it (subject)" span="word_2907" split="simple antecedent" type="anaphoric" type_of_pronoun="relative"/>
 <markable agreement="they (pl.)" coref_class="set_175" id="markable_924" mention="pronoun" mmax_level="coref" position="it (subject)" span="word_2932" type="antecedent" type_of_pronoun="relative"/>
 <markable agreement="they (pl.)" antetype="entity" coref_class="set_174" id="markable_923" mention="pronoun" mmax_level="coref" position="it (subject)" span="word_2916" split="simple antecedent" type="anaphoric" type_of_pronoun="relative"/>
 <markable coref_class="set_138" id="markable_25" mention="np" mmax_level="coref" nptype="antecedent" span="word_95..word_96"/>
 <markable coref_class="set_139" id="markable_27" mention="np" mmax_level="coref" nptype="antecedent" span="word_105..word_106"/>
 <markable agreement="they (sg.)" antetype="entity" coref_class="set_179" id="markable_14" mention="pronoun" mmax_level="coref" position="it (subject)" span="word_57" split="simple antecedent" type="anaphoric" type_of_pronoun="personal"/>
 <markable agreement="they (sg.)" antetype="entity" coref_class="set_179" id="markable_18" mention="pronoun" mmax_level="coref" position="it (non-subject)" span="word_75" split="simple antecedent" type="anaphoric" type_of_pronoun="personal"/>
 <markable agreement="none" audience="generic you" coref_class="empty" id="markable_17" mention="pronoun" mmax_level="coref" position="you (subject)" span="word_69" type="addressee reference"/>
 <markable coref_class="set_131" id="markable_710" mention="np" mmax_level="coref" nptype="antecedent" span="word_2820..word_2822"/>
 <markable coref_class="set_168" id="markable_706" mention="np" mmax_level="coref" nptype="antecedent" span="word_2803"/>
 <markable audience="all-inclusive we" coref_class="empty" id="markable_705" mention="pronoun" mmax_level="coref" span="word_2801" type="speaker reference"/>
 <markable agreement="they (sg.)" antetype="entity" coref_class="set_127" id="markable_708" mention="pronoun" mmax_level="coref" position="it (non-subject)" span="word_2810" split="simple antecedent" type="anaphoric" type_of_pronoun="reflexive"/>
 <markable coref_class="set_127" id="markable_707" mention="np" mmax_level="coref" nptype="antecedent" span="word_2806..word_2807"/>
 <markable audience="all-inclusive we" coref_class="empty" id="markable_704" mention="pronoun" mmax_level="coref" span="word_2794" type="speaker reference"/>
 <markable audience="all-inclusive we" coref_class="empty" id="markable_703" mention="pronoun" mmax_level="coref" span="word_2790" type="speaker reference"/>
 <markable coref_class="set_147" id="markable_283" mention="np" mmax_level="coref" nptype="antecedent" span="word_1115..word_1119"/>
 <markable agreement="none" antetype="entity" coref_class="set_146" id="markable_282" mention="pronoun" mmax_level="coref" position="it (subject)" span="word_1113" split="simple antecedent" type="anaphoric" type_of_pronoun="personal"/>
 <markable agreement="none" antetype="entity" coref_class="set_146" id="markable_280" mention="pronoun" mmax_level="coref" position="it (non-subject)" span="word_1108" split="simple antecedent" type="anaphoric" type_of_pronoun="personal"/>
 <markable anacata="anaphoric" antetype="entity" coref_class="set_146" id="markable_289" mention="np" mmax_level="coref" npmod="demonstrative" nptype="np" span="word_1137..word_1138" split="simple antecedent"/>
 <markable agreement="you (pl.)" audience="deictic you" coref_class="empty" id="markable_294" mention="pronoun" mmax_level="coref" position="you (subject)" span="word_1154" type="addressee reference"/>
 <markable agreement="they (sg.)" antetype="entity" coref_class="set_147" id="markable_296" mention="pronoun" mmax_level="coref" position="it (subject)" span="word_1160" split="simple antecedent" type="anaphoric" type_of_pronoun="personal"/>
 <markable anacata="anaphoric" antetype="entity" coref_class="set_147" id="markable_291" mention="np" mmax_level="coref" npmod="def-article" nptype="np" span="word_1146..word_1147" split="simple antecedent"/>
 <markable agreement="none" audience="generic you" coref_class="empty" id="markable_297" mention="pronoun" mmax_level="coref" position="you (subject)" span="word_1162" type="addressee reference"/>
 <markable antetype="entity" coref_class="set_178" id="markable_5" mention="np" mmax_level="coref" nptype="nom-ellipsis" span="word_17..word_18" split="simple antecedent"/>
 <markable agreement="none" coref_class="empty" id="markable_7" mention="pronoun" mmax_level="coref" position="none" span="word_24" split="no explicit antecedent" type="anaphoric" type_of_pronoun="personal"/>
 <markable antetype="entity" coref_class="set_178" id="markable_6" mention="np" mmax_level="coref" nptype="nom-ellipsis" span="word_20..word_22" split="simple antecedent"/>
 <markable agreement="they (sg.)" antetype="entity" coref_class="set_179" id="markable_9" mention="pronoun" mmax_level="coref" position="it (subject)" span="word_32" split="simple antecedent" type="anaphoric" type_of_pronoun="personal"/>
 <markable coref_class="set_109" id="markable_560" mention="np" mmax_level="coref" nptype="antecedent" span="word_2222..word_2224"/>
 <markable agreement="they (sg.)" antetype="entity" coref_class="set_49" id="markable_323" mention="pronoun" mmax_level="coref" position="it (non-subject)" span="word_1280" split="simple antecedent" type="anaphoric" type_of_pronoun="personal"/>
 <markable coref_class="empty" id="markable_325" mention="pronoun" mmax_level="coref" span="word_1286" type="pleonastic"/>
 <markable agreement="they (sg.)" antetype="entity" coref_class="set_109" id="markable_561" mention="pronoun" mmax_level="coref" position="it (subject)" span="word_2226" split="simple antecedent" type="anaphoric" type_of_pronoun="personal"/>
 <markable agreement="they (sg.)" antetype="entity" coref_class="set_109" id="markable_563" mention="pronoun" mmax_level="coref" position="it (non-subject)" span="word_2233" split="simple antecedent" type="anaphoric" type_of_pronoun="personal"/>
 <markable agreement="they (sg.)" antetype="entity" coref_class="set_49" id="markable_321" mention="pronoun" mmax_level="coref" position="it (subject)" span="word_1273" split="simple antecedent" type="anaphoric" type_of_pronoun="personal"/>
 <markable agreement="they (sg.)" antetype="entity" coref_class="set_49" id="markable_316" mention="pronoun" mmax_level="coref" position="it (subject)" span="word_1249" split="simple antecedent" type="anaphoric" type_of_pronoun="personal"/>
 <markable agreement="none" coref_class="set_49" id="markable_318" mention="pronoun" mmax_level="coref" position="none" span="word_1260" split="simple antecedent" type="anaphoric"/>
 <markable coref_class="set_114" id="markable_577" mention="np" mmax_level="coref" nptype="antecedent" span="word_2287..word_2288"/>
 <markable agreement="they (sg.)" antetype="entity" coref_class="set_157" id="markable_573" mention="pronoun" mmax_level="coref" position="it (subject)" span="word_2269" split="simple antecedent" type="anaphoric" type_of_pronoun="personal"/>
 <markable coref_class="set_157" id="markable_572" mention="np" mmax_level="coref" nptype="antecedent" span="word_2263..word_2264"/>
 <markable agreement="they (sg.)" antetype="entity" coref_class="set_58" id="markable_330" mention="pronoun" mmax_level="coref" position="it (subject)" span="word_1310" split="simple antecedent" type="anaphoric" type_of_pronoun="personal"/>
 <markable agreement="they (sg.)" antetype="entity" coref_class="set_113" id="markable_575" mention="pronoun" mmax_level="coref" position="it (subject)" span="word_2278" split="simple antecedent" type="anaphoric" type_of_pronoun="personal"/>
 <markable agreement="they (sg.)" antetype="entity" coref_class="set_58" id="markable_333" mention="pronoun" mmax_level="coref" position="it (subject)" span="word_1318" split="simple antecedent" type="anaphoric" type_of_pronoun="personal"/>
 <markable coref_class="set_113" id="markable_574" mention="np" mmax_level="coref" nptype="antecedent" span="word_2272..word_2273"/>
 <markable agreement="they (sg.)" antetype="entity" coref_class="set_157" id="markable_569" mention="pronoun" mmax_level="coref" position="it (subject)" span="word_2253" split="simple antecedent" type="cataphoric"/>
 <markable agreement="they (sg.)" antetype="entity" coref_class="set_58" id="markable_329" mention="pronoun" mmax_level="coref" position="it (non-subject)" span="word_1308" split="simple antecedent" type="anaphoric" type_of_pronoun="personal"/>
 <markable coref_class="set_158" id="markable_580" mention="np" mmax_level="coref" nptype="antecedent" span="word_2298..word_2299"/>
 <markable agreement="they (sg.)" antetype="entity" coref_class="set_12" id="markable_103" mention="pronoun" mmax_level="coref" position="it (subject)" span="word_422" split="simple antecedent" type="anaphoric" type_of_pronoun="personal"/>
 <markable agreement="you (pl.)" audience="deictic you" coref_class="empty" id="markable_587" mention="pronoun" mmax_level="coref" position="you (non-subject)" span="word_2331" type="addressee reference"/>
 <markable coref_class="set_55" id="markable_348" mention="np" mmax_level="coref" nptype="antecedent" span="word_1374..word_1381"/>
 <markable anacata="anaphoric" antetype="entity" coref_class="set_117" id="markable_589" mention="np" mmax_level="coref" npmod="demonstrative" nptype="np" span="word_2339..word_2340" split="simple antecedent"/>
 <markable agreement="you (pl.)" audience="deictic you" coref_class="empty" id="markable_347" mention="pronoun" mmax_level="coref" position="you (subject)" span="word_1371" type="addressee reference"/>
 <markable coref_class="set_159" id="markable_584" mention="np" mmax_level="coref" nptype="antecedent" span="word_2312..word_2313"/>
 <markable agreement="they (sg.)" antetype="entity" coref_class="set_58" id="markable_341" mention="pronoun" mmax_level="coref" position="it (subject)" span="word_1342" split="simple antecedent" type="anaphoric" type_of_pronoun="personal"/>
 <markable audience="exclusive we" coref_class="empty" id="markable_101" mention="pronoun" mmax_level="coref" span="word_410" type="speaker reference"/>
 <markable agreement="they (sg.)" antetype="entity" coref_class="set_117" id="markable_590" mention="pronoun" mmax_level="coref" position="it (subject)" span="word_2343" split="simple antecedent" type="anaphoric" type_of_pronoun="personal"/>
 <markable agreement="they (sg.)" antetype="entity" coref_class="set_55" id="markable_350" mention="pronoun" mmax_level="coref" position="it (subject)" span="word_1383" split="simple antecedent" type="anaphoric" type_of_pronoun="personal"/>
 <markable agreement="they (sg.)" antetype="entity" coref_class="set_118" id="markable_599" mention="pronoun" mmax_level="coref" position="it (subject)" span="word_2385" split="simple antecedent" type="anaphoric" type_of_pronoun="personal"/>
 <markable agreement="you (pl.)" audience="deictic you" coref_class="empty" id="markable_598" mention="pronoun" mmax_level="coref" position="you (subject)" span="word_2382" type="addressee reference"/>
 <markable agreement="they (sg.)" antetype="entity" coref_class="set_58" id="markable_359" mention="pronoun" mmax_level="coref" position="it (non-subject)" span="word_1414" split="simple antecedent" type="anaphoric" type_of_pronoun="personal"/>
 <markable agreement="they (sg.)" antetype="entity" coref_class="set_160" id="markable_595" mention="pronoun" mmax_level="coref" position="it (non-subject)" span="word_2363" split="simple antecedent" type="anaphoric" type_of_pronoun="personal"/>
 <markable agreement="they (sg.)" antetype="entity" coref_class="set_12" id="markable_110" mention="pronoun" mmax_level="coref" position="it (subject)" span="word_455" split="simple antecedent" type="anaphoric" type_of_pronoun="personal"/>
 <markable coref_class="set_118" id="markable_597" mention="np" mmax_level="coref" nptype="antecedent" span="word_2371..word_2373"/>
 <markable agreement="you (pl.)" audience="deictic you" coref_class="empty" id="markable_596" mention="pronoun" mmax_level="coref" position="you (subject)" span="word_2368" type="addressee reference"/>
 <markable agreement="you (pl.)" audience="deictic you" coref_class="empty" id="markable_108" mention="pronoun" mmax_level="coref" position="you (subject)" span="word_446" type="addressee reference"/>
 <markable agreement="they (sg.)" antetype="entity" coref_class="set_58" id="markable_362" mention="pronoun" mmax_level="coref" position="it (subject)" span="word_1431" split="simple antecedent" type="anaphoric" type_of_pronoun="personal"/>
 <markable agreement="they (sg.)" antetype="entity" coref_class="set_13" id="markable_125" mention="pronoun" mmax_level="coref" position="it (subject)" span="word_523" split="simple antecedent" type="anaphoric" type_of_pronoun="personal"/>
 <markable agreement="they (sg.)" antetype="entity" coref_class="set_13" id="markable_127" mention="pronoun" mmax_level="coref" position="it (subject)" span="word_528" split="simple antecedent" type="anaphoric" type_of_pronoun="personal"/>
 <markable agreement="none" coref_class="set_149" id="markable_369" mention="pronoun" mmax_level="coref" position="it (subject)" span="word_1452" split="split reference" type="anaphoric" type_of_pronoun="personal"/>
 <markable agreement="they (sg.)" antetype="entity" coref_class="set_13" id="markable_124" mention="pronoun" mmax_level="coref" position="it (subject)" span="word_521" split="simple antecedent" type="anaphoric" type_of_pronoun="personal"/>
 <markable anacata="anaphoric" antetype="entity" coref_class="set_139" id="markable_119" mention="np" mmax_level="coref" npmod="def-article" nptype="np" span="word_499..word_500" split="simple antecedent"/>
 <markable anacata="anaphoric" antetype="entity" coref_class="set_140" id="markable_131" mention="np" mmax_level="coref" npmod="def-article" nptype="np" span="word_545..word_546" split="simple antecedent"/>
 <markable agreement="they (sg.)" antetype="entity" coref_class="set_58" id="markable_372" mention="pronoun" mmax_level="coref" position="it (subject)" span="word_1473" split="simple antecedent" type="anaphoric" type_of_pronoun="personal"/>
 <markable coref_class="set_15" id="markable_137" mention="np" mmax_level="coref" nptype="antecedent" span="word_566..word_568"/>
 <markable coref_class="set_60" id="markable_379" mention="np" mmax_level="coref" nptype="antecedent" span="word_1500..word_1508"/>
 <markable agreement="they (sg.)" antetype="entity" coref_class="set_15" id="markable_139" mention="pronoun" mmax_level="coref" position="it (non-subject)" span="word_573" split="simple antecedent" type="anaphoric" type_of_pronoun="personal"/>
 <markable agreement="none" coref_class="empty" id="markable_374" mention="pronoun" mmax_level="coref" position="none" span="word_1479" type="antecedent" type_of_pronoun="personal"/>
 <markable agreement="they (pl.)" antetype="entity" coref_class="set_59" id="markable_377" mention="pronoun" mmax_level="coref" position="it (subject)" span="word_1492" split="simple antecedent" type="anaphoric" type_of_pronoun="personal"/>
 <markable coref_class="set_59" id="markable_376" mention="np" mmax_level="coref" nptype="antecedent" span="word_1487..word_1488"/>
 <markable agreement="none" coref_class="set_60" id="markable_382" mention="pronoun" mmax_level="coref" position="it (subject)" span="word_1510" split="split reference" type="anaphoric" type_of_pronoun="personal"/>
 <markable coref_class="set_61" id="markable_384" mention="np" mmax_level="coref" nptype="antecedent" span="word_1517..word_1518"/>
 <markable agreement="they (sg.)" antetype="entity" coref_class="set_15" id="markable_149" mention="pronoun" mmax_level="coref" position="it (subject)" span="word_620" split="simple antecedent" type="anaphoric" type_of_pronoun="personal"/>
 <markable agreement="they (sg.)" antetype="entity" coref_class="set_15" id="markable_143" mention="pronoun" mmax_level="coref" position="it (subject)" span="word_596" split="simple antecedent" type="anaphoric" type_of_pronoun="personal"/>
 <markable agreement="they (sg.)" antetype="entity" coref_class="set_61" id="markable_385" mention="pronoun" mmax_level="coref" position="it (subject)" span="word_1523" split="simple antecedent" type="anaphoric" type_of_pronoun="personal"/>
 <markable agreement="they (sg.)" antetype="entity" coref_class="set_15" id="markable_146" mention="pronoun" mmax_level="coref" position="it (subject)" span="word_607" split="simple antecedent" type="anaphoric" type_of_pronoun="personal"/>
 <markable anacata="anaphoric" antetype="entity" coref_class="set_66" id="markable_392" mention="np" mmax_level="coref" npmod="demonstrative" nptype="np" span="word_1553..word_1554" split="simple antecedent"/>
 <markable agreement="they (sg.)" antetype="entity" coref_class="set_68" id="markable_394" mention="pronoun" mmax_level="coref" position="it (non-subject)" span="word_1561" split="simple antecedent" type="anaphoric" type_of_pronoun="personal"/>
 <markable agreement="you (pl.)" audience="deictic you" coref_class="empty" id="markable_158" mention="pronoun" mmax_level="coref" position="you (subject)" span="word_657" type="addressee reference"/>
 <markable agreement="you (sg.)" audience="deictic you" coref_class="empty" id="markable_399" mention="pronoun" mmax_level="coref" position="you (subject)" span="word_1589" type="addressee reference"/>
 <markable agreement="they (sg.)" antetype="entity" coref_class="set_131" id="markable_716" mention="pronoun" mmax_level="coref" position="it (subject)" span="word_2849" split="simple antecedent" type="anaphoric" type_of_pronoun="personal"/>
 <markable coref_class="set_171" id="markable_719" mention="np" mmax_level="coref" nptype="antecedent" span="word_2871..word_2872"/>
 <markable coref_class="set_170" id="markable_718" mention="np" mmax_level="coref" nptype="antecedent" span="word_2865..word_2867"/>
 <markable agreement="they (sg.)" antetype="entity" coref_class="set_131" id="markable_713" mention="pronoun" mmax_level="coref" position="it (subject)" span="word_2833" split="simple antecedent" type="anaphoric" type_of_pronoun="personal"/>
 <markable agreement="they (sg.)" antetype="entity" coref_class="set_131" id="markable_712" mention="pronoun" mmax_level="coref" position="it (subject)" span="word_2827" split="simple antecedent" type="anaphoric" type_of_pronoun="personal"/>
 <markable agreement="they (sg.)" antetype="entity" coref_class="set_131" id="markable_714" mention="pronoun" mmax_level="coref" position="it (subject)" span="word_2837" split="simple antecedent" type="anaphoric" type_of_pronoun="personal"/>
 <markable agreement="they (pl.)" antetype="entity" coref_class="set_134" id="markable_733" mention="pronoun" mmax_level="coref" position="it (subject)" span="word_2928" split="simple antecedent" type="anaphoric" type_of_pronoun="personal"/>
 <markable coref_class="set_134" id="markable_729" mention="np" mmax_level="coref" nptype="antecedent" span="word_2915..word_2925"/>
 <markable coref_class="set_132" id="markable_724" mention="np" mmax_level="coref" nptype="antecedent" span="word_2891"/>
 <markable agreement="they (pl.)" antetype="entity" coref_class="set_132" id="markable_726" mention="pronoun" mmax_level="coref" position="it (non-subject)" span="word_2897" split="simple antecedent" type="anaphoric" type_of_pronoun="reflexive"/>
 <markable agreement="they (sg.)" antetype="entity" coref_class="set_89" id="markable_500" mention="pronoun" mmax_level="coref" position="it (subject)" span="word_2007" split="simple antecedent" type="anaphoric" type_of_pronoun="personal"/>
 <markable agreement="you (pl.)" audience="deictic you" coref_class="empty" id="markable_741" mention="pronoun" mmax_level="coref" position="you (subject)" span="word_2960" type="addressee reference"/>
 <markable coref_class="set_135" id="markable_744" mention="np" mmax_level="coref" nptype="antecedent" span="word_2973..word_2977"/>
 <markable agreement="they (sg.)" antetype="entity" coref_class="set_153" id="markable_502" mention="pronoun" mmax_level="coref" position="it (non-subject)" span="word_2015" split="simple antecedent" type="anaphoric" type_of_pronoun="personal"/>
 <markable agreement="they (pl.)" antetype="entity" coref_class="set_90" id="markable_501" mention="pronoun" mmax_level="coref" position="it (subject)" span="word_2013" split="simple antecedent" type="anaphoric" type_of_pronoun="personal"/>
 <markable agreement="they (pl.)" antetype="entity" coref_class="set_134" id="markable_738" mention="pronoun" mmax_level="coref" position="it (subject)" span="word_2949" split="simple antecedent" type="anaphoric" type_of_pronoun="personal"/>
 <markable coref_class="set_175" id="markable_734" mention="np" mmax_level="coref" nptype="antecedent" span="word_2930..word_2931"/>
 <markable coref_class="set_154" id="markable_510" mention="np" mmax_level="coref" nptype="antecedent" span="word_2043..word_2044"/>
 <markable agreement="they (sg.)" antetype="entity" coref_class="set_154" id="markable_512" mention="pronoun" mmax_level="coref" position="it (non-subject)" span="word_2050" split="simple antecedent" type="anaphoric" type_of_pronoun="personal"/>
 <markable coref_class="set_13" id="markable_749" mention="np" mmax_level="coref" nptype="antecedent" span="word_504"/>
 <markable agreement="you (pl.)" audience="deictic you" coref_class="empty" id="markable_746" mention="pronoun" mmax_level="coref" position="you (non-subject)" span="word_2987" type="addressee reference"/>
 <markable agreement="they (sg.)" antetype="entity" coref_class="set_135" id="markable_745" mention="pronoun" mmax_level="coref" position="it (subject)" span="word_2979" split="simple antecedent" type="anaphoric" type_of_pronoun="personal"/>
 <markable coref_class="set_12" id="markable_747" mention="np" mmax_level="coref" nptype="antecedent" span="word_335"/>
 <markable agreement="they (sg.)" antetype="entity" coref_class="set_154" id="markable_521" mention="pronoun" mmax_level="coref" position="it (non-subject)" span="word_2080" split="simple antecedent" type="anaphoric" type_of_pronoun="personal"/>
 <markable coref_class="set_58" id="markable_766" mention="np" mmax_level="coref" nptype="antecedent" span="word_1290"/>
 <markable coref_class="set_49" id="markable_765" mention="np" mmax_level="coref" nptype="antecedent" span="word_1239"/>
 <markable agreement="they (sg.)" antetype="entity" coref_class="set_154" id="markable_523" mention="pronoun" mmax_level="coref" position="it (subject)" span="word_2088" split="simple antecedent" type="anaphoric" type_of_pronoun="personal"/>
 <markable coref_class="set_45" id="markable_762" mention="np" mmax_level="coref" nptype="antecedent" span="word_1196"/>
 <markable agreement="they (sg.)" antetype="entity" coref_class="set_154" id="markable_519" mention="pronoun" mmax_level="coref" position="it (non-subject)" span="word_2073" split="simple antecedent" type="anaphoric" type_of_pronoun="personal"/>
 <markable coref_class="set_28" id="markable_757" mention="np" mmax_level="coref" nptype="antecedent" span="word_938..word_940"/>
 <markable agreement="none" coref_class="empty" id="markable_516" mention="pronoun" mmax_level="coref" position="it (subject)" span="word_2060" split="no explicit antecedent" type="anaphoric"/>
 <markable coref_class="set_89" id="markable_775" mention="np" mmax_level="coref" nptype="antecedent" span="word_1962"/>
 <markable agreement="they (sg.)" antetype="entity" coref_class="set_105" id="markable_533" mention="pronoun" mmax_level="coref" position="it (subject)" span="word_2122" split="simple antecedent" type="anaphoric" type_of_pronoun="personal"/>
 <markable agreement="they (sg.)" antetype="entity" coref_class="set_105" id="markable_532" mention="pronoun" mmax_level="coref" position="it (subject)" span="word_2119" split="simple antecedent" type="anaphoric" type_of_pronoun="personal"/>
 <markable agreement="none" anacata="anaphoric" antetype="entity" coref_class="set_99" id="markable_534" mention="np" mmax_level="coref" npmod="possessive" nptype="np" position="none" span="word_2126..word_2127" split="simple antecedent" sub_apposition="none" type="none"/>
 <markable coref_class="set_69" id="markable_771" mention="np" mmax_level="coref" nptype="antecedent" span="word_1675"/>
 <markable coref_class="set_68" id="markable_770" mention="np" mmax_level="coref" nptype="antecedent" span="word_1556"/>
 <markable coref_class="set_75" id="markable_773" mention="np" mmax_level="coref" nptype="antecedent" span="word_1753"/>
 <markable agreement="they (sg.)" antetype="entity" coref_class="set_154" id="markable_526" mention="pronoun" mmax_level="coref" position="it (subject)" span="word_2097" split="simple antecedent" type="anaphoric" type_of_pronoun="personal"/>
 <markable agreement="none" audience="generic you" coref_class="empty" id="markable_528" mention="pronoun" mmax_level="coref" position="you (subject)" span="word_2103" type="addressee reference" type_of_pronoun="personal"/>
 <markable agreement="none" audience="generic you" coref_class="empty" id="markable_301" mention="pronoun" mmax_level="coref" position="you (subject)" span="word_1177" type="addressee reference"/>
 <markable agreement="none" coref_class="set_101" id="markable_545" mention="np" mmax_level="coref" nptype="np" position="none" span="word_2168..word_2169" split="simple antecedent" sub_apposition="none" type="none"/>
 <markable agreement="they (sg.)" antetype="entity" coref_class="set_99" id="markable_540" mention="pronoun" mmax_level="coref" position="it (subject)" span="word_2144" split="simple antecedent" type="anaphoric" type_of_pronoun="personal"/>
 <markable agreement="they (sg.)" antetype="entity" coref_class="set_105" id="markable_542" mention="pronoun" mmax_level="coref" position="it (subject)" span="word_2154" split="simple antecedent" type="anaphoric" type_of_pronoun="personal"/>
 <markable coref_class="set_105" id="markable_778" mention="np" mmax_level="coref" nptype="antecedent" span="word_2116"/>
 <markable agreement="they (sg.)" antetype="entity" coref_class="set_99" id="markable_536" mention="pronoun" mmax_level="coref" position="it (subject)" span="word_2133" split="simple antecedent" type="anaphoric" type_of_pronoun="personal"/>
 <markable agreement="they (sg.)" antetype="entity" coref_class="set_105" id="markable_556" mention="pronoun" mmax_level="coref" position="it (subject)" span="word_2205" split="simple antecedent" type="anaphoric" type_of_pronoun="personal"/>
 <markable agreement="they (sg.)" antetype="entity" coref_class="set_105" id="markable_553" mention="pronoun" mmax_level="coref" position="it (subject)" span="word_2195" split="simple antecedent" type="anaphoric" type_of_pronoun="personal"/>
 <markable audience="exclusive we" coref_class="empty" id="markable_309" mention="pronoun" mmax_level="coref" span="word_1217" type="speaker reference" type_of_pronoun="personal"/>
 <markable agreement="they (sg.)" antetype="entity" coref_class="set_45" id="markable_306" mention="pronoun" mmax_level="coref" position="it (subject)" span="word_1198" split="simple antecedent" type="anaphoric" type_of_pronoun="personal"/>
 <markable agreement="none" anacata="anaphoric" antetype="entity" coref_class="set_156" id="markable_548" mention="np" mmax_level="coref" npmod="possessive" nptype="np" position="none" span="word_2177..word_2178" split="simple antecedent" sub_apposition="none" type="none"/>
 <markable agreement="they (sg.)" antetype="entity" coref_class="set_15" id="markable_162" mention="pronoun" mmax_level="coref" position="it (subject)" span="word_673" split="simple antecedent" type="anaphoric" type_of_pronoun="personal"/>
 <markable agreement="none" coref_class="empty" id="markable_160" mention="pronoun" mmax_level="coref" position="none" span="word_666" split="no explicit antecedent" type="anaphoric"/>
 <markable agreement="they (sg.)" antetype="entity" coref_class="set_15" id="markable_169" mention="pronoun" mmax_level="coref" position="it (subject)" span="word_702" split="simple antecedent" type="anaphoric" type_of_pronoun="personal"/>
 <markable coref_class="set_141" id="markable_175" mention="np" mmax_level="coref" nptype="antecedent" span="word_723..word_724"/>
 <markable anacata="anaphoric" antetype="entity" coref_class="set_141" id="markable_186" mention="np" mmax_level="coref" npmod="def-article" nptype="np" span="word_765..word_766" split="simple antecedent"/>
 <markable anacata="anaphoric" antetype="entity" coref_class="set_141" id="markable_182" mention="np" mmax_level="coref" npmod="demonstrative" nptype="np" span="word_752..word_753" split="simple antecedent"/>
 <markable coref_class="set_180" id="markable_188" mention="np" mmax_level="coref" nptype="antecedent" span="word_771..word_773"/>
 <markable agreement="they (sg.)" coref_class="set_180" id="markable_189" mention="pronoun" mmax_level="coref" position="it (subject)" span="word_775" split="no explicit antecedent" type="anaphoric" type_of_pronoun="personal"/>
 <markable agreement="none" audience="generic you" coref_class="empty" id="markable_195" mention="pronoun" mmax_level="coref" position="you (subject)" span="word_795" type="addressee reference" type_of_pronoun="personal"/>
 <markable agreement="none" audience="generic you" coref_class="empty" id="markable_197" mention="pronoun" mmax_level="coref" position="you (subject)" span="word_802" type="addressee reference"/>
 <markable coref_class="set_181" id="markable_196" mention="np" mmax_level="coref" nptype="antecedent" span="word_799..word_800"/>
 <markable agreement="none" coref_class="empty" id="markable_192" mention="pronoun" mmax_level="coref" position="it (subject)" span="word_784" split="no explicit antecedent" type="anaphoric" type_of_pronoun="personal"/>
 <markable anacata="anaphoric" antetype="entity" coref_class="set_181" id="markable_198" mention="np" mmax_level="coref" npmod="def-article" nptype="np" span="word_804..word_805" split="simple antecedent"/>
 <markable coref_class="set_167" id="markable_681" mention="np" mmax_level="coref" nptype="antecedent" span="word_2690..word_2691"/>
 <markable coref_class="set_126" id="markable_680" mention="np" mmax_level="coref" nptype="antecedent" span="word_2684..word_2697"/>
 <markable coref_class="set_150" id="markable_445" mention="np" mmax_level="coref" nptype="antecedent" span="word_1793..word_1795"/>
 <markable anacata="anaphoric" antetype="entity" coref_class="set_181" id="markable_203" mention="np" mmax_level="coref" npmod="demonstrative" nptype="np" span="word_825..word_826" split="simple antecedent"/>
 <markable coref_class="empty" id="markable_444" mention="pronoun" mmax_level="coref" span="word_1791" type="extratextual reference"/>
 <markable coref_class="set_17" id="markable_202" mention="np" mmax_level="coref" nptype="antecedent" span="word_818..word_820"/>
 <markable agreement="they (sg.)" antetype="entity" coref_class="set_17" id="markable_205" mention="pronoun" mmax_level="coref" position="it (subject)" span="word_832" split="simple antecedent" type="anaphoric" type_of_pronoun="personal"/>
 <markable agreement="they (sg.)" antetype="entity" coref_class="set_75" id="markable_440" mention="pronoun" mmax_level="coref" position="it (subject)" span="word_1773" split="simple antecedent" type="anaphoric" type_of_pronoun="personal"/>
 <markable audience="exclusive we" coref_class="empty" id="markable_443" mention="pronoun" mmax_level="coref" span="word_1784" type="speaker reference" type_of_pronoun="personal"/>
 <markable agreement="they (sg.)" antetype="entity" coref_class="set_75" id="markable_442" mention="pronoun" mmax_level="coref" position="it (subject)" span="word_1780" split="simple antecedent" type="anaphoric" type_of_pronoun="personal"/>
 <markable agreement="they (sg.)" antetype="entity" coref_class="set_181" id="markable_200" mention="pronoun" mmax_level="coref" position="it (non-subject)" span="word_810" split="simple antecedent" type="anaphoric" type_of_pronoun="personal"/>
 <markable agreement="they (sg.)" antetype="entity" coref_class="set_126" id="markable_684" mention="pronoun" mmax_level="coref" position="it (subject)" span="word_2706" split="simple antecedent" type="anaphoric" type_of_pronoun="personal"/>
 <markable agreement="you (sg.)" audience="deictic you" coref_class="empty" id="markable_438" mention="pronoun" mmax_level="coref" position="you (subject)" span="word_1765" type="addressee reference"/>
 <markable coref_class="set_21" id="markable_214" mention="np" mmax_level="coref" nptype="antecedent" span="word_873..word_874"/>
 <markable coref_class="set_78" id="markable_455" mention="np" mmax_level="coref" nptype="antecedent" span="word_1838..word_1839"/>
 <markable agreement="they (sg.)" antetype="entity" coref_class="set_181" id="markable_213" mention="pronoun" mmax_level="coref" position="it (subject)" span="word_865" split="simple antecedent" type="anaphoric" type_of_pronoun="personal"/>
 <markable agreement="they (sg.)" antetype="entity" coref_class="set_21" id="markable_215" mention="pronoun" mmax_level="coref" position="it (subject)" span="word_878" split="simple antecedent" type="anaphoric" type_of_pronoun="personal"/>
 <markable coref_class="set_76" id="markable_452" mention="np" mmax_level="coref" nptype="antecedent" span="word_1828..word_1829"/>
 <markable coref_class="set_26" id="markable_210" mention="np" mmax_level="coref" nptype="antecedent" span="word_853..word_854"/>
 <markable anacata="anaphoric" antetype="entity" coref_class="set_150" id="markable_451" mention="np" mmax_level="coref" npmod="def-article" nptype="np" span="word_1817..word_1818" split="simple antecedent"/>
 <markable agreement="they (sg.)" antetype="entity" coref_class="set_181" id="markable_211" mention="pronoun" mmax_level="coref" position="it (non-subject)" span="word_857" split="simple antecedent" type="anaphoric" type_of_pronoun="personal"/>
 <markable agreement="they (sg.)" antetype="entity" coref_class="set_181" id="markable_207" mention="pronoun" mmax_level="coref" position="it (subject)" span="word_839" split="simple antecedent" type="anaphoric" type_of_pronoun="personal"/>
 <markable audience="exclusive we" coref_class="empty" id="markable_206" mention="pronoun" mmax_level="coref" span="word_836" type="speaker reference"/>
 <markable agreement="they (pl.)" antetype="entity" coref_class="set_90" id="markable_466" mention="pronoun" mmax_level="coref" position="it (subject)" span="word_1882" split="simple antecedent" type="anaphoric" type_of_pronoun="personal"/>
 <markable agreement="they (sg.)" antetype="entity" coref_class="set_26" id="markable_224" mention="pronoun" mmax_level="coref" position="it (subject)" span="word_915" split="simple antecedent" type="anaphoric" type_of_pronoun="personal"/>
 <markable agreement="you (pl.)" audience="deictic you" coref_class="empty" id="markable_227" mention="pronoun" mmax_level="coref" position="you (subject)" span="word_927" type="addressee reference"/>
 <markable agreement="they (pl.)" antetype="entity" coref_class="set_90" id="markable_463" mention="pronoun" mmax_level="coref" position="it (subject)" span="word_1871" split="simple antecedent" type="anaphoric" type_of_pronoun="personal"/>
 <markable agreement="they (sg.)" antetype="entity" coref_class="set_26" id="markable_221" mention="pronoun" mmax_level="coref" position="it (subject)" span="word_907" split="simple antecedent" type="anaphoric" type_of_pronoun="personal"/>
 <markable anacata="anaphoric" antetype="entity" coref_class="set_90" id="markable_462" mention="np" mmax_level="coref" npmod="demonstrative" nptype="np" span="word_1868..word_1869" split="simple antecedent"/>
 <markable anacata="anaphoric" antetype="entity" coref_class="set_26" id="markable_217" mention="np" mmax_level="coref" npmod="demonstrative" nptype="np" span="word_888..word_889" split="simple antecedent"/>
 <markable agreement="they (sg.)" antetype="entity" coref_class="set_26" id="markable_219" mention="pronoun" mmax_level="coref" position="it (non-subject)" span="word_895" split="simple antecedent" type="anaphoric" type_of_pronoun="personal"/>
 <markable agreement="they (pl.)" antetype="entity" coref_class="set_90" id="markable_472" mention="pronoun" mmax_level="coref" position="it (subject)" span="word_1904" split="simple antecedent" type="anaphoric" type_of_pronoun="personal"/>
 <markable agreement="they (sg.)" antetype="entity" coref_class="set_26" id="markable_230" mention="pronoun" mmax_level="coref" position="it (subject)" span="word_933" split="simple antecedent" type="anaphoric" type_of_pronoun="personal"/>
 <markable agreement="they (pl.)" antetype="entity" coref_class="set_90" id="markable_478" mention="pronoun" mmax_level="coref" position="it (subject)" span="word_1922" split="simple antecedent" type="anaphoric" type_of_pronoun="personal"/>
 <markable agreement="they (sg.)" antetype="entity" coref_class="set_28" id="markable_235" mention="pronoun" mmax_level="coref" position="it (subject)" span="word_954" split="simple antecedent" type="anaphoric" type_of_pronoun="personal"/>
 <markable agreement="they (pl.)" antetype="entity" coref_class="set_90" id="markable_479" mention="pronoun" mmax_level="coref" position="it (subject)" span="word_1926" split="simple antecedent" type="anaphoric" type_of_pronoun="personal"/>
 <markable anacata="anaphoric" antetype="entity" coref_class="set_78" id="markable_474" mention="np" mmax_level="coref" npmod="def-article" nptype="np" span="word_1909..word_1910" split="simple antecedent"/>
 <markable agreement="they (sg.)" antetype="entity" coref_class="set_28" id="markable_232" mention="pronoun" mmax_level="coref" position="it (subject)" span="word_942" split="simple antecedent" type="anaphoric" type_of_pronoun="personal"/>
 <markable agreement="they (pl.)" antetype="entity" coref_class="set_90" id="markable_476" mention="pronoun" mmax_level="coref" position="it (subject)" span="word_1916" split="simple antecedent" type="anaphoric" type_of_pronoun="personal"/>
 <markable coref_class="set_143" id="markable_233" mention="np" mmax_level="coref" nptype="antecedent" span="word_944..word_946"/>
 <markable coref_class="empty" id="markable_229" mention="pronoun" mmax_level="coref" span="word_931" type="none"/>
 <markable coref_class="set_33" id="markable_241" mention="np" mmax_level="coref" nptype="antecedent" span="word_975..word_976"/>
 <markable agreement="none" coref_class="set_144" id="markable_246" mention="pronoun" mmax_level="coref" position="none" span="word_990" type="antecedent" type_of_pronoun="personal"/>
 <markable agreement="they (pl.)" antetype="entity" coref_class="set_90" id="markable_488" mention="pronoun" mmax_level="coref" position="it (subject)" span="word_1965" split="simple antecedent" type="anaphoric" type_of_pronoun="personal"/>
 <markable coref_class="set_145" id="markable_249" mention="np" mmax_level="coref" nptype="antecedent" span="word_998..word_1000"/>
 <markable agreement="they (pl.)" antetype="entity" coref_class="set_33" id="markable_248" mention="pronoun" mmax_level="coref" position="it (subject)" span="word_996" split="simple antecedent" type="anaphoric" type_of_pronoun="personal"/>
 <markable agreement="they (pl.)" antetype="entity" coref_class="set_33" id="markable_242" mention="pronoun" mmax_level="coref" position="it (subject)" span="word_978" split="simple antecedent" type="anaphoric" type_of_pronoun="personal"/>
 <markable agreement="they (pl.)" antetype="entity" coref_class="set_33" id="markable_245" mention="pronoun" mmax_level="coref" position="it (subject)" span="word_988" split="simple antecedent" type="anaphoric" type_of_pronoun="personal"/>
 <markable anacata="anaphoric" antetype="entity" coref_class="set_143" id="markable_239" mention="np" mmax_level="coref" npmod="def-article" nptype="np" span="word_968..word_969" split="simple antecedent"/>
 <markable agreement="they (pl.)" antetype="entity" coref_class="set_90" id="markable_491" mention="pronoun" mmax_level="coref" position="it (subject)" span="word_1976" split="simple antecedent" type="anaphoric" type_of_pronoun="personal"/>
 <markable agreement="they (pl.)" antetype="entity" coref_class="set_90" id="markable_494" mention="pronoun" mmax_level="coref" position="it (subject)" span="word_1985" split="simple antecedent" type="anaphoric" type_of_pronoun="personal"/>
 <markable agreement="they (pl.)" antetype="entity" coref_class="set_33" id="markable_251" mention="pronoun" mmax_level="coref" position="it (subject)" span="word_1005" split="simple antecedent" type="anaphoric" type_of_pronoun="personal"/>
 <markable agreement="they (sg.)" coref_class="set_145" id="markable_258" mention="pronoun" mmax_level="coref" position="it (subject)" span="word_1032" type="antecedent" type_of_pronoun="personal"/>
 <markable agreement="they (sg.)" coref_class="set_145" id="markable_257" mention="pronoun" mmax_level="coref" position="it (non-subject)" span="word_1023" type="antecedent" type_of_pronoun="personal"/>
 <markable agreement="they (sg.)" antetype="entity" coref_class="set_89" id="markable_496" mention="pronoun" mmax_level="coref" position="it (subject)" span="word_1993" split="simple antecedent" type="anaphoric" type_of_pronoun="personal"/>
 <markable agreement="they (pl.)" antetype="entity" coref_class="set_33" id="markable_255" mention="pronoun" mmax_level="coref" position="it (subject)" span="word_1019" split="simple antecedent" type="anaphoric" type_of_pronoun="personal"/>
 <markable agreement="they (sg.)" coref_class="set_145" id="markable_260" mention="pronoun" mmax_level="coref" position="it (subject)" span="word_1037" type="antecedent" type_of_pronoun="personal"/>
 <markable coref_class="set_146" id="markable_267" mention="np" mmax_level="coref" nptype="antecedent" span="word_1063..word_1069"/>
 <markable agreement="none" antetype="entity" coref_class="set_146" id="markable_271" mention="pronoun" mmax_level="coref" position="it (subject)" span="word_1079" split="simple antecedent" type="anaphoric" type_of_pronoun="personal"/>
 <markable agreement="none" antetype="entity" coref_class="set_146" id="markable_274" mention="pronoun" mmax_level="coref" position="it (subject)" span="word_1086" split="simple antecedent" type="anaphoric" type_of_pronoun="personal"/>
 <markable agreement="none" antetype="entity" coref_class="set_146" id="markable_270" mention="pronoun" mmax_level="coref" position="it (subject)" span="word_1076" split="simple antecedent" type="anaphoric" type_of_pronoun="personal"/>
 <markable agreement="they (sg.)" coref_class="set_146" id="markable_277" mention="pronoun" mmax_level="coref" position="none" span="word_1098" split="simple antecedent" type="anaphoric"/>
 <markable agreement="none" audience="generic you" coref_class="empty" id="markable_71" mention="pronoun" mmax_level="coref" position="you (non-subject)" span="word_278" type="addressee reference"/>
 <markable coref_class="empty" id="markable_76" mention="pronoun" mmax_level="coref" span="word_307" type="pleonastic"/>
 <markable coref_class="set_140" id="markable_75" mention="np" mmax_level="coref" nptype="antecedent" span="word_302..word_303"/>
 <markable coref_class="set_117" id="markable_836" mention="np" mmax_level="coref" nptype="antecedent" span="word_2318"/>
 <markable agreement="none" antetype="entity" coref_class="set_140" id="markable_78" mention="pronoun" mmax_level="coref" position="it (non-subject)" span="word_314" split="simple antecedent" type="anaphoric" type_of_pronoun="personal"/>
 <markable audience="exclusive we" coref_class="empty" id="markable_852" mention="pronoun" mmax_level="coref" span="word_389" type="speaker reference"/>
 <markable audience="all-inclusive we" coref_class="empty" id="markable_851" mention="pronoun" mmax_level="coref" span="word_223" type="speaker reference"/>
 <markable agreement="none" audience="generic you" coref_class="empty" id="markable_854" mention="pronoun" mmax_level="coref" position="none" span="word_799" type="addressee reference"/>
 <markable agreement="you (pl.)" audience="deictic you" coref_class="empty" id="markable_853" mention="pronoun" mmax_level="coref" position="none" span="word_649" type="addressee reference"/>
 <markable audience="all-inclusive we" coref_class="empty" id="markable_850" mention="pronoun" mmax_level="coref" span="word_143" type="speaker reference"/>
 <markable agreement="they (pl.)" antetype="entity" coref_class="set_5" id="markable_61" mention="pronoun" mmax_level="coref" position="it (non-subject)" span="word_239" split="simple antecedent" type="anaphoric" type_of_pronoun="personal"/>
 <markable audience="all-inclusive we" coref_class="empty" id="markable_849" mention="pronoun" mmax_level="coref" span="word_134" type="speaker reference"/>
 <markable audience="all-inclusive we" coref_class="empty" id="markable_606" mention="pronoun" mmax_level="coref" span="word_2407" type="speaker reference"/>
 <markable agreement="they (sg.)" antetype="entity" coref_class="set_6" id="markable_65" mention="pronoun" mmax_level="coref" position="it (subject)" span="word_255" split="simple antecedent" type="anaphoric" type_of_pronoun="personal"/>
 <markable audience="all-inclusive we" coref_class="empty" id="markable_603" mention="pronoun" mmax_level="coref" span="word_2397" type="speaker reference"/>
 <markable coref_class="set_6" id="markable_63" mention="np" mmax_level="coref" nptype="antecedent" span="word_249"/>
 <markable agreement="they (pl.)" antetype="entity" coref_class="set_5" id="markable_62" mention="pronoun" mmax_level="coref" position="it (subject)" span="word_244" split="simple antecedent" type="anaphoric" type_of_pronoun="personal"/>
 <markable coref_class="empty" id="markable_68" mention="pronoun" mmax_level="coref" span="word_269" type="pleonastic"/>
 <markable coref_class="set_119" id="markable_621" mention="np" mmax_level="coref" nptype="antecedent" span="word_2460..word_2462"/>
 <markable agreement="you (sg.)" audience="deictic you" coref_class="empty" id="markable_863" mention="pronoun" mmax_level="coref" position="none" span="word_1682" type="addressee reference"/>
 <markable audience="exclusive we" coref_class="empty" id="markable_620" mention="pronoun" mmax_level="coref" span="word_2458" type="speaker reference"/>
 <markable agreement="they (pl.)" antetype="entity" coref_class="set_90" id="markable_862" mention="pronoun" mmax_level="coref" position="it (non-subject)" span="word_1654" split="simple antecedent" type="anaphoric" type_of_pronoun="possessive"/>
 <markable coref_class="set_119" id="markable_623" mention="np" mmax_level="coref" nptype="antecedent" span="word_2467..word_2468"/>
 <markable agreement="they (sg.)" antetype="entity" coref_class="set_75" id="markable_865" mention="pronoun" mmax_level="coref" position="it (non-subject)" span="word_1775" split="simple antecedent" type="anaphoric" type_of_pronoun="possessive"/>
 <markable audience="exclusive we" coref_class="empty" id="markable_622" mention="pronoun" mmax_level="coref" span="word_2464" type="speaker reference"/>
 <markable audience="exclusive we" coref_class="empty" id="markable_864" mention="pronoun" mmax_level="coref" span="word_1699" type="speaker reference"/>
 <markable agreement="they (sg.)" antetype="entity" coref_class="set_66" id="markable_861" mention="pronoun" mmax_level="coref" position="it (non-subject)" span="word_1542" split="simple antecedent" type="anaphoric" type_of_pronoun="possessive"/>
 <markable agreement="you (sg.)" audience="deictic you" coref_class="empty" id="markable_860" mention="pronoun" mmax_level="coref" position="none" span="word_1459" type="addressee reference"/>
 <markable audience="exclusive we" coref_class="empty" id="markable_618" mention="pronoun" mmax_level="coref" span="word_2452" type="speaker reference"/>
 <markable audience="exclusive we" coref_class="empty" id="markable_617" mention="pronoun" mmax_level="coref" span="word_2448" type="speaker reference"/>
 <markable agreement="you (sg.)" audience="deictic you" coref_class="empty" id="markable_859" mention="pronoun" mmax_level="coref" position="none" span="word_1424" type="addressee reference" type_of_pronoun="personal"/>
 <markable coref_class="set_119" id="markable_619" mention="np" mmax_level="coref" nptype="antecedent" span="word_2454..word_2456"/>
 <markable coref_class="set_4" id="markable_53" mention="np" mmax_level="coref" nptype="antecedent" span="word_213..word_214"/>
 <markable audience="exclusive we" coref_class="empty" id="markable_613" mention="pronoun" mmax_level="coref" span="word_2440" type="speaker reference"/>
 <markable agreement="they (sg.)" antetype="entity" coref_class="set_26" id="markable_855" mention="pronoun" mmax_level="coref" position="it (subject)" span="word_899" split="simple antecedent" type="anaphoric" type_of_pronoun="possessive"/>
 <markable audience="exclusive we" coref_class="empty" id="markable_615" mention="pronoun" mmax_level="coref" span="word_2445" type="speaker reference"/>
 <markable agreement="they (sg.)" antetype="entity" coref_class="set_58" id="markable_857" mention="pronoun" mmax_level="coref" position="it (non-subject)" span="word_1296" split="simple antecedent" type="anaphoric" type_of_pronoun="possessive"/>
 <markable agreement="they (sg.)" antetype="entity" coref_class="set_4" id="markable_58" mention="pronoun" mmax_level="coref" position="it (non-subject)" span="word_231" split="simple antecedent" type="anaphoric" type_of_pronoun="personal"/>
 <markable coref_class="set_5" id="markable_59" mention="np" mmax_level="coref" nptype="antecedent" span="word_233..word_234"/>
 <markable agreement="they (sg.)" antetype="entity" coref_class="set_157" id="markable_874" mention="pronoun" mmax_level="coref" position="it (non-subject)" span="word_2255" split="simple antecedent" type="cataphoric"/>
 <markable agreement="none" coref_class="set_156" id="markable_873" mention="pronoun" mmax_level="coref" position="none" span="word_2187" split="simple antecedent" type="anaphoric"/>
 <markable agreement="none" audience="generic you" coref_class="empty" id="markable_634" mention="pronoun" mmax_level="coref" position="you (subject)" span="word_2510" type="addressee reference"/>
 <markable agreement="they (sg.)" antetype="entity" coref_class="set_158" id="markable_876" mention="pronoun" mmax_level="coref" position="it (non-subject)" span="word_2302" split="simple antecedent" type="anaphoric" type_of_pronoun="possessive"/>
 <markable agreement="they (sg.)" antetype="entity" coref_class="set_114" id="markable_875" mention="pronoun" mmax_level="coref" position="it (non-subject)" span="word_2293" split="simple antecedent" type="anaphoric" type_of_pronoun="possessive"/>
 <markable audience="exclusive we" coref_class="empty" id="markable_870" mention="pronoun" mmax_level="coref" span="word_2159" type="speaker reference"/>
 <markable agreement="none" coref_class="set_156" id="markable_872" mention="pronoun" mmax_level="coref" position="none" span="word_2181" split="simple antecedent" type="anaphoric"/>
 <markable agreement="none" coref_class="set_101" id="markable_871" mention="pronoun" mmax_level="coref" position="none" span="word_2174" split="simple antecedent" type="anaphoric"/>
 <markable agreement="none" audience="generic you" coref_class="empty" id="markable_625" mention="pronoun" mmax_level="coref" position="you (subject)" span="word_2476" type="addressee reference"/>
 <markable agreement="they (sg.)" antetype="entity" coref_class="set_78" id="markable_867" mention="pronoun" mmax_level="coref" position="it (non-subject)" span="word_1842" split="simple antecedent" type="anaphoric" type_of_pronoun="possessive"/>
 <markable audience="exclusive we" coref_class="empty" id="markable_624" mention="pronoun" mmax_level="coref" span="word_2470" type="speaker reference"/>
 <markable agreement="they (sg.)" antetype="entity" coref_class="set_76" id="markable_866" mention="pronoun" mmax_level="coref" position="it (non-subject)" span="word_1834" split="simple antecedent" type="anaphoric" type_of_pronoun="possessive"/>
 <markable coref_class="set_162" id="markable_627" mention="np" mmax_level="coref" nptype="antecedent" span="word_2480..word_2481"/>
 <markable coref_class="empty" id="markable_40" mention="pronoun" mmax_level="coref" span="word_163" type="pleonastic"/>
 <markable agreement="they (pl.)" coref_class="set_119" id="markable_626" mention="pronoun" mmax_level="coref" position="it (subject)" span="word_2478" split="split reference" type="anaphoric" type_of_pronoun="demonstrative"/>
 <markable agreement="they (sg.)" antetype="entity" coref_class="set_78" id="markable_868" mention="pronoun" mmax_level="coref" position="it (non-subject)" span="word_1848" split="simple antecedent" type="anaphoric" type_of_pronoun="personal"/>
 <markable coref_class="set_62" id="markable_46" mention="np" mmax_level="coref" nptype="antecedent" span="word_182..word_191"/>
 <markable audience="all-inclusive we" coref_class="empty" id="markable_45" mention="pronoun" mmax_level="coref" span="word_179" type="speaker reference"/>
 <markable agreement="they (pl.)" coref_class="set_62" id="markable_49" mention="pronoun" mmax_level="coref" position="it (subject)" span="word_193" split="split reference" type="anaphoric" type_of_pronoun="personal"/>
 <markable agreement="none" coref_class="set_144" id="markable_885" mention="pronoun" mmax_level="coref" position="none" span="word_978..word_986" type="antecedent" type_of_pronoun="personal"/>
 <markable audience="all-inclusive we" coref_class="empty" id="markable_642" mention="pronoun" mmax_level="coref" span="word_2543" type="speaker reference"/>
 <markable coref_class="set_148" id="markable_887" mention="np" mmax_level="coref" nptype="antecedent" span="word_1347..word_1357"/>
 <markable coref_class="empty" id="markable_402" mention="pronoun" mmax_level="coref" span="word_1598" type="pleonastic"/>
 <markable agreement="they (sg.)" antetype="entity" coref_class="set_148" id="markable_886" mention="pronoun" mmax_level="coref" position="it (subject)" span="word_1366" split="simple antecedent" type="anaphoric" type_of_pronoun="demonstrative"/>
 <markable coref_class="set_119" id="markable_881" mention="np" mmax_level="coref" nptype="antecedent" span="word_2472"/>
 <markable coref_class="set_66" id="markable_880" mention="np" mmax_level="coref" nptype="antecedent" span="word_1536..word_1537"/>
 <markable agreement="they (sg.)" antetype="entity" coref_class="set_126" id="markable_883" mention="pronoun" mmax_level="coref" position="it (subject)" span="word_2699" split="simple antecedent" type="anaphoric" type_of_pronoun="demonstrative"/>
 <markable agreement="they (sg.)" antetype="entity" coref_class="set_165" id="markable_882" mention="pronoun" mmax_level="coref" position="it (subject)" span="word_2649" split="simple antecedent" type="anaphoric" type_of_pronoun="demonstrative"/>
 <markable audience="all-inclusive we" coref_class="empty" id="markable_878" mention="pronoun" mmax_level="coref" span="word_2598" type="speaker reference"/>
 <markable agreement="none" audience="generic you" coref_class="empty" id="markable_636" mention="pronoun" mmax_level="coref" position="you (subject)" span="word_2520" type="addressee reference"/>
 <markable agreement="they (sg.)" antetype="entity" coref_class="set_158" id="markable_877" mention="pronoun" mmax_level="coref" position="it (non-subject)" span="word_2308" split="simple antecedent" type="anaphoric" type_of_pronoun="possessive"/>
 <markable audience="all-inclusive we" coref_class="empty" id="markable_879" mention="pronoun" mmax_level="coref" span="word_2711" type="speaker reference" type_of_pronoun="personal"/>
 <markable clausetype="antecedent" coref_class="set_151" id="markable_890" mention="clause" mmax_level="coref" span="word_1913..word_1920"/>
 <markable agreement="none" coref_class="set_68" id="markable_412" mention="pronoun" mmax_level="coref" position="none" span="word_1648" split="simple antecedent" type="anaphoric"/>
 <markable anacata="anaphoric" antetype="entity" coref_class="set_156" id="markable_896" mention="np" mmax_level="coref" npmod="demonstrative" nptype="np" span="word_2217..word_2218" split="simple antecedent"/>
 <markable agreement="they (sg.)" antetype="entity" coref_class="set_120" id="markable_653" mention="pronoun" mmax_level="coref" position="it (subject)" span="word_2592" split="simple antecedent" type="anaphoric" type_of_pronoun="personal"/>
 <markable clausetype="antecedent" coref_class="set_155" id="markable_895" mention="clause" mmax_level="coref" span="word_2097..word_2110"/>
 <markable agreement="they (pl.)" antetype="entity" coref_class="set_90" id="markable_414" mention="pronoun" mmax_level="coref" position="it (subject)" span="word_1659" split="simple antecedent" type="anaphoric" type_of_pronoun="possessive"/>
 <markable agreement="they (sg.)" antetype="entity" coref_class="set_159" id="markable_898" mention="pronoun" mmax_level="coref" position="it (subject)" span="word_2314" split="simple antecedent" type="anaphoric" type_of_pronoun="relative"/>
 <markable agreement="they (sg.)" antetype="entity" coref_class="set_158" id="markable_897" mention="pronoun" mmax_level="coref" position="it (subject)" span="word_2300" split="simple antecedent" type="anaphoric" type_of_pronoun="relative"/>
 <markable clausetype="antecedent" coref_class="set_153" id="markable_892" mention="clause" mmax_level="coref" span="word_1965..word_1982"/>
 <markable agreement="none" coref_class="set_153" id="markable_891" mention="pronoun" mmax_level="coref" position="it (non-subject)" span="word_1987" type="antecedent" type_of_pronoun="demonstrative"/>
 <markable agreement="none" audience="generic you" coref_class="empty" id="markable_410" mention="pronoun" mmax_level="coref" position="you (subject)" span="word_1638" type="addressee reference"/>
 <markable anacata="anaphoric" antetype="entity" coref_class="set_120" id="markable_652" mention="np" mmax_level="coref" npmod="demonstrative" nptype="np" span="word_2589..word_2590" split="simple antecedent"/>
 <markable agreement="none" coref_class="set_155" id="markable_894" mention="pronoun" mmax_level="coref" position="it (non-subject)" span="word_2114" type="antecedent" type_of_pronoun="demonstrative"/>
 <markable agreement="they (sg.)" antetype="entity" coref_class="set_154" id="markable_893" mention="pronoun" mmax_level="coref" position="it (subject)" span="word_2057" split="simple antecedent" type="anaphoric" type_of_pronoun="personal"/>
 <markable coref_class="set_90" id="markable_408" mention="np" mmax_level="coref" nptype="antecedent" span="word_1623..word_1628"/>
 <markable audience="exclusive we" coref_class="empty" id="markable_405" mention="pronoun" mmax_level="coref" span="word_1612" type="speaker reference"/>
 <markable coref_class="set_164" id="markable_647" mention="np" mmax_level="coref" nptype="antecedent" span="word_2563..word_2564"/>
 <markable agreement="they (sg.)" antetype="entity" coref_class="set_151" id="markable_889" mention="pronoun" mmax_level="coref" position="it (subject)" span="word_1924" split="simple antecedent" type="anaphoric" type_of_pronoun="demonstrative"/>
 <markable coref_class="set_149" id="markable_888" mention="np" mmax_level="coref" nptype="antecedent" span="word_1443..word_1450"/>
 <markable coref_class="set_72" id="markable_425" mention="np" mmax_level="coref" nptype="antecedent" span="word_1712..word_1713"/>
 <markable audience="exclusive we" coref_class="empty" id="markable_667" mention="pronoun" mmax_level="coref" span="word_2634" type="speaker reference"/>
 <markable audience="exclusive we" coref_class="empty" id="markable_420" mention="pronoun" mmax_level="coref" span="word_1694" type="speaker reference"/>
 <markable agreement="they (sg.)" antetype="entity" coref_class="set_12" id="markable_94" mention="pronoun" mmax_level="coref" position="it (subject)" span="word_376" split="simple antecedent" type="anaphoric" type_of_pronoun="personal"/>
 <markable agreement="they (sg.)" antetype="entity" coref_class="set_69" id="markable_419" mention="pronoun" mmax_level="coref" position="it (subject)" span="word_1690" split="simple antecedent" type="anaphoric" type_of_pronoun="personal"/>
 <markable agreement="you (pl.)" audience="deictic you" coref_class="empty" id="markable_92" mention="pronoun" mmax_level="coref" position="you (subject)" span="word_364" type="addressee reference"/>
 <markable agreement="they (sg.)" antetype="entity" coref_class="set_12" id="markable_98" mention="pronoun" mmax_level="coref" position="it (subject)" span="word_400" split="simple antecedent" type="anaphoric" type_of_pronoun="personal"/>
 <markable coref_class="set_160" id="markable_899" mention="np" mmax_level="coref" nptype="antecedent" span="word_2350..word_2354"/>
 <markable audience="exclusive we" coref_class="empty" id="markable_95" mention="pronoun" mmax_level="coref" span="word_380" type="speaker reference"/>
 <markable agreement="they (pl.)" antetype="entity" coref_class="set_90" id="markable_417" mention="pronoun" mmax_level="coref" position="it (subject)" span="word_1679" split="simple antecedent" type="anaphoric" type_of_pronoun="personal"/>
 <markable audience="exclusive we" coref_class="empty" id="markable_99" mention="pronoun" mmax_level="coref" span="word_404" type="speaker reference"/>
 <markable agreement="they (sg.)" antetype="entity" coref_class="set_165" id="markable_670" mention="pronoun" mmax_level="coref" position="it (subject)" span="word_2655" split="simple antecedent" type="anaphoric" type_of_pronoun="personal"/>
 <markable agreement="they (sg.)" antetype="entity" coref_class="set_124" id="markable_676" mention="pronoun" mmax_level="coref" position="it (subject)" span="word_2674" split="simple antecedent" type="anaphoric" type_of_pronoun="personal"/>
 <markable audience="all-inclusive we" coref_class="empty" id="markable_675" mention="pronoun" mmax_level="coref" span="word_2671" type="speaker reference"/>
 <markable agreement="they (sg.)" antetype="entity" coref_class="set_124" id="markable_677" mention="pronoun" mmax_level="coref" position="it (subject)" span="word_2676" split="simple antecedent" type="anaphoric" type_of_pronoun="personal"/>
 <markable agreement="they (sg.)" antetype="entity" coref_class="set_165" id="markable_672" mention="pronoun" mmax_level="coref" position="it (subject)" span="word_2661" split="simple antecedent" type="anaphoric" type_of_pronoun="personal"/>
 <markable coref_class="set_124" id="markable_674" mention="np" mmax_level="coref" nptype="antecedent" span="word_2668..word_2669"/>
 <markable coref_class="set_8" id="markable_82" mention="np" mmax_level="coref" nptype="antecedent" span="word_323..word_329"/>
 <markable anacata="anaphoric" antetype="entity" coref_class="set_139" id="markable_80" mention="np" mmax_level="coref" npmod="def-article" nptype="np" span="word_319..word_320" split="simple antecedent"/>
 <markable agreement="they (sg.)" antetype="entity" coref_class="set_72" id="markable_427" mention="pronoun" mmax_level="coref" position="it (non-subject)" span="word_1718" split="simple antecedent" type="anaphoric" type_of_pronoun="personal"/>
 <markable agreement="they (sg.)" antetype="entity" coref_class="set_8" id="markable_86" mention="pronoun" mmax_level="coref" position="it (subject)" span="word_334" split="simple antecedent" type="anaphoric" type_of_pronoun="personal"/>
 <markable agreement="they (sg.)" antetype="entity" coref_class="set_72" id="markable_429" mention="pronoun" mmax_level="coref" position="it (subject)" span="word_1726" split="simple antecedent" type="anaphoric" type_of_pronoun="personal"/>
 <markable anacata="anaphoric" antetype="entity" coref_class="set_138" id="markable_84" mention="np" mmax_level="coref" npmod="def-article" nptype="np" span="word_328..word_329" split="simple antecedent"/>
</markables>