<?xml version="1.0" encoding="UTF-8" ?>
<!DOCTYPE markables SYSTEM "markables.dtd">
<markables xmlns="www.eml.org/NameSpaces/smtsentence">
<markable mmax_level="smtsentence" orderid="0" id="markable_0" span="word_1..word_11" />
<markable mmax_level="smtsentence" orderid="1" id="markable_1" span="word_12..word_27" />
<markable mmax_level="smtsentence" orderid="2" id="markable_2" span="word_28..word_65" />
<markable mmax_level="smtsentence" orderid="3" id="markable_3" span="word_66..word_118" />
<markable mmax_level="smtsentence" orderid="4" id="markable_4" span="word_119..word_128" />
<markable mmax_level="smtsentence" orderid="5" id="markable_5" span="word_129..word_145" />
<markable mmax_level="smtsentence" orderid="6" id="markable_6" span="word_146..word_188" />
<markable mmax_level="smtsentence" orderid="7" id="markable_7" span="word_189..word_219" />
<markable mmax_level="smtsentence" orderid="8" id="markable_8" span="word_220..word_234" />
<markable mmax_level="smtsentence" orderid="9" id="markable_9" span="word_235..word_240" />
<markable mmax_level="smtsentence" orderid="10" id="markable_10" span="word_241..word_248" />
<markable mmax_level="smtsentence" orderid="11" id="markable_11" span="word_249..word_284" />
<markable mmax_level="smtsentence" orderid="12" id="markable_12" span="word_285..word_315" />
<markable mmax_level="smtsentence" orderid="13" id="markable_13" span="word_316..word_342" />
<markable mmax_level="smtsentence" orderid="14" id="markable_14" span="word_343..word_355" />
<markable mmax_level="smtsentence" orderid="15" id="markable_15" span="word_356..word_367" />
<markable mmax_level="smtsentence" orderid="16" id="markable_16" span="word_368..word_396" />
<markable mmax_level="smtsentence" orderid="17" id="markable_17" span="word_397..word_410" />
<markable mmax_level="smtsentence" orderid="18" id="markable_18" span="word_411..word_416" />
<markable mmax_level="smtsentence" orderid="19" id="markable_19" span="word_417..word_449" />
<markable mmax_level="smtsentence" orderid="20" id="markable_20" span="word_450..word_467" />
<markable mmax_level="smtsentence" orderid="21" id="markable_21" span="word_468..word_491" />
<markable mmax_level="smtsentence" orderid="22" id="markable_22" span="word_492..word_500" />
<markable mmax_level="smtsentence" orderid="23" id="markable_23" span="word_501..word_526" />
<markable mmax_level="smtsentence" orderid="24" id="markable_24" span="word_527..word_548" />
<markable mmax_level="smtsentence" orderid="25" id="markable_25" span="word_549..word_571" />
<markable mmax_level="smtsentence" orderid="26" id="markable_26" span="word_572..word_597" />
<markable mmax_level="smtsentence" orderid="27" id="markable_27" span="word_598..word_626" />
<markable mmax_level="smtsentence" orderid="28" id="markable_28" span="word_627..word_640" />
<markable mmax_level="smtsentence" orderid="29" id="markable_29" span="word_641..word_661" />
<markable mmax_level="smtsentence" orderid="30" id="markable_30" span="word_662..word_680" />
<markable mmax_level="smtsentence" orderid="31" id="markable_31" span="word_681..word_697" />
<markable mmax_level="smtsentence" orderid="32" id="markable_32" span="word_698..word_722" />
<markable mmax_level="smtsentence" orderid="33" id="markable_33" span="word_723..word_739" />
<markable mmax_level="smtsentence" orderid="34" id="markable_34" span="word_740..word_758" />
<markable mmax_level="smtsentence" orderid="35" id="markable_35" span="word_759..word_787" />
<markable mmax_level="smtsentence" orderid="36" id="markable_36" span="word_788..word_809" />
<markable mmax_level="smtsentence" orderid="37" id="markable_37" span="word_810..word_819" />
<markable mmax_level="smtsentence" orderid="38" id="markable_38" span="word_820..word_862" />
<markable mmax_level="smtsentence" orderid="39" id="markable_39" span="word_863..word_880" />
<markable mmax_level="smtsentence" orderid="40" id="markable_40" span="word_881..word_921" />
<markable mmax_level="smtsentence" orderid="41" id="markable_41" span="word_922..word_940" />
<markable mmax_level="smtsentence" orderid="42" id="markable_42" span="word_941..word_946" />
<markable mmax_level="smtsentence" orderid="43" id="markable_43" span="word_947..word_954" />
<markable mmax_level="smtsentence" orderid="44" id="markable_44" span="word_955..word_975" />
<markable mmax_level="smtsentence" orderid="45" id="markable_45" span="word_976..word_995" />
<markable mmax_level="smtsentence" orderid="46" id="markable_46" span="word_996..word_1021" />
<markable mmax_level="smtsentence" orderid="47" id="markable_47" span="word_1022..word_1031" />
<markable mmax_level="smtsentence" orderid="48" id="markable_48" span="word_1032..word_1041" />
<markable mmax_level="smtsentence" orderid="49" id="markable_49" span="word_1042..word_1053" />
<markable mmax_level="smtsentence" orderid="50" id="markable_50" span="word_1054..word_1090" />
<markable mmax_level="smtsentence" orderid="51" id="markable_51" span="word_1091..word_1125" />
<markable mmax_level="smtsentence" orderid="52" id="markable_52" span="word_1126..word_1156" />
<markable mmax_level="smtsentence" orderid="53" id="markable_53" span="word_1157..word_1172" />
<markable mmax_level="smtsentence" orderid="54" id="markable_54" span="word_1173..word_1199" />
<markable mmax_level="smtsentence" orderid="55" id="markable_55" span="word_1200..word_1258" />
<markable mmax_level="smtsentence" orderid="56" id="markable_56" span="word_1259..word_1283" />
<markable mmax_level="smtsentence" orderid="57" id="markable_57" span="word_1284..word_1302" />
<markable mmax_level="smtsentence" orderid="58" id="markable_58" span="word_1303..word_1325" />
<markable mmax_level="smtsentence" orderid="59" id="markable_59" span="word_1326..word_1337" />
<markable mmax_level="smtsentence" orderid="60" id="markable_60" span="word_1338..word_1358" />
<markable mmax_level="smtsentence" orderid="61" id="markable_61" span="word_1359..word_1367" />
<markable mmax_level="smtsentence" orderid="62" id="markable_62" span="word_1368..word_1382" />
<markable mmax_level="smtsentence" orderid="63" id="markable_63" span="word_1383..word_1409" />
<markable mmax_level="smtsentence" orderid="64" id="markable_64" span="word_1410..word_1421" />
<markable mmax_level="smtsentence" orderid="65" id="markable_65" span="word_1422..word_1436" />
<markable mmax_level="smtsentence" orderid="66" id="markable_66" span="word_1437..word_1445" />
<markable mmax_level="smtsentence" orderid="67" id="markable_67" span="word_1446..word_1463" />
<markable mmax_level="smtsentence" orderid="68" id="markable_68" span="word_1464..word_1511" />
<markable mmax_level="smtsentence" orderid="69" id="markable_69" span="word_1512..word_1518" />
<markable mmax_level="smtsentence" orderid="70" id="markable_70" span="word_1519..word_1539" />
<markable mmax_level="smtsentence" orderid="71" id="markable_71" span="word_1540..word_1558" />
<markable mmax_level="smtsentence" orderid="72" id="markable_72" span="word_1559..word_1573" />
<markable mmax_level="smtsentence" orderid="73" id="markable_73" span="word_1574..word_1603" />
<markable mmax_level="smtsentence" orderid="74" id="markable_74" span="word_1604..word_1621" />
<markable mmax_level="smtsentence" orderid="75" id="markable_75" span="word_1622..word_1627" />
<markable mmax_level="smtsentence" orderid="76" id="markable_76" span="word_1628..word_1642" />
<markable mmax_level="smtsentence" orderid="77" id="markable_77" span="word_1643..word_1654" />
<markable mmax_level="smtsentence" orderid="78" id="markable_78" span="word_1655..word_1670" />
<markable mmax_level="smtsentence" orderid="79" id="markable_79" span="word_1671..word_1682" />
<markable mmax_level="smtsentence" orderid="80" id="markable_80" span="word_1683..word_1715" />
<markable mmax_level="smtsentence" orderid="81" id="markable_81" span="word_1716..word_1767" />
<markable mmax_level="smtsentence" orderid="82" id="markable_82" span="word_1768..word_1782" />
<markable mmax_level="smtsentence" orderid="83" id="markable_83" span="word_1783..word_1794" />
<markable mmax_level="smtsentence" orderid="84" id="markable_84" span="word_1795..word_1838" />
<markable mmax_level="smtsentence" orderid="85" id="markable_85" span="word_1839..word_1847" />
<markable mmax_level="smtsentence" orderid="86" id="markable_86" span="word_1848..word_1863" />
<markable mmax_level="smtsentence" orderid="87" id="markable_87" span="word_1864..word_1871" />
<markable mmax_level="smtsentence" orderid="88" id="markable_88" span="word_1872..word_1885" />
<markable mmax_level="smtsentence" orderid="89" id="markable_89" span="word_1886..word_1907" />
<markable mmax_level="smtsentence" orderid="90" id="markable_90" span="word_1908..word_1933" />
<markable mmax_level="smtsentence" orderid="91" id="markable_91" span="word_1934..word_1974" />
<markable mmax_level="smtsentence" orderid="92" id="markable_92" span="word_1975..word_1989" />
<markable mmax_level="smtsentence" orderid="93" id="markable_93" span="word_1990..word_2006" />
<markable mmax_level="smtsentence" orderid="94" id="markable_94" span="word_2007..word_2019" />
<markable mmax_level="smtsentence" orderid="95" id="markable_95" span="word_2020..word_2075" />
<markable mmax_level="smtsentence" orderid="96" id="markable_96" span="word_2076..word_2091" />
<markable mmax_level="smtsentence" orderid="97" id="markable_97" span="word_2092..word_2100" />
<markable mmax_level="smtsentence" orderid="98" id="markable_98" span="word_2101..word_2135" />
<markable mmax_level="smtsentence" orderid="99" id="markable_99" span="word_2136..word_2142" />
<markable mmax_level="smtsentence" orderid="100" id="markable_100" span="word_2143..word_2190" />
<markable mmax_level="smtsentence" orderid="101" id="markable_101" span="word_2191..word_2222" />
<markable mmax_level="smtsentence" orderid="102" id="markable_102" span="word_2223..word_2231" />
<markable mmax_level="smtsentence" orderid="103" id="markable_103" span="word_2232..word_2239" />
<markable mmax_level="smtsentence" orderid="104" id="markable_104" span="word_2240..word_2252" />
<markable mmax_level="smtsentence" orderid="105" id="markable_105" span="word_2253..word_2271" />
<markable mmax_level="smtsentence" orderid="106" id="markable_106" span="word_2272..word_2279" />
<markable mmax_level="smtsentence" orderid="107" id="markable_107" span="word_2280..word_2307" />
<markable mmax_level="smtsentence" orderid="108" id="markable_108" span="word_2308..word_2369" />
<markable mmax_level="smtsentence" orderid="109" id="markable_109" span="word_2370..word_2374" />
<markable mmax_level="smtsentence" orderid="110" id="markable_110" span="word_2375..word_2390" />
<markable mmax_level="smtsentence" orderid="111" id="markable_111" span="word_2391..word_2436" />
<markable mmax_level="smtsentence" orderid="112" id="markable_112" span="word_2437..word_2456" />
<markable mmax_level="smtsentence" orderid="113" id="markable_113" span="word_2457..word_2483" />
<markable mmax_level="smtsentence" orderid="114" id="markable_114" span="word_2484..word_2501" />
<markable mmax_level="smtsentence" orderid="115" id="markable_115" span="word_2502..word_2517" />
<markable mmax_level="smtsentence" orderid="116" id="markable_116" span="word_2518..word_2543" />
<markable mmax_level="smtsentence" orderid="117" id="markable_117" span="word_2544..word_2556" />
<markable mmax_level="smtsentence" orderid="118" id="markable_118" span="word_2557..word_2576" />
<markable mmax_level="smtsentence" orderid="119" id="markable_119" span="word_2577..word_2591" />
<markable mmax_level="smtsentence" orderid="120" id="markable_120" span="word_2592..word_2601" />
<markable mmax_level="smtsentence" orderid="121" id="markable_121" span="word_2602..word_2613" />
<markable mmax_level="smtsentence" orderid="122" id="markable_122" span="word_2614..word_2640" />
<markable mmax_level="smtsentence" orderid="123" id="markable_123" span="word_2641..word_2656" />
<markable mmax_level="smtsentence" orderid="124" id="markable_124" span="word_2657..word_2670" />
<markable mmax_level="smtsentence" orderid="125" id="markable_125" span="word_2671..word_2719" />
<markable mmax_level="smtsentence" orderid="126" id="markable_126" span="word_2720..word_2735" />
<markable mmax_level="smtsentence" orderid="127" id="markable_127" span="word_2736..word_2745" />
<markable mmax_level="smtsentence" orderid="128" id="markable_128" span="word_2746..word_2787" />
<markable mmax_level="smtsentence" orderid="129" id="markable_129" span="word_2788..word_2875" />
<markable mmax_level="smtsentence" orderid="130" id="markable_130" span="word_2876..word_2885" />
<markable mmax_level="smtsentence" orderid="131" id="markable_131" span="word_2886..word_2928" />
<markable mmax_level="smtsentence" orderid="132" id="markable_132" span="word_2929..word_2935" />
<markable mmax_level="smtsentence" orderid="133" id="markable_133" span="word_2936..word_2965" />
<markable mmax_level="smtsentence" orderid="134" id="markable_134" span="word_2966..word_2968" />
<markable mmax_level="smtsentence" orderid="135" id="markable_135" span="word_2969..word_2971" />
<markable mmax_level="smtsentence" orderid="136" id="markable_136" span="word_2972..word_2985" />
<markable mmax_level="smtsentence" orderid="137" id="markable_137" span="word_2986..word_2994" />
<markable mmax_level="smtsentence" orderid="138" id="markable_138" span="word_2995..word_3022" />
<markable mmax_level="smtsentence" orderid="139" id="markable_139" span="word_3023..word_3047" />
<markable mmax_level="smtsentence" orderid="140" id="markable_140" span="word_3048..word_3058" />
<markable mmax_level="smtsentence" orderid="141" id="markable_141" span="word_3059..word_3067" />
<markable mmax_level="smtsentence" orderid="142" id="markable_142" span="word_3068..word_3076" />
<markable mmax_level="smtsentence" orderid="143" id="markable_143" span="word_3077..word_3085" />
<markable mmax_level="smtsentence" orderid="144" id="markable_144" span="word_3086..word_3096" />
<markable mmax_level="smtsentence" orderid="145" id="markable_145" span="word_3097..word_3113" />
<markable mmax_level="smtsentence" orderid="146" id="markable_146" span="word_3114..word_3135" />
<markable mmax_level="smtsentence" orderid="147" id="markable_147" span="word_3136..word_3147" />
<markable mmax_level="smtsentence" orderid="148" id="markable_148" span="word_3148..word_3168" />
<markable mmax_level="smtsentence" orderid="149" id="markable_149" span="word_3169..word_3173" />
<markable mmax_level="smtsentence" orderid="150" id="markable_150" span="word_3174..word_3189" />
<markable mmax_level="smtsentence" orderid="151" id="markable_151" span="word_3190..word_3210" />
<markable mmax_level="smtsentence" orderid="152" id="markable_152" span="word_3211..word_3222" />
<markable mmax_level="smtsentence" orderid="153" id="markable_153" span="word_3223..word_3232" />
<markable mmax_level="smtsentence" orderid="154" id="markable_154" span="word_3233..word_3265" />
</markables>
