<?xml version="1.0" encoding="utf-8"?>
<!DOCTYPE markables SYSTEM "markables.dtd">
<markables xmlns="www.eml.org/NameSpaces/coref">
 <markable agreement="you (pl.)" audience="deictic you" coref_class="empty" id="markable_335" mention="pronoun" mmax_level="coref" position="none" span="word_329" type="addressee reference"/>
 <markable coref_class="set_19" id="markable_213" mention="np" mmax_level="coref" nptype="antecedent" span="word_899..word_900"/>
 <markable agreement="they (pl.)" antetype="entity" coref_class="set_4" id="markable_334" mention="pronoun" mmax_level="coref" position="it (non-subject)" span="word_165" split="simple antecedent" type="anaphoric" type_of_pronoun="possessive"/>
 <markable agreement="they (sg.)" antetype="entity" coref_class="set_19" id="markable_216" mention="pronoun" mmax_level="coref" position="it (non-subject)" span="word_908" split="simple antecedent" type="anaphoric" type_of_pronoun="personal"/>
 <markable coref_class="set_37" id="markable_212" mention="np" mmax_level="coref" nptype="antecedent" span="word_889..word_893"/>
 <markable agreement="they (pl.)" antetype="entity" coref_class="set_4" id="markable_333" mention="pronoun" mmax_level="coref" position="it (non-subject)" span="word_155" split="simple antecedent" type="anaphoric" type_of_pronoun="possessive"/>
 <markable coref_class="set_36" id="markable_207" mention="np" mmax_level="coref" nptype="antecedent" span="word_872..word_874"/>
 <markable agreement="you (pl.)" audience="deictic you" coref_class="empty" id="markable_206" mention="pronoun" mmax_level="coref" position="you (non-subject)" span="word_871" type="addressee reference"/>
 <markable agreement="you (pl.)" audience="deictic you" coref_class="empty" id="markable_208" mention="pronoun" mmax_level="coref" position="you (non-subject)" span="word_878" type="addressee reference"/>
 <markable coref_class="set_25" id="markable_346" mention="vp" mmax_level="coref" span="word_258..word_262" vptype="antecedent"/>
 <markable coref_class="set_38" id="markable_224" mention="np" mmax_level="coref" nptype="antecedent" span="word_932..word_933"/>
 <markable clausetype="antecedent" coref_class="set_5" id="markable_345" mention="clause" mmax_level="coref" span="word_220..word_232"/>
 <markable coref_class="set_9" id="markable_106" mention="np" mmax_level="coref" nptype="antecedent" span="word_411..word_422"/>
 <markable coref_class="set_28" id="markable_348" mention="vp" mmax_level="coref" span="word_603..word_611" vptype="antecedent"/>
 <markable agreement="they (sg.)" coref_class="set_37" id="markable_226" mention="pronoun" mmax_level="coref" position="it (subject)" span="word_940" type="antecedent" type_of_pronoun="demonstrative"/>
 <markable agreement="they (sg.)" antetype="entity" coref_class="set_26" id="markable_347" mention="pronoun" mmax_level="coref" position="it (non-subject)" span="word_466" split="simple antecedent" type="anaphoric" type_of_pronoun="demonstrative"/>
 <markable agreement="they (sg.)" antetype="entity" coref_class="set_22" id="markable_342" mention="pronoun" mmax_level="coref" position="it (subject)" span="word_140" split="simple antecedent" type="anaphoric" type_of_pronoun="relative"/>
 <markable agreement="none" antetype="event" coref_class="set_5" id="markable_341" mention="pronoun" mmax_level="coref" position="it (subject)" span="word_239" split="simple antecedent" type="anaphoric" type_of_pronoun="demonstrative"/>
 <markable agreement="none" audience="generic you" coref_class="empty" id="markable_220" mention="pronoun" mmax_level="coref" position="you (subject)" span="word_920" type="addressee reference"/>
 <markable audience="exclusive we" coref_class="empty" id="markable_223" mention="pronoun" mmax_level="coref" span="word_929" type="speaker reference"/>
 <markable agreement="they (sg.)" antetype="entity" coref_class="set_24" id="markable_344" mention="pronoun" mmax_level="coref" position="it (subject)" span="word_226" split="simple antecedent" type="anaphoric" type_of_pronoun="relative"/>
 <markable agreement="they (sg.)" antetype="entity" coref_class="set_19" id="markable_222" mention="pronoun" mmax_level="coref" position="it (non-subject)" span="word_926" split="simple antecedent" type="anaphoric" type_of_pronoun="personal"/>
 <markable agreement="none" coref_class="set_23" id="markable_343" mention="pronoun" mmax_level="coref" position="none" span="word_135..word_141" type="antecedent" type_of_pronoun="personal"/>
 <markable agreement="they (sg.)" antetype="entity" coref_class="set_19" id="markable_218" mention="pronoun" mmax_level="coref" position="it (subject)" span="word_912" split="simple antecedent" type="anaphoric" type_of_pronoun="personal"/>
 <markable agreement="they (sg.)" antetype="entity" coref_class="set_38" id="markable_230" mention="pronoun" mmax_level="coref" position="it (subject)" span="word_961" split="simple antecedent" type="anaphoric" type_of_pronoun="demonstrative"/>
 <markable agreement="they (sg.)" antetype="entity" coref_class="set_31" id="markable_351" mention="pronoun" mmax_level="coref" position="it (non-subject)" span="word_679" split="simple antecedent" type="anaphoric" type_of_pronoun="demonstrative"/>
 <markable agreement="they (pl.)" antetype="entity" coref_class="set_30" id="markable_350" mention="pronoun" mmax_level="coref" position="it (subject)" span="word_674" split="simple antecedent" type="anaphoric" type_of_pronoun="relative"/>
 <markable agreement="they (pl.)" antetype="entity" coref_class="set_40" id="markable_357" mention="pronoun" mmax_level="coref" position="it (subject)" span="word_1215" split="simple antecedent" type="anaphoric" type_of_pronoun="relative"/>
 <markable coref_class="set_26" id="markable_114" mention="np" mmax_level="coref" nptype="antecedent" span="word_454"/>
 <markable agreement="they (sg.)" antetype="entity" coref_class="set_39" id="markable_356" mention="pronoun" mmax_level="coref" position="it (subject)" span="word_1032" split="simple antecedent" type="anaphoric" type_of_pronoun="relative"/>
 <markable agreement="you (pl.)" audience="deictic you" coref_class="empty" id="markable_117" mention="pronoun" mmax_level="coref" position="you (subject)" span="word_477" type="addressee reference"/>
 <markable agreement="none" antetype="event" coref_class="set_41" id="markable_359" mention="pronoun" mmax_level="coref" position="it (non-subject)" span="word_1224" split="simple antecedent" type="anaphoric" type_of_pronoun="demonstrative"/>
 <markable coref_class="set_41" id="markable_358" mention="vp" mmax_level="coref" span="word_1212..word_1218" vptype="antecedent"/>
 <markable agreement="they (sg.)" antetype="entity" coref_class="set_34" id="markable_353" mention="pronoun" mmax_level="coref" position="it (subject)" span="word_698" split="simple antecedent" type="anaphoric" type_of_pronoun="relative"/>
 <markable agreement="they (pl.)" antetype="entity" coref_class="set_9" id="markable_110" mention="pronoun" mmax_level="coref" position="it (non-subject)" span="word_437" split="simple antecedent" type="anaphoric" type_of_pronoun="demonstrative"/>
 <markable clausetype="antecedent" coref_class="set_32" id="markable_352" mention="clause" mmax_level="coref" span="word_671..word_686"/>
 <markable agreement="they (sg.)" antetype="entity" coref_class="set_36" id="markable_355" mention="pronoun" mmax_level="coref" position="it (subject)" span="word_875" split="simple antecedent" type="anaphoric" type_of_pronoun="relative"/>
 <markable anacata="anaphoric" antetype="entity" coref_class="set_34" id="markable_354" mention="np" mmax_level="coref" npmod="demonstrative" nptype="np" span="word_714..word_715" split="simple antecedent"/>
 <markable agreement="they (pl.)" antetype="entity" coref_class="set_29" id="markable_349" mention="pronoun" mmax_level="coref" position="it (subject)" span="word_643" split="simple antecedent" type="anaphoric" type_of_pronoun="relative"/>
 <markable clausetype="antecedent" coref_class="set_42" id="markable_360" mention="clause" mmax_level="coref" span="word_1256..word_1271"/>
 <markable agreement="none" antetype="event" coref_class="set_42" id="markable_361" mention="pronoun" mmax_level="coref" position="it (non-subject)" span="word_1275" split="simple antecedent" type="anaphoric" type_of_pronoun="demonstrative"/>
 <markable agreement="none" antetype="entity" coref_class="set_11" id="markable_126" mention="pronoun" mmax_level="coref" position="it (subject)" span="word_523" split="simple antecedent" type="anaphoric" type_of_pronoun="personal"/>
 <markable coref_class="set_39" id="markable_246" mention="np" mmax_level="coref" nptype="antecedent" span="word_1030..word_1031"/>
 <markable audience="exclusive we" coref_class="empty" id="markable_128" mention="pronoun" mmax_level="coref" span="word_529" type="speaker reference"/>
 <markable agreement="none" audience="generic you" coref_class="empty" id="markable_122" mention="pronoun" mmax_level="coref" position="you (subject)" span="word_506" type="addressee reference"/>
 <markable agreement="none" audience="generic you" coref_class="empty" id="markable_121" mention="pronoun" mmax_level="coref" position="you (subject)" span="word_501" type="addressee reference"/>
 <markable coref_class="set_11" id="markable_124" mention="np" mmax_level="coref" nptype="antecedent" span="word_514..word_521"/>
 <markable agreement="none" audience="generic you" coref_class="empty" id="markable_123" mention="pronoun" mmax_level="coref" position="you (subject)" span="word_511" type="addressee reference"/>
 <markable agreement="none" audience="generic you" coref_class="empty" id="markable_118" mention="pronoun" mmax_level="coref" position="you (subject)" span="word_483" type="addressee reference"/>
 <markable agreement="they (sg.)" coref_class="set_23" id="markable_35" mention="pronoun" mmax_level="coref" position="it (subject)" span="word_143" type="antecedent" type_of_pronoun="personal"/>
 <markable coref_class="set_22" id="markable_34" mention="np" mmax_level="coref" nptype="antecedent" span="word_137..word_139"/>
 <markable clausetype="antecedent" coref_class="empty" id="markable_33" mention="clause" mmax_level="coref" span="word_135"/>
 <markable coref_class="set_4" id="markable_37" mention="np" mmax_level="coref" nptype="antecedent" span="word_152"/>
 <markable audience="exclusive we" coref_class="empty" id="markable_137" mention="pronoun" mmax_level="coref" span="word_559" type="speaker reference"/>
 <markable coref_class="empty" id="markable_257" mention="pronoun" mmax_level="coref" span="word_1088" type="extratextual reference"/>
 <markable coref_class="set_12" id="markable_139" mention="np" mmax_level="coref" nptype="antecedent" span="word_567..word_570"/>
 <markable audience="exclusive we" coref_class="empty" id="markable_138" mention="pronoun" mmax_level="coref" span="word_564" type="speaker reference"/>
 <markable agreement="none" antetype="entity" coref_class="set_11" id="markable_129" mention="pronoun" mmax_level="coref" position="it (subject)" span="word_531" split="simple antecedent" type="anaphoric" type_of_pronoun="personal"/>
 <markable agreement="none" coref_class="set_1" id="markable_25" mention="pronoun" mmax_level="coref" position="it (subject)" span="word_100" split="simple antecedent" type="anaphoric"/>
 <markable agreement="none" coref_class="set_1" id="markable_22" mention="np" mmax_level="coref" nptype="np" position="none" span="word_88..word_94" split="simple antecedent" sub_apposition="none" type="none"/>
 <markable agreement="they (sg.)" antetype="entity" coref_class="set_12" id="markable_140" mention="pronoun" mmax_level="coref" position="it (non-subject)" span="word_573" split="simple antecedent" type="anaphoric" type_of_pronoun="personal"/>
 <markable coref_class="set_21" id="markable_261" mention="pronoun" mmax_level="coref" span="word_1103" type="event"/>
 <markable agreement="none" antetype="entity" coref_class="empty" id="markable_260" mention="pronoun" mmax_level="coref" position="it (subject)" span="word_1100" split="simple antecedent" type="anaphoric" type_of_pronoun="personal"/>
 <markable anacata="anaphoric" antetype="entity" coref_class="set_27" id="markable_142" mention="np" mmax_level="coref" npmod="def-article" nptype="np" span="word_581..word_582" split="simple antecedent"/>
 <markable coref_class="set_27" id="markable_141" mention="np" mmax_level="coref" nptype="antecedent" span="word_576..word_578"/>
 <markable anacata="anaphoric" antetype="entity" coref_class="set_28" id="markable_148" mention="np" mmax_level="coref" npmod="demonstrative" nptype="np" span="word_618..word_620" split="simple antecedent"/>
 <markable audience="all-inclusive we" coref_class="empty" id="markable_149" mention="pronoun" mmax_level="coref" span="word_622" type="speaker reference"/>
 <markable coref_class="set_21" id="markable_265" mention="pronoun" mmax_level="coref" span="word_1115" type="event"/>
 <markable agreement="they (sg.)" antetype="entity" coref_class="set_27" id="markable_145" mention="pronoun" mmax_level="coref" position="it (subject)" span="word_597" split="simple antecedent" type="anaphoric" type_of_pronoun="personal"/>
 <markable audience="all-inclusive we" coref_class="empty" id="markable_13" mention="pronoun" mmax_level="coref" span="word_52" type="speaker reference"/>
 <markable agreement="you (pl.)" audience="deictic you" coref_class="empty" id="markable_12" mention="pronoun" mmax_level="coref" position="you (non-subject)" span="word_46" type="addressee reference"/>
 <markable audience="co-present we" coref_class="empty" id="markable_18" mention="pronoun" mmax_level="coref" span="word_73" type="speaker reference"/>
 <markable audience="all-inclusive we" coref_class="empty" id="markable_16" mention="pronoun" mmax_level="coref" span="word_61" type="speaker reference"/>
 <markable audience="all-inclusive we" coref_class="empty" id="markable_271" mention="pronoun" mmax_level="coref" span="word_1138" type="speaker reference"/>
 <markable audience="all-inclusive we" coref_class="empty" id="markable_274" mention="pronoun" mmax_level="coref" span="word_1147" type="speaker reference"/>
 <markable audience="all-inclusive we" coref_class="empty" id="markable_152" mention="pronoun" mmax_level="coref" span="word_633" type="speaker reference"/>
 <markable coref_class="set_30" id="markable_159" mention="np" mmax_level="coref" nptype="antecedent" span="word_671..word_673"/>
 <markable audience="all-inclusive we" coref_class="empty" id="markable_279" mention="pronoun" mmax_level="coref" span="word_1165" type="speaker reference"/>
 <markable coref_class="set_29" id="markable_154" mention="np" mmax_level="coref" nptype="antecedent" span="word_640..word_642"/>
 <markable coref_class="set_31" id="markable_157" mention="np" mmax_level="coref" nptype="antecedent" span="word_664"/>
 <markable audience="all-inclusive we" coref_class="empty" id="markable_277" mention="pronoun" mmax_level="coref" span="word_1156" type="speaker reference"/>
 <markable agreement="none" antetype="event" coref_class="set_32" id="markable_162" mention="pronoun" mmax_level="coref" position="it (subject)" span="word_689" split="simple antecedent" type="anaphoric" type_of_pronoun="demonstrative"/>
 <markable audience="all-inclusive we" coref_class="empty" id="markable_283" mention="pronoun" mmax_level="coref" span="word_1189" type="speaker reference"/>
 <markable coref_class="set_34" id="markable_164" mention="np" mmax_level="coref" nptype="antecedent" span="word_696..word_697"/>
 <markable agreement="none" antetype="event" coref_class="set_32" id="markable_163" mention="pronoun" mmax_level="coref" position="it (subject)" span="word_694" split="simple antecedent" type="anaphoric" type_of_pronoun="demonstrative"/>
 <markable coref_class="empty" id="markable_166" mention="pronoun" mmax_level="coref" span="word_708" type="pleonastic"/>
 <markable coref_class="set_40" id="markable_287" mention="np" mmax_level="coref" nptype="antecedent" span="word_1213..word_1214"/>
 <markable agreement="none" audience="generic you" coref_class="empty" id="markable_168" mention="pronoun" mmax_level="coref" position="you (subject)" span="word_717" type="addressee reference"/>
 <markable audience="all-inclusive we" coref_class="empty" id="markable_288" mention="pronoun" mmax_level="coref" span="word_1221" type="speaker reference"/>
 <markable agreement="none" antetype="event" coref_class="set_25" id="markable_72" mention="pronoun" mmax_level="coref" position="it (non-subject)" span="word_280" split="simple antecedent" type="anaphoric" type_of_pronoun="demonstrative"/>
 <markable audience="all-inclusive we" coref_class="empty" id="markable_71" mention="pronoun" mmax_level="coref" span="word_277" type="speaker reference"/>
 <markable audience="co-present we" coref_class="empty" id="markable_76" mention="pronoun" mmax_level="coref" span="word_296" type="speaker reference"/>
 <markable agreement="none" antetype="entity" coref_class="set_25" id="markable_74" mention="pronoun" mmax_level="coref" position="it (non-subject)" span="word_288" split="simple antecedent" type="anaphoric" type_of_pronoun="personal"/>
 <markable agreement="they (sg.)" antetype="entity" coref_class="set_8" id="markable_79" mention="pronoun" mmax_level="coref" position="it (subject)" span="word_312" split="simple antecedent" type="anaphoric" type_of_pronoun="personal"/>
 <markable coref_class="set_8" id="markable_77" mention="np" mmax_level="coref" nptype="antecedent" span="word_302..word_310"/>
 <markable coref_class="set_15" id="markable_172" mention="np" mmax_level="coref" nptype="antecedent" span="word_731..word_733"/>
 <markable audience="all-inclusive we" coref_class="empty" id="markable_293" mention="pronoun" mmax_level="coref" span="word_1250" type="speaker reference"/>
 <markable coref_class="set_35" id="markable_175" mention="np" mmax_level="coref" nptype="antecedent" span="word_743..word_748"/>
 <markable audience="all-inclusive we" coref_class="empty" id="markable_295" mention="pronoun" mmax_level="coref" span="word_1258" type="speaker reference"/>
 <markable audience="all-inclusive we" coref_class="empty" id="markable_290" mention="pronoun" mmax_level="coref" span="word_1235" type="speaker reference"/>
 <markable agreement="they (pl.)" coref_class="empty" id="markable_170" mention="pronoun" mmax_level="coref" position="none" span="word_725" split="no explicit antecedent" type="anaphoric"/>
 <markable anacata="anaphoric" antetype="entity" coref_class="set_35" id="markable_179" mention="np" mmax_level="coref" npmod="demonstrative" nptype="np" span="word_759..word_760" split="simple antecedent"/>
 <markable agreement="they (pl.)" antetype="entity" coref_class="set_15" id="markable_178" mention="pronoun" mmax_level="coref" position="it (non-subject)" span="word_754" split="simple antecedent" type="anaphoric" type_of_pronoun="personal"/>
 <markable agreement="none" antetype="entity" coref_class="set_5" id="markable_60" mention="pronoun" mmax_level="coref" position="it (subject)" span="word_241" split="simple antecedent" type="anaphoric" type_of_pronoun="personal"/>
 <markable agreement="you (pl.)" audience="deictic you" coref_class="empty" id="markable_63" mention="pronoun" mmax_level="coref" position="you (subject)" span="word_250" type="addressee reference"/>
 <markable agreement="you (pl.)" audience="deictic you" coref_class="empty" id="markable_1" mention="pronoun" mmax_level="coref" position="you (non-subject)" span="word_5" type="addressee reference"/>
 <markable coref_class="set_0" id="markable_2" mention="np" mmax_level="coref" nptype="antecedent" span="word_7..word_9"/>
 <markable agreement="they (sg.)" antetype="entity" coref_class="set_0" id="markable_4" mention="pronoun" mmax_level="coref" position="it (subject)" span="word_12" split="simple antecedent" type="anaphoric" type_of_pronoun="personal"/>
 <markable audience="all-inclusive we" coref_class="empty" id="markable_7" mention="pronoun" mmax_level="coref" span="word_22" type="speaker reference"/>
 <markable audience="all-inclusive we" coref_class="empty" id="markable_50" mention="pronoun" mmax_level="coref" span="word_202" type="speaker reference"/>
 <markable audience="all-inclusive we" coref_class="empty" id="markable_51" mention="pronoun" mmax_level="coref" span="word_206" type="speaker reference"/>
 <markable coref_class="set_24" id="markable_57" mention="np" mmax_level="coref" nptype="antecedent" span="word_223..word_225"/>
 <markable audience="all-inclusive we" coref_class="empty" id="markable_55" mention="pronoun" mmax_level="coref" span="word_217" type="speaker reference"/>
 <markable agreement="none" audience="generic you" coref_class="empty" id="markable_59" mention="pronoun" mmax_level="coref" position="you (subject)" span="word_236" type="addressee reference"/>
 <markable agreement="you (pl.)" audience="deictic you" coref_class="empty" id="markable_195" mention="pronoun" mmax_level="coref" position="you (subject)" span="word_832" type="addressee reference"/>
 <markable coref_class="set_16" id="markable_197" mention="np" mmax_level="coref" nptype="antecedent" span="word_838..word_839"/>
 <markable audience="all-inclusive we" coref_class="empty" id="markable_196" mention="pronoun" mmax_level="coref" span="word_835" type="speaker reference"/>
 <markable audience="all-inclusive we" coref_class="empty" id="markable_192" mention="pronoun" mmax_level="coref" span="word_814" type="speaker reference"/>
 <markable agreement="they (sg.)" antetype="entity" coref_class="set_16" id="markable_199" mention="pronoun" mmax_level="coref" position="it (subject)" span="word_846" split="simple antecedent" type="anaphoric" type_of_pronoun="personal"/>
 <markable audience="all-inclusive we" coref_class="empty" id="markable_42" mention="pronoun" mmax_level="coref" span="word_169" type="speaker reference"/>
 <markable agreement="they (pl.)" antetype="entity" coref_class="set_4" id="markable_40" mention="pronoun" mmax_level="coref" position="it (subject)" span="word_162" split="simple antecedent" type="anaphoric" type_of_pronoun="personal"/>
 <markable agreement="you (pl.)" audience="deictic you" coref_class="empty" id="markable_300" mention="pronoun" mmax_level="coref" position="you (non-subject)" span="word_1279" type="addressee reference"/>
 <markable agreement="none" audience="generic you" coref_class="empty" id="markable_93" mention="pronoun" mmax_level="coref" position="you (subject)" span="word_356" type="addressee reference"/>
 <markable agreement="none" audience="generic you" coref_class="empty" id="markable_91" mention="pronoun" mmax_level="coref" position="you (subject)" span="word_348" type="addressee reference"/>
 <markable coref_class="empty" id="markable_96" mention="pronoun" mmax_level="coref" span="word_370" type="extratextual reference"/>
 <markable agreement="they (sg.)" antetype="entity" coref_class="set_8" id="markable_81" mention="pronoun" mmax_level="coref" position="it (subject)" span="word_317" split="simple antecedent" type="anaphoric" type_of_pronoun="personal"/>
 <markable coref_class="empty" id="markable_86" mention="pronoun" mmax_level="coref" span="word_333" type="extratextual reference"/>
 <markable agreement="you (pl.)" audience="deictic you" coref_class="empty" id="markable_84" mention="pronoun" mmax_level="coref" position="you (subject)" span="word_324" type="addressee reference"/>
 <markable agreement="none" audience="generic you" coref_class="empty" id="markable_89" mention="pronoun" mmax_level="coref" position="you (subject)" span="word_341" type="addressee reference"/>
</markables>