<?xml version="1.0" encoding="UTF-8" ?>
<!DOCTYPE markables SYSTEM "markables.dtd">
<markables xmlns="www.eml.org/NameSpaces/smtsentence">
<markable mmax_level="smtsentence" orderid="0" id="markable_0" span="word_1..word_23" />
<markable mmax_level="smtsentence" orderid="1" id="markable_1" span="word_24..word_49" />
<markable mmax_level="smtsentence" orderid="2" id="markable_2" span="word_50..word_114" />
<markable mmax_level="smtsentence" orderid="3" id="markable_3" span="word_115..word_145" />
<markable mmax_level="smtsentence" orderid="4" id="markable_4" span="word_146..word_203" />
<markable mmax_level="smtsentence" orderid="5" id="markable_5" span="word_204..word_220" />
<markable mmax_level="smtsentence" orderid="6" id="markable_6" span="word_221..word_241" />
<markable mmax_level="smtsentence" orderid="7" id="markable_7" span="word_242..word_290" />
<markable mmax_level="smtsentence" orderid="8" id="markable_8" span="word_291..word_320" />
<markable mmax_level="smtsentence" orderid="9" id="markable_9" span="word_321..word_356" />
<markable mmax_level="smtsentence" orderid="10" id="markable_10" span="word_357..word_371" />
<markable mmax_level="smtsentence" orderid="11" id="markable_11" span="word_372..word_411" />
<markable mmax_level="smtsentence" orderid="12" id="markable_12" span="word_412..word_446" />
<markable mmax_level="smtsentence" orderid="13" id="markable_13" span="word_447..word_466" />
<markable mmax_level="smtsentence" orderid="14" id="markable_14" span="word_467..word_526" />
<markable mmax_level="smtsentence" orderid="15" id="markable_15" span="word_527..word_533" />
<markable mmax_level="smtsentence" orderid="16" id="markable_16" span="word_534..word_545" />
<markable mmax_level="smtsentence" orderid="17" id="markable_17" span="word_546..word_563" />
<markable mmax_level="smtsentence" orderid="18" id="markable_18" span="word_564..word_591" />
<markable mmax_level="smtsentence" orderid="19" id="markable_19" span="word_592..word_608" />
<markable mmax_level="smtsentence" orderid="20" id="markable_20" span="word_609..word_646" />
<markable mmax_level="smtsentence" orderid="21" id="markable_21" span="word_647..word_679" />
<markable mmax_level="smtsentence" orderid="22" id="markable_22" span="word_680..word_704" />
<markable mmax_level="smtsentence" orderid="23" id="markable_23" span="word_705..word_727" />
<markable mmax_level="smtsentence" orderid="24" id="markable_24" span="word_728..word_769" />
<markable mmax_level="smtsentence" orderid="25" id="markable_25" span="word_770..word_777" />
<markable mmax_level="smtsentence" orderid="26" id="markable_26" span="word_778..word_785" />
<markable mmax_level="smtsentence" orderid="27" id="markable_27" span="word_786..word_809" />
<markable mmax_level="smtsentence" orderid="28" id="markable_28" span="word_810..word_819" />
<markable mmax_level="smtsentence" orderid="29" id="markable_29" span="word_820..word_831" />
<markable mmax_level="smtsentence" orderid="30" id="markable_30" span="word_832..word_881" />
<markable mmax_level="smtsentence" orderid="31" id="markable_31" span="word_882..word_901" />
<markable mmax_level="smtsentence" orderid="32" id="markable_32" span="word_902..word_915" />
<markable mmax_level="smtsentence" orderid="33" id="markable_33" span="word_916..word_940" />
<markable mmax_level="smtsentence" orderid="34" id="markable_34" span="word_941..word_973" />
<markable mmax_level="smtsentence" orderid="35" id="markable_35" span="word_974..word_976" />
<markable mmax_level="smtsentence" orderid="36" id="markable_36" span="word_977..word_981" />
<markable mmax_level="smtsentence" orderid="37" id="markable_37" span="word_982..word_984" />
<markable mmax_level="smtsentence" orderid="38" id="markable_38" span="word_985..word_996" />
<markable mmax_level="smtsentence" orderid="39" id="markable_39" span="word_997..word_1002" />
</markables>
