<?xml version="1.0" encoding="UTF-8" ?>
<!DOCTYPE markables SYSTEM "markables.dtd">
<markables xmlns="www.eml.org/NameSpaces/smtsentence">
<markable mmax_level="smtsentence" orderid="0" id="markable_0" span="word_1..word_19" />
<markable mmax_level="smtsentence" orderid="1" id="markable_1" span="word_20..word_26" />
<markable mmax_level="smtsentence" orderid="2" id="markable_2" span="word_27..word_56" />
<markable mmax_level="smtsentence" orderid="3" id="markable_3" span="word_57..word_64" />
<markable mmax_level="smtsentence" orderid="4" id="markable_4" span="word_65..word_87" />
<markable mmax_level="smtsentence" orderid="5" id="markable_5" span="word_88..word_107" />
<markable mmax_level="smtsentence" orderid="6" id="markable_6" span="word_108..word_114" />
<markable mmax_level="smtsentence" orderid="7" id="markable_7" span="word_115..word_173" />
<markable mmax_level="smtsentence" orderid="8" id="markable_8" span="word_174..word_187" />
<markable mmax_level="smtsentence" orderid="9" id="markable_9" span="word_188..word_217" />
<markable mmax_level="smtsentence" orderid="10" id="markable_10" span="word_218..word_275" />
<markable mmax_level="smtsentence" orderid="11" id="markable_11" span="word_276..word_280" />
<markable mmax_level="smtsentence" orderid="12" id="markable_12" span="word_281..word_319" />
<markable mmax_level="smtsentence" orderid="13" id="markable_13" span="word_320..word_349" />
<markable mmax_level="smtsentence" orderid="14" id="markable_14" span="word_350..word_366" />
<markable mmax_level="smtsentence" orderid="15" id="markable_15" span="word_367..word_394" />
<markable mmax_level="smtsentence" orderid="16" id="markable_16" span="word_395..word_400" />
<markable mmax_level="smtsentence" orderid="17" id="markable_17" span="word_401..word_425" />
<markable mmax_level="smtsentence" orderid="18" id="markable_18" span="word_426..word_445" />
<markable mmax_level="smtsentence" orderid="19" id="markable_19" span="word_446..word_471" />
<markable mmax_level="smtsentence" orderid="20" id="markable_20" span="word_472..word_480" />
<markable mmax_level="smtsentence" orderid="21" id="markable_21" span="word_481..word_488" />
<markable mmax_level="smtsentence" orderid="22" id="markable_22" span="word_489..word_506" />
<markable mmax_level="smtsentence" orderid="23" id="markable_23" span="word_507..word_513" />
<markable mmax_level="smtsentence" orderid="24" id="markable_24" span="word_514..word_538" />
<markable mmax_level="smtsentence" orderid="25" id="markable_25" span="word_539..word_543" />
<markable mmax_level="smtsentence" orderid="26" id="markable_26" span="word_544..word_548" />
<markable mmax_level="smtsentence" orderid="27" id="markable_27" span="word_549..word_590" />
<markable mmax_level="smtsentence" orderid="28" id="markable_28" span="word_591..word_605" />
<markable mmax_level="smtsentence" orderid="29" id="markable_29" span="word_606..word_623" />
<markable mmax_level="smtsentence" orderid="30" id="markable_30" span="word_624..word_644" />
<markable mmax_level="smtsentence" orderid="31" id="markable_31" span="word_645..word_684" />
<markable mmax_level="smtsentence" orderid="32" id="markable_32" span="word_685..word_690" />
<markable mmax_level="smtsentence" orderid="33" id="markable_33" span="word_691..word_696" />
<markable mmax_level="smtsentence" orderid="34" id="markable_34" span="word_697..word_706" />
<markable mmax_level="smtsentence" orderid="35" id="markable_35" span="word_707..word_727" />
<markable mmax_level="smtsentence" orderid="36" id="markable_36" span="word_728..word_737" />
<markable mmax_level="smtsentence" orderid="37" id="markable_37" span="word_738..word_745" />
<markable mmax_level="smtsentence" orderid="38" id="markable_38" span="word_746..word_762" />
<markable mmax_level="smtsentence" orderid="39" id="markable_39" span="word_763..word_787" />
<markable mmax_level="smtsentence" orderid="40" id="markable_40" span="word_788..word_798" />
<markable mmax_level="smtsentence" orderid="41" id="markable_41" span="word_799..word_806" />
<markable mmax_level="smtsentence" orderid="42" id="markable_42" span="word_807..word_816" />
<markable mmax_level="smtsentence" orderid="43" id="markable_43" span="word_817..word_836" />
<markable mmax_level="smtsentence" orderid="44" id="markable_44" span="word_837..word_849" />
<markable mmax_level="smtsentence" orderid="45" id="markable_45" span="word_850..word_870" />
<markable mmax_level="smtsentence" orderid="46" id="markable_46" span="word_871..word_876" />
<markable mmax_level="smtsentence" orderid="47" id="markable_47" span="word_877..word_886" />
<markable mmax_level="smtsentence" orderid="48" id="markable_48" span="word_887..word_900" />
<markable mmax_level="smtsentence" orderid="49" id="markable_49" span="word_901..word_911" />
<markable mmax_level="smtsentence" orderid="50" id="markable_50" span="word_912..word_916" />
<markable mmax_level="smtsentence" orderid="51" id="markable_51" span="word_917..word_921" />
<markable mmax_level="smtsentence" orderid="52" id="markable_52" span="word_922..word_929" />
<markable mmax_level="smtsentence" orderid="53" id="markable_53" span="word_930..word_949" />
<markable mmax_level="smtsentence" orderid="54" id="markable_54" span="word_950..word_963" />
<markable mmax_level="smtsentence" orderid="55" id="markable_55" span="word_964..word_973" />
<markable mmax_level="smtsentence" orderid="56" id="markable_56" span="word_974..word_980" />
<markable mmax_level="smtsentence" orderid="57" id="markable_57" span="word_981..word_989" />
<markable mmax_level="smtsentence" orderid="58" id="markable_58" span="word_990..word_1006" />
<markable mmax_level="smtsentence" orderid="59" id="markable_59" span="word_1007..word_1018" />
<markable mmax_level="smtsentence" orderid="60" id="markable_60" span="word_1019..word_1033" />
<markable mmax_level="smtsentence" orderid="61" id="markable_61" span="word_1034..word_1050" />
<markable mmax_level="smtsentence" orderid="62" id="markable_62" span="word_1051..word_1074" />
<markable mmax_level="smtsentence" orderid="63" id="markable_63" span="word_1075..word_1089" />
<markable mmax_level="smtsentence" orderid="64" id="markable_64" span="word_1090..word_1104" />
<markable mmax_level="smtsentence" orderid="65" id="markable_65" span="word_1105..word_1123" />
<markable mmax_level="smtsentence" orderid="66" id="markable_66" span="word_1124..word_1140" />
<markable mmax_level="smtsentence" orderid="67" id="markable_67" span="word_1141..word_1154" />
<markable mmax_level="smtsentence" orderid="68" id="markable_68" span="word_1155..word_1169" />
<markable mmax_level="smtsentence" orderid="69" id="markable_69" span="word_1170..word_1176" />
<markable mmax_level="smtsentence" orderid="70" id="markable_70" span="word_1177..word_1193" />
<markable mmax_level="smtsentence" orderid="71" id="markable_71" span="word_1194..word_1202" />
<markable mmax_level="smtsentence" orderid="72" id="markable_72" span="word_1203..word_1219" />
<markable mmax_level="smtsentence" orderid="73" id="markable_73" span="word_1220..word_1257" />
<markable mmax_level="smtsentence" orderid="74" id="markable_74" span="word_1258..word_1288" />
<markable mmax_level="smtsentence" orderid="75" id="markable_75" span="word_1289..word_1296" />
<markable mmax_level="smtsentence" orderid="76" id="markable_76" span="word_1297..word_1301" />
</markables>
