<?xml version="1.0" encoding="utf-8"?>
<!DOCTYPE markables SYSTEM "markables.dtd">
<markables xmlns="www.eml.org/NameSpaces/coref">
 <markable coref_class="set_4" id="markable_39" mention="np" mmax_level="coref" nptype="antecedent" span="word_153..word_160"/>
 <markable anacata="anaphoric" antetype="entity" coref_class="set_54" id="markable_38" mention="np" mmax_level="coref" npmod="demonstrative" nptype="np" span="word_149..word_150" split="simple antecedent"/>
 <markable agreement="none" antetype="entity" coref_class="set_53" id="markable_21" mention="pronoun" mmax_level="coref" position="it (subject)" span="word_93" split="simple antecedent" type="anaphoric" type_of_pronoun="demonstrative"/>
 <markable agreement="none" coref_class="set_53" id="markable_24" mention="pronoun" mmax_level="coref" position="it (non-subject)" span="word_102" type="antecedent" type_of_pronoun="personal"/>
 <markable agreement="none" antetype="entity" coref_class="set_53" id="markable_26" mention="pronoun" mmax_level="coref" position="it (subject)" span="word_109" split="simple antecedent" type="anaphoric" type_of_pronoun="personal"/>
 <markable anacata="anaphoric" antetype="entity" coref_class="set_51" id="markable_14" mention="np" mmax_level="coref" npmod="def-article" nptype="np" span="word_57..word_58" split="simple antecedent"/>
 <markable coref_class="set_51" id="markable_13" mention="np" mmax_level="coref" nptype="antecedent" span="word_54..word_55"/>
 <markable agreement="none" antetype="entity" coref_class="set_54" id="markable_18" mention="pronoun" mmax_level="coref" position="it (subject)" span="word_80" split="simple antecedent" type="anaphoric" type_of_pronoun="personal"/>
 <markable agreement="none" antetype="entity" coref_class="set_54" id="markable_17" mention="pronoun" mmax_level="coref" position="it (subject)" span="word_73" split="simple antecedent" type="anaphoric" type_of_pronoun="personal"/>
 <markable agreement="none" coref_class="set_54" id="markable_16" mention="pronoun" mmax_level="coref" position="it (subject)" span="word_68" type="antecedent" type_of_pronoun="personal"/>
 <markable coref_class="set_49" id="markable_283" mention="np" mmax_level="coref" nptype="antecedent" span="word_1154"/>
 <markable agreement="you (pl.)" audience="deictic you" coref_class="empty" id="markable_282" mention="pronoun" mmax_level="coref" position="you (non-subject)" span="word_1144" type="addressee reference"/>
 <markable agreement="they (sg.)" antetype="entity" coref_class="set_49" id="markable_284" mention="pronoun" mmax_level="coref" position="it (subject)" span="word_1155" split="simple antecedent" type="anaphoric" type_of_pronoun="personal"/>
 <markable anacata="anaphoric" antetype="entity" coref_class="set_68" id="markable_280" mention="np" mmax_level="coref" npmod="demonstrative" nptype="np" span="word_1136..word_1139" split="simple antecedent"/>
 <markable agreement="you (pl.)" audience="deictic you" coref_class="empty" id="markable_286" mention="pronoun" mmax_level="coref" position="you (subject)" span="word_1160" type="addressee reference"/>
 <markable agreement="they (pl.)" antetype="entity" coref_class="set_37" id="markable_175" mention="pronoun" mmax_level="coref" position="it (subject)" span="word_713" split="simple antecedent" type="anaphoric" type_of_pronoun="personal"/>
 <markable agreement="none" antetype="event" coref_class="set_60" id="markable_174" mention="pronoun" mmax_level="coref" position="it (subject)" span="word_710" split="simple antecedent" type="anaphoric" type_of_pronoun="personal"/>
 <markable agreement="none" antetype="event" coref_class="set_69" id="markable_290" mention="pronoun" mmax_level="coref" position="it (non-subject)" span="word_1175" split="simple antecedent" type="anaphoric" type_of_pronoun="demonstrative"/>
 <markable coref_class="set_37" id="markable_170" mention="np" mmax_level="coref" nptype="antecedent" span="word_691..word_693"/>
 <markable agreement="none" antetype="event" coref_class="set_69" id="markable_298" mention="pronoun" mmax_level="coref" position="it (non-subject)" span="word_1199" split="simple antecedent" type="anaphoric" type_of_pronoun="demonstrative"/>
 <markable agreement="none" audience="generic you" coref_class="empty" id="markable_184" mention="pronoun" mmax_level="coref" position="you (subject)" span="word_749" type="addressee reference"/>
 <markable agreement="none" audience="generic you" coref_class="empty" id="markable_183" mention="pronoun" mmax_level="coref" position="you (subject)" span="word_747" type="addressee reference"/>
 <markable coref_class="set_38" id="markable_186" mention="np" mmax_level="coref" nptype="antecedent" span="word_755..word_756"/>
 <markable coref_class="set_41" id="markable_185" mention="np" mmax_level="coref" nptype="antecedent" span="word_751..word_753"/>
 <markable coref_class="empty" id="markable_182" mention="pronoun" mmax_level="coref" span="word_742" type="pleonastic"/>
 <markable agreement="none" antetype="event" coref_class="set_62" id="markable_188" mention="pronoun" mmax_level="coref" position="it (subject)" span="word_763" split="simple antecedent" type="cataphoric"/>
 <markable agreement="none" antetype="entity" coref_class="set_38" id="markable_187" mention="pronoun" mmax_level="coref" position="it (subject)" span="word_758" split="simple antecedent" type="anaphoric" type_of_pronoun="personal"/>
 <markable agreement="you (pl.)" audience="deictic you" coref_class="empty" id="markable_189" mention="pronoun" mmax_level="coref" position="you (subject)" span="word_767" type="addressee reference"/>
 <markable agreement="none" antetype="entity" coref_class="set_41" id="markable_194" mention="pronoun" mmax_level="coref" position="it (subject)" span="word_800" split="simple antecedent" type="anaphoric" type_of_pronoun="personal"/>
 <markable agreement="none" antetype="entity" coref_class="set_41" id="markable_197" mention="pronoun" mmax_level="coref" position="it (subject)" span="word_807" split="simple antecedent" type="anaphoric" type_of_pronoun="personal"/>
 <markable agreement="none" audience="generic you" coref_class="empty" id="markable_191" mention="pronoun" mmax_level="coref" position="you (subject)" span="word_774" type="addressee reference"/>
 <markable agreement="none" audience="generic you" coref_class="empty" id="markable_190" mention="pronoun" mmax_level="coref" position="you (subject)" span="word_770" type="addressee reference"/>
 <markable agreement="none" audience="generic you" coref_class="empty" id="markable_193" mention="pronoun" mmax_level="coref" position="you (subject)" span="word_788" type="addressee reference"/>
 <markable agreement="none" antetype="entity" coref_class="set_41" id="markable_199" mention="pronoun" mmax_level="coref" position="it (subject)" span="word_812" split="simple antecedent" type="anaphoric" type_of_pronoun="personal"/>
 <markable agreement="you (pl.)" audience="deictic you" coref_class="empty" id="markable_324" mention="pronoun" mmax_level="coref" position="you (subject)" span="word_1298" type="addressee reference"/>
 <markable audience="all-inclusive we" coref_class="empty" id="markable_320" mention="pronoun" mmax_level="coref" span="word_1275" type="speaker reference"/>
 <markable coref_class="empty" id="markable_319" mention="pronoun" mmax_level="coref" span="word_1271" type="pleonastic"/>
 <markable agreement="none" audience="generic you" coref_class="empty" id="markable_207" mention="pronoun" mmax_level="coref" position="you (subject)" span="word_851" type="addressee reference"/>
 <markable agreement="none" audience="generic you" coref_class="empty" id="markable_209" mention="pronoun" mmax_level="coref" position="you (subject)" span="word_859" type="addressee reference"/>
 <markable audience="all-inclusive we" coref_class="empty" id="markable_104" mention="pronoun" mmax_level="coref" span="word_404" type="speaker reference"/>
 <markable coref_class="empty" id="markable_103" mention="pronoun" mmax_level="coref" span="word_396" type="event"/>
 <markable coref_class="set_27" id="markable_106" mention="np" mmax_level="coref" nptype="antecedent" span="word_411..word_413"/>
 <markable agreement="they (pl.)" antetype="entity" coref_class="set_28" id="markable_105" mention="pronoun" mmax_level="coref" position="it (subject)" span="word_409" split="simple antecedent" type="anaphoric" type_of_pronoun="personal"/>
 <markable agreement="none" coref_class="set_42" id="markable_226" mention="np" mmax_level="coref" nptype="np" position="none" span="word_931" split="simple antecedent" sub_apposition="none" type="none"/>
 <markable antetype="entity" comparative="part" coref_class="set_56" id="markable_100" mention="np" mmax_level="coref" nptype="comparative" span="word_386..word_387" split="simple antecedent"/>
 <markable coref_class="set_44" id="markable_221" mention="np" mmax_level="coref" nptype="antecedent" span="word_908..word_910"/>
 <markable agreement="you (pl.)" audience="deictic you" coref_class="empty" id="markable_220" mention="pronoun" mmax_level="coref" position="you (subject)" span="word_904" type="addressee reference"/>
 <markable coref_class="set_28" id="markable_101" mention="np" mmax_level="coref" nptype="antecedent" span="word_390..word_393"/>
 <markable coref_class="set_63" id="markable_217" mention="np" mmax_level="coref" nptype="antecedent" span="word_890..word_893"/>
 <markable coref_class="set_29" id="markable_115" mention="np" mmax_level="coref" nptype="antecedent" span="word_456..word_457"/>
 <markable antetype="entity" comparative="gen" coref_class="set_44" id="markable_236" mention="np" mmax_level="coref" nptype="comparative" span="word_970..word_972" split="simple antecedent"/>
 <markable agreement="you (pl.)" audience="deictic you" coref_class="empty" id="markable_237" mention="pronoun" mmax_level="coref" position="you (subject)" span="word_976" type="addressee reference"/>
 <markable agreement="none" audience="generic you" coref_class="empty" id="markable_111" mention="pronoun" mmax_level="coref" position="you (subject)" span="word_429" type="addressee reference"/>
 <markable coref_class="empty" id="markable_231" mention="pronoun" mmax_level="coref" span="word_954" type="pleonastic"/>
 <markable agreement="they (pl.)" antetype="entity" coref_class="set_28" id="markable_113" mention="pronoun" mmax_level="coref" position="it (non-subject)" span="word_444" split="simple antecedent" type="anaphoric" type_of_pronoun="personal"/>
 <markable audience="exclusive we" coref_class="empty" id="markable_234" mention="pronoun" mmax_level="coref" span="word_964" type="speaker reference"/>
 <markable coref_class="empty" id="markable_112" mention="pronoun" mmax_level="coref" span="word_442" type="pleonastic"/>
 <markable antetype="entity" comparative="gen" coref_class="set_27" id="markable_108" mention="np" mmax_level="coref" nptype="comparative" span="word_418..word_421" split="simple antecedent"/>
 <markable anacata="anaphoric" antetype="entity" coref_class="set_63" id="markable_229" mention="np" mmax_level="coref" npmod="def-article" nptype="np" span="word_947..word_948" split="simple antecedent"/>
 <markable agreement="they (pl.)" antetype="entity" coref_class="set_27" id="markable_107" mention="pronoun" mmax_level="coref" position="it (subject)" span="word_416" split="simple antecedent" type="anaphoric" type_of_pronoun="personal"/>
 <markable agreement="they (sg.)" coref_class="set_42" id="markable_228" mention="pronoun" mmax_level="coref" position="none" span="word_942" split="simple antecedent" type="anaphoric"/>
 <markable coref_class="set_31" id="markable_126" mention="np" mmax_level="coref" nptype="antecedent" span="word_500..word_503"/>
 <markable audience="all-inclusive we" coref_class="empty" id="markable_368" mention="pronoun" mmax_level="coref" span="word_1227" type="speaker reference"/>
 <markable coref_class="set_33" id="markable_125" mention="np" mmax_level="coref" nptype="antecedent" span="word_494..word_495"/>
 <markable agreement="they (pl.)" antetype="entity" coref_class="set_44" id="markable_246" mention="pronoun" mmax_level="coref" position="it (subject)" span="word_1007" split="simple antecedent" type="anaphoric" type_of_pronoun="personal"/>
 <markable agreement="they (sg.)" antetype="entity" coref_class="set_48" id="markable_367" mention="pronoun" mmax_level="coref" position="it (non-subject)" span="word_1097" split="simple antecedent" type="anaphoric" type_of_pronoun="possessive"/>
 <markable agreement="they (sg.)" antetype="entity" coref_class="set_31" id="markable_128" mention="pronoun" mmax_level="coref" position="it (non-subject)" span="word_512" split="simple antecedent" type="anaphoric" type_of_pronoun="personal"/>
 <markable agreement="they (pl.)" antetype="entity" coref_class="set_33" id="markable_127" mention="pronoun" mmax_level="coref" position="it (subject)" span="word_509" split="simple antecedent" type="anaphoric" type_of_pronoun="personal"/>
 <markable audience="all-inclusive we" coref_class="empty" id="markable_369" mention="pronoun" mmax_level="coref" span="word_1241" type="speaker reference"/>
 <markable coref_class="set_65" id="markable_243" mention="np" mmax_level="coref" nptype="antecedent" span="word_997..word_999"/>
 <markable antetype="entity" comparative="gen" coref_class="set_44" id="markable_242" mention="np" mmax_level="coref" nptype="comparative" span="word_991..word_993" split="simple antecedent"/>
 <markable anacata="anaphoric" antetype="entity" coref_class="set_57" id="markable_124" mention="np" mmax_level="coref" npmod="def-article" nptype="np" span="word_490..word_491" split="simple antecedent"/>
 <markable antetype="entity" comparative="part" coref_class="set_65" id="markable_245" mention="np" mmax_level="coref" nptype="comparative" span="word_1003..word_1005" split="simple antecedent"/>
 <markable agreement="they (pl.)" antetype="entity" coref_class="set_21" id="markable_366" mention="pronoun" mmax_level="coref" position="it (subject)" span="word_278" split="simple antecedent" type="anaphoric" type_of_pronoun="personal"/>
 <markable antetype="entity" comparative="gen" coref_class="set_57" id="markable_123" mention="np" mmax_level="coref" nptype="comparative" span="word_484..word_485" split="simple antecedent"/>
 <markable agreement="they (pl.)" antetype="entity" coref_class="set_21" id="markable_365" mention="pronoun" mmax_level="coref" position="it (non-subject)" span="word_230" split="simple antecedent" type="anaphoric" type_of_pronoun="possessive"/>
 <markable agreement="they (pl.)" antetype="entity" coref_class="set_29" id="markable_118" mention="pronoun" mmax_level="coref" position="it (subject)" span="word_472" split="simple antecedent" type="anaphoric" type_of_pronoun="personal"/>
 <markable agreement="they (pl.)" antetype="entity" coref_class="set_44" id="markable_239" mention="pronoun" mmax_level="coref" position="it (subject)" span="word_983" split="simple antecedent" type="anaphoric" type_of_pronoun="personal"/>
 <markable audience="all-inclusive we" coref_class="empty" id="markable_371" mention="pronoun" mmax_level="coref" span="word_1247" type="speaker reference"/>
 <markable audience="all-inclusive we" coref_class="empty" id="markable_370" mention="pronoun" mmax_level="coref" span="word_1244" type="speaker reference"/>
 <markable audience="all-inclusive we" coref_class="empty" id="markable_252" mention="pronoun" mmax_level="coref" span="word_1025" type="speaker reference"/>
 <markable clausetype="antecedent" coref_class="set_53" id="markable_373" mention="clause" mmax_level="coref" span="word_65..word_87"/>
 <markable agreement="they (pl.)" antetype="entity" coref_class="set_33" id="markable_130" mention="pronoun" mmax_level="coref" position="it (subject)" span="word_521" split="simple antecedent" type="anaphoric" type_of_pronoun="personal"/>
 <markable clausetype="antecedent" coref_class="set_54" id="markable_372" mention="clause" mmax_level="coref" span="word_57..word_63"/>
 <markable coref_class="set_36" id="markable_137" mention="np" mmax_level="coref" nptype="antecedent" span="word_550"/>
 <markable clausetype="antecedent" coref_class="set_62" id="markable_379" mention="clause" mmax_level="coref" span="word_770..word_792"/>
 <markable clausetype="antecedent" coref_class="set_60" id="markable_378" mention="clause" mmax_level="coref" span="word_685..word_696"/>
 <markable coref_class="set_58" id="markable_139" mention="np" mmax_level="coref" nptype="antecedent" span="word_559..word_560"/>
 <markable agreement="they (pl.)" antetype="entity" coref_class="set_36" id="markable_138" mention="pronoun" mmax_level="coref" position="it (subject)" span="word_556" split="simple antecedent" type="anaphoric" type_of_pronoun="personal"/>
 <markable coref_class="set_68" id="markable_259" mention="np" mmax_level="coref" nptype="antecedent" span="word_1047..word_1049"/>
 <markable agreement="they (pl.)" antetype="entity" coref_class="set_33" id="markable_133" mention="pronoun" mmax_level="coref" position="it (subject)" span="word_529" split="simple antecedent" type="anaphoric" type_of_pronoun="personal"/>
 <markable agreement="they (sg.)" antetype="entity" coref_class="set_56" id="markable_375" mention="pronoun" mmax_level="coref" position="it (subject)" span="word_373" split="simple antecedent" type="anaphoric" type_of_pronoun="relative"/>
 <markable agreement="they (pl.)" antetype="entity" coref_class="set_55" id="markable_374" mention="pronoun" mmax_level="coref" position="it (subject)" span="word_327" split="simple antecedent" type="anaphoric" type_of_pronoun="relative"/>
 <markable coref_class="empty" id="markable_135" mention="pronoun" mmax_level="coref" span="word_539" type="event"/>
 <markable agreement="you (pl.)" audience="deictic you" coref_class="empty" id="markable_256" mention="pronoun" mmax_level="coref" position="you (subject)" span="word_1036" type="addressee reference"/>
 <markable coref_class="set_59" id="markable_377" mention="np" mmax_level="coref" nptype="antecedent" span="word_580..word_589"/>
 <markable clausetype="antecedent" coref_class="set_57" id="markable_376" mention="clause" mmax_level="coref" span="word_472..word_479"/>
 <markable agreement="they (pl.)" antetype="entity" coref_class="set_36" id="markable_140" mention="pronoun" mmax_level="coref" position="it (subject)" span="word_563" split="simple antecedent" type="anaphoric" type_of_pronoun="personal"/>
 <markable coref_class="set_69" id="markable_382" mention="vp" mmax_level="coref" span="word_1164..word_1168" vptype="antecedent"/>
 <markable clausetype="antecedent" coref_class="set_67" id="markable_381" mention="clause" mmax_level="coref" span="word_1105..word_1122"/>
 <markable coref_class="set_46" id="markable_263" mention="np" mmax_level="coref" nptype="antecedent" span="word_1065"/>
 <markable agreement="none" antetype="event" coref_class="set_70" id="markable_384" mention="pronoun" mmax_level="coref" position="it (subject)" span="word_1290" split="simple antecedent" type="anaphoric" type_of_pronoun="demonstrative"/>
 <markable clausetype="antecedent" coref_class="set_70" id="markable_383" mention="clause" mmax_level="coref" span="word_1260..word_1287"/>
 <markable agreement="none" antetype="event" coref_class="set_62" id="markable_380" mention="pronoun" mmax_level="coref" position="it (subject)" span="word_797" split="simple antecedent" type="anaphoric" type_of_pronoun="demonstrative"/>
 <markable coref_class="set_48" id="markable_269" mention="np" mmax_level="coref" nptype="antecedent" span="word_1094..word_1095"/>
 <markable anacata="anaphoric" antetype="entity" coref_class="set_68" id="markable_265" mention="np" mmax_level="coref" npmod="def-article" nptype="np" span="word_1077..word_1079" split="simple antecedent"/>
 <markable anacata="anaphoric" antetype="entity" coref_class="set_58" id="markable_143" mention="np" mmax_level="coref" npmod="def-article" nptype="np" span="word_572..word_573" split="simple antecedent"/>
 <markable agreement="they (pl.)" antetype="entity" coref_class="set_46" id="markable_267" mention="pronoun" mmax_level="coref" position="it (non-subject)" span="word_1084" split="simple antecedent" type="anaphoric" type_of_pronoun="personal"/>
 <markable agreement="they (pl.)" antetype="entity" coref_class="set_36" id="markable_145" mention="pronoun" mmax_level="coref" position="it (subject)" span="word_578" split="simple antecedent" type="anaphoric" type_of_pronoun="personal"/>
 <markable agreement="they (sg.)" antetype="entity" coref_class="set_68" id="markable_266" mention="pronoun" mmax_level="coref" position="it (subject)" span="word_1082" split="simple antecedent" type="anaphoric" type_of_pronoun="personal"/>
 <markable agreement="they (sg.)" antetype="entity" coref_class="set_48" id="markable_272" mention="pronoun" mmax_level="coref" position="it (subject)" span="word_1103" split="simple antecedent" type="anaphoric" type_of_pronoun="personal"/>
 <markable anacata="anaphoric" antetype="entity" coref_class="set_59" id="markable_150" mention="np" mmax_level="coref" npmod="demonstrative" nptype="np" span="word_594..word_595" split="simple antecedent"/>
 <markable anacata="anaphoric" antetype="entity" coref_class="set_68" id="markable_273" mention="np" mmax_level="coref" npmod="def-article" nptype="np" span="word_1105..word_1106" split="simple antecedent"/>
 <markable agreement="none" antetype="event" coref_class="set_67" id="markable_277" mention="pronoun" mmax_level="coref" position="it (subject)" span="word_1127" split="simple antecedent" type="anaphoric" type_of_pronoun="demonstrative"/>
 <markable agreement="they (pl.)" antetype="entity" coref_class="set_21" id="markable_72" mention="pronoun" mmax_level="coref" position="it (subject)" span="word_269" split="simple antecedent" type="anaphoric" type_of_pronoun="personal"/>
 <markable agreement="they (sg.)" antetype="entity" coref_class="set_18" id="markable_70" mention="pronoun" mmax_level="coref" position="it (non-subject)" span="word_263" split="simple antecedent" type="anaphoric" type_of_pronoun="personal"/>
 <markable agreement="they (pl.)" antetype="entity" coref_class="set_21" id="markable_74" mention="pronoun" mmax_level="coref" position="it (subject)" span="word_276" split="simple antecedent" type="anaphoric" type_of_pronoun="personal"/>
 <markable agreement="they (pl.)" antetype="entity" coref_class="set_21" id="markable_60" mention="pronoun" mmax_level="coref" position="it (subject)" span="word_225" split="simple antecedent" type="anaphoric" type_of_pronoun="personal"/>
 <markable agreement="they (pl.)" antetype="entity" coref_class="set_21" id="markable_65" mention="pronoun" mmax_level="coref" position="it (subject)" span="word_245" split="simple antecedent" type="anaphoric" type_of_pronoun="personal"/>
 <markable agreement="they (pl.)" antetype="entity" coref_class="set_21" id="markable_69" mention="pronoun" mmax_level="coref" position="it (subject)" span="word_260" split="simple antecedent" type="anaphoric" type_of_pronoun="personal"/>
 <markable coref_class="set_18" id="markable_68" mention="np" mmax_level="coref" nptype="antecedent" span="word_255..word_256"/>
 <markable agreement="they (sg.)" antetype="entity" coref_class="set_54" id="markable_50" mention="pronoun" mmax_level="coref" position="it (non-subject)" span="word_191" split="simple antecedent" type="anaphoric" type_of_pronoun="personal"/>
 <markable agreement="they (pl.)" antetype="entity" coref_class="set_21" id="markable_53" mention="pronoun" mmax_level="coref" position="it (subject)" span="word_204" split="simple antecedent" type="anaphoric" type_of_pronoun="personal"/>
 <markable agreement="they (sg.)" antetype="entity" coref_class="set_54" id="markable_52" mention="pronoun" mmax_level="coref" position="it (subject)" span="word_197" split="simple antecedent" type="anaphoric" type_of_pronoun="personal"/>
 <markable agreement="they (pl.)" antetype="entity" coref_class="set_21" id="markable_51" mention="pronoun" mmax_level="coref" position="it (subject)" span="word_193" split="simple antecedent" type="anaphoric" type_of_pronoun="personal"/>
 <markable agreement="they (pl.)" antetype="entity" coref_class="set_21" id="markable_58" mention="pronoun" mmax_level="coref" position="it (subject)" span="word_221" split="simple antecedent" type="anaphoric" type_of_pronoun="personal"/>
 <markable agreement="they (pl.)" antetype="entity" coref_class="set_21" id="markable_57" mention="pronoun" mmax_level="coref" position="it (subject)" span="word_218" split="simple antecedent" type="anaphoric" type_of_pronoun="personal"/>
 <markable agreement="they (pl.)" antetype="entity" coref_class="set_21" id="markable_55" mention="pronoun" mmax_level="coref" position="it (subject)" span="word_210" split="simple antecedent" type="anaphoric" type_of_pronoun="personal"/>
 <markable agreement="they (pl.)" antetype="entity" coref_class="set_21" id="markable_47" mention="pronoun" mmax_level="coref" position="it (non-subject)" span="word_183" split="simple antecedent" type="anaphoric" type_of_pronoun="reflexive"/>
 <markable coref_class="set_21" id="markable_46" mention="np" mmax_level="coref" nptype="antecedent" span="word_178..word_179"/>
 <markable agreement="you (pl.)" audience="deictic you" coref_class="empty" id="markable_45" mention="pronoun" mmax_level="coref" position="you (non-subject)" span="word_172" type="addressee reference"/>
 <markable agreement="they (pl.)" antetype="entity" coref_class="set_4" id="markable_44" mention="pronoun" mmax_level="coref" position="it (non-subject)" span="word_170" split="simple antecedent" type="anaphoric" type_of_pronoun="personal"/>
 <markable agreement="they (pl.)" antetype="entity" coref_class="set_21" id="markable_49" mention="pronoun" mmax_level="coref" position="it (subject)" span="word_188" split="simple antecedent" type="anaphoric" type_of_pronoun="personal"/>
 <markable anacata="anaphoric" antetype="entity" coref_class="set_54" id="markable_48" mention="np" mmax_level="coref" npmod="demonstrative" nptype="np" span="word_185..word_186" split="simple antecedent"/>
 <markable coref_class="set_50" id="markable_301" mention="np" mmax_level="coref" nptype="antecedent" span="word_1213"/>
 <markable audience="all-inclusive we" coref_class="empty" id="markable_304" mention="pronoun" mmax_level="coref" span="word_1223" type="speaker reference"/>
 <markable agreement="they (sg.)" antetype="entity" coref_class="set_50" id="markable_303" mention="pronoun" mmax_level="coref" position="it (subject)" span="word_1220" split="simple antecedent" type="anaphoric" type_of_pronoun="personal"/>
 <markable agreement="they (pl.)" antetype="entity" coref_class="set_25" id="markable_94" mention="pronoun" mmax_level="coref" position="it (subject)" span="word_361" split="simple antecedent" type="anaphoric" type_of_pronoun="personal"/>
 <markable agreement="they (pl.)" antetype="entity" coref_class="set_25" id="markable_93" mention="pronoun" mmax_level="coref" position="it (subject)" span="word_356" split="simple antecedent" type="anaphoric" type_of_pronoun="personal"/>
 <markable agreement="they (pl.)" antetype="entity" coref_class="set_25" id="markable_92" mention="pronoun" mmax_level="coref" position="it (subject)" span="word_353" split="simple antecedent" type="anaphoric" type_of_pronoun="personal"/>
 <markable agreement="they (pl.)" antetype="entity" coref_class="set_25" id="markable_91" mention="pronoun" mmax_level="coref" position="it (subject)" span="word_350" split="simple antecedent" type="anaphoric" type_of_pronoun="personal"/>
 <markable coref_class="set_56" id="markable_98" mention="np" mmax_level="coref" nptype="antecedent" span="word_372"/>
 <markable audience="all-inclusive we" coref_class="empty" id="markable_314" mention="pronoun" mmax_level="coref" span="word_1253" type="speaker reference"/>
 <markable antetype="entity" comparative="gen" coref_class="set_55" id="markable_87" mention="np" mmax_level="coref" nptype="comparative" span="word_337" split="simple antecedent"/>
 <markable audience="all-inclusive we" coref_class="empty" id="markable_308" mention="pronoun" mmax_level="coref" span="word_1235" type="speaker reference"/>
 <markable coref_class="set_55" id="markable_85" mention="np" mmax_level="coref" nptype="antecedent" span="word_326"/>
 <markable coref_class="set_25" id="markable_89" mention="np" mmax_level="coref" nptype="antecedent" span="word_344..word_348"/>
 <markable antetype="entity" comparative="part" coref_class="set_55" id="markable_88" mention="np" mmax_level="coref" nptype="comparative" span="word_341..word_342" split="simple antecedent"/>
</markables>