<?xml version="1.0" encoding="UTF-8"?>
<!DOCTYPE markables SYSTEM "markables.dtd">
<markables xmlns="www.eml.org/NameSpaces/coref">
<markable id="markable_32" span="word_332..word_333" coref_class="set_18"  mmax_level="coref"  nptype="antecedent"  mention="np" />
<markable id="markable_31" span="word_321" type_of_pronoun="demonstrative"  agreement="none"  split="simple antecedent"  coref_class="set_17"  mmax_level="coref"  position="it (subject)"  type="anaphoric"  antetype="event"  mention="pronoun" />
<markable id="markable_30" span="word_311..word_319" coref_class="set_17"  mmax_level="coref"  clausetype="antecedent"  mention="clause" />
<markable id="markable_36" span="word_357..word_360" coref_class="set_20"  mmax_level="coref"  nptype="antecedent"  mention="np" />
<markable id="markable_35" span="word_357" agreement="they (sg.)"  split="simple antecedent"  coref_class="set_19"  mmax_level="coref"  position="it (non-subject)"  type="cataphoric"  antetype="entity"  mention="pronoun" />
<markable id="markable_34" span="word_372" coref_class="set_19"  mmax_level="coref"  nptype="antecedent"  mention="np" />
<markable id="markable_33" span="word_335" type_of_pronoun="relative"  agreement="they (sg.)"  split="simple antecedent"  coref_class="set_18"  mmax_level="coref"  position="it (subject)"  type="anaphoric"  antetype="entity"  mention="pronoun" />
<markable id="markable_39" span="word_436" type_of_pronoun="personal"  agreement="they (sg.)"  split="simple antecedent"  coref_class="set_22"  mmax_level="coref"  position="it (subject)"  type="anaphoric"  antetype="entity"  mention="pronoun" />
<markable id="markable_38" span="word_425" coref_class="set_22"  mmax_level="coref"  nptype="antecedent"  mention="np" />
<markable id="markable_37" span="word_362" type_of_pronoun="relative"  agreement="they (pl.)"  split="simple antecedent"  coref_class="set_20"  mmax_level="coref"  position="it (subject)"  type="anaphoric"  antetype="entity"  mention="pronoun" />
<markable id="markable_19" span="word_204" type_of_pronoun="possessive"  agreement="they (sg.)"  split="simple antecedent"  coref_class="set_12"  mmax_level="coref"  position="it (subject)"  type="anaphoric"  antetype="entity"  mention="pronoun" />
<markable id="markable_21" span="word_237..word_238" coref_class="set_13"  mmax_level="coref"  nptype="antecedent"  mention="np" />
<markable id="markable_20" span="word_211" type_of_pronoun="possessive"  agreement="they (sg.)"  split="simple antecedent"  coref_class="set_12"  mmax_level="coref"  position="it (non-subject)"  type="anaphoric"  antetype="entity"  mention="pronoun" />
<markable id="markable_25" span="word_263..word_267" coref_class="set_15"  mmax_level="coref"  nptype="antecedent"  mention="np" />
<markable id="markable_24" span="word_254" type_of_pronoun="personal"  agreement="they (sg.)"  split="simple antecedent"  coref_class="set_14"  mmax_level="coref"  position="it (subject)"  type="anaphoric"  antetype="entity"  mention="pronoun" />
<markable id="markable_23" span="word_228..word_229" coref_class="set_14"  mmax_level="coref"  nptype="antecedent"  mention="np" />
<markable id="markable_22" span="word_242" type_of_pronoun="personal"  agreement="they (sg.)"  split="simple antecedent"  coref_class="set_13"  mmax_level="coref"  position="it (subject)"  type="anaphoric"  antetype="entity"  mention="pronoun" />
<markable id="markable_29" span="word_276..word_277" coref_class="set_16"  mmax_level="coref"  nptype="not sure. help!"  mention="np" />
<markable id="markable_27" span="word_228..word_229,word_237..word_238" coref_class="set_16"  mmax_level="coref"  nptype="antecedent"  mention="np" />
<markable id="markable_26" span="word_269" type_of_pronoun="relative"  agreement="they (sg.)"  split="simple antecedent"  coref_class="set_15"  mmax_level="coref"  position="it (subject)"  type="anaphoric"  antetype="entity"  mention="pronoun" />
<markable id="markable_1" span="word_7..word_11" coref_class="set_0"  mmax_level="coref"  nptype="antecedent"  mention="np" />
<markable id="markable_3" span="word_59" coref_class="set_1"  mmax_level="coref"  nptype="antecedent"  mention="np" />
<markable id="markable_2" span="word_14" type_of_pronoun="possessive"  agreement="they (sg.)"  split="simple antecedent"  coref_class="set_0"  mmax_level="coref"  position="it (non-subject)"  type="anaphoric"  antetype="entity"  mention="pronoun" />
<markable id="markable_5" span="word_72..word_73" coref_class="set_2"  mmax_level="coref"  nptype="antecedent"  mention="np" />
<markable id="markable_4" span="word_61" type_of_pronoun="possessive"  agreement="they (sg.)"  split="simple antecedent"  coref_class="set_1"  mmax_level="coref"  position="it (non-subject)"  type="anaphoric"  antetype="entity"  mention="pronoun" />
<markable id="markable_7" span="word_78" coref_class="set_3"  mmax_level="coref"  nptype="antecedent"  mention="np" />
<markable id="markable_6" span="word_75" type_of_pronoun="relative"  agreement="they (sg.)"  split="simple antecedent"  coref_class="set_2"  mmax_level="coref"  position="it (subject)"  type="anaphoric"  antetype="entity"  mention="pronoun" />
<markable id="markable_50" span="word_549" coref_class="set_28"  mmax_level="coref"  nptype="antecedent"  mention="np" />
<markable id="markable_10" span="word_105" type_of_pronoun="personal"  agreement="they (sg.)"  split="simple antecedent"  coref_class="set_8"  mmax_level="coref"  position="it (subject)"  type="anaphoric"  antetype="entity"  mention="pronoun" />
<markable id="markable_51" span="word_554" type_of_pronoun="personal"  agreement="they (sg.)"  split="simple antecedent"  coref_class="set_28"  mmax_level="coref"  position="it (subject)"  type="anaphoric"  antetype="entity"  mention="pronoun" />
<markable id="markable_14" span="word_153" type_of_pronoun="personal"  agreement="they (sg.)"  split="simple antecedent"  coref_class="set_8"  mmax_level="coref"  position="it (subject)"  type="anaphoric"  antetype="entity"  mention="pronoun" />
<markable id="markable_13" span="word_150" type_of_pronoun="possessive"  agreement="they (sg.)"  split="simple antecedent"  coref_class="set_8"  mmax_level="coref"  position="it (non-subject)"  type="anaphoric"  antetype="entity"  mention="pronoun" />
<markable id="markable_12" span="word_140" type_of_pronoun="personal"  agreement="they (sg.)"  split="simple antecedent"  coref_class="set_8"  mmax_level="coref"  position="it (subject)"  type="anaphoric"  antetype="entity"  mention="pronoun" />
<markable id="markable_11" span="word_106" type_of_pronoun="possessive"  agreement="they (sg.)"  split="simple antecedent"  coref_class="set_8"  mmax_level="coref"  position="it (non-subject)"  type="anaphoric"  antetype="entity"  mention="pronoun" />
<markable id="markable_18" span="word_199" coref_class="set_12"  mmax_level="coref"  nptype="antecedent"  mention="np" />
<markable id="markable_17" span="word_183" type_of_pronoun="possessive"  split="simple antecedent"  agreement="they (sg.)"  coref_class="set_10"  mmax_level="coref"  position="it (subject)"  type="anaphoric"  mention="pronoun"  antetype="entity" />
<markable id="markable_16" span="word_173" type_of_pronoun="possessive"  split="simple antecedent"  agreement="they (sg.)"  coref_class="set_10"  mmax_level="coref"  position="it (non-subject)"  type="anaphoric"  mention="pronoun"  antetype="entity" />
<markable id="markable_15" span="word_169..word_170" coref_class="set_10"  mmax_level="coref"  nptype="antecedent"  mention="np" />
<markable id="markable_9" span="word_88" coref_class="set_8"  mmax_level="coref"  nptype="antecedent"  mention="np" />
<markable id="markable_8" span="word_84" type_of_pronoun="possessive"  agreement="they (sg.)"  split="simple antecedent"  coref_class="set_3"  mmax_level="coref"  position="it (non-subject)"  type="anaphoric"  antetype="entity"  mention="pronoun" />
<markable id="markable_43" span="word_481" type_of_pronoun="possessive"  agreement="they (sg.)"  split="simple antecedent"  coref_class="set_24"  mmax_level="coref"  position="it (non-subject)"  type="anaphoric"  antetype="entity"  mention="pronoun" />
<markable id="markable_42" span="word_473" type_of_pronoun="relative"  agreement="they (sg.)"  split="simple antecedent"  coref_class="set_23"  mmax_level="coref"  position="it (subject)"  type="anaphoric"  antetype="entity"  mention="pronoun" />
<markable id="markable_41" span="word_466..word_470" coref_class="set_23"  mmax_level="coref"  nptype="antecedent"  mention="np" />
<markable id="markable_40" span="word_442" type_of_pronoun="personal"  agreement="they (sg.)"  split="simple antecedent"  coref_class="set_22"  mmax_level="coref"  position="it (subject)"  type="anaphoric"  antetype="entity"  mention="pronoun" />
<markable id="markable_47" span="word_497..word_498" coref_class="set_26"  mmax_level="coref"  nptype="antecedent"  mention="np" />
<markable id="markable_46" span="word_492" type_of_pronoun="personal"  agreement="they (sg.)"  split="simple antecedent"  coref_class="set_27"  mmax_level="coref"  position="it (subject)"  type="anaphoric"  antetype="entity"  mention="pronoun" />
<markable id="markable_45" span="word_486" coref_class="set_27"  mmax_level="coref"  nptype="antecedent"  mention="np" />
<markable id="markable_44" span="word_464" coref_class="set_24"  mmax_level="coref"  nptype="antecedent"  mention="np" />
<markable id="markable_49" span="word_501" type_of_pronoun="personal"  agreement="they (sg.)"  split="simple antecedent"  coref_class="set_27"  mmax_level="coref"  position="it (subject)"  type="anaphoric"  antetype="entity"  mention="pronoun" />
<markable id="markable_48" span="word_500" type_of_pronoun="relative"  agreement="they (pl.)"  split="simple antecedent"  coref_class="set_26"  mmax_level="coref"  position="it (non-subject)"  type="anaphoric"  antetype="entity"  mention="pronoun" />
</markables>