<?xml version="1.0" encoding="UTF-8"?>
<!DOCTYPE markables SYSTEM "markables.dtd">
<markables xmlns="www.eml.org/NameSpaces/coref">
<markable id="markable_1" span="word_22..word_32" coref_class="set_0"  mmax_level="coref"  clausetype="antecedent"  mention="clause" />
<markable id="markable_3" span="word_58" type_of_pronoun="relative"  split="simple antecedent"  agreement="they (pl.)"  coref_class="set_1"  mmax_level="coref"  position="it (subject)"  type="anaphoric"  mention="pronoun"  antetype="entity" />
<markable id="markable_2" span="word_34" type_of_pronoun="relative"  split="simple antecedent"  agreement="none"  coref_class="set_0"  mmax_level="coref"  position="it (subject)"  type="anaphoric"  mention="pronoun"  antetype="event" />
<markable id="markable_5" span="word_85" type_of_pronoun="personal"  split="simple antecedent"  agreement="they (sg.)"  coref_class="set_2"  mmax_level="coref"  position="it (subject)"  type="anaphoric"  mention="pronoun"  antetype="entity" />
<markable id="markable_4" span="word_51..word_56" coref_class="set_1"  mmax_level="coref"  nptype="antecedent"  mention="np" />
<markable id="markable_7" span="word_137" type_of_pronoun="personal"  split="simple antecedent"  agreement="they (sg.)"  coref_class="set_3"  mmax_level="coref"  position="it (subject)"  type="anaphoric"  mention="pronoun"  antetype="entity" />
<markable id="markable_6" span="word_71..word_74" coref_class="set_2"  mmax_level="coref"  nptype="antecedent"  mention="np" />
<markable id="markable_10" span="word_176" type_of_pronoun="relative"  split="simple antecedent"  agreement="they (pl.)"  coref_class="set_4"  mmax_level="coref"  position="it (subject)"  type="anaphoric"  mention="pronoun"  antetype="entity" />
<markable id="markable_14" span="word_228" type_of_pronoun="possessive"  split="simple antecedent"  agreement="they (pl.)"  coref_class="set_6"  mmax_level="coref"  position="it (non-subject)"  type="anaphoric"  mention="pronoun"  antetype="entity" />
<markable id="markable_13" span="word_222..word_226" coref_class="set_6"  mmax_level="coref"  nptype="antecedent"  mention="np" />
<markable id="markable_12" span="word_210" type_of_pronoun="relative"  split="simple antecedent"  agreement="they (sg.)"  coref_class="set_5"  mmax_level="coref"  position="it (subject)"  type="anaphoric"  mention="pronoun"  antetype="entity" />
<markable id="markable_11" span="word_206..word_208" coref_class="set_5"  mmax_level="coref"  nptype="antecedent"  mention="np" />
<markable id="markable_18" span="word_260" type_of_pronoun="possessive"  split="simple antecedent"  agreement="they (sg.)"  coref_class="set_8"  mmax_level="coref"  position="it (non-subject)"  type="anaphoric"  mention="pronoun"  antetype="entity" />
<markable id="markable_17" span="word_250..word_252" coref_class="set_8"  mmax_level="coref"  nptype="antecedent"  mention="np" />
<markable id="markable_16" span="word_246" type_of_pronoun="relative"  split="simple antecedent"  agreement="none"  coref_class="set_7"  mmax_level="coref"  position="it (subject)"  type="anaphoric"  mention="pronoun"  antetype="event" />
<markable id="markable_15" span="word_231..word_244" coref_class="set_7"  mmax_level="coref"  clausetype="antecedent"  mention="clause" />
<markable id="markable_19" span="word_310" type_of_pronoun="personal"  split="simple antecedent"  agreement="they (sg.)"  coref_class="set_9"  mmax_level="coref"  position="it (non-subject)"  type="anaphoric"  mention="pronoun"  antetype="entity" />
<markable id="markable_9" span="word_169..word_174" coref_class="set_4"  mmax_level="coref"  nptype="antecedent"  mention="np" />
<markable id="markable_8" span="word_113..word_115" coref_class="set_3"  mmax_level="coref"  nptype="antecedent"  mention="np" />
<markable id="markable_21" span="word_322..word_331" coref_class="set_10"  vptype="antecedent"  mmax_level="coref"  mention="vp" />
<markable id="markable_20" span="word_306..word_308" coref_class="set_9"  mmax_level="coref"  nptype="antecedent"  mention="np" />
<markable id="markable_25" span="word_388..word_389" coref_class="set_12"  mmax_level="coref"  nptype="antecedent"  mention="np" />
<markable id="markable_24" span="word_336..word_342" coref_class="set_11"  vptype="antecedent"  mmax_level="coref"  mention="vp" />
<markable id="markable_23" span="word_345" type_of_pronoun="demonstrative"  split="simple antecedent"  agreement="none"  coref_class="set_11"  mmax_level="coref"  position="it (subject)"  type="anaphoric"  mention="pronoun"  antetype="event" />
<markable id="markable_22" span="word_333" type_of_pronoun="demonstrative"  split="simple antecedent"  agreement="none"  coref_class="set_10"  mmax_level="coref"  position="it (subject)"  type="anaphoric"  mention="pronoun"  antetype="event" />
<markable id="markable_27" span="word_404" type_of_pronoun="personal"  split="simple antecedent"  agreement="they (pl.)"  coref_class="set_12"  mmax_level="coref"  position="it (subject)"  type="anaphoric"  mention="pronoun"  antetype="entity" />
<markable id="markable_26" span="word_392" type_of_pronoun="relative"  split="simple antecedent"  agreement="they (pl.)"  coref_class="set_12"  mmax_level="coref"  position="it (non-subject)"  type="anaphoric"  mention="pronoun"  antetype="entity" />
</markables>