<?xml version="1.0" encoding="UTF-8"?>
<!DOCTYPE markables SYSTEM "markables.dtd">
<markables xmlns="www.eml.org/NameSpaces/coref">
<markable id="markable_19" span="word_344" type_of_pronoun="personal"  agreement="they (pl.)"  split="split reference"  coref_class="set_8"  mmax_level="coref"  position="it (non-subject)"  type="anaphoric"  mention="pronoun" />
<markable id="markable_1" span="word_13" coref_class="set_0"  mmax_level="coref"  nptype="antecedent"  mention="np" />
<markable id="markable_3" span="word_22..word_28" coref_class="set_1"  mmax_level="coref"  nptype="antecedent"  mention="np" />
<markable id="markable_2" span="word_15" type_of_pronoun="relative"  agreement="they (pl.)"  split="simple antecedent"  coref_class="set_0"  mmax_level="coref"  position="it (subject)"  type="anaphoric"  antetype="entity"  mention="pronoun" />
<markable id="markable_5" span="word_49" type_of_pronoun="personal"  agreement="they (pl.)"  split="simple antecedent"  coref_class="set_1"  mmax_level="coref"  position="it (subject)"  type="anaphoric"  antetype="entity"  mention="pronoun" />
<markable id="markable_4" span="word_31" type_of_pronoun="relative"  agreement="they (pl.)"  split="simple antecedent"  coref_class="set_1"  mmax_level="coref"  position="it (subject)"  type="anaphoric"  antetype="entity"  mention="pronoun" />
<markable id="markable_7" span="word_100" type_of_pronoun="personal"  agreement="they (sg.)"  split="simple antecedent"  coref_class="set_2"  mmax_level="coref"  position="it (subject)"  type="anaphoric"  antetype="entity"  mention="pronoun" />
<markable id="markable_6" span="word_90..word_91" coref_class="set_2"  mmax_level="coref"  nptype="antecedent"  mention="np" />
<markable id="markable_9" span="word_152" type_of_pronoun="relative"  agreement="they (pl.)"  split="split reference"  coref_class="set_3"  mmax_level="coref"  position="it (subject)"  type="anaphoric"  mention="pronoun" />
<markable id="markable_8" span="word_144..word_149" coref_class="set_3"  mmax_level="coref"  nptype="antecedent"  mention="np" />
<markable id="markable_10" span="word_173..word_174" coref_class="set_4"  mmax_level="coref"  nptype="antecedent"  mention="np" />
<markable id="markable_21" span="word_370" type_of_pronoun="relative"  agreement="they (sg.)"  split="simple antecedent"  coref_class="set_9"  mmax_level="coref"  position="it (subject)"  type="anaphoric"  antetype="entity"  mention="pronoun" />
<markable id="markable_20" span="word_367..word_368" coref_class="set_9"  mmax_level="coref"  nptype="antecedent"  mention="np" />
<markable id="markable_14" span="word_278..word_279" coref_class="set_5"  mmax_level="coref"  nptype="antecedent"  mention="np" />
<markable id="markable_13" span="word_288" type_of_pronoun="personal"  agreement="they (pl.)"  split="simple antecedent"  coref_class="set_5"  mmax_level="coref"  position="it (subject)"  type="anaphoric"  antetype="entity"  mention="pronoun" />
<markable id="markable_24" span="word_364..word_365" coref_class="set_10"  mmax_level="coref"  nptype="antecedent"  mention="np" />
<markable id="markable_12" span="word_287" type_of_pronoun="relative"  agreement="they (pl.)"  split="simple antecedent"  coref_class="set_6"  mmax_level="coref"  position="it (non-subject)"  type="anaphoric"  antetype="entity"  mention="pronoun" />
<markable id="markable_11" span="word_188" type_of_pronoun="personal"  agreement="they (sg.)"  split="simple antecedent"  coref_class="set_4"  mmax_level="coref"  position="it (subject)"  type="anaphoric"  antetype="entity"  mention="pronoun" />
<markable id="markable_22" span="word_385" type_of_pronoun="relative"  split="simple antecedent"  agreement="they (sg.)"  coref_class="set_10"  mmax_level="coref"  position="it (non-subject)"  type="anaphoric"  mention="pronoun"  antetype="entity" />
<markable id="markable_18" span="word_308,word_321..word_328" coref_class="set_8"  mmax_level="coref"  nptype="antecedent"  mention="np" />
<markable id="markable_17" span="word_314" type_of_pronoun="possessive"  agreement="they (sg.)"  split="simple antecedent"  coref_class="set_7"  mmax_level="coref"  position="it (non-subject)"  type="anaphoric"  antetype="entity"  mention="pronoun" />
<markable id="markable_16" span="word_308" coref_class="set_7"  mmax_level="coref"  nptype="antecedent"  mention="np" />
<markable id="markable_15" span="word_283..word_284" coref_class="set_6"  mmax_level="coref"  nptype="antecedent"  mention="np" />
</markables>