<?xml version="1.0" encoding="UTF-8"?>
<!DOCTYPE markables SYSTEM "markables.dtd">
<markables xmlns="www.eml.org/NameSpaces/coref">
<markable id="markable_1" span="word_9..word_11" coref_class="set_3"  mmax_level="coref"  nptype="antecedent"  mention="np" />
<markable id="markable_3" span="word_31..word_34" coref_class="set_1"  mmax_level="coref"  nptype="antecedent"  mention="np" />
<markable id="markable_2" span="word_13" type_of_pronoun="relative"  agreement="they (sg.)"  split="simple antecedent"  coref_class="set_3"  mmax_level="coref"  position="it (subject)"  type="anaphoric"  antetype="entity"  mention="pronoun" />
<markable id="markable_5" span="word_46" type_of_pronoun="personal"  agreement="they (sg.)"  split="simple antecedent"  coref_class="set_3"  mmax_level="coref"  position="it (non-subject)"  type="anaphoric"  antetype="entity"  mention="pronoun" />
<markable id="markable_4" span="word_39" type_of_pronoun="relative"  agreement="they (sg.)"  split="simple antecedent"  coref_class="set_1"  mmax_level="coref"  position="it (subject)"  type="anaphoric"  antetype="entity"  mention="pronoun" />
<markable id="markable_7" span="word_114..word_117" npmod="def-article"  split="simple antecedent"  coref_class="set_1"  mmax_level="coref"  anacata="anaphoric"  nptype="np"  antetype="entity"  mention="np" />
<markable id="markable_6" span="word_56" type_of_pronoun="personal"  agreement="they (sg.)"  split="simple antecedent"  coref_class="set_3"  mmax_level="coref"  position="it (non-subject)"  type="anaphoric"  antetype="entity"  mention="pronoun" />
<markable id="markable_10" span="word_147" type_of_pronoun="possessive"  agreement="they (sg.)"  split="simple antecedent"  coref_class="set_9"  mmax_level="coref"  position="it (non-subject)"  type="anaphoric"  antetype="entity"  mention="pronoun" />
<markable id="markable_32" span="word_336..word_337" coref_class="set_20"  mmax_level="coref"  nptype="antecedent"  mention="np" />
<markable id="markable_31" span="word_334" type_of_pronoun="personal"  agreement="they (sg.)"  split="simple antecedent"  coref_class="set_18"  mmax_level="coref"  position="it (subject)"  type="anaphoric"  antetype="entity"  mention="pronoun" />
<markable id="markable_30" span="word_324" type_of_pronoun="personal"  agreement="they (sg.)"  split="simple antecedent"  coref_class="set_18"  mmax_level="coref"  position="it (subject)"  type="anaphoric"  antetype="entity"  mention="pronoun" />
<markable id="markable_14" span="word_152..word_155" coref_class="set_6"  mmax_level="coref"  nptype="antecedent"  mention="np" />
<markable id="markable_36" span="word_362" type_of_pronoun="relative"  agreement="they (sg.)"  split="simple antecedent"  coref_class="set_21"  mmax_level="coref"  position="it (subject)"  type="anaphoric"  antetype="entity"  mention="pronoun" />
<markable id="markable_13" span="word_173" type_of_pronoun="possessive"  agreement="they (sg.)"  split="simple antecedent"  coref_class="set_9"  mmax_level="coref"  position="it (non-subject)"  type="anaphoric"  antetype="entity"  mention="pronoun" />
<markable id="markable_35" span="word_358..word_360" coref_class="set_21"  mmax_level="coref"  nptype="antecedent"  mention="np" />
<markable id="markable_12" span="word_171" type_of_pronoun="personal"  agreement="none"  split="simple antecedent"  coref_class="set_6"  mmax_level="coref"  position="it (subject)"  type="anaphoric"  antetype="entity"  mention="pronoun" />
<markable id="markable_34" span="word_357" type_of_pronoun="personal"  agreement="they (sg.)"  split="simple antecedent"  coref_class="set_20"  mmax_level="coref"  position="it (subject)"  type="anaphoric"  antetype="entity"  mention="pronoun" />
<markable id="markable_11" span="word_164..word_167" npmod="def-article"  split="simple antecedent"  coref_class="set_6"  mmax_level="coref"  anacata="anaphoric"  nptype="np"  antetype="entity"  mention="np" />
<markable id="markable_33" span="word_339" type_of_pronoun="relative"  agreement="they (sg.)"  split="simple antecedent"  coref_class="set_20"  mmax_level="coref"  position="it (subject)"  type="anaphoric"  antetype="entity"  mention="pronoun" />
<markable id="markable_18" span="word_162..word_167" coref_class="set_10"  mmax_level="coref"  nptype="antecedent"  mention="np" />
<markable id="markable_17" span="word_200" type_of_pronoun="personal"  agreement="they (sg.)"  split="simple antecedent"  coref_class="set_9"  mmax_level="coref"  position="it (non-subject)"  type="anaphoric"  antetype="entity"  mention="pronoun" />
<markable id="markable_16" span="word_191" type_of_pronoun="relative"  agreement="they (sg.)"  split="simple antecedent"  coref_class="set_8"  mmax_level="coref"  position="it (subject)"  type="anaphoric"  antetype="entity"  mention="pronoun" />
<markable id="markable_38" span="word_321..word_322" coref_class="set_22"  mmax_level="coref"  nptype="antecedent"  mention="np" />
<markable id="markable_15" span="word_187..word_189" coref_class="set_8"  mmax_level="coref"  nptype="antecedent"  mention="np" />
<markable id="markable_37" span="word_370" type_of_pronoun="personal"  agreement="they (sg.)"  split="simple antecedent"  coref_class="set_22"  mmax_level="coref"  position="it (subject)"  type="anaphoric"  antetype="entity"  mention="pronoun" />
<markable id="markable_19" span="word_206..word_207" npmod="def-article"  split="simple antecedent"  coref_class="set_10"  mmax_level="coref"  anacata="anaphoric"  nptype="np"  antetype="entity"  mention="np" />
<markable id="markable_9" span="word_135" type_of_pronoun="relative"  agreement="they (sg.)"  split="simple antecedent"  coref_class="set_9"  mmax_level="coref"  position="it (subject)"  type="anaphoric"  antetype="entity"  mention="pronoun" />
<markable id="markable_8" span="word_133" coref_class="set_9"  mmax_level="coref"  nptype="antecedent"  mention="np" />
<markable id="markable_21" span="word_245" type_of_pronoun="personal"  agreement="they (sg.)"  split="simple antecedent"  coref_class="set_18"  mmax_level="coref"  position="it (non-subject)"  type="anaphoric"  antetype="entity"  mention="pronoun" />
<markable id="markable_20" span="word_232" coref_class="set_18"  mmax_level="coref"  nptype="antecedent"  mention="np" />
<markable id="markable_25" span="word_274" type_of_pronoun="personal"  agreement="they (sg.)"  split="simple antecedent"  coref_class="set_14"  mmax_level="coref"  position="it (subject)"  type="anaphoric"  antetype="entity"  mention="pronoun" />
<markable id="markable_24" span="word_269..word_270" coref_class="set_14"  mmax_level="coref"  nptype="antecedent"  mention="np" />
<markable id="markable_23" span="word_257" type_of_pronoun="personal"  agreement="they (sg.)"  split="simple antecedent"  coref_class="set_18"  mmax_level="coref"  position="it (subject)"  type="anaphoric"  antetype="entity"  mention="pronoun" />
<markable id="markable_22" span="word_252" type_of_pronoun="personal"  agreement="they (sg.)"  split="simple antecedent"  coref_class="set_18"  mmax_level="coref"  position="it (subject)"  type="anaphoric"  antetype="entity"  mention="pronoun" />
<markable id="markable_29" span="word_301" type_of_pronoun="possessive"  agreement="they (sg.)"  split="simple antecedent"  coref_class="set_18"  mmax_level="coref"  position="it (non-subject)"  type="anaphoric"  antetype="entity"  mention="pronoun" />
<markable id="markable_28" span="word_298" type_of_pronoun="possessive"  agreement="they (sg.)"  split="simple antecedent"  coref_class="set_18"  mmax_level="coref"  position="it (subject)"  type="anaphoric"  antetype="entity"  mention="pronoun" />
<markable id="markable_27" span="word_288" type_of_pronoun="personal"  agreement="they (sg.)"  split="simple antecedent"  coref_class="set_18"  mmax_level="coref"  position="it (subject)"  type="anaphoric"  antetype="entity"  mention="pronoun" />
<markable id="markable_26" span="word_281" type_of_pronoun="possessive"  agreement="they (sg.)"  split="simple antecedent"  coref_class="set_14"  mmax_level="coref"  position="it (non-subject)"  type="anaphoric"  antetype="entity"  mention="pronoun" />
</markables>