<?xml version="1.0" encoding="UTF-8"?>
<!DOCTYPE markables SYSTEM "markables.dtd">
<markables xmlns="www.eml.org/NameSpaces/coref">
<markable id="markable_1" span="word_17..word_18" coref_class="set_0"  mmax_level="coref"  nptype="antecedent"  mention="np" />
<markable id="markable_3" span="word_32" split="simple antecedent"  agreement="they (sg.)"  coref_class="set_5"  mmax_level="coref"  position="it (non-subject)"  type="cataphoric"  mention="pronoun"  antetype="entity" />
<markable id="markable_2" span="word_25" type_of_pronoun="possessive"  split="simple antecedent"  agreement="they (sg.)"  coref_class="set_0"  mmax_level="coref"  position="it (non-subject)"  type="anaphoric"  mention="pronoun"  antetype="entity" />
<markable id="markable_5" span="word_45" type_of_pronoun="relative"  split="simple antecedent"  agreement="they (sg.)"  coref_class="set_2"  mmax_level="coref"  position="it (non-subject)"  type="anaphoric"  mention="pronoun"  antetype="entity" />
<markable id="markable_4" span="word_35" coref_class="set_5"  mmax_level="coref"  nptype="antecedent"  mention="np" />
<markable id="markable_7" span="word_51" type_of_pronoun="possessive"  split="simple antecedent"  agreement="they (sg.)"  coref_class="set_6"  mmax_level="coref"  position="it (non-subject)"  type="anaphoric"  mention="pronoun"  antetype="entity" />
<markable id="markable_6" span="word_40..word_42" coref_class="set_2"  mmax_level="coref"  nptype="antecedent"  mention="np" />
<markable id="markable_10" span="word_57" type_of_pronoun="personal"  split="simple antecedent"  agreement="they (sg.)"  coref_class="set_5"  mmax_level="coref"  position="it (subject)"  type="anaphoric"  mention="pronoun"  antetype="entity" />
<markable id="markable_32" span="word_262" type_of_pronoun="personal"  split="simple antecedent"  agreement="they (sg.)"  coref_class="set_16"  mmax_level="coref"  position="it (subject)"  type="anaphoric"  mention="pronoun"  antetype="entity" />
<markable id="markable_31" span="word_250" coref_class="set_16"  mmax_level="coref"  nptype="antecedent"  mention="np" />
<markable id="markable_30" span="word_228" npmod="possessive"  split="simple antecedent"  coref_class="set_15"  mmax_level="coref"  nptype="np"  anacata="anaphoric"  mention="np"  antetype="entity" />
<markable id="markable_14" span="word_103..word_107" coref_class="set_7"  mmax_level="coref"  nptype="antecedent"  mention="np" />
<markable id="markable_36" span="word_349" type_of_pronoun="personal"  split="simple antecedent"  agreement="they (sg.)"  coref_class="set_19"  mmax_level="coref"  position="it (non-subject)"  type="anaphoric"  mention="pronoun"  antetype="entity" />
<markable id="markable_13" span="word_107" type_of_pronoun="personal"  split="simple antecedent"  agreement="they (sg.)"  coref_class="set_6"  mmax_level="coref"  position="it (non-subject)"  type="anaphoric"  mention="pronoun"  antetype="entity" />
<markable id="markable_35" span="word_338..word_340" coref_class="set_19"  mmax_level="coref"  clausetype="antecedent"  mention="clause" />
<markable id="markable_12" span="word_103" type_of_pronoun="possessive"  split="simple antecedent"  agreement="they (sg.)"  coref_class="set_6"  mmax_level="coref"  position="it (non-subject)"  type="anaphoric"  mention="pronoun"  antetype="entity" />
<markable id="markable_34" span="word_278" split="simple antecedent"  coref_class="set_17"  mmax_level="coref"  nptype="nom-ellipsis"  mention="np"  antetype="entity" />
<markable id="markable_11" span="word_101" type_of_pronoun="personal"  split="simple antecedent"  agreement="they (sg.)"  coref_class="set_6"  mmax_level="coref"  position="it (subject)"  type="anaphoric"  mention="pronoun"  antetype="entity" />
<markable id="markable_33" span="word_276" coref_class="set_17"  mmax_level="coref"  nptype="antecedent"  mention="np" />
<markable id="markable_18" span="word_130..word_131" coref_class="set_9"  mmax_level="coref"  nptype="antecedent"  mention="np" />
<markable id="markable_17" span="word_123" type_of_pronoun="personal"  split="simple antecedent"  agreement="they (sg.)"  coref_class="set_8"  mmax_level="coref"  position="it (subject)"  type="anaphoric"  mention="pronoun"  antetype="entity" />
<markable id="markable_39" span="word_364..word_365" coref_class="set_20"  mmax_level="coref"  nptype="antecedent"  mention="np" />
<markable id="markable_16" span="word_112" coref_class="set_8"  mmax_level="coref"  nptype="antecedent"  mention="np" />
<markable id="markable_38" span="word_347" type_of_pronoun="personal"  split="simple antecedent"  agreement="they (sg.)"  coref_class="set_18"  mmax_level="coref"  position="it (subject)"  type="anaphoric"  mention="pronoun"  antetype="entity" />
<markable id="markable_15" span="word_113" type_of_pronoun="personal"  split="simple antecedent"  agreement="they (pl.)"  coref_class="set_7"  mmax_level="coref"  position="it (non-subject)"  type="anaphoric"  mention="pronoun"  antetype="entity" />
<markable id="markable_37" span="word_323" coref_class="set_18"  mmax_level="coref"  nptype="antecedent"  mention="np" />
<markable id="markable_19" span="word_141" type_of_pronoun="personal"  split="simple antecedent"  agreement="they (sg.)"  coref_class="set_9"  mmax_level="coref"  position="it (non-subject)"  type="anaphoric"  mention="pronoun"  antetype="entity" />
<markable id="markable_9" span="word_46" type_of_pronoun="possessive"  split="simple antecedent"  agreement="they (sg.)"  coref_class="set_5"  mmax_level="coref"  position="it (subject)"  type="anaphoric"  mention="pronoun"  antetype="entity" />
<markable id="markable_8" span="word_46..word_49" coref_class="set_6"  mmax_level="coref"  nptype="antecedent"  mention="np" />
<markable id="markable_21" span="word_177" type_of_pronoun="possessive"  split="simple antecedent"  agreement="they (sg.)"  coref_class="set_13"  mmax_level="coref"  position="it (non-subject)"  type="anaphoric"  mention="pronoun"  antetype="entity" />
<markable id="markable_20" span="word_173" coref_class="set_13"  mmax_level="coref"  nptype="antecedent"  mention="np" />
<markable id="markable_42" span="word_394" type_of_pronoun="relative"  split="simple antecedent"  agreement="they (pl.)"  coref_class="set_21"  mmax_level="coref"  position="it (subject)"  type="anaphoric"  mention="pronoun"  antetype="entity" />
<markable id="markable_41" span="word_392" coref_class="set_21"  mmax_level="coref"  nptype="antecedent"  mention="np" />
<markable id="markable_40" span="word_374" type_of_pronoun="personal"  split="simple antecedent"  agreement="they (sg.)"  coref_class="set_20"  mmax_level="coref"  position="it (non-subject)"  type="anaphoric"  mention="pronoun"  antetype="entity" />
<markable id="markable_25" span="word_206" type_of_pronoun="personal"  split="simple antecedent"  agreement="they (sg.)"  coref_class="set_13"  mmax_level="coref"  position="it (subject)"  type="anaphoric"  mention="pronoun"  antetype="entity" />
<markable id="markable_24" span="word_198" type_of_pronoun="personal"  split="simple antecedent"  agreement="they (sg.)"  coref_class="set_13"  mmax_level="coref"  position="it (subject)"  type="anaphoric"  mention="pronoun"  antetype="entity" />
<markable id="markable_23" span="word_193" type_of_pronoun="personal"  split="simple antecedent"  agreement="they (sg.)"  coref_class="set_13"  mmax_level="coref"  position="it (subject)"  type="anaphoric"  mention="pronoun"  antetype="entity" />
<markable id="markable_22" span="word_185" type_of_pronoun="personal"  split="simple antecedent"  agreement="they (sg.)"  coref_class="set_13"  mmax_level="coref"  position="it (subject)"  type="anaphoric"  mention="pronoun"  antetype="entity" />
<markable id="markable_29" span="word_244" type_of_pronoun="personal"  split="simple antecedent"  agreement="they (sg.)"  coref_class="set_15"  mmax_level="coref"  position="it (non-subject)"  type="anaphoric"  mention="pronoun"  antetype="entity" />
<markable id="markable_28" span="word_226" type_of_pronoun="relative"  split="simple antecedent"  agreement="they (sg.)"  coref_class="set_14"  mmax_level="coref"  position="it (subject)"  type="anaphoric"  mention="pronoun"  antetype="entity" />
<markable id="markable_27" span="word_223..word_224" coref_class="set_14"  mmax_level="coref"  nptype="antecedent"  mention="np" />
<markable id="markable_26" span="word_212" type_of_pronoun="possessive"  split="simple antecedent"  agreement="they (sg.)"  coref_class="set_13"  mmax_level="coref"  position="it (non-subject)"  type="anaphoric"  mention="pronoun"  antetype="entity" />
</markables>