<?xml version="1.0" encoding="UTF-8"?>
<!DOCTYPE markables SYSTEM "markables.dtd">
<markables xmlns="www.eml.org/NameSpaces/coref">
<markable id="markable_1" span="word_46..word_47" coref_class="set_0"  mmax_level="coref"  nptype="antecedent"  mention="np" />
<markable id="markable_3" span="word_81" type_of_pronoun="personal"  agreement="they (sg.)"  split="simple antecedent"  coref_class="set_7"  mmax_level="coref"  position="it (subject)"  type="anaphoric"  antetype="entity"  mention="pronoun" />
<markable id="markable_2" span="word_49" type_of_pronoun="personal"  agreement="they (sg.)"  split="simple antecedent"  coref_class="set_0"  mmax_level="coref"  position="it (non-subject)"  type="anaphoric"  antetype="entity"  mention="pronoun" />
<markable id="markable_5" span="word_63" coref_class="set_7"  mmax_level="coref"  nptype="antecedent"  mention="np" />
<markable id="markable_4" span="word_83" type_of_pronoun="possessive"  agreement="they (sg.)"  split="simple antecedent"  coref_class="set_7"  mmax_level="coref"  position="it (non-subject)"  type="anaphoric"  antetype="entity"  mention="pronoun" />
<markable id="markable_7" span="word_97" type_of_pronoun="possessive"  agreement="they (sg.)"  split="simple antecedent"  coref_class="set_7"  mmax_level="coref"  position="it (subject)"  type="anaphoric"  antetype="entity"  mention="pronoun" />
<markable id="markable_6" span="word_92" type_of_pronoun="personal"  agreement="they (sg.)"  split="simple antecedent"  coref_class="set_7"  mmax_level="coref"  position="it (subject)"  type="anaphoric"  antetype="entity"  mention="pronoun" />
<markable id="markable_10" span="word_143..word_144" npmod="def-article"  split="simple antecedent"  coref_class="set_7"  mmax_level="coref"  anacata="anaphoric"  nptype="np"  antetype="entity"  mention="np" />
<markable id="markable_31" span="word_420" type_of_pronoun="personal"  agreement="they (sg.)"  split="simple antecedent"  coref_class="set_15"  mmax_level="coref"  position="it (subject)"  type="anaphoric"  antetype="entity"  mention="pronoun" />
<markable id="markable_30" span="word_407" type_of_pronoun="personal"  agreement="they (sg.)"  split="simple antecedent"  coref_class="set_15"  mmax_level="coref"  position="it (subject)"  type="anaphoric"  antetype="entity"  mention="pronoun" />
<markable id="markable_14" span="word_173..word_174" coref_class="set_8"  mmax_level="coref"  nptype="antecedent"  mention="np" />
<markable id="markable_13" span="word_169" type_of_pronoun="personal"  agreement="none"  coref_class="empty"  mmax_level="coref"  position="none"  type="antecedent"  mention="pronoun" />
<markable id="markable_12" span="word_157" type_of_pronoun="personal"  agreement="they (sg.)"  split="simple antecedent"  coref_class="set_7"  mmax_level="coref"  position="it (subject)"  type="anaphoric"  antetype="entity"  mention="pronoun" />
<markable id="markable_11" span="word_151" type_of_pronoun="personal"  agreement="they (sg.)"  split="simple antecedent"  coref_class="set_7"  mmax_level="coref"  position="it (subject)"  type="anaphoric"  antetype="entity"  mention="pronoun" />
<markable id="markable_18" span="word_187..word_191" coref_class="set_21"  mmax_level="coref"  nptype="antecedent"  mention="np" />
<markable id="markable_39" span="word_197..word_200" coref_class="set_19"  mmax_level="coref"  nptype="antecedent"  mention="np" />
<markable id="markable_16" span="word_184..word_185" coref_class="set_22"  mmax_level="coref"  nptype="antecedent"  mention="np" />
<markable id="markable_38" span="word_206..word_209" split="simple antecedent"  coref_class="set_19"  comparative="gen"  mmax_level="coref"  nptype="comparative"  mention="np"  antetype="entity" />
<markable id="markable_15" span="word_175" type_of_pronoun="relative"  agreement="they (pl.)"  split="simple antecedent"  coref_class="set_8"  mmax_level="coref"  position="it (subject)"  type="anaphoric"  antetype="entity"  mention="pronoun" />
<markable id="markable_37" span="word_265..word_267" type_of_pronoun="personal"  agreement="none"  coref_class="set_22"  mmax_level="coref"  position="none"  type="antecedent"  mention="pronoun" />
<markable id="markable_9" span="word_134" type_of_pronoun="personal"  agreement="they (sg.)"  split="simple antecedent"  coref_class="set_7"  mmax_level="coref"  position="it (subject)"  type="anaphoric"  antetype="entity"  mention="pronoun" />
<markable id="markable_8" span="word_124..word_125" npmod="def-article"  split="simple antecedent"  coref_class="set_7"  mmax_level="coref"  anacata="anaphoric"  nptype="np"  antetype="entity"  mention="np" />
<markable id="markable_21" span="word_228..word_229" npmod="def-article"  split="simple antecedent"  coref_class="set_19"  mmax_level="coref"  nptype="np"  anacata="anaphoric"  mention="np"  antetype="entity" />
<markable id="markable_43" span="word_198..word_200" npmod="def-article"  split="simple antecedent"  coref_class="set_21"  mmax_level="coref"  nptype="np"  anacata="anaphoric"  mention="np"  antetype="entity" />
<markable id="markable_20" span="word_218..word_219" type_of_pronoun="personal"  agreement="none"  coref_class="empty"  mmax_level="coref"  position="none"  type="antecedent"  mention="pronoun" />
<markable id="markable_42" span="word_275..word_276" npmod="def-article"  split="simple antecedent"  coref_class="set_20"  mmax_level="coref"  anacata="anaphoric"  nptype="np"  antetype="entity"  mention="np" />
<markable id="markable_41" span="word_361..word_362" npmod="def-article"  split="simple antecedent"  coref_class="set_20"  mmax_level="coref"  anacata="anaphoric"  nptype="np"  antetype="entity"  mention="np" />
<markable id="markable_40" span="word_246..word_249" split="simple antecedent"  coref_class="set_19"  comparative="gen"  mmax_level="coref"  type="comparative"  mention="pronoun"  antetype="entity" />
<markable id="markable_25" span="word_291..word_293" coref_class="set_13"  mmax_level="coref"  nptype="antecedent"  mention="np" />
<markable id="markable_24" span="word_243..word_244" npmod="def-article"  split="simple antecedent"  coref_class="set_20"  mmax_level="coref"  anacata="anaphoric"  nptype="np"  antetype="entity"  mention="np" />
<markable id="markable_23" span="word_212..word_213" coref_class="set_20"  mmax_level="coref"  nptype="antecedent"  mention="np" />
<markable id="markable_22" span="word_231" type_of_pronoun="relative"  split="simple antecedent"  agreement="they (sg.)"  coref_class="set_19"  mmax_level="coref"  position="it (subject)"  type="anaphoric"  mention="pronoun"  antetype="entity" />
<markable id="markable_29" span="word_395..word_398" coref_class="set_15"  mmax_level="coref"  nptype="antecedent"  mention="np" />
<markable id="markable_28" span="word_346" type_of_pronoun="relative"  agreement="they (pl.)"  split="simple antecedent"  coref_class="set_14"  mmax_level="coref"  position="it (subject)"  type="anaphoric"  antetype="entity"  mention="pronoun" />
<markable id="markable_27" span="word_339..word_341" coref_class="set_14"  mmax_level="coref"  nptype="antecedent"  mention="np" />
<markable id="markable_26" span="word_295" type_of_pronoun="relative"  agreement="they (pl.)"  split="simple antecedent"  coref_class="set_13"  mmax_level="coref"  position="it (subject)"  type="anaphoric"  antetype="entity"  mention="pronoun" />
</markables>