<?xml version="1.0" encoding="UTF-8"?>
<!DOCTYPE markables SYSTEM "markables.dtd">
<markables xmlns="www.eml.org/NameSpaces/coref">
<markable id="markable_1" span="word_15..word_17" coref_class="set_0"  mmax_level="coref"  nptype="antecedent"  mention="np" />
<markable id="markable_3" span="word_37..word_40" coref_class="set_1"  mmax_level="coref"  nptype="antecedent"  mention="np" />
<markable id="markable_2" span="word_27" type_of_pronoun="demonstrative"  split="simple antecedent"  agreement="they (sg.)"  coref_class="set_0"  mmax_level="coref"  position="it (non-subject)"  type="anaphoric"  mention="pronoun"  antetype="entity" />
<markable id="markable_5" span="word_120..word_122" coref_class="set_2"  mmax_level="coref"  nptype="antecedent"  mention="np" />
<markable id="markable_4" span="word_52..word_53" npmod="def-article"  split="simple antecedent"  coref_class="set_1"  mmax_level="coref"  nptype="np"  anacata="anaphoric"  mention="np"  antetype="entity" />
<markable id="markable_7" span="word_145..word_147" coref_class="set_3"  mmax_level="coref"  nptype="antecedent"  mention="np" />
<markable id="markable_6" span="word_131" type_of_pronoun="demonstrative"  split="simple antecedent"  agreement="they (pl.)"  coref_class="set_2"  mmax_level="coref"  position="it (non-subject)"  type="anaphoric"  mention="pronoun"  antetype="entity" />
<markable id="markable_10" span="word_168" type_of_pronoun="relative"  split="simple antecedent"  agreement="they (sg.)"  coref_class="set_6"  mmax_level="coref"  position="it (subject)"  type="anaphoric"  mention="pronoun"  antetype="entity" />
<markable id="markable_32" span="word_434" coref_class="set_15"  mmax_level="coref"  nptype="antecedent"  mention="np" />
<markable id="markable_31" span="word_399" type_of_pronoun="relative"  split="simple antecedent"  agreement="they (pl.)"  coref_class="set_14"  mmax_level="coref"  position="it (subject)"  type="anaphoric"  mention="pronoun"  antetype="entity" />
<markable id="markable_30" span="word_395" coref_class="set_14"  mmax_level="coref"  nptype="antecedent"  mention="np" />
<markable id="markable_14" span="word_188" type_of_pronoun="personal"  split="simple antecedent"  agreement="they (sg.)"  coref_class="set_6"  mmax_level="coref"  position="it (subject)"  type="anaphoric"  mention="pronoun"  antetype="entity" />
<markable id="markable_13" span="word_183..word_184" npmod="def-article"  split="simple antecedent"  coref_class="set_6"  mmax_level="coref"  nptype="np"  anacata="anaphoric"  mention="np"  antetype="entity" />
<markable id="markable_35" span="word_438..word_439" npmod="demonstrative"  split="simple antecedent"  coref_class="set_16"  mmax_level="coref"  nptype="np"  anacata="anaphoric"  mention="np"  antetype="entity" />
<markable id="markable_12" span="word_176" type_of_pronoun="demonstrative"  split="simple antecedent"  agreement="none"  coref_class="set_5"  mmax_level="coref"  position="it (non-subject)"  type="anaphoric"  mention="pronoun"  antetype="event" />
<markable id="markable_34" span="word_421..word_428" coref_class="set_16"  mmax_level="coref"  nptype="antecedent"  mention="np" />
<markable id="markable_11" span="word_169..word_174" coref_class="set_5"  vptype="antecedent"  mmax_level="coref"  mention="vp" />
<markable id="markable_33" span="word_436" type_of_pronoun="relative"  split="simple antecedent"  agreement="they (sg.)"  coref_class="set_15"  mmax_level="coref"  position="it (subject)"  type="anaphoric"  mention="pronoun"  antetype="entity" />
<markable id="markable_18" span="word_217..word_218" split="simple antecedent"  coref_class="set_8"  mmax_level="coref"  nptype="nom-ellipsis"  mention="np"  antetype="entity" />
<markable id="markable_17" span="word_209..word_210" coref_class="set_8"  mmax_level="coref"  nptype="antecedent"  mention="np" />
<markable id="markable_16" span="word_207" type_of_pronoun="relative"  split="simple antecedent"  agreement="they (pl.)"  coref_class="set_7"  mmax_level="coref"  position="it (subject)"  type="anaphoric"  mention="pronoun"  antetype="entity" />
<markable id="markable_15" span="word_205" coref_class="set_7"  mmax_level="coref"  nptype="antecedent"  mention="np" />
<markable id="markable_19" span="word_222" coref_class="set_9"  mmax_level="coref"  nptype="antecedent"  mention="np" />
<markable id="markable_9" span="word_164..word_165" coref_class="set_6"  mmax_level="coref"  nptype="antecedent"  mention="np" />
<markable id="markable_8" span="word_153" type_of_pronoun="relative"  split="simple antecedent"  agreement="they (pl.)"  coref_class="set_3"  mmax_level="coref"  position="it (subject)"  type="anaphoric"  mention="pronoun"  antetype="entity" />
<markable id="markable_21" span="word_214..word_220" coref_class="set_10"  mmax_level="coref"  nptype="antecedent"  mention="np" />
<markable id="markable_20" span="word_224" type_of_pronoun="relative"  split="simple antecedent"  agreement="they (sg.)"  coref_class="set_9"  mmax_level="coref"  position="it (subject)"  type="anaphoric"  mention="pronoun"  antetype="entity" />
<markable id="markable_25" span="word_258" type_of_pronoun="relative"  split="simple antecedent"  agreement="they (sg.)"  coref_class="set_11"  mmax_level="coref"  position="it (subject)"  type="anaphoric"  mention="pronoun"  antetype="entity" />
<markable id="markable_24" span="word_253..word_256" coref_class="set_11"  mmax_level="coref"  nptype="antecedent"  mention="np" />
<markable id="markable_23" span="word_245" type_of_pronoun="personal"  split="simple antecedent"  agreement="they (sg.)"  coref_class="set_9"  mmax_level="coref"  position="it (subject)"  type="anaphoric"  mention="pronoun"  antetype="entity" />
<markable id="markable_22" span="word_241..word_242" npmod="demonstrative"  split="simple antecedent"  coref_class="set_10"  mmax_level="coref"  nptype="np"  anacata="anaphoric"  mention="np"  antetype="entity" />
<markable id="markable_29" span="word_367" type_of_pronoun="relative"  split="simple antecedent"  agreement="they (pl.)"  coref_class="set_13"  mmax_level="coref"  position="it (subject)"  type="anaphoric"  mention="pronoun"  antetype="entity" />
<markable id="markable_28" span="word_364" coref_class="set_13"  mmax_level="coref"  nptype="antecedent"  mention="np" />
<markable id="markable_27" span="word_309" type_of_pronoun="relative"  split="simple antecedent"  agreement="they (pl.)"  coref_class="set_12"  mmax_level="coref"  position="it (subject)"  type="anaphoric"  mention="pronoun"  antetype="entity" />
<markable id="markable_26" span="word_306..word_307" coref_class="set_12"  mmax_level="coref"  nptype="antecedent"  mention="np" />
</markables>