<?xml version="1.0" encoding="UTF-8"?>
<!DOCTYPE markables SYSTEM "markables.dtd">
<markables xmlns="www.eml.org/NameSpaces/coref">
<markable id="markable_32" span="word_357..word_359" coref_class="set_15"  mmax_level="coref"  nptype="antecedent"  mention="np" />
<markable id="markable_31" span="word_298" type_of_pronoun="possessive"  split="simple antecedent"  agreement="they (sg.)"  coref_class="set_13"  mmax_level="coref"  position="it (non-subject)"  type="anaphoric"  mention="pronoun"  antetype="entity" />
<markable id="markable_30" span="word_294" coref_class="set_13"  mmax_level="coref"  nptype="antecedent"  mention="np" />
<markable id="markable_36" span="word_397" type_of_pronoun="demonstrative"  split="simple antecedent"  agreement="they (pl.)"  coref_class="set_16"  mmax_level="coref"  position="it (subject)"  type="anaphoric"  mention="pronoun"  antetype="entity" />
<markable id="markable_35" span="word_392..word_393" coref_class="set_16"  mmax_level="coref"  nptype="antecedent"  mention="np" />
<markable id="markable_34" span="word_379" type_of_pronoun="personal"  split="simple antecedent"  agreement="they (pl.)"  coref_class="set_15"  mmax_level="coref"  position="it (subject)"  type="anaphoric"  mention="pronoun"  antetype="entity" />
<markable id="markable_33" span="word_373" type_of_pronoun="personal"  split="simple antecedent"  agreement="they (pl.)"  coref_class="set_15"  mmax_level="coref"  position="it (subject)"  type="anaphoric"  mention="pronoun"  antetype="entity" />
<markable id="markable_39" span="word_430" coref_class="set_18"  mmax_level="coref"  nptype="antecedent"  mention="np" />
<markable id="markable_38" span="word_419" type_of_pronoun="personal"  split="simple antecedent"  agreement="they (sg.)"  coref_class="set_19"  mmax_level="coref"  position="it (non-subject)"  type="anaphoric"  mention="pronoun"  antetype="entity" />
<markable id="markable_37" span="word_409..word_414" coref_class="set_19"  mmax_level="coref"  nptype="antecedent"  mention="np" />
<markable id="markable_19" span="word_154..word_155" coref_class="set_8"  mmax_level="coref"  nptype="antecedent"  mention="np" />
<markable id="markable_21" span="word_164..word_167" coref_class="set_9"  vptype="antecedent"  mmax_level="coref"  mention="vp" />
<markable id="markable_20" span="word_162" type_of_pronoun="personal"  split="simple antecedent"  agreement="they (sg.)"  coref_class="set_8"  mmax_level="coref"  position="none"  type="anaphoric"  mention="pronoun"  antetype="entity" />
<markable id="markable_25" span="word_188" type_of_pronoun="personal"  split="simple antecedent"  agreement="they (pl.)"  coref_class="set_1"  mmax_level="coref"  position="it (subject)"  type="anaphoric"  mention="pronoun"  antetype="entity" />
<markable id="markable_24" span="word_150" coref_class="set_10"  mmax_level="coref"  nptype="antecedent"  mention="np" />
<markable id="markable_23" span="word_183" type_of_pronoun="personal"  split="simple antecedent"  agreement="they (sg.)"  coref_class="set_10"  mmax_level="coref"  position="it (subject)"  type="anaphoric"  mention="pronoun"  antetype="entity" />
<markable id="markable_22" span="word_170" type_of_pronoun="demonstrative"  split="simple antecedent"  agreement="none"  coref_class="set_9"  mmax_level="coref"  position="it (non-subject)"  type="anaphoric"  mention="pronoun"  antetype="event" />
<markable id="markable_29" span="word_264" coref_class="set_12"  mmax_level="coref"  nptype="antecedent"  mention="np" />
<markable id="markable_28" span="word_291" type_of_pronoun="personal"  split="simple antecedent"  agreement="they (sg.)"  coref_class="set_12"  mmax_level="coref"  position="it (subject)"  type="anaphoric"  mention="pronoun"  antetype="entity" />
<markable id="markable_27" span="word_196" type_of_pronoun="demonstrative"  split="simple antecedent"  agreement="they (sg.)"  coref_class="set_11"  mmax_level="coref"  position="it (subject)"  type="anaphoric"  mention="pronoun"  antetype="entity" />
<markable id="markable_26" span="word_193" coref_class="set_11"  mmax_level="coref"  nptype="antecedent"  mention="np" />
<markable id="markable_1" span="word_13..word_20" coref_class="set_0"  vptype="antecedent"  mmax_level="coref"  mention="vp" />
<markable id="markable_3" span="word_25,word_28" coref_class="set_1"  mmax_level="coref"  nptype="antecedent"  mention="np" />
<markable id="markable_2" span="word_22" type_of_pronoun="demonstrative"  split="simple antecedent"  agreement="none"  coref_class="set_0"  mmax_level="coref"  position="it (subject)"  type="anaphoric"  mention="pronoun"  antetype="event" />
<markable id="markable_7" span="word_59..word_64" coref_class="set_2"  mmax_level="coref"  nptype="antecedent"  mention="np" />
<markable id="markable_6" span="word_33..word_35" npmod="def-article"  split="split reference"  coref_class="set_1"  mmax_level="coref"  nptype="np"  anacata="anaphoric"  mention="np" />
<markable id="markable_50" span="word_525..word_526" coref_class="set_23"  mmax_level="coref"  nptype="antecedent"  mention="np" />
<markable id="markable_10" span="word_77" type_of_pronoun="personal"  split="simple antecedent"  agreement="they (sg.)"  coref_class="set_3"  mmax_level="coref"  position="it (subject)"  type="anaphoric"  mention="pronoun"  antetype="entity" />
<markable id="markable_52" span="word_537" type_of_pronoun="demonstrative"  split="simple antecedent"  agreement="they (sg.)"  coref_class="set_24"  mmax_level="coref"  position="it (subject)"  type="anaphoric"  mention="pronoun"  antetype="entity" />
<markable id="markable_51" span="word_531" type_of_pronoun="personal"  split="simple antecedent"  agreement="they (pl.)"  coref_class="set_23"  mmax_level="coref"  position="it (subject)"  type="anaphoric"  mention="pronoun"  antetype="entity" />
<markable id="markable_14" span="word_75" coref_class="set_6"  mmax_level="coref"  nptype="antecedent"  mention="np" />
<markable id="markable_13" span="word_113" type_of_pronoun="personal"  split="simple antecedent"  agreement="they (sg.)"  coref_class="set_6"  mmax_level="coref"  position="it (subject)"  type="anaphoric"  mention="pronoun"  antetype="entity" />
<markable id="markable_12" span="word_87..word_93" coref_class="set_4"  mmax_level="coref"  clausetype="antecedent"  mention="clause" />
<markable id="markable_11" span="word_85" split="simple antecedent"  agreement="none"  coref_class="set_4"  mmax_level="coref"  position="it (non-subject)"  type="cataphoric"  mention="pronoun"  antetype="event" />
<markable id="markable_18" span="word_132" type_of_pronoun="personal"  split="simple antecedent"  agreement="they (sg.)"  coref_class="set_7"  mmax_level="coref"  position="it (subject)"  type="anaphoric"  mention="pronoun"  antetype="entity" />
<markable id="markable_17" span="word_125" type_of_pronoun="personal"  split="simple antecedent"  agreement="they (sg.)"  coref_class="set_7"  mmax_level="coref"  position="it (subject)"  type="anaphoric"  mention="pronoun"  antetype="entity" />
<markable id="markable_16" span="word_123" coref_class="set_7"  mmax_level="coref"  nptype="antecedent"  mention="np" />
<markable id="markable_15" span="word_115" type_of_pronoun="personal"  split="simple antecedent"  agreement="they (sg.)"  coref_class="set_6"  mmax_level="coref"  position="it (subject)"  type="anaphoric"  mention="pronoun"  antetype="entity" />
<markable id="markable_9" span="word_70..word_73" coref_class="set_3"  mmax_level="coref"  nptype="antecedent"  mention="np" />
<markable id="markable_8" span="word_67" type_of_pronoun="demonstrative"  split="simple antecedent"  agreement="they (sg.)"  coref_class="set_2"  mmax_level="coref"  position="it (subject)"  type="anaphoric"  mention="pronoun"  antetype="entity" />
<markable id="markable_43" span="word_446..word_447" npmod="def-article"  split="simple antecedent"  coref_class="set_19"  mmax_level="coref"  nptype="np"  anacata="anaphoric"  mention="np"  antetype="entity" />
<markable id="markable_42" span="word_455" type_of_pronoun="personal"  split="simple antecedent"  agreement="they (sg.)"  coref_class="set_19"  mmax_level="coref"  position="it (subject)"  type="anaphoric"  mention="pronoun"  antetype="entity" />
<markable id="markable_41" span="word_453" type_of_pronoun="personal"  split="simple antecedent"  agreement="they (sg.)"  coref_class="set_18"  mmax_level="coref"  position="it (subject)"  type="anaphoric"  mention="pronoun"  antetype="entity" />
<markable id="markable_40" span="word_444" type_of_pronoun="personal"  split="simple antecedent"  agreement="they (sg.)"  coref_class="set_18"  mmax_level="coref"  position="it (subject)"  type="anaphoric"  mention="pronoun"  antetype="entity" />
<markable id="markable_47" span="word_504" type_of_pronoun="personal"  split="simple antecedent"  agreement="they (sg.)"  coref_class="set_21"  mmax_level="coref"  position="it (non-subject)"  type="anaphoric"  mention="pronoun"  antetype="entity" />
<markable id="markable_46" span="word_501" type_of_pronoun="possessive"  split="simple antecedent"  agreement="they (sg.)"  coref_class="set_21"  mmax_level="coref"  position="it (subject)"  type="anaphoric"  mention="pronoun"  antetype="entity" />
<markable id="markable_45" span="word_487" type_of_pronoun="relative"  split="simple antecedent"  agreement="they (sg.)"  coref_class="set_21"  mmax_level="coref"  position="it (subject)"  type="anaphoric"  mention="pronoun"  antetype="entity" />
<markable id="markable_44" span="word_485" coref_class="set_21"  mmax_level="coref"  nptype="antecedent"  mention="np" />
<markable id="markable_49" span="word_522" type_of_pronoun="relative"  split="simple antecedent"  agreement="they (sg.)"  coref_class="set_24"  mmax_level="coref"  position="it (subject)"  type="anaphoric"  mention="pronoun"  antetype="entity" />
<markable id="markable_48" span="word_520" coref_class="set_24"  mmax_level="coref"  nptype="antecedent"  mention="np" />
</markables>