<?xml version="1.0" encoding="UTF-8" ?>
<!DOCTYPE words SYSTEM "words.dtd">
<words>
<word id="word_1">So</word>
<word id="word_2">over</word>
<word id="word_3">the</word>
<word id="word_4">long</word>
<word id="word_5">course</word>
<word id="word_6">of</word>
<word id="word_7">human</word>
<word id="word_8">history</word>
<word id="word_9">,</word>
<word id="word_10">the</word>
<word id="word_11">infectious</word>
<word id="word_12">disease</word>
<word id="word_13">that</word>
<word id="word_14">'s</word>
<word id="word_15">killed</word>
<word id="word_16">more</word>
<word id="word_17">humans</word>
<word id="word_18">than</word>
<word id="word_19">any</word>
<word id="word_20">other</word>
<word id="word_21">is</word>
<word id="word_22">malaria</word>
<word id="word_23">.</word>
<word id="word_24">It</word>
<word id="word_25">'s</word>
<word id="word_26">carried</word>
<word id="word_27">in</word>
<word id="word_28">the</word>
<word id="word_29">bites</word>
<word id="word_30">of</word>
<word id="word_31">infected</word>
<word id="word_32">mosquitos</word>
<word id="word_33">,</word>
<word id="word_34">and</word>
<word id="word_35">it</word>
<word id="word_36">'s</word>
<word id="word_37">probably</word>
<word id="word_38">our</word>
<word id="word_39">oldest</word>
<word id="word_40">scourge</word>
<word id="word_41">.</word>
<word id="word_42">We</word>
<word id="word_43">may</word>
<word id="word_44">have</word>
<word id="word_45">had</word>
<word id="word_46">malaria</word>
<word id="word_47">since</word>
<word id="word_48">we</word>
<word id="word_49">evolved</word>
<word id="word_50">from</word>
<word id="word_51">the</word>
<word id="word_52">apes</word>
<word id="word_53">.</word>
<word id="word_54">And</word>
<word id="word_55">to</word>
<word id="word_56">this</word>
<word id="word_57">day</word>
<word id="word_58">,</word>
<word id="word_59">malaria</word>
<word id="word_60">takes</word>
<word id="word_61">a</word>
<word id="word_62">huge</word>
<word id="word_63">toll</word>
<word id="word_64">on</word>
<word id="word_65">our</word>
<word id="word_66">species</word>
<word id="word_67">.</word>
<word id="word_68">We</word>
<word id="word_69">'ve</word>
<word id="word_70">got</word>
<word id="word_71">300</word>
<word id="word_72">million</word>
<word id="word_73">cases</word>
<word id="word_74">a</word>
<word id="word_75">year</word>
<word id="word_76">and</word>
<word id="word_77">over</word>
<word id="word_78">half</word>
<word id="word_79">a</word>
<word id="word_80">million</word>
<word id="word_81">deaths</word>
<word id="word_82">.</word>
<word id="word_83">Now</word>
<word id="word_84">this</word>
<word id="word_85">really</word>
<word id="word_86">makes</word>
<word id="word_87">no</word>
<word id="word_88">sense</word>
<word id="word_89">.</word>
<word id="word_90">We</word>
<word id="word_91">'ve</word>
<word id="word_92">known</word>
<word id="word_93">how</word>
<word id="word_94">to</word>
<word id="word_95">cure</word>
<word id="word_96">malaria</word>
<word id="word_97">since</word>
<word id="word_98">the</word>
<word id="word_99">1600s</word>
<word id="word_100">.</word>
<word id="word_101">That</word>
<word id="word_102">'s</word>
<word id="word_103">when</word>
<word id="word_104">Jesuit</word>
<word id="word_105">missionaries</word>
<word id="word_106">in</word>
<word id="word_107">Peru</word>
<word id="word_108">discovered</word>
<word id="word_109">the</word>
<word id="word_110">bark</word>
<word id="word_111">of</word>
<word id="word_112">the</word>
<word id="word_113">cinchona</word>
<word id="word_114">tree</word>
<word id="word_115">,</word>
<word id="word_116">and</word>
<word id="word_117">inside</word>
<word id="word_118">that</word>
<word id="word_119">bark</word>
<word id="word_120">was</word>
<word id="word_121">quinine</word>
<word id="word_122">,</word>
<word id="word_123">still</word>
<word id="word_124">an</word>
<word id="word_125">effective</word>
<word id="word_126">cure</word>
<word id="word_127">for</word>
<word id="word_128">malaria</word>
<word id="word_129">to</word>
<word id="word_130">this</word>
<word id="word_131">day</word>
<word id="word_132">.</word>
<word id="word_133">So</word>
<word id="word_134">we</word>
<word id="word_135">'ve</word>
<word id="word_136">known</word>
<word id="word_137">how</word>
<word id="word_138">to</word>
<word id="word_139">cure</word>
<word id="word_140">malaria</word>
<word id="word_141">for</word>
<word id="word_142">centuries</word>
<word id="word_143">.</word>
<word id="word_144">We</word>
<word id="word_145">'ve</word>
<word id="word_146">known</word>
<word id="word_147">how</word>
<word id="word_148">to</word>
<word id="word_149">prevent</word>
<word id="word_150">malaria</word>
<word id="word_151">since</word>
<word id="word_152">1897</word>
<word id="word_153">.</word>
<word id="word_154">That</word>
<word id="word_155">'s</word>
<word id="word_156">when</word>
<word id="word_157">the</word>
<word id="word_158">British</word>
<word id="word_159">army</word>
<word id="word_160">surgeon</word>
<word id="word_161">Ronald</word>
<word id="word_162">Ross</word>
<word id="word_163">discovered</word>
<word id="word_164">that</word>
<word id="word_165">it</word>
<word id="word_166">was</word>
<word id="word_167">mosquitos</word>
<word id="word_168">that</word>
<word id="word_169">carried</word>
<word id="word_170">malaria</word>
<word id="word_171">,</word>
<word id="word_172">not</word>
<word id="word_173">bad</word>
<word id="word_174">air</word>
<word id="word_175">or</word>
<word id="word_176">miasmas</word>
<word id="word_177">,</word>
<word id="word_178">as</word>
<word id="word_179">was</word>
<word id="word_180">previously</word>
<word id="word_181">thought</word>
<word id="word_182">.</word>
<word id="word_183">So</word>
<word id="word_184">malaria</word>
<word id="word_185">should</word>
<word id="word_186">be</word>
<word id="word_187">a</word>
<word id="word_188">relatively</word>
<word id="word_189">simple</word>
<word id="word_190">disease</word>
<word id="word_191">to</word>
<word id="word_192">solve</word>
<word id="word_193">,</word>
<word id="word_194">and</word>
<word id="word_195">yet</word>
<word id="word_196">to</word>
<word id="word_197">this</word>
<word id="word_198">day</word>
<word id="word_199">,</word>
<word id="word_200">hundreds</word>
<word id="word_201">of</word>
<word id="word_202">thousands</word>
<word id="word_203">of</word>
<word id="word_204">people</word>
<word id="word_205">are</word>
<word id="word_206">going</word>
<word id="word_207">to</word>
<word id="word_208">die</word>
<word id="word_209">from</word>
<word id="word_210">the</word>
<word id="word_211">bite</word>
<word id="word_212">of</word>
<word id="word_213">a</word>
<word id="word_214">mosquito</word>
<word id="word_215">.</word>
<word id="word_216">Why</word>
<word id="word_217">is</word>
<word id="word_218">that</word>
<word id="word_219">?</word>
<word id="word_220">This</word>
<word id="word_221">is</word>
<word id="word_222">a</word>
<word id="word_223">question</word>
<word id="word_224">that</word>
<word id="word_225">'s</word>
<word id="word_226">personally</word>
<word id="word_227">intrigued</word>
<word id="word_228">me</word>
<word id="word_229">for</word>
<word id="word_230">a</word>
<word id="word_231">long</word>
<word id="word_232">time</word>
<word id="word_233">.</word>
<word id="word_234">I</word>
<word id="word_235">grew</word>
<word id="word_236">up</word>
<word id="word_237">as</word>
<word id="word_238">the</word>
<word id="word_239">daughter</word>
<word id="word_240">of</word>
<word id="word_241">Indian</word>
<word id="word_242">immigrants</word>
<word id="word_243">visiting</word>
<word id="word_244">my</word>
<word id="word_245">cousins</word>
<word id="word_246">in</word>
<word id="word_247">India</word>
<word id="word_248">every</word>
<word id="word_249">summer</word>
<word id="word_250">,</word>
<word id="word_251">and</word>
<word id="word_252">because</word>
<word id="word_253">I</word>
<word id="word_254">had</word>
<word id="word_255">no</word>
<word id="word_256">immunity</word>
<word id="word_257">to</word>
<word id="word_258">the</word>
<word id="word_259">local</word>
<word id="word_260">malarias</word>
<word id="word_261">,</word>
<word id="word_262">I</word>
<word id="word_263">was</word>
<word id="word_264">made</word>
<word id="word_265">to</word>
<word id="word_266">sleep</word>
<word id="word_267">under</word>
<word id="word_268">this</word>
<word id="word_269">hot</word>
<word id="word_270">,</word>
<word id="word_271">sweaty</word>
<word id="word_272">mosquito</word>
<word id="word_273">net</word>
<word id="word_274">every</word>
<word id="word_275">night</word>
<word id="word_276">while</word>
<word id="word_277">my</word>
<word id="word_278">cousins</word>
<word id="word_279">,</word>
<word id="word_280">they</word>
<word id="word_281">were</word>
<word id="word_282">allowed</word>
<word id="word_283">to</word>
<word id="word_284">sleep</word>
<word id="word_285">out</word>
<word id="word_286">on</word>
<word id="word_287">the</word>
<word id="word_288">terrace</word>
<word id="word_289">and</word>
<word id="word_290">have</word>
<word id="word_291">this</word>
<word id="word_292">nice</word>
<word id="word_293">,</word>
<word id="word_294">cool</word>
<word id="word_295">night</word>
<word id="word_296">breeze</word>
<word id="word_297">wafting</word>
<word id="word_298">over</word>
<word id="word_299">them</word>
<word id="word_300">.</word>
<word id="word_301">And</word>
<word id="word_302">I</word>
<word id="word_303">really</word>
<word id="word_304">hated</word>
<word id="word_305">the</word>
<word id="word_306">mosquitos</word>
<word id="word_307">for</word>
<word id="word_308">that</word>
<word id="word_309">.</word>
<word id="word_310">But</word>
<word id="word_311">at</word>
<word id="word_312">the</word>
<word id="word_313">same</word>
<word id="word_314">time</word>
<word id="word_315">,</word>
<word id="word_316">I</word>
<word id="word_317">come</word>
<word id="word_318">from</word>
<word id="word_319">a</word>
<word id="word_320">Jain</word>
<word id="word_321">family</word>
<word id="word_322">,</word>
<word id="word_323">and</word>
<word id="word_324">Jainism</word>
<word id="word_325">is</word>
<word id="word_326">a</word>
<word id="word_327">religion</word>
<word id="word_328">that</word>
<word id="word_329">espouses</word>
<word id="word_330">a</word>
<word id="word_331">very</word>
<word id="word_332">extreme</word>
<word id="word_333">form</word>
<word id="word_334">of</word>
<word id="word_335">nonviolence</word>
<word id="word_336">.</word>
<word id="word_337">So</word>
<word id="word_338">Jains</word>
<word id="word_339">are</word>
<word id="word_340">not</word>
<word id="word_341">supposed</word>
<word id="word_342">to</word>
<word id="word_343">eat</word>
<word id="word_344">meat</word>
<word id="word_345">.</word>
<word id="word_346">We</word>
<word id="word_347">'re</word>
<word id="word_348">not</word>
<word id="word_349">supposed</word>
<word id="word_350">to</word>
<word id="word_351">walk</word>
<word id="word_352">on</word>
<word id="word_353">grass</word>
<word id="word_354">,</word>
<word id="word_355">because</word>
<word id="word_356">you</word>
<word id="word_357">could</word>
<word id="word_358">,</word>
<word id="word_359">you</word>
<word id="word_360">know</word>
<word id="word_361">,</word>
<word id="word_362">inadvertently</word>
<word id="word_363">kill</word>
<word id="word_364">some</word>
<word id="word_365">insects</word>
<word id="word_366">when</word>
<word id="word_367">you</word>
<word id="word_368">walk</word>
<word id="word_369">on</word>
<word id="word_370">grass</word>
<word id="word_371">.</word>
<word id="word_372">We</word>
<word id="word_373">'re</word>
<word id="word_374">certainly</word>
<word id="word_375">not</word>
<word id="word_376">supposed</word>
<word id="word_377">to</word>
<word id="word_378">swat</word>
<word id="word_379">mosquitos</word>
<word id="word_380">.</word>
<word id="word_381">So</word>
<word id="word_382">the</word>
<word id="word_383">fearsome</word>
<word id="word_384">power</word>
<word id="word_385">of</word>
<word id="word_386">this</word>
<word id="word_387">little</word>
<word id="word_388">insect</word>
<word id="word_389">was</word>
<word id="word_390">apparent</word>
<word id="word_391">to</word>
<word id="word_392">me</word>
<word id="word_393">from</word>
<word id="word_394">a</word>
<word id="word_395">very</word>
<word id="word_396">young</word>
<word id="word_397">age</word>
<word id="word_398">,</word>
<word id="word_399">and</word>
<word id="word_400">it</word>
<word id="word_401">'s</word>
<word id="word_402">one</word>
<word id="word_403">reason</word>
<word id="word_404">why</word>
<word id="word_405">I</word>
<word id="word_406">spent</word>
<word id="word_407">five</word>
<word id="word_408">years</word>
<word id="word_409">as</word>
<word id="word_410">a</word>
<word id="word_411">journalist</word>
<word id="word_412">trying</word>
<word id="word_413">to</word>
<word id="word_414">understand</word>
<word id="word_415">,</word>
<word id="word_416">why</word>
<word id="word_417">has</word>
<word id="word_418">malaria</word>
<word id="word_419">been</word>
<word id="word_420">such</word>
<word id="word_421">a</word>
<word id="word_422">horrible</word>
<word id="word_423">scourge</word>
<word id="word_424">for</word>
<word id="word_425">all</word>
<word id="word_426">of</word>
<word id="word_427">us</word>
<word id="word_428">for</word>
<word id="word_429">so</word>
<word id="word_430">very</word>
<word id="word_431">long</word>
<word id="word_432">?</word>
<word id="word_433">And</word>
<word id="word_434">I</word>
<word id="word_435">think</word>
<word id="word_436">there</word>
<word id="word_437">'s</word>
<word id="word_438">three</word>
<word id="word_439">main</word>
<word id="word_440">reasons</word>
<word id="word_441">why</word>
<word id="word_442">.</word>
<word id="word_443">Those</word>
<word id="word_444">three</word>
<word id="word_445">reasons</word>
<word id="word_446">add</word>
<word id="word_447">up</word>
<word id="word_448">to</word>
<word id="word_449">the</word>
<word id="word_450">fourth</word>
<word id="word_451">reason</word>
<word id="word_452">,</word>
<word id="word_453">which</word>
<word id="word_454">is</word>
<word id="word_455">probably</word>
<word id="word_456">the</word>
<word id="word_457">biggest</word>
<word id="word_458">reason</word>
<word id="word_459">of</word>
<word id="word_460">all</word>
<word id="word_461">.</word>
<word id="word_462">The</word>
<word id="word_463">first</word>
<word id="word_464">reason</word>
<word id="word_465">is</word>
<word id="word_466">certainly</word>
<word id="word_467">scientific</word>
<word id="word_468">.</word>
<word id="word_469">This</word>
<word id="word_470">little</word>
<word id="word_471">parasite</word>
<word id="word_472">that</word>
<word id="word_473">causes</word>
<word id="word_474">malaria</word>
<word id="word_475">,</word>
<word id="word_476">it</word>
<word id="word_477">'s</word>
<word id="word_478">probably</word>
<word id="word_479">one</word>
<word id="word_480">of</word>
<word id="word_481">the</word>
<word id="word_482">most</word>
<word id="word_483">complex</word>
<word id="word_484">and</word>
<word id="word_485">wily</word>
<word id="word_486">pathogens</word>
<word id="word_487">known</word>
<word id="word_488">to</word>
<word id="word_489">humankind</word>
<word id="word_490">.</word>
<word id="word_491">It</word>
<word id="word_492">lives</word>
<word id="word_493">half</word>
<word id="word_494">its</word>
<word id="word_495">life</word>
<word id="word_496">inside</word>
<word id="word_497">the</word>
<word id="word_498">cold-blooded</word>
<word id="word_499">mosquito</word>
<word id="word_500">and</word>
<word id="word_501">half</word>
<word id="word_502">its</word>
<word id="word_503">life</word>
<word id="word_504">inside</word>
<word id="word_505">the</word>
<word id="word_506">warm-blooded</word>
<word id="word_507">human</word>
<word id="word_508">.</word>
<word id="word_509">These</word>
<word id="word_510">two</word>
<word id="word_511">environments</word>
<word id="word_512">are</word>
<word id="word_513">totally</word>
<word id="word_514">different</word>
<word id="word_515">,</word>
<word id="word_516">but</word>
<word id="word_517">not</word>
<word id="word_518">only</word>
<word id="word_519">that</word>
<word id="word_520">,</word>
<word id="word_521">they</word>
<word id="word_522">'re</word>
<word id="word_523">both</word>
<word id="word_524">utterly</word>
<word id="word_525">hostile</word>
<word id="word_526">.</word>
<word id="word_527">So</word>
<word id="word_528">the</word>
<word id="word_529">insect</word>
<word id="word_530">is</word>
<word id="word_531">continually</word>
<word id="word_532">trying</word>
<word id="word_533">to</word>
<word id="word_534">fight</word>
<word id="word_535">off</word>
<word id="word_536">the</word>
<word id="word_537">parasite</word>
<word id="word_538">,</word>
<word id="word_539">and</word>
<word id="word_540">so</word>
<word id="word_541">is</word>
<word id="word_542">the</word>
<word id="word_543">human</word>
<word id="word_544">body</word>
<word id="word_545">continually</word>
<word id="word_546">trying</word>
<word id="word_547">to</word>
<word id="word_548">fight</word>
<word id="word_549">it</word>
<word id="word_550">off</word>
<word id="word_551">.</word>
<word id="word_552">This</word>
<word id="word_553">little</word>
<word id="word_554">creature</word>
<word id="word_555">survives</word>
<word id="word_556">under</word>
<word id="word_557">siege</word>
<word id="word_558">like</word>
<word id="word_559">that</word>
<word id="word_560">,</word>
<word id="word_561">but</word>
<word id="word_562">not</word>
<word id="word_563">only</word>
<word id="word_564">does</word>
<word id="word_565">it</word>
<word id="word_566">survive</word>
<word id="word_567">,</word>
<word id="word_568">it</word>
<word id="word_569">has</word>
<word id="word_570">thrived</word>
<word id="word_571">.</word>
<word id="word_572">It</word>
<word id="word_573">has</word>
<word id="word_574">spread</word>
<word id="word_575">.</word>
<word id="word_576">It</word>
<word id="word_577">has</word>
<word id="word_578">more</word>
<word id="word_579">ways</word>
<word id="word_580">to</word>
<word id="word_581">evade</word>
<word id="word_582">attack</word>
<word id="word_583">than</word>
<word id="word_584">we</word>
<word id="word_585">know</word>
<word id="word_586">.</word>
<word id="word_587">It</word>
<word id="word_588">'s</word>
<word id="word_589">a</word>
<word id="word_590">shape-shifter</word>
<word id="word_591">,</word>
<word id="word_592">for</word>
<word id="word_593">one</word>
<word id="word_594">thing</word>
<word id="word_595">.</word>
<word id="word_596">Just</word>
<word id="word_597">as</word>
<word id="word_598">a</word>
<word id="word_599">caterpillar</word>
<word id="word_600">turns</word>
<word id="word_601">into</word>
<word id="word_602">a</word>
<word id="word_603">butterfly</word>
<word id="word_604">,</word>
<word id="word_605">the</word>
<word id="word_606">malaria</word>
<word id="word_607">parasite</word>
<word id="word_608">transforms</word>
<word id="word_609">itself</word>
<word id="word_610">like</word>
<word id="word_611">that</word>
<word id="word_612">seven</word>
<word id="word_613">times</word>
<word id="word_614">in</word>
<word id="word_615">its</word>
<word id="word_616">life</word>
<word id="word_617">cycle</word>
<word id="word_618">.</word>
<word id="word_619">And</word>
<word id="word_620">each</word>
<word id="word_621">of</word>
<word id="word_622">those</word>
<word id="word_623">life</word>
<word id="word_624">stages</word>
<word id="word_625">not</word>
<word id="word_626">only</word>
<word id="word_627">looks</word>
<word id="word_628">totally</word>
<word id="word_629">different</word>
<word id="word_630">from</word>
<word id="word_631">each</word>
<word id="word_632">other</word>
<word id="word_633">,</word>
<word id="word_634">they</word>
<word id="word_635">have</word>
<word id="word_636">totally</word>
<word id="word_637">different</word>
<word id="word_638">physiology</word>
<word id="word_639">.</word>
<word id="word_640">So</word>
<word id="word_641">say</word>
<word id="word_642">you</word>
<word id="word_643">came</word>
<word id="word_644">up</word>
<word id="word_645">with</word>
<word id="word_646">some</word>
<word id="word_647">great</word>
<word id="word_648">drug</word>
<word id="word_649">that</word>
<word id="word_650">worked</word>
<word id="word_651">against</word>
<word id="word_652">one</word>
<word id="word_653">stage</word>
<word id="word_654">of</word>
<word id="word_655">the</word>
<word id="word_656">parasite</word>
<word id="word_657">'s</word>
<word id="word_658">life</word>
<word id="word_659">cycle</word>
<word id="word_660">.</word>
<word id="word_661">It</word>
<word id="word_662">might</word>
<word id="word_663">do</word>
<word id="word_664">nothing</word>
<word id="word_665">at</word>
<word id="word_666">all</word>
<word id="word_667">to</word>
<word id="word_668">any</word>
<word id="word_669">of</word>
<word id="word_670">the</word>
<word id="word_671">other</word>
<word id="word_672">stages</word>
<word id="word_673">.</word>
<word id="word_674">It</word>
<word id="word_675">can</word>
<word id="word_676">hide</word>
<word id="word_677">in</word>
<word id="word_678">our</word>
<word id="word_679">bodies</word>
<word id="word_680">,</word>
<word id="word_681">undetected</word>
<word id="word_682">,</word>
<word id="word_683">unbeknownst</word>
<word id="word_684">to</word>
<word id="word_685">us</word>
<word id="word_686">,</word>
<word id="word_687">for</word>
<word id="word_688">days</word>
<word id="word_689">,</word>
<word id="word_690">for</word>
<word id="word_691">weeks</word>
<word id="word_692">,</word>
<word id="word_693">for</word>
<word id="word_694">months</word>
<word id="word_695">,</word>
<word id="word_696">for</word>
<word id="word_697">years</word>
<word id="word_698">,</word>
<word id="word_699">in</word>
<word id="word_700">some</word>
<word id="word_701">cases</word>
<word id="word_702">even</word>
<word id="word_703">decades</word>
<word id="word_704">.</word>
<word id="word_705">So</word>
<word id="word_706">the</word>
<word id="word_707">parasite</word>
<word id="word_708">is</word>
<word id="word_709">a</word>
<word id="word_710">very</word>
<word id="word_711">big</word>
<word id="word_712">scientific</word>
<word id="word_713">challenge</word>
<word id="word_714">to</word>
<word id="word_715">tackle</word>
<word id="word_716">,</word>
<word id="word_717">but</word>
<word id="word_718">so</word>
<word id="word_719">is</word>
<word id="word_720">the</word>
<word id="word_721">mosquito</word>
<word id="word_722">that</word>
<word id="word_723">carries</word>
<word id="word_724">the</word>
<word id="word_725">parasite</word>
<word id="word_726">.</word>
<word id="word_727">Only</word>
<word id="word_728">about</word>
<word id="word_729">12</word>
<word id="word_730">species</word>
<word id="word_731">of</word>
<word id="word_732">mosquitos</word>
<word id="word_733">carry</word>
<word id="word_734">most</word>
<word id="word_735">of</word>
<word id="word_736">the</word>
<word id="word_737">world</word>
<word id="word_738">'s</word>
<word id="word_739">malaria</word>
<word id="word_740">,</word>
<word id="word_741">and</word>
<word id="word_742">we</word>
<word id="word_743">know</word>
<word id="word_744">quite</word>
<word id="word_745">a</word>
<word id="word_746">bit</word>
<word id="word_747">about</word>
<word id="word_748">the</word>
<word id="word_749">kinds</word>
<word id="word_750">of</word>
<word id="word_751">watery</word>
<word id="word_752">habitats</word>
<word id="word_753">that</word>
<word id="word_754">they</word>
<word id="word_755">specialize</word>
<word id="word_756">in</word>
<word id="word_757">.</word>
<word id="word_758">So</word>
<word id="word_759">you</word>
<word id="word_760">might</word>
<word id="word_761">think</word>
<word id="word_762">,</word>
<word id="word_763">then</word>
<word id="word_764">,</word>
<word id="word_765">well</word>
<word id="word_766">,</word>
<word id="word_767">why</word>
<word id="word_768">don</word>
<word id="word_769">'t</word>
<word id="word_770">we</word>
<word id="word_771">just</word>
<word id="word_772">avoid</word>
<word id="word_773">the</word>
<word id="word_774">places</word>
<word id="word_775">where</word>
<word id="word_776">the</word>
<word id="word_777">killer</word>
<word id="word_778">mosquitos</word>
<word id="word_779">live</word>
<word id="word_780">?</word>
<word id="word_781">Right</word>
<word id="word_782">?</word>
<word id="word_783">We</word>
<word id="word_784">could</word>
<word id="word_785">avoid</word>
<word id="word_786">the</word>
<word id="word_787">places</word>
<word id="word_788">where</word>
<word id="word_789">the</word>
<word id="word_790">killer</word>
<word id="word_791">grizzly</word>
<word id="word_792">bears</word>
<word id="word_793">live</word>
<word id="word_794">and</word>
<word id="word_795">we</word>
<word id="word_796">avoid</word>
<word id="word_797">the</word>
<word id="word_798">places</word>
<word id="word_799">where</word>
<word id="word_800">the</word>
<word id="word_801">killer</word>
<word id="word_802">crocodiles</word>
<word id="word_803">live</word>
<word id="word_804">.</word>
<word id="word_805">But</word>
<word id="word_806">say</word>
<word id="word_807">you</word>
<word id="word_808">live</word>
<word id="word_809">in</word>
<word id="word_810">the</word>
<word id="word_811">tropics</word>
<word id="word_812">and</word>
<word id="word_813">you</word>
<word id="word_814">walk</word>
<word id="word_815">outside</word>
<word id="word_816">your</word>
<word id="word_817">hut</word>
<word id="word_818">one</word>
<word id="word_819">day</word>
<word id="word_820">and</word>
<word id="word_821">you</word>
<word id="word_822">leave</word>
<word id="word_823">some</word>
<word id="word_824">footprints</word>
<word id="word_825">in</word>
<word id="word_826">the</word>
<word id="word_827">soft</word>
<word id="word_828">dirt</word>
<word id="word_829">around</word>
<word id="word_830">your</word>
<word id="word_831">home</word>
<word id="word_832">.</word>
<word id="word_833">Or</word>
<word id="word_834">say</word>
<word id="word_835">your</word>
<word id="word_836">cow</word>
<word id="word_837">does</word>
<word id="word_838">,</word>
<word id="word_839">or</word>
<word id="word_840">say</word>
<word id="word_841">your</word>
<word id="word_842">pig</word>
<word id="word_843">does</word>
<word id="word_844">,</word>
<word id="word_845">and</word>
<word id="word_846">then</word>
<word id="word_847">,</word>
<word id="word_848">say</word>
<word id="word_849">,</word>
<word id="word_850">it</word>
<word id="word_851">rains</word>
<word id="word_852">,</word>
<word id="word_853">and</word>
<word id="word_854">that</word>
<word id="word_855">footprint</word>
<word id="word_856">fills</word>
<word id="word_857">up</word>
<word id="word_858">with</word>
<word id="word_859">a</word>
<word id="word_860">little</word>
<word id="word_861">bit</word>
<word id="word_862">of</word>
<word id="word_863">water</word>
<word id="word_864">.</word>
<word id="word_865">That</word>
<word id="word_866">'s</word>
<word id="word_867">it</word>
<word id="word_868">.</word>
<word id="word_869">You</word>
<word id="word_870">'ve</word>
<word id="word_871">created</word>
<word id="word_872">the</word>
<word id="word_873">perfect</word>
<word id="word_874">malarial</word>
<word id="word_875">mosquito</word>
<word id="word_876">habitat</word>
<word id="word_877">that</word>
<word id="word_878">'s</word>
<word id="word_879">right</word>
<word id="word_880">outside</word>
<word id="word_881">your</word>
<word id="word_882">door</word>
<word id="word_883">.</word>
<word id="word_884">So</word>
<word id="word_885">it</word>
<word id="word_886">'s</word>
<word id="word_887">not</word>
<word id="word_888">easy</word>
<word id="word_889">for</word>
<word id="word_890">us</word>
<word id="word_891">to</word>
<word id="word_892">extricate</word>
<word id="word_893">ourselves</word>
<word id="word_894">from</word>
<word id="word_895">these</word>
<word id="word_896">insects</word>
<word id="word_897">.</word>
<word id="word_898">We</word>
<word id="word_899">kind</word>
<word id="word_900">of</word>
<word id="word_901">create</word>
<word id="word_902">places</word>
<word id="word_903">that</word>
<word id="word_904">they</word>
<word id="word_905">love</word>
<word id="word_906">to</word>
<word id="word_907">live</word>
<word id="word_908">just</word>
<word id="word_909">by</word>
<word id="word_910">living</word>
<word id="word_911">our</word>
<word id="word_912">own</word>
<word id="word_913">lives</word>
<word id="word_914">.</word>
<word id="word_915">So</word>
<word id="word_916">there</word>
<word id="word_917">'s</word>
<word id="word_918">a</word>
<word id="word_919">huge</word>
<word id="word_920">scientific</word>
<word id="word_921">challenge</word>
<word id="word_922">,</word>
<word id="word_923">but</word>
<word id="word_924">there</word>
<word id="word_925">'s</word>
<word id="word_926">a</word>
<word id="word_927">huge</word>
<word id="word_928">economic</word>
<word id="word_929">challenge</word>
<word id="word_930">too</word>
<word id="word_931">.</word>
<word id="word_932">Malaria</word>
<word id="word_933">occurs</word>
<word id="word_934">in</word>
<word id="word_935">some</word>
<word id="word_936">of</word>
<word id="word_937">the</word>
<word id="word_938">poorest</word>
<word id="word_939">and</word>
<word id="word_940">most</word>
<word id="word_941">remote</word>
<word id="word_942">places</word>
<word id="word_943">on</word>
<word id="word_944">Earth</word>
<word id="word_945">,</word>
<word id="word_946">and</word>
<word id="word_947">there</word>
<word id="word_948">'s</word>
<word id="word_949">a</word>
<word id="word_950">reason</word>
<word id="word_951">for</word>
<word id="word_952">that</word>
<word id="word_953">.</word>
<word id="word_954">If</word>
<word id="word_955">you</word>
<word id="word_956">'re</word>
<word id="word_957">poor</word>
<word id="word_958">,</word>
<word id="word_959">you</word>
<word id="word_960">'re</word>
<word id="word_961">more</word>
<word id="word_962">likely</word>
<word id="word_963">to</word>
<word id="word_964">get</word>
<word id="word_965">malaria</word>
<word id="word_966">.</word>
<word id="word_967">If</word>
<word id="word_968">you</word>
<word id="word_969">'re</word>
<word id="word_970">poor</word>
<word id="word_971">,</word>
<word id="word_972">you</word>
<word id="word_973">'re</word>
<word id="word_974">more</word>
<word id="word_975">likely</word>
<word id="word_976">to</word>
<word id="word_977">live</word>
<word id="word_978">in</word>
<word id="word_979">rudimentary</word>
<word id="word_980">housing</word>
<word id="word_981">on</word>
<word id="word_982">marginal</word>
<word id="word_983">land</word>
<word id="word_984">that</word>
<word id="word_985">'s</word>
<word id="word_986">poorly</word>
<word id="word_987">drained</word>
<word id="word_988">.</word>
<word id="word_989">These</word>
<word id="word_990">are</word>
<word id="word_991">places</word>
<word id="word_992">where</word>
<word id="word_993">mosquitos</word>
<word id="word_994">breed</word>
<word id="word_995">.</word>
<word id="word_996">You</word>
<word id="word_997">'re</word>
<word id="word_998">less</word>
<word id="word_999">likely</word>
<word id="word_1000">to</word>
<word id="word_1001">have</word>
<word id="word_1002">door</word>
<word id="word_1003">screens</word>
<word id="word_1004">or</word>
<word id="word_1005">window</word>
<word id="word_1006">screens</word>
<word id="word_1007">.</word>
<word id="word_1008">You</word>
<word id="word_1009">'re</word>
<word id="word_1010">less</word>
<word id="word_1011">likely</word>
<word id="word_1012">to</word>
<word id="word_1013">have</word>
<word id="word_1014">electricity</word>
<word id="word_1015">and</word>
<word id="word_1016">all</word>
<word id="word_1017">the</word>
<word id="word_1018">indoor</word>
<word id="word_1019">activities</word>
<word id="word_1020">that</word>
<word id="word_1021">electricity</word>
<word id="word_1022">makes</word>
<word id="word_1023">possible</word>
<word id="word_1024">,</word>
<word id="word_1025">so</word>
<word id="word_1026">you</word>
<word id="word_1027">'re</word>
<word id="word_1028">outside</word>
<word id="word_1029">more</word>
<word id="word_1030">.</word>
<word id="word_1031">You</word>
<word id="word_1032">'re</word>
<word id="word_1033">getting</word>
<word id="word_1034">bitten</word>
<word id="word_1035">by</word>
<word id="word_1036">mosquitos</word>
<word id="word_1037">more</word>
<word id="word_1038">.</word>
<word id="word_1039">So</word>
<word id="word_1040">poverty</word>
<word id="word_1041">causes</word>
<word id="word_1042">malaria</word>
<word id="word_1043">,</word>
<word id="word_1044">but</word>
<word id="word_1045">what</word>
<word id="word_1046">we</word>
<word id="word_1047">also</word>
<word id="word_1048">know</word>
<word id="word_1049">now</word>
<word id="word_1050">is</word>
<word id="word_1051">that</word>
<word id="word_1052">malaria</word>
<word id="word_1053">itself</word>
<word id="word_1054">causes</word>
<word id="word_1055">poverty</word>
<word id="word_1056">.</word>
<word id="word_1057">For</word>
<word id="word_1058">one</word>
<word id="word_1059">thing</word>
<word id="word_1060">,</word>
<word id="word_1061">it</word>
<word id="word_1062">strikes</word>
<word id="word_1063">hardest</word>
<word id="word_1064">during</word>
<word id="word_1065">harvest</word>
<word id="word_1066">season</word>
<word id="word_1067">,</word>
<word id="word_1068">so</word>
<word id="word_1069">exactly</word>
<word id="word_1070">when</word>
<word id="word_1071">farmers</word>
<word id="word_1072">need</word>
<word id="word_1073">to</word>
<word id="word_1074">be</word>
<word id="word_1075">out</word>
<word id="word_1076">in</word>
<word id="word_1077">the</word>
<word id="word_1078">fields</word>
<word id="word_1079">collecting</word>
<word id="word_1080">their</word>
<word id="word_1081">crops</word>
<word id="word_1082">,</word>
<word id="word_1083">they</word>
<word id="word_1084">'re</word>
<word id="word_1085">home</word>
<word id="word_1086">sick</word>
<word id="word_1087">with</word>
<word id="word_1088">a</word>
<word id="word_1089">fever</word>
<word id="word_1090">.</word>
<word id="word_1091">But</word>
<word id="word_1092">it</word>
<word id="word_1093">also</word>
<word id="word_1094">predisposes</word>
<word id="word_1095">people</word>
<word id="word_1096">to</word>
<word id="word_1097">death</word>
<word id="word_1098">from</word>
<word id="word_1099">all</word>
<word id="word_1100">other</word>
<word id="word_1101">causes</word>
<word id="word_1102">.</word>
<word id="word_1103">So</word>
<word id="word_1104">this</word>
<word id="word_1105">has</word>
<word id="word_1106">happened</word>
<word id="word_1107">historically</word>
<word id="word_1108">.</word>
<word id="word_1109">We</word>
<word id="word_1110">'ve</word>
<word id="word_1111">been</word>
<word id="word_1112">able</word>
<word id="word_1113">to</word>
<word id="word_1114">take</word>
<word id="word_1115">malaria</word>
<word id="word_1116">out</word>
<word id="word_1117">of</word>
<word id="word_1118">a</word>
<word id="word_1119">society</word>
<word id="word_1120">.</word>
<word id="word_1121">Everything</word>
<word id="word_1122">else</word>
<word id="word_1123">stays</word>
<word id="word_1124">the</word>
<word id="word_1125">same</word>
<word id="word_1126">,</word>
<word id="word_1127">so</word>
<word id="word_1128">we</word>
<word id="word_1129">still</word>
<word id="word_1130">have</word>
<word id="word_1131">bad</word>
<word id="word_1132">food</word>
<word id="word_1133">,</word>
<word id="word_1134">bad</word>
<word id="word_1135">water</word>
<word id="word_1136">,</word>
<word id="word_1137">bad</word>
<word id="word_1138">sanitation</word>
<word id="word_1139">,</word>
<word id="word_1140">all</word>
<word id="word_1141">the</word>
<word id="word_1142">things</word>
<word id="word_1143">that</word>
<word id="word_1144">make</word>
<word id="word_1145">people</word>
<word id="word_1146">sick</word>
<word id="word_1147">.</word>
<word id="word_1148">But</word>
<word id="word_1149">just</word>
<word id="word_1150">if</word>
<word id="word_1151">you</word>
<word id="word_1152">take</word>
<word id="word_1153">malaria</word>
<word id="word_1154">out</word>
<word id="word_1155">,</word>
<word id="word_1156">deaths</word>
<word id="word_1157">from</word>
<word id="word_1158">everything</word>
<word id="word_1159">else</word>
<word id="word_1160">go</word>
<word id="word_1161">down</word>
<word id="word_1162">.</word>
<word id="word_1163">And</word>
<word id="word_1164">the</word>
<word id="word_1165">economist</word>
<word id="word_1166">Jeff</word>
<word id="word_1167">Sachs</word>
<word id="word_1168">has</word>
<word id="word_1169">actually</word>
<word id="word_1170">quantified</word>
<word id="word_1171">what</word>
<word id="word_1172">this</word>
<word id="word_1173">means</word>
<word id="word_1174">for</word>
<word id="word_1175">a</word>
<word id="word_1176">society</word>
<word id="word_1177">.</word>
<word id="word_1178">What</word>
<word id="word_1179">it</word>
<word id="word_1180">means</word>
<word id="word_1181">is</word>
<word id="word_1182">,</word>
<word id="word_1183">if</word>
<word id="word_1184">you</word>
<word id="word_1185">have</word>
<word id="word_1186">malaria</word>
<word id="word_1187">in</word>
<word id="word_1188">your</word>
<word id="word_1189">society</word>
<word id="word_1190">,</word>
<word id="word_1191">your</word>
<word id="word_1192">economic</word>
<word id="word_1193">growth</word>
<word id="word_1194">is</word>
<word id="word_1195">depressed</word>
<word id="word_1196">by</word>
<word id="word_1197">1.3</word>
<word id="word_1198">percent</word>
<word id="word_1199">every</word>
<word id="word_1200">year</word>
<word id="word_1201">,</word>
<word id="word_1202">year</word>
<word id="word_1203">after</word>
<word id="word_1204">year</word>
<word id="word_1205">after</word>
<word id="word_1206">year</word>
<word id="word_1207">,</word>
<word id="word_1208">just</word>
<word id="word_1209">this</word>
<word id="word_1210">one</word>
<word id="word_1211">disease</word>
<word id="word_1212">alone</word>
<word id="word_1213">.</word>
<word id="word_1214">So</word>
<word id="word_1215">this</word>
<word id="word_1216">poses</word>
<word id="word_1217">a</word>
<word id="word_1218">huge</word>
<word id="word_1219">economic</word>
<word id="word_1220">challenge</word>
<word id="word_1221">,</word>
<word id="word_1222">because</word>
<word id="word_1223">say</word>
<word id="word_1224">you</word>
<word id="word_1225">do</word>
<word id="word_1226">come</word>
<word id="word_1227">up</word>
<word id="word_1228">with</word>
<word id="word_1229">your</word>
<word id="word_1230">great</word>
<word id="word_1231">drug</word>
<word id="word_1232">or</word>
<word id="word_1233">your</word>
<word id="word_1234">great</word>
<word id="word_1235">vaccine</word>
<word id="word_1236">--</word>
<word id="word_1237">how</word>
<word id="word_1238">do</word>
<word id="word_1239">you</word>
<word id="word_1240">deliver</word>
<word id="word_1241">it</word>
<word id="word_1242">in</word>
<word id="word_1243">a</word>
<word id="word_1244">place</word>
<word id="word_1245">where</word>
<word id="word_1246">there</word>
<word id="word_1247">'s</word>
<word id="word_1248">no</word>
<word id="word_1249">roads</word>
<word id="word_1250">,</word>
<word id="word_1251">there</word>
<word id="word_1252">'s</word>
<word id="word_1253">no</word>
<word id="word_1254">infrastructure</word>
<word id="word_1255">,</word>
<word id="word_1256">there</word>
<word id="word_1257">'s</word>
<word id="word_1258">no</word>
<word id="word_1259">electricity</word>
<word id="word_1260">for</word>
<word id="word_1261">refrigeration</word>
<word id="word_1262">to</word>
<word id="word_1263">keep</word>
<word id="word_1264">things</word>
<word id="word_1265">cold</word>
<word id="word_1266">,</word>
<word id="word_1267">there</word>
<word id="word_1268">'s</word>
<word id="word_1269">no</word>
<word id="word_1270">clinics</word>
<word id="word_1271">,</word>
<word id="word_1272">there</word>
<word id="word_1273">'s</word>
<word id="word_1274">no</word>
<word id="word_1275">clinicians</word>
<word id="word_1276">to</word>
<word id="word_1277">deliver</word>
<word id="word_1278">these</word>
<word id="word_1279">things</word>
<word id="word_1280">where</word>
<word id="word_1281">they</word>
<word id="word_1282">'re</word>
<word id="word_1283">needed</word>
<word id="word_1284">?</word>
<word id="word_1285">So</word>
<word id="word_1286">there</word>
<word id="word_1287">'s</word>
<word id="word_1288">a</word>
<word id="word_1289">huge</word>
<word id="word_1290">economic</word>
<word id="word_1291">challenge</word>
<word id="word_1292">in</word>
<word id="word_1293">taming</word>
<word id="word_1294">malaria</word>
<word id="word_1295">.</word>
<word id="word_1296">But</word>
<word id="word_1297">along</word>
<word id="word_1298">with</word>
<word id="word_1299">the</word>
<word id="word_1300">scientific</word>
<word id="word_1301">challenge</word>
<word id="word_1302">and</word>
<word id="word_1303">the</word>
<word id="word_1304">economic</word>
<word id="word_1305">challenge</word>
<word id="word_1306">,</word>
<word id="word_1307">there</word>
<word id="word_1308">'s</word>
<word id="word_1309">also</word>
<word id="word_1310">a</word>
<word id="word_1311">cultural</word>
<word id="word_1312">challenge</word>
<word id="word_1313">,</word>
<word id="word_1314">and</word>
<word id="word_1315">this</word>
<word id="word_1316">is</word>
<word id="word_1317">probably</word>
<word id="word_1318">the</word>
<word id="word_1319">part</word>
<word id="word_1320">about</word>
<word id="word_1321">malaria</word>
<word id="word_1322">that</word>
<word id="word_1323">people</word>
<word id="word_1324">don</word>
<word id="word_1325">'t</word>
<word id="word_1326">like</word>
<word id="word_1327">to</word>
<word id="word_1328">talk</word>
<word id="word_1329">about</word>
<word id="word_1330">.</word>
<word id="word_1331">And</word>
<word id="word_1332">it</word>
<word id="word_1333">'s</word>
<word id="word_1334">the</word>
<word id="word_1335">paradox</word>
<word id="word_1336">that</word>
<word id="word_1337">the</word>
<word id="word_1338">people</word>
<word id="word_1339">who</word>
<word id="word_1340">have</word>
<word id="word_1341">the</word>
<word id="word_1342">most</word>
<word id="word_1343">malaria</word>
<word id="word_1344">in</word>
<word id="word_1345">the</word>
<word id="word_1346">world</word>
<word id="word_1347">tend</word>
<word id="word_1348">to</word>
<word id="word_1349">care</word>
<word id="word_1350">about</word>
<word id="word_1351">it</word>
<word id="word_1352">the</word>
<word id="word_1353">least</word>
<word id="word_1354">.</word>
<word id="word_1355">This</word>
<word id="word_1356">has</word>
<word id="word_1357">been</word>
<word id="word_1358">the</word>
<word id="word_1359">finding</word>
<word id="word_1360">of</word>
<word id="word_1361">medical</word>
<word id="word_1362">anthropologists</word>
<word id="word_1363">again</word>
<word id="word_1364">and</word>
<word id="word_1365">again</word>
<word id="word_1366">.</word>
<word id="word_1367">They</word>
<word id="word_1368">ask</word>
<word id="word_1369">people</word>
<word id="word_1370">in</word>
<word id="word_1371">malarious</word>
<word id="word_1372">parts</word>
<word id="word_1373">of</word>
<word id="word_1374">the</word>
<word id="word_1375">world</word>
<word id="word_1376">,</word>
<word id="word_1377">"</word>
<word id="word_1378">What</word>
<word id="word_1379">do</word>
<word id="word_1380">you</word>
<word id="word_1381">think</word>
<word id="word_1382">about</word>
<word id="word_1383">malaria</word>
<word id="word_1384">?</word>
<word id="word_1385">"</word>
<word id="word_1386">And</word>
<word id="word_1387">they</word>
<word id="word_1388">don</word>
<word id="word_1389">'t</word>
<word id="word_1390">say</word>
<word id="word_1391">,</word>
<word id="word_1392">"</word>
<word id="word_1393">It</word>
<word id="word_1394">'s</word>
<word id="word_1395">a</word>
<word id="word_1396">killer</word>
<word id="word_1397">disease</word>
<word id="word_1398">.</word>
<word id="word_1399">We</word>
<word id="word_1400">'re</word>
<word id="word_1401">scared</word>
<word id="word_1402">of</word>
<word id="word_1403">it</word>
<word id="word_1404">.</word>
<word id="word_1405">"</word>
<word id="word_1406">They</word>
<word id="word_1407">say</word>
<word id="word_1408">,</word>
<word id="word_1409">"</word>
<word id="word_1410">Malaria</word>
<word id="word_1411">is</word>
<word id="word_1412">a</word>
<word id="word_1413">normal</word>
<word id="word_1414">problem</word>
<word id="word_1415">of</word>
<word id="word_1416">life</word>
<word id="word_1417">.</word>
<word id="word_1418">"</word>
<word id="word_1419">And</word>
<word id="word_1420">that</word>
<word id="word_1421">was</word>
<word id="word_1422">certainly</word>
<word id="word_1423">my</word>
<word id="word_1424">personal</word>
<word id="word_1425">experience</word>
<word id="word_1426">.</word>
<word id="word_1427">When</word>
<word id="word_1428">I</word>
<word id="word_1429">told</word>
<word id="word_1430">my</word>
<word id="word_1431">relatives</word>
<word id="word_1432">in</word>
<word id="word_1433">India</word>
<word id="word_1434">that</word>
<word id="word_1435">I</word>
<word id="word_1436">was</word>
<word id="word_1437">writing</word>
<word id="word_1438">a</word>
<word id="word_1439">book</word>
<word id="word_1440">about</word>
<word id="word_1441">malaria</word>
<word id="word_1442">,</word>
<word id="word_1443">they</word>
<word id="word_1444">kind</word>
<word id="word_1445">of</word>
<word id="word_1446">looked</word>
<word id="word_1447">at</word>
<word id="word_1448">me</word>
<word id="word_1449">like</word>
<word id="word_1450">I</word>
<word id="word_1451">told</word>
<word id="word_1452">them</word>
<word id="word_1453">I</word>
<word id="word_1454">was</word>
<word id="word_1455">writing</word>
<word id="word_1456">a</word>
<word id="word_1457">book</word>
<word id="word_1458">about</word>
<word id="word_1459">warts</word>
<word id="word_1460">or</word>
<word id="word_1461">something</word>
<word id="word_1462">.</word>
<word id="word_1463">Like</word>
<word id="word_1464">,</word>
<word id="word_1465">why</word>
<word id="word_1466">would</word>
<word id="word_1467">you</word>
<word id="word_1468">write</word>
<word id="word_1469">about</word>
<word id="word_1470">something</word>
<word id="word_1471">so</word>
<word id="word_1472">boring</word>
<word id="word_1473">,</word>
<word id="word_1474">so</word>
<word id="word_1475">ordinary</word>
<word id="word_1476">?</word>
<word id="word_1477">You</word>
<word id="word_1478">know</word>
<word id="word_1479">?</word>
<word id="word_1480">And</word>
<word id="word_1481">it</word>
<word id="word_1482">'s</word>
<word id="word_1483">simple</word>
<word id="word_1484">risk</word>
<word id="word_1485">perception</word>
<word id="word_1486">,</word>
<word id="word_1487">really</word>
<word id="word_1488">.</word>
<word id="word_1489">A</word>
<word id="word_1490">child</word>
<word id="word_1491">in</word>
<word id="word_1492">Malawi</word>
<word id="word_1493">,</word>
<word id="word_1494">for</word>
<word id="word_1495">example</word>
<word id="word_1496">,</word>
<word id="word_1497">she</word>
<word id="word_1498">might</word>
<word id="word_1499">have</word>
<word id="word_1500">12</word>
<word id="word_1501">episodes</word>
<word id="word_1502">of</word>
<word id="word_1503">malaria</word>
<word id="word_1504">before</word>
<word id="word_1505">the</word>
<word id="word_1506">age</word>
<word id="word_1507">of</word>
<word id="word_1508">two</word>
<word id="word_1509">,</word>
<word id="word_1510">but</word>
<word id="word_1511">if</word>
<word id="word_1512">she</word>
<word id="word_1513">survives</word>
<word id="word_1514">,</word>
<word id="word_1515">she</word>
<word id="word_1516">'ll</word>
<word id="word_1517">continue</word>
<word id="word_1518">to</word>
<word id="word_1519">get</word>
<word id="word_1520">malaria</word>
<word id="word_1521">throughout</word>
<word id="word_1522">her</word>
<word id="word_1523">life</word>
<word id="word_1524">,</word>
<word id="word_1525">but</word>
<word id="word_1526">she</word>
<word id="word_1527">'s</word>
<word id="word_1528">much</word>
<word id="word_1529">less</word>
<word id="word_1530">likely</word>
<word id="word_1531">to</word>
<word id="word_1532">die</word>
<word id="word_1533">of</word>
<word id="word_1534">it</word>
<word id="word_1535">.</word>
<word id="word_1536">And</word>
<word id="word_1537">so</word>
<word id="word_1538">in</word>
<word id="word_1539">her</word>
<word id="word_1540">lived</word>
<word id="word_1541">experience</word>
<word id="word_1542">,</word>
<word id="word_1543">malaria</word>
<word id="word_1544">is</word>
<word id="word_1545">something</word>
<word id="word_1546">that</word>
<word id="word_1547">comes</word>
<word id="word_1548">and</word>
<word id="word_1549">goes</word>
<word id="word_1550">.</word>
<word id="word_1551">And</word>
<word id="word_1552">that</word>
<word id="word_1553">'s</word>
<word id="word_1554">actually</word>
<word id="word_1555">true</word>
<word id="word_1556">for</word>
<word id="word_1557">most</word>
<word id="word_1558">of</word>
<word id="word_1559">the</word>
<word id="word_1560">world</word>
<word id="word_1561">'s</word>
<word id="word_1562">malaria</word>
<word id="word_1563">.</word>
<word id="word_1564">Most</word>
<word id="word_1565">of</word>
<word id="word_1566">the</word>
<word id="word_1567">world</word>
<word id="word_1568">'s</word>
<word id="word_1569">malaria</word>
<word id="word_1570">comes</word>
<word id="word_1571">and</word>
<word id="word_1572">goes</word>
<word id="word_1573">on</word>
<word id="word_1574">its</word>
<word id="word_1575">own</word>
<word id="word_1576">.</word>
<word id="word_1577">It</word>
<word id="word_1578">'s</word>
<word id="word_1579">just</word>
<word id="word_1580">,</word>
<word id="word_1581">there</word>
<word id="word_1582">'s</word>
<word id="word_1583">so</word>
<word id="word_1584">much</word>
<word id="word_1585">malaria</word>
<word id="word_1586">that</word>
<word id="word_1587">this</word>
<word id="word_1588">tiny</word>
<word id="word_1589">fraction</word>
<word id="word_1590">of</word>
<word id="word_1591">cases</word>
<word id="word_1592">that</word>
<word id="word_1593">end</word>
<word id="word_1594">in</word>
<word id="word_1595">death</word>
<word id="word_1596">add</word>
<word id="word_1597">up</word>
<word id="word_1598">to</word>
<word id="word_1599">this</word>
<word id="word_1600">big</word>
<word id="word_1601">,</word>
<word id="word_1602">huge</word>
<word id="word_1603">number</word>
<word id="word_1604">.</word>
<word id="word_1605">So</word>
<word id="word_1606">I</word>
<word id="word_1607">think</word>
<word id="word_1608">people</word>
<word id="word_1609">in</word>
<word id="word_1610">malarious</word>
<word id="word_1611">parts</word>
<word id="word_1612">of</word>
<word id="word_1613">the</word>
<word id="word_1614">world</word>
<word id="word_1615">must</word>
<word id="word_1616">think</word>
<word id="word_1617">of</word>
<word id="word_1618">malaria</word>
<word id="word_1619">the</word>
<word id="word_1620">way</word>
<word id="word_1621">those</word>
<word id="word_1622">of</word>
<word id="word_1623">us</word>
<word id="word_1624">who</word>
<word id="word_1625">live</word>
<word id="word_1626">in</word>
<word id="word_1627">the</word>
<word id="word_1628">temperate</word>
<word id="word_1629">world</word>
<word id="word_1630">think</word>
<word id="word_1631">of</word>
<word id="word_1632">cold</word>
<word id="word_1633">and</word>
<word id="word_1634">flu</word>
<word id="word_1635">.</word>
<word id="word_1636">Right</word>
<word id="word_1637">?</word>
<word id="word_1638">Cold</word>
<word id="word_1639">and</word>
<word id="word_1640">flu</word>
<word id="word_1641">have</word>
<word id="word_1642">a</word>
<word id="word_1643">huge</word>
<word id="word_1644">burden</word>
<word id="word_1645">on</word>
<word id="word_1646">our</word>
<word id="word_1647">societies</word>
<word id="word_1648">and</word>
<word id="word_1649">on</word>
<word id="word_1650">our</word>
<word id="word_1651">own</word>
<word id="word_1652">lives</word>
<word id="word_1653">,</word>
<word id="word_1654">but</word>
<word id="word_1655">we</word>
<word id="word_1656">don</word>
<word id="word_1657">'t</word>
<word id="word_1658">really</word>
<word id="word_1659">even</word>
<word id="word_1660">take</word>
<word id="word_1661">the</word>
<word id="word_1662">most</word>
<word id="word_1663">rudimentary</word>
<word id="word_1664">precautions</word>
<word id="word_1665">against</word>
<word id="word_1666">it</word>
<word id="word_1667">because</word>
<word id="word_1668">we</word>
<word id="word_1669">consider</word>
<word id="word_1670">it</word>
<word id="word_1671">normal</word>
<word id="word_1672">to</word>
<word id="word_1673">get</word>
<word id="word_1674">cold</word>
<word id="word_1675">and</word>
<word id="word_1676">flu</word>
<word id="word_1677">during</word>
<word id="word_1678">cold</word>
<word id="word_1679">and</word>
<word id="word_1680">flu</word>
<word id="word_1681">season</word>
<word id="word_1682">.</word>
<word id="word_1683">And</word>
<word id="word_1684">so</word>
<word id="word_1685">this</word>
<word id="word_1686">poses</word>
<word id="word_1687">a</word>
<word id="word_1688">huge</word>
<word id="word_1689">cultural</word>
<word id="word_1690">challenge</word>
<word id="word_1691">in</word>
<word id="word_1692">taming</word>
<word id="word_1693">malaria</word>
<word id="word_1694">,</word>
<word id="word_1695">because</word>
<word id="word_1696">if</word>
<word id="word_1697">people</word>
<word id="word_1698">think</word>
<word id="word_1699">it</word>
<word id="word_1700">'s</word>
<word id="word_1701">normal</word>
<word id="word_1702">to</word>
<word id="word_1703">have</word>
<word id="word_1704">malaria</word>
<word id="word_1705">,</word>
<word id="word_1706">then</word>
<word id="word_1707">how</word>
<word id="word_1708">do</word>
<word id="word_1709">you</word>
<word id="word_1710">get</word>
<word id="word_1711">them</word>
<word id="word_1712">to</word>
<word id="word_1713">run</word>
<word id="word_1714">to</word>
<word id="word_1715">the</word>
<word id="word_1716">doctor</word>
<word id="word_1717">to</word>
<word id="word_1718">get</word>
<word id="word_1719">diagnosed</word>
<word id="word_1720">,</word>
<word id="word_1721">to</word>
<word id="word_1722">pick</word>
<word id="word_1723">up</word>
<word id="word_1724">their</word>
<word id="word_1725">prescription</word>
<word id="word_1726">,</word>
<word id="word_1727">to</word>
<word id="word_1728">get</word>
<word id="word_1729">it</word>
<word id="word_1730">filled</word>
<word id="word_1731">,</word>
<word id="word_1732">to</word>
<word id="word_1733">take</word>
<word id="word_1734">the</word>
<word id="word_1735">drugs</word>
<word id="word_1736">,</word>
<word id="word_1737">to</word>
<word id="word_1738">put</word>
<word id="word_1739">on</word>
<word id="word_1740">the</word>
<word id="word_1741">repellents</word>
<word id="word_1742">,</word>
<word id="word_1743">to</word>
<word id="word_1744">tuck</word>
<word id="word_1745">in</word>
<word id="word_1746">the</word>
<word id="word_1747">bed</word>
<word id="word_1748">nets</word>
<word id="word_1749">?</word>
<word id="word_1750">This</word>
<word id="word_1751">is</word>
<word id="word_1752">a</word>
<word id="word_1753">huge</word>
<word id="word_1754">cultural</word>
<word id="word_1755">challenge</word>
<word id="word_1756">in</word>
<word id="word_1757">taming</word>
<word id="word_1758">this</word>
<word id="word_1759">disease</word>
<word id="word_1760">.</word>
<word id="word_1761">So</word>
<word id="word_1762">take</word>
<word id="word_1763">all</word>
<word id="word_1764">that</word>
<word id="word_1765">together</word>
<word id="word_1766">.</word>
<word id="word_1767">We</word>
<word id="word_1768">'ve</word>
<word id="word_1769">got</word>
<word id="word_1770">a</word>
<word id="word_1771">disease</word>
<word id="word_1772">.</word>
<word id="word_1773">It</word>
<word id="word_1774">'s</word>
<word id="word_1775">scientifically</word>
<word id="word_1776">complicated</word>
<word id="word_1777">,</word>
<word id="word_1778">it</word>
<word id="word_1779">'s</word>
<word id="word_1780">economically</word>
<word id="word_1781">challenging</word>
<word id="word_1782">to</word>
<word id="word_1783">deal</word>
<word id="word_1784">with</word>
<word id="word_1785">,</word>
<word id="word_1786">and</word>
<word id="word_1787">it</word>
<word id="word_1788">'s</word>
<word id="word_1789">one</word>
<word id="word_1790">for</word>
<word id="word_1791">which</word>
<word id="word_1792">the</word>
<word id="word_1793">people</word>
<word id="word_1794">who</word>
<word id="word_1795">stand</word>
<word id="word_1796">to</word>
<word id="word_1797">benefit</word>
<word id="word_1798">the</word>
<word id="word_1799">most</word>
<word id="word_1800">care</word>
<word id="word_1801">about</word>
<word id="word_1802">it</word>
<word id="word_1803">the</word>
<word id="word_1804">least</word>
<word id="word_1805">.</word>
<word id="word_1806">And</word>
<word id="word_1807">that</word>
<word id="word_1808">adds</word>
<word id="word_1809">up</word>
<word id="word_1810">to</word>
<word id="word_1811">the</word>
<word id="word_1812">biggest</word>
<word id="word_1813">problem</word>
<word id="word_1814">of</word>
<word id="word_1815">all</word>
<word id="word_1816">,</word>
<word id="word_1817">which</word>
<word id="word_1818">,</word>
<word id="word_1819">of</word>
<word id="word_1820">course</word>
<word id="word_1821">,</word>
<word id="word_1822">is</word>
<word id="word_1823">the</word>
<word id="word_1824">political</word>
<word id="word_1825">problem</word>
<word id="word_1826">.</word>
<word id="word_1827">How</word>
<word id="word_1828">do</word>
<word id="word_1829">you</word>
<word id="word_1830">get</word>
<word id="word_1831">a</word>
<word id="word_1832">political</word>
<word id="word_1833">leader</word>
<word id="word_1834">to</word>
<word id="word_1835">do</word>
<word id="word_1836">anything</word>
<word id="word_1837">about</word>
<word id="word_1838">a</word>
<word id="word_1839">problem</word>
<word id="word_1840">like</word>
<word id="word_1841">this</word>
<word id="word_1842">?</word>
<word id="word_1843">And</word>
<word id="word_1844">the</word>
<word id="word_1845">answer</word>
<word id="word_1846">is</word>
<word id="word_1847">,</word>
<word id="word_1848">historically</word>
<word id="word_1849">,</word>
<word id="word_1850">you</word>
<word id="word_1851">don</word>
<word id="word_1852">'t</word>
<word id="word_1853">.</word>
<word id="word_1854">Most</word>
<word id="word_1855">malarious</word>
<word id="word_1856">societies</word>
<word id="word_1857">throughout</word>
<word id="word_1858">history</word>
<word id="word_1859">have</word>
<word id="word_1860">simply</word>
<word id="word_1861">lived</word>
<word id="word_1862">with</word>
<word id="word_1863">the</word>
<word id="word_1864">disease</word>
<word id="word_1865">.</word>
<word id="word_1866">So</word>
<word id="word_1867">the</word>
<word id="word_1868">main</word>
<word id="word_1869">attacks</word>
<word id="word_1870">on</word>
<word id="word_1871">malaria</word>
<word id="word_1872">have</word>
<word id="word_1873">come</word>
<word id="word_1874">from</word>
<word id="word_1875">outside</word>
<word id="word_1876">of</word>
<word id="word_1877">malarious</word>
<word id="word_1878">societies</word>
<word id="word_1879">,</word>
<word id="word_1880">from</word>
<word id="word_1881">people</word>
<word id="word_1882">who</word>
<word id="word_1883">aren</word>
<word id="word_1884">'t</word>
<word id="word_1885">constrained</word>
<word id="word_1886">by</word>
<word id="word_1887">these</word>
<word id="word_1888">rather</word>
<word id="word_1889">paralyzing</word>
<word id="word_1890">politics</word>
<word id="word_1891">.</word>
<word id="word_1892">But</word>
<word id="word_1893">this</word>
<word id="word_1894">,</word>
<word id="word_1895">I</word>
<word id="word_1896">think</word>
<word id="word_1897">,</word>
<word id="word_1898">introduces</word>
<word id="word_1899">a</word>
<word id="word_1900">whole</word>
<word id="word_1901">host</word>
<word id="word_1902">of</word>
<word id="word_1903">other</word>
<word id="word_1904">kinds</word>
<word id="word_1905">of</word>
<word id="word_1906">difficulties</word>
<word id="word_1907">.</word>
<word id="word_1908">The</word>
<word id="word_1909">first</word>
<word id="word_1910">concerted</word>
<word id="word_1911">attack</word>
<word id="word_1912">against</word>
<word id="word_1913">malaria</word>
<word id="word_1914">started</word>
<word id="word_1915">in</word>
<word id="word_1916">the</word>
<word id="word_1917">1950s</word>
<word id="word_1918">.</word>
<word id="word_1919">It</word>
<word id="word_1920">was</word>
<word id="word_1921">the</word>
<word id="word_1922">brainchild</word>
<word id="word_1923">of</word>
<word id="word_1924">the</word>
<word id="word_1925">U.S.</word>
<word id="word_1926">State</word>
<word id="word_1927">Department</word>
<word id="word_1928">.</word>
<word id="word_1929">And</word>
<word id="word_1930">this</word>
<word id="word_1931">effort</word>
<word id="word_1932">well</word>
<word id="word_1933">understood</word>
<word id="word_1934">the</word>
<word id="word_1935">economic</word>
<word id="word_1936">challenge</word>
<word id="word_1937">.</word>
<word id="word_1938">They</word>
<word id="word_1939">knew</word>
<word id="word_1940">they</word>
<word id="word_1941">had</word>
<word id="word_1942">to</word>
<word id="word_1943">focus</word>
<word id="word_1944">on</word>
<word id="word_1945">cheap</word>
<word id="word_1946">,</word>
<word id="word_1947">easy-to-use</word>
<word id="word_1948">tools</word>
<word id="word_1949">,</word>
<word id="word_1950">and</word>
<word id="word_1951">they</word>
<word id="word_1952">focused</word>
<word id="word_1953">on</word>
<word id="word_1954">DDT</word>
<word id="word_1955">.</word>
<word id="word_1956">They</word>
<word id="word_1957">understood</word>
<word id="word_1958">the</word>
<word id="word_1959">cultural</word>
<word id="word_1960">challenge</word>
<word id="word_1961">.</word>
<word id="word_1962">In</word>
<word id="word_1963">fact</word>
<word id="word_1964">,</word>
<word id="word_1965">their</word>
<word id="word_1966">rather</word>
<word id="word_1967">patronizing</word>
<word id="word_1968">view</word>
<word id="word_1969">was</word>
<word id="word_1970">that</word>
<word id="word_1971">people</word>
<word id="word_1972">at</word>
<word id="word_1973">risk</word>
<word id="word_1974">of</word>
<word id="word_1975">malaria</word>
<word id="word_1976">shouldn</word>
<word id="word_1977">'t</word>
<word id="word_1978">be</word>
<word id="word_1979">asked</word>
<word id="word_1980">to</word>
<word id="word_1981">do</word>
<word id="word_1982">anything</word>
<word id="word_1983">at</word>
<word id="word_1984">all</word>
<word id="word_1985">.</word>
<word id="word_1986">Everything</word>
<word id="word_1987">should</word>
<word id="word_1988">be</word>
<word id="word_1989">done</word>
<word id="word_1990">to</word>
<word id="word_1991">them</word>
<word id="word_1992">and</word>
<word id="word_1993">for</word>
<word id="word_1994">them</word>
<word id="word_1995">.</word>
<word id="word_1996">But</word>
<word id="word_1997">they</word>
<word id="word_1998">greatly</word>
<word id="word_1999">underestimated</word>
<word id="word_2000">the</word>
<word id="word_2001">scientific</word>
<word id="word_2002">challenge</word>
<word id="word_2003">.</word>
<word id="word_2004">They</word>
<word id="word_2005">had</word>
<word id="word_2006">so</word>
<word id="word_2007">much</word>
<word id="word_2008">faith</word>
<word id="word_2009">in</word>
<word id="word_2010">their</word>
<word id="word_2011">tools</word>
<word id="word_2012">that</word>
<word id="word_2013">they</word>
<word id="word_2014">stopped</word>
<word id="word_2015">doing</word>
<word id="word_2016">malaria</word>
<word id="word_2017">research</word>
<word id="word_2018">.</word>
<word id="word_2019">And</word>
<word id="word_2020">so</word>
<word id="word_2021">when</word>
<word id="word_2022">those</word>
<word id="word_2023">tools</word>
<word id="word_2024">started</word>
<word id="word_2025">to</word>
<word id="word_2026">fail</word>
<word id="word_2027">,</word>
<word id="word_2028">and</word>
<word id="word_2029">public</word>
<word id="word_2030">opinion</word>
<word id="word_2031">started</word>
<word id="word_2032">to</word>
<word id="word_2033">turn</word>
<word id="word_2034">against</word>
<word id="word_2035">those</word>
<word id="word_2036">tools</word>
<word id="word_2037">,</word>
<word id="word_2038">they</word>
<word id="word_2039">had</word>
<word id="word_2040">no</word>
<word id="word_2041">scientific</word>
<word id="word_2042">expertise</word>
<word id="word_2043">to</word>
<word id="word_2044">figure</word>
<word id="word_2045">out</word>
<word id="word_2046">what</word>
<word id="word_2047">to</word>
<word id="word_2048">do</word>
<word id="word_2049">.</word>
<word id="word_2050">The</word>
<word id="word_2051">whole</word>
<word id="word_2052">campaign</word>
<word id="word_2053">crashed</word>
<word id="word_2054">,</word>
<word id="word_2055">malaria</word>
<word id="word_2056">resurged</word>
<word id="word_2057">back</word>
<word id="word_2058">,</word>
<word id="word_2059">but</word>
<word id="word_2060">now</word>
<word id="word_2061">it</word>
<word id="word_2062">was</word>
<word id="word_2063">even</word>
<word id="word_2064">worse</word>
<word id="word_2065">than</word>
<word id="word_2066">before</word>
<word id="word_2067">because</word>
<word id="word_2068">it</word>
<word id="word_2069">was</word>
<word id="word_2070">corralled</word>
<word id="word_2071">into</word>
<word id="word_2072">the</word>
<word id="word_2073">hardest-to-reach</word>
<word id="word_2074">places</word>
<word id="word_2075">in</word>
<word id="word_2076">the</word>
<word id="word_2077">most</word>
<word id="word_2078">difficult-to-control</word>
<word id="word_2079">forms</word>
<word id="word_2080">.</word>
<word id="word_2081">One</word>
<word id="word_2082">WHO</word>
<word id="word_2083">official</word>
<word id="word_2084">at</word>
<word id="word_2085">the</word>
<word id="word_2086">time</word>
<word id="word_2087">actually</word>
<word id="word_2088">called</word>
<word id="word_2089">that</word>
<word id="word_2090">whole</word>
<word id="word_2091">campaign</word>
<word id="word_2092">"</word>
<word id="word_2093">one</word>
<word id="word_2094">of</word>
<word id="word_2095">the</word>
<word id="word_2096">greatest</word>
<word id="word_2097">mistakes</word>
<word id="word_2098">ever</word>
<word id="word_2099">made</word>
<word id="word_2100">in</word>
<word id="word_2101">public</word>
<word id="word_2102">health</word>
<word id="word_2103">.</word>
<word id="word_2104">"</word>
<word id="word_2105">The</word>
<word id="word_2106">latest</word>
<word id="word_2107">effort</word>
<word id="word_2108">to</word>
<word id="word_2109">tame</word>
<word id="word_2110">malaria</word>
<word id="word_2111">started</word>
<word id="word_2112">in</word>
<word id="word_2113">the</word>
<word id="word_2114">late</word>
<word id="word_2115">1990s</word>
<word id="word_2116">.</word>
<word id="word_2117">It</word>
<word id="word_2118">'s</word>
<word id="word_2119">similarly</word>
<word id="word_2120">directed</word>
<word id="word_2121">and</word>
<word id="word_2122">financed</word>
<word id="word_2123">primarily</word>
<word id="word_2124">from</word>
<word id="word_2125">outside</word>
<word id="word_2126">of</word>
<word id="word_2127">malarious</word>
<word id="word_2128">societies</word>
<word id="word_2129">.</word>
<word id="word_2130">Now</word>
<word id="word_2131">this</word>
<word id="word_2132">effort</word>
<word id="word_2133">well</word>
<word id="word_2134">understands</word>
<word id="word_2135">the</word>
<word id="word_2136">scientific</word>
<word id="word_2137">challenge</word>
<word id="word_2138">.</word>
<word id="word_2139">They</word>
<word id="word_2140">are</word>
<word id="word_2141">doing</word>
<word id="word_2142">tons</word>
<word id="word_2143">of</word>
<word id="word_2144">malaria</word>
<word id="word_2145">research</word>
<word id="word_2146">.</word>
<word id="word_2147">And</word>
<word id="word_2148">they</word>
<word id="word_2149">understand</word>
<word id="word_2150">the</word>
<word id="word_2151">economic</word>
<word id="word_2152">challenge</word>
<word id="word_2153">too</word>
<word id="word_2154">.</word>
<word id="word_2155">They</word>
<word id="word_2156">'re</word>
<word id="word_2157">focusing</word>
<word id="word_2158">on</word>
<word id="word_2159">very</word>
<word id="word_2160">cheap</word>
<word id="word_2161">,</word>
<word id="word_2162">very</word>
<word id="word_2163">easy-to-use</word>
<word id="word_2164">tools</word>
<word id="word_2165">.</word>
<word id="word_2166">But</word>
<word id="word_2167">now</word>
<word id="word_2168">,</word>
<word id="word_2169">I</word>
<word id="word_2170">think</word>
<word id="word_2171">,</word>
<word id="word_2172">the</word>
<word id="word_2173">dilemma</word>
<word id="word_2174">is</word>
<word id="word_2175">the</word>
<word id="word_2176">cultural</word>
<word id="word_2177">challenge</word>
<word id="word_2178">.</word>
<word id="word_2179">The</word>
<word id="word_2180">centerpiece</word>
<word id="word_2181">of</word>
<word id="word_2182">the</word>
<word id="word_2183">current</word>
<word id="word_2184">effort</word>
<word id="word_2185">is</word>
<word id="word_2186">the</word>
<word id="word_2187">bed</word>
<word id="word_2188">net</word>
<word id="word_2189">.</word>
<word id="word_2190">It</word>
<word id="word_2191">'s</word>
<word id="word_2192">treated</word>
<word id="word_2193">with</word>
<word id="word_2194">insecticides</word>
<word id="word_2195">.</word>
<word id="word_2196">This</word>
<word id="word_2197">thing</word>
<word id="word_2198">has</word>
<word id="word_2199">been</word>
<word id="word_2200">distributed</word>
<word id="word_2201">across</word>
<word id="word_2202">the</word>
<word id="word_2203">malarious</word>
<word id="word_2204">world</word>
<word id="word_2205">by</word>
<word id="word_2206">the</word>
<word id="word_2207">millions</word>
<word id="word_2208">.</word>
<word id="word_2209">And</word>
<word id="word_2210">when</word>
<word id="word_2211">you</word>
<word id="word_2212">think</word>
<word id="word_2213">about</word>
<word id="word_2214">the</word>
<word id="word_2215">bed</word>
<word id="word_2216">net</word>
<word id="word_2217">,</word>
<word id="word_2218">it</word>
<word id="word_2219">'s</word>
<word id="word_2220">sort</word>
<word id="word_2221">of</word>
<word id="word_2222">a</word>
<word id="word_2223">surgical</word>
<word id="word_2224">intervention</word>
<word id="word_2225">.</word>
<word id="word_2226">You</word>
<word id="word_2227">know</word>
<word id="word_2228">,</word>
<word id="word_2229">it</word>
<word id="word_2230">doesn</word>
<word id="word_2231">'t</word>
<word id="word_2232">really</word>
<word id="word_2233">have</word>
<word id="word_2234">any</word>
<word id="word_2235">value</word>
<word id="word_2236">to</word>
<word id="word_2237">a</word>
<word id="word_2238">family</word>
<word id="word_2239">with</word>
<word id="word_2240">malaria</word>
<word id="word_2241">except</word>
<word id="word_2242">that</word>
<word id="word_2243">it</word>
<word id="word_2244">helps</word>
<word id="word_2245">prevent</word>
<word id="word_2246">malaria</word>
<word id="word_2247">.</word>
<word id="word_2248">And</word>
<word id="word_2249">yet</word>
<word id="word_2250">we</word>
<word id="word_2251">'re</word>
<word id="word_2252">asking</word>
<word id="word_2253">people</word>
<word id="word_2254">to</word>
<word id="word_2255">use</word>
<word id="word_2256">these</word>
<word id="word_2257">nets</word>
<word id="word_2258">every</word>
<word id="word_2259">night</word>
<word id="word_2260">.</word>
<word id="word_2261">They</word>
<word id="word_2262">have</word>
<word id="word_2263">to</word>
<word id="word_2264">sleep</word>
<word id="word_2265">under</word>
<word id="word_2266">them</word>
<word id="word_2267">every</word>
<word id="word_2268">night</word>
<word id="word_2269">.</word>
<word id="word_2270">That</word>
<word id="word_2271">'s</word>
<word id="word_2272">the</word>
<word id="word_2273">only</word>
<word id="word_2274">way</word>
<word id="word_2275">they</word>
<word id="word_2276">are</word>
<word id="word_2277">effective</word>
<word id="word_2278">.</word>
<word id="word_2279">And</word>
<word id="word_2280">they</word>
<word id="word_2281">have</word>
<word id="word_2282">to</word>
<word id="word_2283">do</word>
<word id="word_2284">that</word>
<word id="word_2285">even</word>
<word id="word_2286">if</word>
<word id="word_2287">the</word>
<word id="word_2288">net</word>
<word id="word_2289">blocks</word>
<word id="word_2290">the</word>
<word id="word_2291">breeze</word>
<word id="word_2292">,</word>
<word id="word_2293">even</word>
<word id="word_2294">if</word>
<word id="word_2295">they</word>
<word id="word_2296">might</word>
<word id="word_2297">have</word>
<word id="word_2298">to</word>
<word id="word_2299">get</word>
<word id="word_2300">up</word>
<word id="word_2301">in</word>
<word id="word_2302">the</word>
<word id="word_2303">middle</word>
<word id="word_2304">of</word>
<word id="word_2305">the</word>
<word id="word_2306">night</word>
<word id="word_2307">and</word>
<word id="word_2308">relieve</word>
<word id="word_2309">themselves</word>
<word id="word_2310">,</word>
<word id="word_2311">even</word>
<word id="word_2312">if</word>
<word id="word_2313">they</word>
<word id="word_2314">might</word>
<word id="word_2315">have</word>
<word id="word_2316">to</word>
<word id="word_2317">move</word>
<word id="word_2318">all</word>
<word id="word_2319">their</word>
<word id="word_2320">furnishings</word>
<word id="word_2321">to</word>
<word id="word_2322">put</word>
<word id="word_2323">this</word>
<word id="word_2324">thing</word>
<word id="word_2325">up</word>
<word id="word_2326">,</word>
<word id="word_2327">even</word>
<word id="word_2328">if</word>
<word id="word_2329">,</word>
<word id="word_2330">you</word>
<word id="word_2331">know</word>
<word id="word_2332">,</word>
<word id="word_2333">they</word>
<word id="word_2334">might</word>
<word id="word_2335">live</word>
<word id="word_2336">in</word>
<word id="word_2337">a</word>
<word id="word_2338">round</word>
<word id="word_2339">hut</word>
<word id="word_2340">in</word>
<word id="word_2341">which</word>
<word id="word_2342">it</word>
<word id="word_2343">'s</word>
<word id="word_2344">difficult</word>
<word id="word_2345">to</word>
<word id="word_2346">string</word>
<word id="word_2347">up</word>
<word id="word_2348">a</word>
<word id="word_2349">square</word>
<word id="word_2350">net</word>
<word id="word_2351">.</word>
<word id="word_2352">Now</word>
<word id="word_2353">that</word>
<word id="word_2354">'s</word>
<word id="word_2355">no</word>
<word id="word_2356">big</word>
<word id="word_2357">deal</word>
<word id="word_2358">if</word>
<word id="word_2359">you</word>
<word id="word_2360">'re</word>
<word id="word_2361">fighting</word>
<word id="word_2362">a</word>
<word id="word_2363">killer</word>
<word id="word_2364">disease</word>
<word id="word_2365">.</word>
<word id="word_2366">I</word>
<word id="word_2367">mean</word>
<word id="word_2368">,</word>
<word id="word_2369">these</word>
<word id="word_2370">are</word>
<word id="word_2371">minor</word>
<word id="word_2372">inconveniences</word>
<word id="word_2373">.</word>
<word id="word_2374">But</word>
<word id="word_2375">that</word>
<word id="word_2376">'s</word>
<word id="word_2377">not</word>
<word id="word_2378">how</word>
<word id="word_2379">people</word>
<word id="word_2380">with</word>
<word id="word_2381">malaria</word>
<word id="word_2382">think</word>
<word id="word_2383">of</word>
<word id="word_2384">malaria</word>
<word id="word_2385">.</word>
<word id="word_2386">So</word>
<word id="word_2387">for</word>
<word id="word_2388">them</word>
<word id="word_2389">,</word>
<word id="word_2390">the</word>
<word id="word_2391">calculus</word>
<word id="word_2392">must</word>
<word id="word_2393">be</word>
<word id="word_2394">quite</word>
<word id="word_2395">different</word>
<word id="word_2396">.</word>
<word id="word_2397">Imagine</word>
<word id="word_2398">,</word>
<word id="word_2399">for</word>
<word id="word_2400">example</word>
<word id="word_2401">,</word>
<word id="word_2402">if</word>
<word id="word_2403">a</word>
<word id="word_2404">bunch</word>
<word id="word_2405">of</word>
<word id="word_2406">well-meaning</word>
<word id="word_2407">Kenyans</word>
<word id="word_2408">came</word>
<word id="word_2409">up</word>
<word id="word_2410">to</word>
<word id="word_2411">those</word>
<word id="word_2412">of</word>
<word id="word_2413">us</word>
<word id="word_2414">in</word>
<word id="word_2415">the</word>
<word id="word_2416">temperate</word>
<word id="word_2417">world</word>
<word id="word_2418">and</word>
<word id="word_2419">said</word>
<word id="word_2420">,</word>
<word id="word_2421">"</word>
<word id="word_2422">You</word>
<word id="word_2423">know</word>
<word id="word_2424">,</word>
<word id="word_2425">you</word>
<word id="word_2426">people</word>
<word id="word_2427">have</word>
<word id="word_2428">a</word>
<word id="word_2429">lot</word>
<word id="word_2430">of</word>
<word id="word_2431">cold</word>
<word id="word_2432">and</word>
<word id="word_2433">flu</word>
<word id="word_2434">.</word>
<word id="word_2435">We</word>
<word id="word_2436">'ve</word>
<word id="word_2437">designed</word>
<word id="word_2438">this</word>
<word id="word_2439">great</word>
<word id="word_2440">,</word>
<word id="word_2441">easy-to-use</word>
<word id="word_2442">,</word>
<word id="word_2443">cheap</word>
<word id="word_2444">tool</word>
<word id="word_2445">,</word>
<word id="word_2446">we</word>
<word id="word_2447">'re</word>
<word id="word_2448">going</word>
<word id="word_2449">to</word>
<word id="word_2450">give</word>
<word id="word_2451">it</word>
<word id="word_2452">to</word>
<word id="word_2453">you</word>
<word id="word_2454">for</word>
<word id="word_2455">free</word>
<word id="word_2456">.</word>
<word id="word_2457">It</word>
<word id="word_2458">'s</word>
<word id="word_2459">called</word>
<word id="word_2460">a</word>
<word id="word_2461">face</word>
<word id="word_2462">mask</word>
<word id="word_2463">,</word>
<word id="word_2464">and</word>
<word id="word_2465">all</word>
<word id="word_2466">you</word>
<word id="word_2467">need</word>
<word id="word_2468">to</word>
<word id="word_2469">do</word>
<word id="word_2470">is</word>
<word id="word_2471">wear</word>
<word id="word_2472">it</word>
<word id="word_2473">every</word>
<word id="word_2474">day</word>
<word id="word_2475">during</word>
<word id="word_2476">cold</word>
<word id="word_2477">and</word>
<word id="word_2478">flu</word>
<word id="word_2479">season</word>
<word id="word_2480">when</word>
<word id="word_2481">you</word>
<word id="word_2482">go</word>
<word id="word_2483">to</word>
<word id="word_2484">school</word>
<word id="word_2485">and</word>
<word id="word_2486">when</word>
<word id="word_2487">you</word>
<word id="word_2488">go</word>
<word id="word_2489">to</word>
<word id="word_2490">work</word>
<word id="word_2491">.</word>
<word id="word_2492">"</word>
<word id="word_2493">Would</word>
<word id="word_2494">we</word>
<word id="word_2495">do</word>
<word id="word_2496">that</word>
<word id="word_2497">?</word>
<word id="word_2498">And</word>
<word id="word_2499">I</word>
<word id="word_2500">wonder</word>
<word id="word_2501">if</word>
<word id="word_2502">that</word>
<word id="word_2503">'s</word>
<word id="word_2504">how</word>
<word id="word_2505">people</word>
<word id="word_2506">in</word>
<word id="word_2507">the</word>
<word id="word_2508">malarious</word>
<word id="word_2509">world</word>
<word id="word_2510">thought</word>
<word id="word_2511">of</word>
<word id="word_2512">those</word>
<word id="word_2513">nets</word>
<word id="word_2514">when</word>
<word id="word_2515">they</word>
<word id="word_2516">first</word>
<word id="word_2517">received</word>
<word id="word_2518">them</word>
<word id="word_2519">?</word>
<word id="word_2520">Indeed</word>
<word id="word_2521">,</word>
<word id="word_2522">we</word>
<word id="word_2523">know</word>
<word id="word_2524">from</word>
<word id="word_2525">studies</word>
<word id="word_2526">that</word>
<word id="word_2527">only</word>
<word id="word_2528">20</word>
<word id="word_2529">percent</word>
<word id="word_2530">of</word>
<word id="word_2531">the</word>
<word id="word_2532">bed</word>
<word id="word_2533">nets</word>
<word id="word_2534">that</word>
<word id="word_2535">were</word>
<word id="word_2536">first</word>
<word id="word_2537">distributed</word>
<word id="word_2538">were</word>
<word id="word_2539">actually</word>
<word id="word_2540">used</word>
<word id="word_2541">.</word>
<word id="word_2542">And</word>
<word id="word_2543">even</word>
<word id="word_2544">that</word>
<word id="word_2545">'s</word>
<word id="word_2546">probably</word>
<word id="word_2547">an</word>
<word id="word_2548">overestimate</word>
<word id="word_2549">,</word>
<word id="word_2550">because</word>
<word id="word_2551">the</word>
<word id="word_2552">same</word>
<word id="word_2553">people</word>
<word id="word_2554">who</word>
<word id="word_2555">distributed</word>
<word id="word_2556">the</word>
<word id="word_2557">nets</word>
<word id="word_2558">went</word>
<word id="word_2559">back</word>
<word id="word_2560">and</word>
<word id="word_2561">asked</word>
<word id="word_2562">the</word>
<word id="word_2563">recipients</word>
<word id="word_2564">,</word>
<word id="word_2565">"</word>
<word id="word_2566">Oh</word>
<word id="word_2567">,</word>
<word id="word_2568">did</word>
<word id="word_2569">you</word>
<word id="word_2570">use</word>
<word id="word_2571">that</word>
<word id="word_2572">net</word>
<word id="word_2573">I</word>
<word id="word_2574">gave</word>
<word id="word_2575">you</word>
<word id="word_2576">?</word>
<word id="word_2577">"</word>
<word id="word_2578">Which</word>
<word id="word_2579">is</word>
<word id="word_2580">like</word>
<word id="word_2581">your</word>
<word id="word_2582">Aunt</word>
<word id="word_2583">Jane</word>
<word id="word_2584">asking</word>
<word id="word_2585">you</word>
<word id="word_2586">,</word>
<word id="word_2587">"</word>
<word id="word_2588">Oh</word>
<word id="word_2589">,</word>
<word id="word_2590">did</word>
<word id="word_2591">you</word>
<word id="word_2592">use</word>
<word id="word_2593">that</word>
<word id="word_2594">vase</word>
<word id="word_2595">I</word>
<word id="word_2596">gave</word>
<word id="word_2597">you</word>
<word id="word_2598">for</word>
<word id="word_2599">Christmas</word>
<word id="word_2600">?</word>
<word id="word_2601">"</word>
<word id="word_2602">So</word>
<word id="word_2603">it</word>
<word id="word_2604">'s</word>
<word id="word_2605">probably</word>
<word id="word_2606">an</word>
<word id="word_2607">overestimate</word>
<word id="word_2608">.</word>
<word id="word_2609">But</word>
<word id="word_2610">that</word>
<word id="word_2611">'s</word>
<word id="word_2612">not</word>
<word id="word_2613">an</word>
<word id="word_2614">insurmountable</word>
<word id="word_2615">problem</word>
<word id="word_2616">.</word>
<word id="word_2617">We</word>
<word id="word_2618">can</word>
<word id="word_2619">do</word>
<word id="word_2620">more</word>
<word id="word_2621">education</word>
<word id="word_2622">,</word>
<word id="word_2623">we</word>
<word id="word_2624">can</word>
<word id="word_2625">try</word>
<word id="word_2626">to</word>
<word id="word_2627">convince</word>
<word id="word_2628">these</word>
<word id="word_2629">people</word>
<word id="word_2630">to</word>
<word id="word_2631">use</word>
<word id="word_2632">the</word>
<word id="word_2633">nets</word>
<word id="word_2634">.</word>
<word id="word_2635">And</word>
<word id="word_2636">that</word>
<word id="word_2637">'s</word>
<word id="word_2638">what</word>
<word id="word_2639">happening</word>
<word id="word_2640">now</word>
<word id="word_2641">.</word>
<word id="word_2642">We</word>
<word id="word_2643">'re</word>
<word id="word_2644">throwing</word>
<word id="word_2645">a</word>
<word id="word_2646">lot</word>
<word id="word_2647">more</word>
<word id="word_2648">time</word>
<word id="word_2649">and</word>
<word id="word_2650">money</word>
<word id="word_2651">into</word>
<word id="word_2652">workshops</word>
<word id="word_2653">and</word>
<word id="word_2654">trainings</word>
<word id="word_2655">and</word>
<word id="word_2656">musicals</word>
<word id="word_2657">and</word>
<word id="word_2658">plays</word>
<word id="word_2659">and</word>
<word id="word_2660">school</word>
<word id="word_2661">meetings</word>
<word id="word_2662">,</word>
<word id="word_2663">all</word>
<word id="word_2664">these</word>
<word id="word_2665">things</word>
<word id="word_2666">to</word>
<word id="word_2667">convince</word>
<word id="word_2668">people</word>
<word id="word_2669">to</word>
<word id="word_2670">use</word>
<word id="word_2671">the</word>
<word id="word_2672">nets</word>
<word id="word_2673">we</word>
<word id="word_2674">gave</word>
<word id="word_2675">you</word>
<word id="word_2676">.</word>
<word id="word_2677">And</word>
<word id="word_2678">that</word>
<word id="word_2679">might</word>
<word id="word_2680">work</word>
<word id="word_2681">.</word>
<word id="word_2682">But</word>
<word id="word_2683">it</word>
<word id="word_2684">takes</word>
<word id="word_2685">time</word>
<word id="word_2686">.</word>
<word id="word_2687">It</word>
<word id="word_2688">takes</word>
<word id="word_2689">money</word>
<word id="word_2690">.</word>
<word id="word_2691">It</word>
<word id="word_2692">takes</word>
<word id="word_2693">resources</word>
<word id="word_2694">.</word>
<word id="word_2695">It</word>
<word id="word_2696">takes</word>
<word id="word_2697">infrastructure</word>
<word id="word_2698">.</word>
<word id="word_2699">It</word>
<word id="word_2700">takes</word>
<word id="word_2701">all</word>
<word id="word_2702">the</word>
<word id="word_2703">things</word>
<word id="word_2704">that</word>
<word id="word_2705">that</word>
<word id="word_2706">cheap</word>
<word id="word_2707">,</word>
<word id="word_2708">easy-to-use</word>
<word id="word_2709">bed</word>
<word id="word_2710">net</word>
<word id="word_2711">was</word>
<word id="word_2712">not</word>
<word id="word_2713">supposed</word>
<word id="word_2714">to</word>
<word id="word_2715">be</word>
<word id="word_2716">.</word>
<word id="word_2717">So</word>
<word id="word_2718">it</word>
<word id="word_2719">'s</word>
<word id="word_2720">difficult</word>
<word id="word_2721">to</word>
<word id="word_2722">attack</word>
<word id="word_2723">malaria</word>
<word id="word_2724">from</word>
<word id="word_2725">inside</word>
<word id="word_2726">malarious</word>
<word id="word_2727">societies</word>
<word id="word_2728">,</word>
<word id="word_2729">but</word>
<word id="word_2730">it</word>
<word id="word_2731">'s</word>
<word id="word_2732">equally</word>
<word id="word_2733">tricky</word>
<word id="word_2734">when</word>
<word id="word_2735">we</word>
<word id="word_2736">try</word>
<word id="word_2737">to</word>
<word id="word_2738">attack</word>
<word id="word_2739">it</word>
<word id="word_2740">from</word>
<word id="word_2741">outside</word>
<word id="word_2742">of</word>
<word id="word_2743">those</word>
<word id="word_2744">societies</word>
<word id="word_2745">.</word>
<word id="word_2746">We</word>
<word id="word_2747">end</word>
<word id="word_2748">up</word>
<word id="word_2749">imposing</word>
<word id="word_2750">our</word>
<word id="word_2751">own</word>
<word id="word_2752">priorities</word>
<word id="word_2753">on</word>
<word id="word_2754">the</word>
<word id="word_2755">people</word>
<word id="word_2756">of</word>
<word id="word_2757">the</word>
<word id="word_2758">malarious</word>
<word id="word_2759">world</word>
<word id="word_2760">.</word>
<word id="word_2761">That</word>
<word id="word_2762">'s</word>
<word id="word_2763">exactly</word>
<word id="word_2764">what</word>
<word id="word_2765">we</word>
<word id="word_2766">did</word>
<word id="word_2767">in</word>
<word id="word_2768">the</word>
<word id="word_2769">1950s</word>
<word id="word_2770">,</word>
<word id="word_2771">and</word>
<word id="word_2772">that</word>
<word id="word_2773">effort</word>
<word id="word_2774">backfired</word>
<word id="word_2775">.</word>
<word id="word_2776">I</word>
<word id="word_2777">would</word>
<word id="word_2778">argue</word>
<word id="word_2779">today</word>
<word id="word_2780">,</word>
<word id="word_2781">when</word>
<word id="word_2782">we</word>
<word id="word_2783">are</word>
<word id="word_2784">distributing</word>
<word id="word_2785">tools</word>
<word id="word_2786">that</word>
<word id="word_2787">we</word>
<word id="word_2788">'ve</word>
<word id="word_2789">designed</word>
<word id="word_2790">and</word>
<word id="word_2791">that</word>
<word id="word_2792">don</word>
<word id="word_2793">'t</word>
<word id="word_2794">necessarily</word>
<word id="word_2795">make</word>
<word id="word_2796">sense</word>
<word id="word_2797">in</word>
<word id="word_2798">people</word>
<word id="word_2799">'s</word>
<word id="word_2800">lives</word>
<word id="word_2801">,</word>
<word id="word_2802">we</word>
<word id="word_2803">run</word>
<word id="word_2804">the</word>
<word id="word_2805">risk</word>
<word id="word_2806">of</word>
<word id="word_2807">making</word>
<word id="word_2808">the</word>
<word id="word_2809">same</word>
<word id="word_2810">mistake</word>
<word id="word_2811">again</word>
<word id="word_2812">.</word>
<word id="word_2813">That</word>
<word id="word_2814">'s</word>
<word id="word_2815">not</word>
<word id="word_2816">to</word>
<word id="word_2817">say</word>
<word id="word_2818">that</word>
<word id="word_2819">malaria</word>
<word id="word_2820">is</word>
<word id="word_2821">unconquerable</word>
<word id="word_2822">,</word>
<word id="word_2823">because</word>
<word id="word_2824">I</word>
<word id="word_2825">think</word>
<word id="word_2826">it</word>
<word id="word_2827">is</word>
<word id="word_2828">,</word>
<word id="word_2829">but</word>
<word id="word_2830">what</word>
<word id="word_2831">if</word>
<word id="word_2832">we</word>
<word id="word_2833">attacked</word>
<word id="word_2834">this</word>
<word id="word_2835">disease</word>
<word id="word_2836">according</word>
<word id="word_2837">to</word>
<word id="word_2838">the</word>
<word id="word_2839">priorities</word>
<word id="word_2840">of</word>
<word id="word_2841">the</word>
<word id="word_2842">people</word>
<word id="word_2843">who</word>
<word id="word_2844">lived</word>
<word id="word_2845">with</word>
<word id="word_2846">it</word>
<word id="word_2847">?</word>
<word id="word_2848">Take</word>
<word id="word_2849">the</word>
<word id="word_2850">example</word>
<word id="word_2851">of</word>
<word id="word_2852">England</word>
<word id="word_2853">and</word>
<word id="word_2854">the</word>
<word id="word_2855">United</word>
<word id="word_2856">States</word>
<word id="word_2857">.</word>
<word id="word_2858">We</word>
<word id="word_2859">had</word>
<word id="word_2860">malaria</word>
<word id="word_2861">in</word>
<word id="word_2862">those</word>
<word id="word_2863">countries</word>
<word id="word_2864">for</word>
<word id="word_2865">hundreds</word>
<word id="word_2866">of</word>
<word id="word_2867">years</word>
<word id="word_2868">,</word>
<word id="word_2869">and</word>
<word id="word_2870">we</word>
<word id="word_2871">got</word>
<word id="word_2872">rid</word>
<word id="word_2873">of</word>
<word id="word_2874">it</word>
<word id="word_2875">completely</word>
<word id="word_2876">,</word>
<word id="word_2877">not</word>
<word id="word_2878">because</word>
<word id="word_2879">we</word>
<word id="word_2880">attacked</word>
<word id="word_2881">malaria</word>
<word id="word_2882">.</word>
<word id="word_2883">We</word>
<word id="word_2884">didn</word>
<word id="word_2885">'t</word>
<word id="word_2886">.</word>
<word id="word_2887">We</word>
<word id="word_2888">attacked</word>
<word id="word_2889">bad</word>
<word id="word_2890">roads</word>
<word id="word_2891">and</word>
<word id="word_2892">bad</word>
<word id="word_2893">houses</word>
<word id="word_2894">and</word>
<word id="word_2895">bad</word>
<word id="word_2896">drainage</word>
<word id="word_2897">and</word>
<word id="word_2898">lack</word>
<word id="word_2899">of</word>
<word id="word_2900">electricity</word>
<word id="word_2901">and</word>
<word id="word_2902">rural</word>
<word id="word_2903">poverty</word>
<word id="word_2904">.</word>
<word id="word_2905">We</word>
<word id="word_2906">attacked</word>
<word id="word_2907">the</word>
<word id="word_2908">malarious</word>
<word id="word_2909">way</word>
<word id="word_2910">of</word>
<word id="word_2911">life</word>
<word id="word_2912">,</word>
<word id="word_2913">and</word>
<word id="word_2914">by</word>
<word id="word_2915">doing</word>
<word id="word_2916">that</word>
<word id="word_2917">,</word>
<word id="word_2918">we</word>
<word id="word_2919">slowly</word>
<word id="word_2920">built</word>
<word id="word_2921">malaria</word>
<word id="word_2922">out</word>
<word id="word_2923">.</word>
<word id="word_2924">Now</word>
<word id="word_2925">attacking</word>
<word id="word_2926">the</word>
<word id="word_2927">malarious</word>
<word id="word_2928">way</word>
<word id="word_2929">of</word>
<word id="word_2930">life</word>
<word id="word_2931">,</word>
<word id="word_2932">this</word>
<word id="word_2933">is</word>
<word id="word_2934">something</word>
<word id="word_2935">--</word>
<word id="word_2936">these</word>
<word id="word_2937">are</word>
<word id="word_2938">things</word>
<word id="word_2939">people</word>
<word id="word_2940">care</word>
<word id="word_2941">about</word>
<word id="word_2942">today</word>
<word id="word_2943">.</word>
<word id="word_2944">And</word>
<word id="word_2945">attacking</word>
<word id="word_2946">the</word>
<word id="word_2947">malarious</word>
<word id="word_2948">way</word>
<word id="word_2949">of</word>
<word id="word_2950">life</word>
<word id="word_2951">,</word>
<word id="word_2952">it</word>
<word id="word_2953">'s</word>
<word id="word_2954">not</word>
<word id="word_2955">fast</word>
<word id="word_2956">,</word>
<word id="word_2957">it</word>
<word id="word_2958">'s</word>
<word id="word_2959">not</word>
<word id="word_2960">cheap</word>
<word id="word_2961">,</word>
<word id="word_2962">it</word>
<word id="word_2963">'s</word>
<word id="word_2964">not</word>
<word id="word_2965">easy</word>
<word id="word_2966">,</word>
<word id="word_2967">but</word>
<word id="word_2968">I</word>
<word id="word_2969">think</word>
<word id="word_2970">it</word>
<word id="word_2971">'s</word>
<word id="word_2972">the</word>
<word id="word_2973">only</word>
<word id="word_2974">lasting</word>
<word id="word_2975">way</word>
<word id="word_2976">forward</word>
<word id="word_2977">.</word>
<word id="word_2978">Thank</word>
<word id="word_2979">you</word>
<word id="word_2980">so</word>
<word id="word_2981">much</word>
<word id="word_2982">.</word>
</words>
