<?xml version="1.0" encoding="UTF-8" ?>
<!DOCTYPE words SYSTEM "words.dtd">
<words>
<word id="word_1">Democracy</word>
<word id="word_2">is</word>
<word id="word_3">in</word>
<word id="word_4">trouble</word>
<word id="word_5">,</word>
<word id="word_6">no</word>
<word id="word_7">question</word>
<word id="word_8">about</word>
<word id="word_9">that</word>
<word id="word_10">,</word>
<word id="word_11">and</word>
<word id="word_12">it</word>
<word id="word_13">comes</word>
<word id="word_14">in</word>
<word id="word_15">part</word>
<word id="word_16">from</word>
<word id="word_17">a</word>
<word id="word_18">deep</word>
<word id="word_19">dilemma</word>
<word id="word_20">in</word>
<word id="word_21">which</word>
<word id="word_22">it</word>
<word id="word_23">is</word>
<word id="word_24">embedded</word>
<word id="word_25">.</word>
<word id="word_26">It</word>
<word id="word_27">'s</word>
<word id="word_28">increasingly</word>
<word id="word_29">irrelevant</word>
<word id="word_30">to</word>
<word id="word_31">the</word>
<word id="word_32">kinds</word>
<word id="word_33">of</word>
<word id="word_34">decisions</word>
<word id="word_35">we</word>
<word id="word_36">face</word>
<word id="word_37">that</word>
<word id="word_38">have</word>
<word id="word_39">to</word>
<word id="word_40">do</word>
<word id="word_41">with</word>
<word id="word_42">global</word>
<word id="word_43">pandemics</word>
<word id="word_44">,</word>
<word id="word_45">a</word>
<word id="word_46">cross-border</word>
<word id="word_47">problem</word>
<word id="word_48">;</word>
<word id="word_49">with</word>
<word id="word_50">HIV</word>
<word id="word_51">,</word>
<word id="word_52">a</word>
<word id="word_53">transnational</word>
<word id="word_54">problem</word>
<word id="word_55">;</word>
<word id="word_56">with</word>
<word id="word_57">markets</word>
<word id="word_58">and</word>
<word id="word_59">immigration</word>
<word id="word_60">,</word>
<word id="word_61">something</word>
<word id="word_62">that</word>
<word id="word_63">goes</word>
<word id="word_64">beyond</word>
<word id="word_65">national</word>
<word id="word_66">borders</word>
<word id="word_67">;</word>
<word id="word_68">with</word>
<word id="word_69">terrorism</word>
<word id="word_70">,</word>
<word id="word_71">with</word>
<word id="word_72">war</word>
<word id="word_73">,</word>
<word id="word_74">all</word>
<word id="word_75">now</word>
<word id="word_76">cross-border</word>
<word id="word_77">problems</word>
<word id="word_78">.</word>
<word id="word_79">In</word>
<word id="word_80">fact</word>
<word id="word_81">,</word>
<word id="word_82">we</word>
<word id="word_83">live</word>
<word id="word_84">in</word>
<word id="word_85">a</word>
<word id="word_86">21st-century</word>
<word id="word_87">world</word>
<word id="word_88">of</word>
<word id="word_89">interdependence</word>
<word id="word_90">,</word>
<word id="word_91">and</word>
<word id="word_92">brutal</word>
<word id="word_93">interdependent</word>
<word id="word_94">problems</word>
<word id="word_95">,</word>
<word id="word_96">and</word>
<word id="word_97">when</word>
<word id="word_98">we</word>
<word id="word_99">look</word>
<word id="word_100">for</word>
<word id="word_101">solutions</word>
<word id="word_102">in</word>
<word id="word_103">politics</word>
<word id="word_104">and</word>
<word id="word_105">in</word>
<word id="word_106">democracy</word>
<word id="word_107">,</word>
<word id="word_108">we</word>
<word id="word_109">are</word>
<word id="word_110">faced</word>
<word id="word_111">with</word>
<word id="word_112">political</word>
<word id="word_113">institutions</word>
<word id="word_114">designed</word>
<word id="word_115">400</word>
<word id="word_116">years</word>
<word id="word_117">ago</word>
<word id="word_118">,</word>
<word id="word_119">autonomous</word>
<word id="word_120">,</word>
<word id="word_121">sovereign</word>
<word id="word_122">nation-states</word>
<word id="word_123">with</word>
<word id="word_124">jurisdictions</word>
<word id="word_125">and</word>
<word id="word_126">territories</word>
<word id="word_127">separate</word>
<word id="word_128">from</word>
<word id="word_129">one</word>
<word id="word_130">another</word>
<word id="word_131">,</word>
<word id="word_132">each</word>
<word id="word_133">claiming</word>
<word id="word_134">to</word>
<word id="word_135">be</word>
<word id="word_136">able</word>
<word id="word_137">to</word>
<word id="word_138">solve</word>
<word id="word_139">the</word>
<word id="word_140">problem</word>
<word id="word_141">of</word>
<word id="word_142">its</word>
<word id="word_143">own</word>
<word id="word_144">people</word>
<word id="word_145">.</word>
<word id="word_146">Twenty-first-century</word>
<word id="word_147">,</word>
<word id="word_148">transnational</word>
<word id="word_149">world</word>
<word id="word_150">of</word>
<word id="word_151">problems</word>
<word id="word_152">and</word>
<word id="word_153">challenges</word>
<word id="word_154">,</word>
<word id="word_155">17th-century</word>
<word id="word_156">world</word>
<word id="word_157">of</word>
<word id="word_158">political</word>
<word id="word_159">institutions</word>
<word id="word_160">.</word>
<word id="word_161">In</word>
<word id="word_162">that</word>
<word id="word_163">dilemma</word>
<word id="word_164">lies</word>
<word id="word_165">the</word>
<word id="word_166">central</word>
<word id="word_167">problem</word>
<word id="word_168">of</word>
<word id="word_169">democracy</word>
<word id="word_170">.</word>
<word id="word_171">And</word>
<word id="word_172">like</word>
<word id="word_173">many</word>
<word id="word_174">others</word>
<word id="word_175">,</word>
<word id="word_176">I</word>
<word id="word_177">'ve</word>
<word id="word_178">been</word>
<word id="word_179">thinking</word>
<word id="word_180">about</word>
<word id="word_181">what</word>
<word id="word_182">can</word>
<word id="word_183">one</word>
<word id="word_184">do</word>
<word id="word_185">about</word>
<word id="word_186">this</word>
<word id="word_187">,</word>
<word id="word_188">this</word>
<word id="word_189">asymmetry</word>
<word id="word_190">between</word>
<word id="word_191">21st-century</word>
<word id="word_192">challenges</word>
<word id="word_193">and</word>
<word id="word_194">archaic</word>
<word id="word_195">and</word>
<word id="word_196">increasingly</word>
<word id="word_197">dysfunctional</word>
<word id="word_198">political</word>
<word id="word_199">institutions</word>
<word id="word_200">like</word>
<word id="word_201">nation-states</word>
<word id="word_202">.</word>
<word id="word_203">And</word>
<word id="word_204">my</word>
<word id="word_205">suggestion</word>
<word id="word_206">is</word>
<word id="word_207">that</word>
<word id="word_208">we</word>
<word id="word_209">change</word>
<word id="word_210">the</word>
<word id="word_211">subject</word>
<word id="word_212">,</word>
<word id="word_213">that</word>
<word id="word_214">we</word>
<word id="word_215">stop</word>
<word id="word_216">talking</word>
<word id="word_217">about</word>
<word id="word_218">nations</word>
<word id="word_219">,</word>
<word id="word_220">about</word>
<word id="word_221">bordered</word>
<word id="word_222">states</word>
<word id="word_223">,</word>
<word id="word_224">and</word>
<word id="word_225">we</word>
<word id="word_226">start</word>
<word id="word_227">talking</word>
<word id="word_228">about</word>
<word id="word_229">cities</word>
<word id="word_230">.</word>
<word id="word_231">Because</word>
<word id="word_232">I</word>
<word id="word_233">think</word>
<word id="word_234">you</word>
<word id="word_235">will</word>
<word id="word_236">find</word>
<word id="word_237">,</word>
<word id="word_238">when</word>
<word id="word_239">we</word>
<word id="word_240">talk</word>
<word id="word_241">about</word>
<word id="word_242">cities</word>
<word id="word_243">,</word>
<word id="word_244">we</word>
<word id="word_245">are</word>
<word id="word_246">talking</word>
<word id="word_247">about</word>
<word id="word_248">the</word>
<word id="word_249">political</word>
<word id="word_250">institutions</word>
<word id="word_251">in</word>
<word id="word_252">which</word>
<word id="word_253">civilization</word>
<word id="word_254">and</word>
<word id="word_255">culture</word>
<word id="word_256">were</word>
<word id="word_257">born</word>
<word id="word_258">.</word>
<word id="word_259">We</word>
<word id="word_260">are</word>
<word id="word_261">talking</word>
<word id="word_262">about</word>
<word id="word_263">the</word>
<word id="word_264">cradle</word>
<word id="word_265">of</word>
<word id="word_266">democracy</word>
<word id="word_267">.</word>
<word id="word_268">We</word>
<word id="word_269">are</word>
<word id="word_270">talking</word>
<word id="word_271">about</word>
<word id="word_272">the</word>
<word id="word_273">venues</word>
<word id="word_274">in</word>
<word id="word_275">which</word>
<word id="word_276">those</word>
<word id="word_277">public</word>
<word id="word_278">spaces</word>
<word id="word_279">where</word>
<word id="word_280">we</word>
<word id="word_281">come</word>
<word id="word_282">together</word>
<word id="word_283">to</word>
<word id="word_284">create</word>
<word id="word_285">democracy</word>
<word id="word_286">,</word>
<word id="word_287">and</word>
<word id="word_288">at</word>
<word id="word_289">the</word>
<word id="word_290">same</word>
<word id="word_291">time</word>
<word id="word_292">protest</word>
<word id="word_293">those</word>
<word id="word_294">who</word>
<word id="word_295">would</word>
<word id="word_296">take</word>
<word id="word_297">our</word>
<word id="word_298">freedom</word>
<word id="word_299">,</word>
<word id="word_300">take</word>
<word id="word_301">place</word>
<word id="word_302">.</word>
<word id="word_303">Think</word>
<word id="word_304">of</word>
<word id="word_305">some</word>
<word id="word_306">great</word>
<word id="word_307">names</word>
<word id="word_308">:</word>
<word id="word_309">the</word>
<word id="word_310">Place</word>
<word id="word_311">de</word>
<word id="word_312">la</word>
<word id="word_313">Bastille</word>
<word id="word_314">,</word>
<word id="word_315">Zuccotti</word>
<word id="word_316">Park</word>
<word id="word_317">,</word>
<word id="word_318">Tahrir</word>
<word id="word_319">Square</word>
<word id="word_320">,</word>
<word id="word_321">Taksim</word>
<word id="word_322">Square</word>
<word id="word_323">in</word>
<word id="word_324">today</word>
<word id="word_325">'s</word>
<word id="word_326">headlines</word>
<word id="word_327">in</word>
<word id="word_328">Istanbul</word>
<word id="word_329">,</word>
<word id="word_330">or</word>
<word id="word_331">,</word>
<word id="word_332">yes</word>
<word id="word_333">,</word>
<word id="word_334">Tiananmen</word>
<word id="word_335">Square</word>
<word id="word_336">in</word>
<word id="word_337">Beijing</word>
<word id="word_338">.</word>
<word id="word_339">Those</word>
<word id="word_340">are</word>
<word id="word_341">the</word>
<word id="word_342">public</word>
<word id="word_343">spaces</word>
<word id="word_344">where</word>
<word id="word_345">we</word>
<word id="word_346">announce</word>
<word id="word_347">ourselves</word>
<word id="word_348">as</word>
<word id="word_349">citizens</word>
<word id="word_350">,</word>
<word id="word_351">as</word>
<word id="word_352">participants</word>
<word id="word_353">,</word>
<word id="word_354">as</word>
<word id="word_355">people</word>
<word id="word_356">with</word>
<word id="word_357">the</word>
<word id="word_358">right</word>
<word id="word_359">to</word>
<word id="word_360">write</word>
<word id="word_361">our</word>
<word id="word_362">own</word>
<word id="word_363">narratives</word>
<word id="word_364">.</word>
<word id="word_365">Cities</word>
<word id="word_366">are</word>
<word id="word_367">not</word>
<word id="word_368">only</word>
<word id="word_369">the</word>
<word id="word_370">oldest</word>
<word id="word_371">of</word>
<word id="word_372">institutions</word>
<word id="word_373">,</word>
<word id="word_374">they</word>
<word id="word_375">'re</word>
<word id="word_376">the</word>
<word id="word_377">most</word>
<word id="word_378">enduring</word>
<word id="word_379">.</word>
<word id="word_380">If</word>
<word id="word_381">you</word>
<word id="word_382">think</word>
<word id="word_383">about</word>
<word id="word_384">it</word>
<word id="word_385">,</word>
<word id="word_386">Constantinople</word>
<word id="word_387">,</word>
<word id="word_388">Istanbul</word>
<word id="word_389">,</word>
<word id="word_390">much</word>
<word id="word_391">older</word>
<word id="word_392">than</word>
<word id="word_393">Turkey</word>
<word id="word_394">.</word>
<word id="word_395">Alexandria</word>
<word id="word_396">,</word>
<word id="word_397">much</word>
<word id="word_398">older</word>
<word id="word_399">than</word>
<word id="word_400">Egypt</word>
<word id="word_401">.</word>
<word id="word_402">Rome</word>
<word id="word_403">,</word>
<word id="word_404">far</word>
<word id="word_405">older</word>
<word id="word_406">than</word>
<word id="word_407">Italy</word>
<word id="word_408">.</word>
<word id="word_409">Cities</word>
<word id="word_410">endure</word>
<word id="word_411">the</word>
<word id="word_412">ages</word>
<word id="word_413">.</word>
<word id="word_414">They</word>
<word id="word_415">are</word>
<word id="word_416">the</word>
<word id="word_417">places</word>
<word id="word_418">where</word>
<word id="word_419">we</word>
<word id="word_420">are</word>
<word id="word_421">born</word>
<word id="word_422">,</word>
<word id="word_423">grow</word>
<word id="word_424">up</word>
<word id="word_425">,</word>
<word id="word_426">are</word>
<word id="word_427">educated</word>
<word id="word_428">,</word>
<word id="word_429">work</word>
<word id="word_430">,</word>
<word id="word_431">marry</word>
<word id="word_432">,</word>
<word id="word_433">pray</word>
<word id="word_434">,</word>
<word id="word_435">play</word>
<word id="word_436">,</word>
<word id="word_437">get</word>
<word id="word_438">old</word>
<word id="word_439">,</word>
<word id="word_440">and</word>
<word id="word_441">in</word>
<word id="word_442">time</word>
<word id="word_443">,</word>
<word id="word_444">die</word>
<word id="word_445">.</word>
<word id="word_446">They</word>
<word id="word_447">are</word>
<word id="word_448">home</word>
<word id="word_449">.</word>
<word id="word_450">Very</word>
<word id="word_451">different</word>
<word id="word_452">than</word>
<word id="word_453">nation-states</word>
<word id="word_454">,</word>
<word id="word_455">which</word>
<word id="word_456">are</word>
<word id="word_457">abstractions</word>
<word id="word_458">.</word>
<word id="word_459">We</word>
<word id="word_460">pay</word>
<word id="word_461">taxes</word>
<word id="word_462">,</word>
<word id="word_463">we</word>
<word id="word_464">vote</word>
<word id="word_465">occasionally</word>
<word id="word_466">,</word>
<word id="word_467">we</word>
<word id="word_468">watch</word>
<word id="word_469">the</word>
<word id="word_470">men</word>
<word id="word_471">and</word>
<word id="word_472">women</word>
<word id="word_473">we</word>
<word id="word_474">choose</word>
<word id="word_475">rule</word>
<word id="word_476">rule</word>
<word id="word_477">more</word>
<word id="word_478">or</word>
<word id="word_479">less</word>
<word id="word_480">without</word>
<word id="word_481">us</word>
<word id="word_482">.</word>
<word id="word_483">Not</word>
<word id="word_484">so</word>
<word id="word_485">in</word>
<word id="word_486">those</word>
<word id="word_487">homes</word>
<word id="word_488">known</word>
<word id="word_489">as</word>
<word id="word_490">our</word>
<word id="word_491">towns</word>
<word id="word_492">and</word>
<word id="word_493">cities</word>
<word id="word_494">where</word>
<word id="word_495">we</word>
<word id="word_496">live</word>
<word id="word_497">.</word>
<word id="word_498">Moreover</word>
<word id="word_499">,</word>
<word id="word_500">today</word>
<word id="word_501">,</word>
<word id="word_502">more</word>
<word id="word_503">than</word>
<word id="word_504">half</word>
<word id="word_505">of</word>
<word id="word_506">the</word>
<word id="word_507">world</word>
<word id="word_508">'s</word>
<word id="word_509">population</word>
<word id="word_510">live</word>
<word id="word_511">in</word>
<word id="word_512">cities</word>
<word id="word_513">.</word>
<word id="word_514">In</word>
<word id="word_515">the</word>
<word id="word_516">developed</word>
<word id="word_517">world</word>
<word id="word_518">,</word>
<word id="word_519">it</word>
<word id="word_520">'s</word>
<word id="word_521">about</word>
<word id="word_522">78</word>
<word id="word_523">percent</word>
<word id="word_524">.</word>
<word id="word_525">More</word>
<word id="word_526">than</word>
<word id="word_527">three</word>
<word id="word_528">out</word>
<word id="word_529">of</word>
<word id="word_530">four</word>
<word id="word_531">people</word>
<word id="word_532">live</word>
<word id="word_533">in</word>
<word id="word_534">urban</word>
<word id="word_535">institutions</word>
<word id="word_536">,</word>
<word id="word_537">urban</word>
<word id="word_538">places</word>
<word id="word_539">,</word>
<word id="word_540">in</word>
<word id="word_541">cities</word>
<word id="word_542">today</word>
<word id="word_543">.</word>
<word id="word_544">So</word>
<word id="word_545">cities</word>
<word id="word_546">are</word>
<word id="word_547">where</word>
<word id="word_548">the</word>
<word id="word_549">action</word>
<word id="word_550">is</word>
<word id="word_551">.</word>
<word id="word_552">Cities</word>
<word id="word_553">are</word>
<word id="word_554">us</word>
<word id="word_555">.</word>
<word id="word_556">Aristotle</word>
<word id="word_557">said</word>
<word id="word_558">in</word>
<word id="word_559">the</word>
<word id="word_560">ancient</word>
<word id="word_561">world</word>
<word id="word_562">,</word>
<word id="word_563">man</word>
<word id="word_564">is</word>
<word id="word_565">a</word>
<word id="word_566">political</word>
<word id="word_567">animal</word>
<word id="word_568">.</word>
<word id="word_569">I</word>
<word id="word_570">say</word>
<word id="word_571">we</word>
<word id="word_572">are</word>
<word id="word_573">an</word>
<word id="word_574">urban</word>
<word id="word_575">animal</word>
<word id="word_576">.</word>
<word id="word_577">We</word>
<word id="word_578">are</word>
<word id="word_579">an</word>
<word id="word_580">urban</word>
<word id="word_581">species</word>
<word id="word_582">,</word>
<word id="word_583">at</word>
<word id="word_584">home</word>
<word id="word_585">in</word>
<word id="word_586">our</word>
<word id="word_587">cities</word>
<word id="word_588">.</word>
<word id="word_589">So</word>
<word id="word_590">to</word>
<word id="word_591">come</word>
<word id="word_592">back</word>
<word id="word_593">to</word>
<word id="word_594">the</word>
<word id="word_595">dilemma</word>
<word id="word_596">,</word>
<word id="word_597">if</word>
<word id="word_598">the</word>
<word id="word_599">dilemma</word>
<word id="word_600">is</word>
<word id="word_601">we</word>
<word id="word_602">have</word>
<word id="word_603">old-fashioned</word>
<word id="word_604">political</word>
<word id="word_605">nation-states</word>
<word id="word_606">unable</word>
<word id="word_607">to</word>
<word id="word_608">govern</word>
<word id="word_609">the</word>
<word id="word_610">world</word>
<word id="word_611">,</word>
<word id="word_612">respond</word>
<word id="word_613">to</word>
<word id="word_614">the</word>
<word id="word_615">global</word>
<word id="word_616">challenges</word>
<word id="word_617">that</word>
<word id="word_618">we</word>
<word id="word_619">face</word>
<word id="word_620">like</word>
<word id="word_621">climate</word>
<word id="word_622">change</word>
<word id="word_623">,</word>
<word id="word_624">then</word>
<word id="word_625">maybe</word>
<word id="word_626">it</word>
<word id="word_627">'s</word>
<word id="word_628">time</word>
<word id="word_629">for</word>
<word id="word_630">mayors</word>
<word id="word_631">to</word>
<word id="word_632">rule</word>
<word id="word_633">the</word>
<word id="word_634">world</word>
<word id="word_635">,</word>
<word id="word_636">for</word>
<word id="word_637">mayors</word>
<word id="word_638">and</word>
<word id="word_639">the</word>
<word id="word_640">citizens</word>
<word id="word_641">and</word>
<word id="word_642">the</word>
<word id="word_643">peoples</word>
<word id="word_644">they</word>
<word id="word_645">represent</word>
<word id="word_646">to</word>
<word id="word_647">engage</word>
<word id="word_648">in</word>
<word id="word_649">global</word>
<word id="word_650">governance</word>
<word id="word_651">.</word>
<word id="word_652">When</word>
<word id="word_653">I</word>
<word id="word_654">say</word>
<word id="word_655">if</word>
<word id="word_656">mayors</word>
<word id="word_657">ruled</word>
<word id="word_658">the</word>
<word id="word_659">world</word>
<word id="word_660">,</word>
<word id="word_661">when</word>
<word id="word_662">I</word>
<word id="word_663">first</word>
<word id="word_664">came</word>
<word id="word_665">up</word>
<word id="word_666">with</word>
<word id="word_667">that</word>
<word id="word_668">phrase</word>
<word id="word_669">,</word>
<word id="word_670">it</word>
<word id="word_671">occurred</word>
<word id="word_672">to</word>
<word id="word_673">me</word>
<word id="word_674">that</word>
<word id="word_675">actually</word>
<word id="word_676">,</word>
<word id="word_677">they</word>
<word id="word_678">already</word>
<word id="word_679">do</word>
<word id="word_680">.</word>
<word id="word_681">There</word>
<word id="word_682">are</word>
<word id="word_683">scores</word>
<word id="word_684">of</word>
<word id="word_685">international</word>
<word id="word_686">,</word>
<word id="word_687">inter-city</word>
<word id="word_688">,</word>
<word id="word_689">cross-border</word>
<word id="word_690">institutions</word>
<word id="word_691">,</word>
<word id="word_692">networks</word>
<word id="word_693">of</word>
<word id="word_694">cities</word>
<word id="word_695">in</word>
<word id="word_696">which</word>
<word id="word_697">cities</word>
<word id="word_698">are</word>
<word id="word_699">already</word>
<word id="word_700">,</word>
<word id="word_701">quite</word>
<word id="word_702">quietly</word>
<word id="word_703">,</word>
<word id="word_704">below</word>
<word id="word_705">the</word>
<word id="word_706">horizon</word>
<word id="word_707">,</word>
<word id="word_708">working</word>
<word id="word_709">together</word>
<word id="word_710">to</word>
<word id="word_711">deal</word>
<word id="word_712">with</word>
<word id="word_713">climate</word>
<word id="word_714">change</word>
<word id="word_715">,</word>
<word id="word_716">to</word>
<word id="word_717">deal</word>
<word id="word_718">with</word>
<word id="word_719">security</word>
<word id="word_720">,</word>
<word id="word_721">to</word>
<word id="word_722">deal</word>
<word id="word_723">with</word>
<word id="word_724">immigration</word>
<word id="word_725">,</word>
<word id="word_726">to</word>
<word id="word_727">deal</word>
<word id="word_728">with</word>
<word id="word_729">all</word>
<word id="word_730">of</word>
<word id="word_731">those</word>
<word id="word_732">tough</word>
<word id="word_733">,</word>
<word id="word_734">interdependent</word>
<word id="word_735">problems</word>
<word id="word_736">that</word>
<word id="word_737">we</word>
<word id="word_738">face</word>
<word id="word_739">.</word>
<word id="word_740">They</word>
<word id="word_741">have</word>
<word id="word_742">strange</word>
<word id="word_743">names</word>
<word id="word_744">:</word>
<word id="word_745">UCLG</word>
<word id="word_746">,</word>
<word id="word_747">United</word>
<word id="word_748">Cities</word>
<word id="word_749">and</word>
<word id="word_750">Local</word>
<word id="word_751">Governments</word>
<word id="word_752">;</word>
<word id="word_753">ICLEI</word>
<word id="word_754">,</word>
<word id="word_755">the</word>
<word id="word_756">International</word>
<word id="word_757">Council</word>
<word id="word_758">for</word>
<word id="word_759">Local</word>
<word id="word_760">Environmental</word>
<word id="word_761">Issues</word>
<word id="word_762">.</word>
<word id="word_763">And</word>
<word id="word_764">the</word>
<word id="word_765">list</word>
<word id="word_766">goes</word>
<word id="word_767">on</word>
<word id="word_768">:</word>
<word id="word_769">Citynet</word>
<word id="word_770">in</word>
<word id="word_771">Asia</word>
<word id="word_772">;</word>
<word id="word_773">City</word>
<word id="word_774">Protocol</word>
<word id="word_775">,</word>
<word id="word_776">a</word>
<word id="word_777">new</word>
<word id="word_778">organization</word>
<word id="word_779">out</word>
<word id="word_780">of</word>
<word id="word_781">Barcelona</word>
<word id="word_782">that</word>
<word id="word_783">is</word>
<word id="word_784">using</word>
<word id="word_785">the</word>
<word id="word_786">web</word>
<word id="word_787">to</word>
<word id="word_788">share</word>
<word id="word_789">best</word>
<word id="word_790">practices</word>
<word id="word_791">among</word>
<word id="word_792">countries</word>
<word id="word_793">.</word>
<word id="word_794">And</word>
<word id="word_795">then</word>
<word id="word_796">all</word>
<word id="word_797">the</word>
<word id="word_798">things</word>
<word id="word_799">we</word>
<word id="word_800">know</word>
<word id="word_801">a</word>
<word id="word_802">little</word>
<word id="word_803">better</word>
<word id="word_804">,</word>
<word id="word_805">the</word>
<word id="word_806">U.S.</word>
<word id="word_807">Conference</word>
<word id="word_808">of</word>
<word id="word_809">Mayors</word>
<word id="word_810">,</word>
<word id="word_811">the</word>
<word id="word_812">Mexican</word>
<word id="word_813">Conference</word>
<word id="word_814">of</word>
<word id="word_815">Mayors</word>
<word id="word_816">,</word>
<word id="word_817">the</word>
<word id="word_818">European</word>
<word id="word_819">Conference</word>
<word id="word_820">of</word>
<word id="word_821">Mayors</word>
<word id="word_822">.</word>
<word id="word_823">Mayors</word>
<word id="word_824">are</word>
<word id="word_825">where</word>
<word id="word_826">this</word>
<word id="word_827">is</word>
<word id="word_828">happening</word>
<word id="word_829">.</word>
<word id="word_830">And</word>
<word id="word_831">so</word>
<word id="word_832">the</word>
<word id="word_833">question</word>
<word id="word_834">is</word>
<word id="word_835">,</word>
<word id="word_836">how</word>
<word id="word_837">can</word>
<word id="word_838">we</word>
<word id="word_839">create</word>
<word id="word_840">a</word>
<word id="word_841">world</word>
<word id="word_842">in</word>
<word id="word_843">which</word>
<word id="word_844">mayors</word>
<word id="word_845">and</word>
<word id="word_846">the</word>
<word id="word_847">citizens</word>
<word id="word_848">they</word>
<word id="word_849">represent</word>
<word id="word_850">play</word>
<word id="word_851">a</word>
<word id="word_852">more</word>
<word id="word_853">prominent</word>
<word id="word_854">role</word>
<word id="word_855">?</word>
<word id="word_856">Well</word>
<word id="word_857">,</word>
<word id="word_858">to</word>
<word id="word_859">understand</word>
<word id="word_860">that</word>
<word id="word_861">,</word>
<word id="word_862">we</word>
<word id="word_863">need</word>
<word id="word_864">to</word>
<word id="word_865">understand</word>
<word id="word_866">why</word>
<word id="word_867">cities</word>
<word id="word_868">are</word>
<word id="word_869">special</word>
<word id="word_870">,</word>
<word id="word_871">why</word>
<word id="word_872">mayors</word>
<word id="word_873">are</word>
<word id="word_874">so</word>
<word id="word_875">different</word>
<word id="word_876">than</word>
<word id="word_877">prime</word>
<word id="word_878">ministers</word>
<word id="word_879">and</word>
<word id="word_880">presidents</word>
<word id="word_881">,</word>
<word id="word_882">because</word>
<word id="word_883">my</word>
<word id="word_884">premise</word>
<word id="word_885">is</word>
<word id="word_886">that</word>
<word id="word_887">a</word>
<word id="word_888">mayor</word>
<word id="word_889">and</word>
<word id="word_890">a</word>
<word id="word_891">prime</word>
<word id="word_892">minister</word>
<word id="word_893">are</word>
<word id="word_894">at</word>
<word id="word_895">the</word>
<word id="word_896">opposite</word>
<word id="word_897">ends</word>
<word id="word_898">of</word>
<word id="word_899">a</word>
<word id="word_900">political</word>
<word id="word_901">spectrum</word>
<word id="word_902">.</word>
<word id="word_903">To</word>
<word id="word_904">be</word>
<word id="word_905">a</word>
<word id="word_906">prime</word>
<word id="word_907">minister</word>
<word id="word_908">or</word>
<word id="word_909">a</word>
<word id="word_910">president</word>
<word id="word_911">,</word>
<word id="word_912">you</word>
<word id="word_913">have</word>
<word id="word_914">to</word>
<word id="word_915">have</word>
<word id="word_916">an</word>
<word id="word_917">ideology</word>
<word id="word_918">,</word>
<word id="word_919">you</word>
<word id="word_920">have</word>
<word id="word_921">to</word>
<word id="word_922">have</word>
<word id="word_923">a</word>
<word id="word_924">meta-narrative</word>
<word id="word_925">,</word>
<word id="word_926">you</word>
<word id="word_927">have</word>
<word id="word_928">to</word>
<word id="word_929">have</word>
<word id="word_930">a</word>
<word id="word_931">theory</word>
<word id="word_932">of</word>
<word id="word_933">how</word>
<word id="word_934">things</word>
<word id="word_935">work</word>
<word id="word_936">,</word>
<word id="word_937">you</word>
<word id="word_938">have</word>
<word id="word_939">to</word>
<word id="word_940">belong</word>
<word id="word_941">to</word>
<word id="word_942">a</word>
<word id="word_943">party</word>
<word id="word_944">.</word>
<word id="word_945">don</word>
<word id="word_946">'t</word>
<word id="word_947">get</word>
<word id="word_948">elected</word>
<word id="word_949">to</word>
<word id="word_950">office</word>
<word id="word_951">.</word>
<word id="word_952">But</word>
<word id="word_953">mayors</word>
<word id="word_954">are</word>
<word id="word_955">just</word>
<word id="word_956">the</word>
<word id="word_957">opposite</word>
<word id="word_958">.</word>
<word id="word_959">Mayors</word>
<word id="word_960">are</word>
<word id="word_961">pragmatists</word>
<word id="word_962">,</word>
<word id="word_963">they</word>
<word id="word_964">'re</word>
<word id="word_965">problem-solvers</word>
<word id="word_966">.</word>
<word id="word_967">Their</word>
<word id="word_968">job</word>
<word id="word_969">is</word>
<word id="word_970">to</word>
<word id="word_971">get</word>
<word id="word_972">things</word>
<word id="word_973">done</word>
<word id="word_974">,</word>
<word id="word_975">and</word>
<word id="word_976">if</word>
<word id="word_977">they</word>
<word id="word_978">don</word>
<word id="word_979">'t</word>
<word id="word_980">,</word>
<word id="word_981">they</word>
<word id="word_982">'re</word>
<word id="word_983">out</word>
<word id="word_984">of</word>
<word id="word_985">a</word>
<word id="word_986">job</word>
<word id="word_987">.</word>
<word id="word_988">Mayor</word>
<word id="word_989">Nutter</word>
<word id="word_990">of</word>
<word id="word_991">Philadelphia</word>
<word id="word_992">said</word>
<word id="word_993">,</word>
<word id="word_994">we</word>
<word id="word_995">could</word>
<word id="word_996">never</word>
<word id="word_997">get</word>
<word id="word_998">away</word>
<word id="word_999">here</word>
<word id="word_1000">in</word>
<word id="word_1001">Philadelphia</word>
<word id="word_1002">with</word>
<word id="word_1003">the</word>
<word id="word_1004">stuff</word>
<word id="word_1005">that</word>
<word id="word_1006">goes</word>
<word id="word_1007">on</word>
<word id="word_1008">in</word>
<word id="word_1009">Washington</word>
<word id="word_1010">,</word>
<word id="word_1011">the</word>
<word id="word_1012">paralysis</word>
<word id="word_1013">,</word>
<word id="word_1014">the</word>
<word id="word_1015">non-action</word>
<word id="word_1016">,</word>
<word id="word_1017">the</word>
<word id="word_1018">inaction</word>
<word id="word_1019">.</word>
<word id="word_1020">Why</word>
<word id="word_1021">?</word>
<word id="word_1022">Because</word>
<word id="word_1023">potholes</word>
<word id="word_1024">have</word>
<word id="word_1025">to</word>
<word id="word_1026">get</word>
<word id="word_1027">filled</word>
<word id="word_1028">,</word>
<word id="word_1029">because</word>
<word id="word_1030">the</word>
<word id="word_1031">trains</word>
<word id="word_1032">have</word>
<word id="word_1033">to</word>
<word id="word_1034">run</word>
<word id="word_1035">,</word>
<word id="word_1036">because</word>
<word id="word_1037">kids</word>
<word id="word_1038">have</word>
<word id="word_1039">to</word>
<word id="word_1040">be</word>
<word id="word_1041">able</word>
<word id="word_1042">to</word>
<word id="word_1043">get</word>
<word id="word_1044">to</word>
<word id="word_1045">school</word>
<word id="word_1046">.</word>
<word id="word_1047">And</word>
<word id="word_1048">that</word>
<word id="word_1049">'s</word>
<word id="word_1050">what</word>
<word id="word_1051">we</word>
<word id="word_1052">have</word>
<word id="word_1053">to</word>
<word id="word_1054">do</word>
<word id="word_1055">,</word>
<word id="word_1056">and</word>
<word id="word_1057">to</word>
<word id="word_1058">do</word>
<word id="word_1059">that</word>
<word id="word_1060">is</word>
<word id="word_1061">about</word>
<word id="word_1062">pragmatism</word>
<word id="word_1063">in</word>
<word id="word_1064">that</word>
<word id="word_1065">deep</word>
<word id="word_1066">,</word>
<word id="word_1067">American</word>
<word id="word_1068">sense</word>
<word id="word_1069">,</word>
<word id="word_1070">reaching</word>
<word id="word_1071">outcomes</word>
<word id="word_1072">.</word>
<word id="word_1073">Washington</word>
<word id="word_1074">,</word>
<word id="word_1075">Beijing</word>
<word id="word_1076">,</word>
<word id="word_1077">Paris</word>
<word id="word_1078">,</word>
<word id="word_1079">as</word>
<word id="word_1080">world</word>
<word id="word_1081">capitals</word>
<word id="word_1082">,</word>
<word id="word_1083">are</word>
<word id="word_1084">anything</word>
<word id="word_1085">but</word>
<word id="word_1086">pragmatic</word>
<word id="word_1087">,</word>
<word id="word_1088">but</word>
<word id="word_1089">real</word>
<word id="word_1090">city</word>
<word id="word_1091">mayors</word>
<word id="word_1092">have</word>
<word id="word_1093">to</word>
<word id="word_1094">be</word>
<word id="word_1095">pragmatists</word>
<word id="word_1096">.</word>
<word id="word_1097">They</word>
<word id="word_1098">have</word>
<word id="word_1099">to</word>
<word id="word_1100">get</word>
<word id="word_1101">things</word>
<word id="word_1102">done</word>
<word id="word_1103">,</word>
<word id="word_1104">they</word>
<word id="word_1105">have</word>
<word id="word_1106">to</word>
<word id="word_1107">put</word>
<word id="word_1108">ideology</word>
<word id="word_1109">and</word>
<word id="word_1110">religion</word>
<word id="word_1111">and</word>
<word id="word_1112">ethnicity</word>
<word id="word_1113">aside</word>
<word id="word_1114">and</word>
<word id="word_1115">draw</word>
<word id="word_1116">their</word>
<word id="word_1117">cities</word>
<word id="word_1118">together</word>
<word id="word_1119">.</word>
<word id="word_1120">We</word>
<word id="word_1121">saw</word>
<word id="word_1122">this</word>
<word id="word_1123">a</word>
<word id="word_1124">couple</word>
<word id="word_1125">of</word>
<word id="word_1126">decades</word>
<word id="word_1127">ago</word>
<word id="word_1128">when</word>
<word id="word_1129">Teddy</word>
<word id="word_1130">Kollek</word>
<word id="word_1131">,</word>
<word id="word_1132">the</word>
<word id="word_1133">great</word>
<word id="word_1134">mayor</word>
<word id="word_1135">of</word>
<word id="word_1136">Jerusalem</word>
<word id="word_1137">in</word>
<word id="word_1138">the</word>
<word id="word_1139">'</word>
<word id="word_1140">80s</word>
<word id="word_1141">and</word>
<word id="word_1142">the</word>
<word id="word_1143">'</word>
<word id="word_1144">90s</word>
<word id="word_1145">,</word>
<word id="word_1146">was</word>
<word id="word_1147">besieged</word>
<word id="word_1148">one</word>
<word id="word_1149">day</word>
<word id="word_1150">in</word>
<word id="word_1151">his</word>
<word id="word_1152">office</word>
<word id="word_1153">by</word>
<word id="word_1154">religious</word>
<word id="word_1155">leaders</word>
<word id="word_1156">from</word>
<word id="word_1157">all</word>
<word id="word_1158">of</word>
<word id="word_1159">the</word>
<word id="word_1160">backgrounds</word>
<word id="word_1161">,</word>
<word id="word_1162">Christian</word>
<word id="word_1163">prelates</word>
<word id="word_1164">,</word>
<word id="word_1165">rabbis</word>
<word id="word_1166">,</word>
<word id="word_1167">imams</word>
<word id="word_1168">.</word>
<word id="word_1169">They</word>
<word id="word_1170">were</word>
<word id="word_1171">arguing</word>
<word id="word_1172">with</word>
<word id="word_1173">one</word>
<word id="word_1174">another</word>
<word id="word_1175">about</word>
<word id="word_1176">access</word>
<word id="word_1177">to</word>
<word id="word_1178">the</word>
<word id="word_1179">holy</word>
<word id="word_1180">sites</word>
<word id="word_1181">.</word>
<word id="word_1182">And</word>
<word id="word_1183">the</word>
<word id="word_1184">squabble</word>
<word id="word_1185">went</word>
<word id="word_1186">on</word>
<word id="word_1187">and</word>
<word id="word_1188">on</word>
<word id="word_1189">,</word>
<word id="word_1190">and</word>
<word id="word_1191">Kollek</word>
<word id="word_1192">listened</word>
<word id="word_1193">and</word>
<word id="word_1194">listened</word>
<word id="word_1195">,</word>
<word id="word_1196">and</word>
<word id="word_1197">he</word>
<word id="word_1198">finally</word>
<word id="word_1199">said</word>
<word id="word_1200">,</word>
<word id="word_1201">"</word>
<word id="word_1202">Gentlemen</word>
<word id="word_1203">,</word>
<word id="word_1204">spare</word>
<word id="word_1205">me</word>
<word id="word_1206">your</word>
<word id="word_1207">sermons</word>
<word id="word_1208">,</word>
<word id="word_1209">and</word>
<word id="word_1210">I</word>
<word id="word_1211">will</word>
<word id="word_1212">fix</word>
<word id="word_1213">your</word>
<word id="word_1214">sewers</word>
<word id="word_1215">.</word>
<word id="word_1216">"</word>
<word id="word_1217">That</word>
<word id="word_1218">'s</word>
<word id="word_1219">what</word>
<word id="word_1220">mayors</word>
<word id="word_1221">do</word>
<word id="word_1222">.</word>
<word id="word_1223">They</word>
<word id="word_1224">fix</word>
<word id="word_1225">sewers</word>
<word id="word_1226">,</word>
<word id="word_1227">they</word>
<word id="word_1228">get</word>
<word id="word_1229">the</word>
<word id="word_1230">trains</word>
<word id="word_1231">running</word>
<word id="word_1232">.</word>
<word id="word_1233">There</word>
<word id="word_1234">isn</word>
<word id="word_1235">'t</word>
<word id="word_1236">a</word>
<word id="word_1237">left</word>
<word id="word_1238">or</word>
<word id="word_1239">a</word>
<word id="word_1240">right</word>
<word id="word_1241">way</word>
<word id="word_1242">of</word>
<word id="word_1243">doing</word>
<word id="word_1244">.</word>
<word id="word_1245">Boris</word>
<word id="word_1246">Johnson</word>
<word id="word_1247">in</word>
<word id="word_1248">London</word>
<word id="word_1249">calls</word>
<word id="word_1250">himself</word>
<word id="word_1251">an</word>
<word id="word_1252">anarcho-Tory</word>
<word id="word_1253">.</word>
<word id="word_1254">Strange</word>
<word id="word_1255">term</word>
<word id="word_1256">,</word>
<word id="word_1257">but</word>
<word id="word_1258">in</word>
<word id="word_1259">some</word>
<word id="word_1260">ways</word>
<word id="word_1261">,</word>
<word id="word_1262">he</word>
<word id="word_1263">is</word>
<word id="word_1264">.</word>
<word id="word_1265">He</word>
<word id="word_1266">'s</word>
<word id="word_1267">a</word>
<word id="word_1268">libertarian</word>
<word id="word_1269">.</word>
<word id="word_1270">He</word>
<word id="word_1271">'s</word>
<word id="word_1272">an</word>
<word id="word_1273">anarchist</word>
<word id="word_1274">.</word>
<word id="word_1275">He</word>
<word id="word_1276">rides</word>
<word id="word_1277">to</word>
<word id="word_1278">work</word>
<word id="word_1279">on</word>
<word id="word_1280">a</word>
<word id="word_1281">bike</word>
<word id="word_1282">,</word>
<word id="word_1283">but</word>
<word id="word_1284">at</word>
<word id="word_1285">the</word>
<word id="word_1286">same</word>
<word id="word_1287">time</word>
<word id="word_1288">,</word>
<word id="word_1289">he</word>
<word id="word_1290">'s</word>
<word id="word_1291">in</word>
<word id="word_1292">some</word>
<word id="word_1293">ways</word>
<word id="word_1294">a</word>
<word id="word_1295">conservative</word>
<word id="word_1296">.</word>
<word id="word_1297">Bloomberg</word>
<word id="word_1298">in</word>
<word id="word_1299">New</word>
<word id="word_1300">York</word>
<word id="word_1301">was</word>
<word id="word_1302">a</word>
<word id="word_1303">Democrat</word>
<word id="word_1304">,</word>
<word id="word_1305">then</word>
<word id="word_1306">he</word>
<word id="word_1307">was</word>
<word id="word_1308">a</word>
<word id="word_1309">Republican</word>
<word id="word_1310">,</word>
<word id="word_1311">and</word>
<word id="word_1312">finally</word>
<word id="word_1313">he</word>
<word id="word_1314">was</word>
<word id="word_1315">an</word>
<word id="word_1316">Independent</word>
<word id="word_1317">,</word>
<word id="word_1318">and</word>
<word id="word_1319">said</word>
<word id="word_1320">the</word>
<word id="word_1321">party</word>
<word id="word_1322">label</word>
<word id="word_1323">just</word>
<word id="word_1324">gets</word>
<word id="word_1325">in</word>
<word id="word_1326">the</word>
<word id="word_1327">way</word>
<word id="word_1328">.</word>
<word id="word_1329">Luzhkov</word>
<word id="word_1330">,</word>
<word id="word_1331">20</word>
<word id="word_1332">years</word>
<word id="word_1333">mayor</word>
<word id="word_1334">in</word>
<word id="word_1335">Moscow</word>
<word id="word_1336">,</word>
<word id="word_1337">though</word>
<word id="word_1338">he</word>
<word id="word_1339">helped</word>
<word id="word_1340">found</word>
<word id="word_1341">a</word>
<word id="word_1342">party</word>
<word id="word_1343">,</word>
<word id="word_1344">United</word>
<word id="word_1345">Party</word>
<word id="word_1346">with</word>
<word id="word_1347">Putin</word>
<word id="word_1348">,</word>
<word id="word_1349">in</word>
<word id="word_1350">fact</word>
<word id="word_1351">refused</word>
<word id="word_1352">to</word>
<word id="word_1353">be</word>
<word id="word_1354">defined</word>
<word id="word_1355">by</word>
<word id="word_1356">the</word>
<word id="word_1357">party</word>
<word id="word_1358">and</word>
<word id="word_1359">finally</word>
<word id="word_1360">,</word>
<word id="word_1361">in</word>
<word id="word_1362">fact</word>
<word id="word_1363">,</word>
<word id="word_1364">lost</word>
<word id="word_1365">his</word>
<word id="word_1366">job</word>
<word id="word_1367">not</word>
<word id="word_1368">under</word>
<word id="word_1369">Brezhnev</word>
<word id="word_1370">,</word>
<word id="word_1371">not</word>
<word id="word_1372">under</word>
<word id="word_1373">Gorbachev</word>
<word id="word_1374">,</word>
<word id="word_1375">but</word>
<word id="word_1376">under</word>
<word id="word_1377">Putin</word>
<word id="word_1378">,</word>
<word id="word_1379">who</word>
<word id="word_1380">wanted</word>
<word id="word_1381">a</word>
<word id="word_1382">more</word>
<word id="word_1383">faithful</word>
<word id="word_1384">party</word>
<word id="word_1385">follower</word>
<word id="word_1386">.</word>
<word id="word_1387">So</word>
<word id="word_1388">mayors</word>
<word id="word_1389">are</word>
<word id="word_1390">pragmatists</word>
<word id="word_1391">and</word>
<word id="word_1392">problem-solvers</word>
<word id="word_1393">.</word>
<word id="word_1394">They</word>
<word id="word_1395">get</word>
<word id="word_1396">things</word>
<word id="word_1397">done</word>
<word id="word_1398">.</word>
<word id="word_1399">But</word>
<word id="word_1400">the</word>
<word id="word_1401">second</word>
<word id="word_1402">thing</word>
<word id="word_1403">about</word>
<word id="word_1404">mayors</word>
<word id="word_1405">is</word>
<word id="word_1406">they</word>
<word id="word_1407">are</word>
<word id="word_1408">also</word>
<word id="word_1409">what</word>
<word id="word_1410">I</word>
<word id="word_1411">like</word>
<word id="word_1412">to</word>
<word id="word_1413">call</word>
<word id="word_1414">homeboys</word>
<word id="word_1415">,</word>
<word id="word_1416">or</word>
<word id="word_1417">to</word>
<word id="word_1418">include</word>
<word id="word_1419">the</word>
<word id="word_1420">women</word>
<word id="word_1421">mayors</word>
<word id="word_1422">,</word>
<word id="word_1423">homies</word>
<word id="word_1424">.</word>
<word id="word_1425">They</word>
<word id="word_1426">'re</word>
<word id="word_1427">from</word>
<word id="word_1428">the</word>
<word id="word_1429">neighborhood</word>
<word id="word_1430">.</word>
<word id="word_1431">They</word>
<word id="word_1432">'re</word>
<word id="word_1433">part</word>
<word id="word_1434">of</word>
<word id="word_1435">the</word>
<word id="word_1436">neighborhood</word>
<word id="word_1437">.</word>
<word id="word_1438">They</word>
<word id="word_1439">'re</word>
<word id="word_1440">known</word>
<word id="word_1441">.</word>
<word id="word_1442">Ed</word>
<word id="word_1443">Koch</word>
<word id="word_1444">used</word>
<word id="word_1445">to</word>
<word id="word_1446">wander</word>
<word id="word_1447">around</word>
<word id="word_1448">New</word>
<word id="word_1449">York</word>
<word id="word_1450">City</word>
<word id="word_1451">saying</word>
<word id="word_1452">,</word>
<word id="word_1453">"</word>
<word id="word_1454">How</word>
<word id="word_1455">am</word>
<word id="word_1456">I</word>
<word id="word_1457">doing</word>
<word id="word_1458">?</word>
<word id="word_1459">"</word>
<word id="word_1460">Imagine</word>
<word id="word_1461">David</word>
<word id="word_1462">Cameron</word>
<word id="word_1463">wandering</word>
<word id="word_1464">around</word>
<word id="word_1465">the</word>
<word id="word_1466">United</word>
<word id="word_1467">Kingdom</word>
<word id="word_1468">asking</word>
<word id="word_1469">,</word>
<word id="word_1470">"</word>
<word id="word_1471">How</word>
<word id="word_1472">am</word>
<word id="word_1473">I</word>
<word id="word_1474">doing</word>
<word id="word_1475">?</word>
<word id="word_1476">"</word>
<word id="word_1477">He</word>
<word id="word_1478">wouldn</word>
<word id="word_1479">'t</word>
<word id="word_1480">like</word>
<word id="word_1481">the</word>
<word id="word_1482">answer</word>
<word id="word_1483">.</word>
<word id="word_1484">Or</word>
<word id="word_1485">Putin</word>
<word id="word_1486">.</word>
<word id="word_1487">Or</word>
<word id="word_1488">any</word>
<word id="word_1489">national</word>
<word id="word_1490">leader</word>
<word id="word_1491">.</word>
<word id="word_1492">He</word>
<word id="word_1493">could</word>
<word id="word_1494">ask</word>
<word id="word_1495">that</word>
<word id="word_1496">because</word>
<word id="word_1497">he</word>
<word id="word_1498">knew</word>
<word id="word_1499">New</word>
<word id="word_1500">Yorkers</word>
<word id="word_1501">and</word>
<word id="word_1502">they</word>
<word id="word_1503">knew</word>
<word id="word_1504">him</word>
<word id="word_1505">.</word>
<word id="word_1506">Mayors</word>
<word id="word_1507">are</word>
<word id="word_1508">usually</word>
<word id="word_1509">from</word>
<word id="word_1510">the</word>
<word id="word_1511">places</word>
<word id="word_1512">they</word>
<word id="word_1513">govern</word>
<word id="word_1514">.</word>
<word id="word_1515">It</word>
<word id="word_1516">'s</word>
<word id="word_1517">pretty</word>
<word id="word_1518">hard</word>
<word id="word_1519">to</word>
<word id="word_1520">be</word>
<word id="word_1521">a</word>
<word id="word_1522">carpetbagger</word>
<word id="word_1523">and</word>
<word id="word_1524">be</word>
<word id="word_1525">a</word>
<word id="word_1526">mayor</word>
<word id="word_1527">.</word>
<word id="word_1528">You</word>
<word id="word_1529">can</word>
<word id="word_1530">run</word>
<word id="word_1531">for</word>
<word id="word_1532">the</word>
<word id="word_1533">Senate</word>
<word id="word_1534">out</word>
<word id="word_1535">of</word>
<word id="word_1536">a</word>
<word id="word_1537">different</word>
<word id="word_1538">state</word>
<word id="word_1539">,</word>
<word id="word_1540">but</word>
<word id="word_1541">it</word>
<word id="word_1542">'s</word>
<word id="word_1543">hard</word>
<word id="word_1544">to</word>
<word id="word_1545">do</word>
<word id="word_1546">that</word>
<word id="word_1547">as</word>
<word id="word_1548">a</word>
<word id="word_1549">mayor</word>
<word id="word_1550">.</word>
<word id="word_1551">And</word>
<word id="word_1552">as</word>
<word id="word_1553">a</word>
<word id="word_1554">result</word>
<word id="word_1555">,</word>
<word id="word_1556">mayors</word>
<word id="word_1557">and</word>
<word id="word_1558">city</word>
<word id="word_1559">councillors</word>
<word id="word_1560">and</word>
<word id="word_1561">local</word>
<word id="word_1562">authorities</word>
<word id="word_1563">have</word>
<word id="word_1564">a</word>
<word id="word_1565">much</word>
<word id="word_1566">higher</word>
<word id="word_1567">trust</word>
<word id="word_1568">level</word>
<word id="word_1569">,</word>
<word id="word_1570">and</word>
<word id="word_1571">this</word>
<word id="word_1572">is</word>
<word id="word_1573">the</word>
<word id="word_1574">third</word>
<word id="word_1575">feature</word>
<word id="word_1576">about</word>
<word id="word_1577">mayors</word>
<word id="word_1578">,</word>
<word id="word_1579">than</word>
<word id="word_1580">national</word>
<word id="word_1581">governing</word>
<word id="word_1582">officials</word>
<word id="word_1583">.</word>
<word id="word_1584">In</word>
<word id="word_1585">the</word>
<word id="word_1586">United</word>
<word id="word_1587">States</word>
<word id="word_1588">,</word>
<word id="word_1589">we</word>
<word id="word_1590">know</word>
<word id="word_1591">the</word>
<word id="word_1592">pathetic</word>
<word id="word_1593">figures</word>
<word id="word_1594">:</word>
<word id="word_1595">18</word>
<word id="word_1596">percent</word>
<word id="word_1597">of</word>
<word id="word_1598">Americans</word>
<word id="word_1599">approve</word>
<word id="word_1600">of</word>
<word id="word_1601">Congress</word>
<word id="word_1602">and</word>
<word id="word_1603">what</word>
<word id="word_1604">they</word>
<word id="word_1605">do</word>
<word id="word_1606">.</word>
<word id="word_1607">And</word>
<word id="word_1608">even</word>
<word id="word_1609">with</word>
<word id="word_1610">a</word>
<word id="word_1611">relatively</word>
<word id="word_1612">popular</word>
<word id="word_1613">president</word>
<word id="word_1614">like</word>
<word id="word_1615">Obama</word>
<word id="word_1616">,</word>
<word id="word_1617">the</word>
<word id="word_1618">figures</word>
<word id="word_1619">for</word>
<word id="word_1620">the</word>
<word id="word_1621">Presidency</word>
<word id="word_1622">run</word>
<word id="word_1623">about</word>
<word id="word_1624">40</word>
<word id="word_1625">,</word>
<word id="word_1626">45</word>
<word id="word_1627">,</word>
<word id="word_1628">sometimes</word>
<word id="word_1629">50</word>
<word id="word_1630">percent</word>
<word id="word_1631">at</word>
<word id="word_1632">best</word>
<word id="word_1633">.</word>
<word id="word_1634">The</word>
<word id="word_1635">Supreme</word>
<word id="word_1636">Court</word>
<word id="word_1637">has</word>
<word id="word_1638">fallen</word>
<word id="word_1639">way</word>
<word id="word_1640">down</word>
<word id="word_1641">from</word>
<word id="word_1642">what</word>
<word id="word_1643">it</word>
<word id="word_1644">used</word>
<word id="word_1645">to</word>
<word id="word_1646">be</word>
<word id="word_1647">.</word>
<word id="word_1648">But</word>
<word id="word_1649">when</word>
<word id="word_1650">you</word>
<word id="word_1651">ask</word>
<word id="word_1652">,</word>
<word id="word_1653">"</word>
<word id="word_1654">Do</word>
<word id="word_1655">you</word>
<word id="word_1656">trust</word>
<word id="word_1657">your</word>
<word id="word_1658">city</word>
<word id="word_1659">councillor</word>
<word id="word_1660">,</word>
<word id="word_1661">do</word>
<word id="word_1662">you</word>
<word id="word_1663">trust</word>
<word id="word_1664">your</word>
<word id="word_1665">mayor</word>
<word id="word_1666">?</word>
<word id="word_1667">"</word>
<word id="word_1668">the</word>
<word id="word_1669">rates</word>
<word id="word_1670">shoot</word>
<word id="word_1671">up</word>
<word id="word_1672">to</word>
<word id="word_1673">70</word>
<word id="word_1674">,</word>
<word id="word_1675">75</word>
<word id="word_1676">,</word>
<word id="word_1677">even</word>
<word id="word_1678">80</word>
<word id="word_1679">percent</word>
<word id="word_1680">,</word>
<word id="word_1681">because</word>
<word id="word_1682">they</word>
<word id="word_1683">'re</word>
<word id="word_1684">from</word>
<word id="word_1685">the</word>
<word id="word_1686">neighborhood</word>
<word id="word_1687">,</word>
<word id="word_1688">because</word>
<word id="word_1689">the</word>
<word id="word_1690">people</word>
<word id="word_1691">they</word>
<word id="word_1692">work</word>
<word id="word_1693">with</word>
<word id="word_1694">are</word>
<word id="word_1695">their</word>
<word id="word_1696">neighbors</word>
<word id="word_1697">,</word>
<word id="word_1698">because</word>
<word id="word_1699">,</word>
<word id="word_1700">like</word>
<word id="word_1701">Mayor</word>
<word id="word_1702">Booker</word>
<word id="word_1703">in</word>
<word id="word_1704">Newark</word>
<word id="word_1705">,</word>
<word id="word_1706">a</word>
<word id="word_1707">mayor</word>
<word id="word_1708">is</word>
<word id="word_1709">likely</word>
<word id="word_1710">to</word>
<word id="word_1711">get</word>
<word id="word_1712">out</word>
<word id="word_1713">of</word>
<word id="word_1714">his</word>
<word id="word_1715">car</word>
<word id="word_1716">on</word>
<word id="word_1717">the</word>
<word id="word_1718">way</word>
<word id="word_1719">to</word>
<word id="word_1720">work</word>
<word id="word_1721">and</word>
<word id="word_1722">go</word>
<word id="word_1723">in</word>
<word id="word_1724">and</word>
<word id="word_1725">pull</word>
<word id="word_1726">people</word>
<word id="word_1727">out</word>
<word id="word_1728">of</word>
<word id="word_1729">a</word>
<word id="word_1730">burning</word>
<word id="word_1731">building</word>
<word id="word_1732">--</word>
<word id="word_1733">that</word>
<word id="word_1734">happened</word>
<word id="word_1735">to</word>
<word id="word_1736">Mayor</word>
<word id="word_1737">Booker</word>
<word id="word_1738">--</word>
<word id="word_1739">or</word>
<word id="word_1740">intervene</word>
<word id="word_1741">in</word>
<word id="word_1742">a</word>
<word id="word_1743">mugging</word>
<word id="word_1744">in</word>
<word id="word_1745">the</word>
<word id="word_1746">street</word>
<word id="word_1747">as</word>
<word id="word_1748">he</word>
<word id="word_1749">goes</word>
<word id="word_1750">to</word>
<word id="word_1751">work</word>
<word id="word_1752">because</word>
<word id="word_1753">he</word>
<word id="word_1754">sees</word>
<word id="word_1755">it</word>
<word id="word_1756">.</word>
<word id="word_1757">No</word>
<word id="word_1758">head</word>
<word id="word_1759">of</word>
<word id="word_1760">state</word>
<word id="word_1761">would</word>
<word id="word_1762">be</word>
<word id="word_1763">permitted</word>
<word id="word_1764">by</word>
<word id="word_1765">their</word>
<word id="word_1766">security</word>
<word id="word_1767">details</word>
<word id="word_1768">to</word>
<word id="word_1769">do</word>
<word id="word_1770">it</word>
<word id="word_1771">,</word>
<word id="word_1772">nor</word>
<word id="word_1773">be</word>
<word id="word_1774">in</word>
<word id="word_1775">a</word>
<word id="word_1776">position</word>
<word id="word_1777">to</word>
<word id="word_1778">do</word>
<word id="word_1779">it</word>
<word id="word_1780">.</word>
<word id="word_1781">That</word>
<word id="word_1782">'s</word>
<word id="word_1783">the</word>
<word id="word_1784">difference</word>
<word id="word_1785">,</word>
<word id="word_1786">and</word>
<word id="word_1787">the</word>
<word id="word_1788">difference</word>
<word id="word_1789">has</word>
<word id="word_1790">to</word>
<word id="word_1791">do</word>
<word id="word_1792">with</word>
<word id="word_1793">the</word>
<word id="word_1794">character</word>
<word id="word_1795">of</word>
<word id="word_1796">cities</word>
<word id="word_1797">themselves</word>
<word id="word_1798">,</word>
<word id="word_1799">because</word>
<word id="word_1800">cities</word>
<word id="word_1801">are</word>
<word id="word_1802">profoundly</word>
<word id="word_1803">multicultural</word>
<word id="word_1804">,</word>
<word id="word_1805">open</word>
<word id="word_1806">,</word>
<word id="word_1807">participatory</word>
<word id="word_1808">,</word>
<word id="word_1809">democratic</word>
<word id="word_1810">,</word>
<word id="word_1811">able</word>
<word id="word_1812">to</word>
<word id="word_1813">work</word>
<word id="word_1814">with</word>
<word id="word_1815">one</word>
<word id="word_1816">another</word>
<word id="word_1817">.</word>
<word id="word_1818">When</word>
<word id="word_1819">states</word>
<word id="word_1820">face</word>
<word id="word_1821">each</word>
<word id="word_1822">other</word>
<word id="word_1823">,</word>
<word id="word_1824">China</word>
<word id="word_1825">and</word>
<word id="word_1826">the</word>
<word id="word_1827">U.S.</word>
<word id="word_1828">,</word>
<word id="word_1829">they</word>
<word id="word_1830">face</word>
<word id="word_1831">each</word>
<word id="word_1832">other</word>
<word id="word_1833">like</word>
<word id="word_1834">this</word>
<word id="word_1835">.</word>
<word id="word_1836">When</word>
<word id="word_1837">cities</word>
<word id="word_1838">interact</word>
<word id="word_1839">,</word>
<word id="word_1840">they</word>
<word id="word_1841">interact</word>
<word id="word_1842">like</word>
<word id="word_1843">this</word>
<word id="word_1844">.</word>
<word id="word_1845">China</word>
<word id="word_1846">and</word>
<word id="word_1847">the</word>
<word id="word_1848">U.S.</word>
<word id="word_1849">,</word>
<word id="word_1850">despite</word>
<word id="word_1851">the</word>
<word id="word_1852">recent</word>
<word id="word_1853">meta-meeting</word>
<word id="word_1854">in</word>
<word id="word_1855">California</word>
<word id="word_1856">,</word>
<word id="word_1857">are</word>
<word id="word_1858">locked</word>
<word id="word_1859">in</word>
<word id="word_1860">all</word>
<word id="word_1861">kinds</word>
<word id="word_1862">of</word>
<word id="word_1863">anger</word>
<word id="word_1864">,</word>
<word id="word_1865">resentment</word>
<word id="word_1866">,</word>
<word id="word_1867">and</word>
<word id="word_1868">rivalry</word>
<word id="word_1869">for</word>
<word id="word_1870">number</word>
<word id="word_1871">one</word>
<word id="word_1872">.</word>
<word id="word_1873">We</word>
<word id="word_1874">heard</word>
<word id="word_1875">more</word>
<word id="word_1876">about</word>
<word id="word_1877">who</word>
<word id="word_1878">will</word>
<word id="word_1879">be</word>
<word id="word_1880">number</word>
<word id="word_1881">one</word>
<word id="word_1882">.</word>
<word id="word_1883">Cities</word>
<word id="word_1884">don</word>
<word id="word_1885">'t</word>
<word id="word_1886">worry</word>
<word id="word_1887">about</word>
<word id="word_1888">number</word>
<word id="word_1889">one</word>
<word id="word_1890">.</word>
<word id="word_1891">They</word>
<word id="word_1892">have</word>
<word id="word_1893">to</word>
<word id="word_1894">work</word>
<word id="word_1895">together</word>
<word id="word_1896">,</word>
<word id="word_1897">and</word>
<word id="word_1898">they</word>
<word id="word_1899">do</word>
<word id="word_1900">work</word>
<word id="word_1901">together</word>
<word id="word_1902">.</word>
<word id="word_1903">They</word>
<word id="word_1904">work</word>
<word id="word_1905">together</word>
<word id="word_1906">in</word>
<word id="word_1907">climate</word>
<word id="word_1908">change</word>
<word id="word_1909">,</word>
<word id="word_1910">for</word>
<word id="word_1911">example</word>
<word id="word_1912">.</word>
<word id="word_1913">Organizations</word>
<word id="word_1914">like</word>
<word id="word_1915">the</word>
<word id="word_1916">C40</word>
<word id="word_1917">,</word>
<word id="word_1918">like</word>
<word id="word_1919">ICLEI</word>
<word id="word_1920">,</word>
<word id="word_1921">which</word>
<word id="word_1922">I</word>
<word id="word_1923">mentioned</word>
<word id="word_1924">,</word>
<word id="word_1925">have</word>
<word id="word_1926">been</word>
<word id="word_1927">working</word>
<word id="word_1928">together</word>
<word id="word_1929">many</word>
<word id="word_1930">,</word>
<word id="word_1931">many</word>
<word id="word_1932">years</word>
<word id="word_1933">before</word>
<word id="word_1934">Copenhagen</word>
<word id="word_1935">.</word>
<word id="word_1936">In</word>
<word id="word_1937">Copenhagen</word>
<word id="word_1938">,</word>
<word id="word_1939">four</word>
<word id="word_1940">or</word>
<word id="word_1941">five</word>
<word id="word_1942">years</word>
<word id="word_1943">ago</word>
<word id="word_1944">,</word>
<word id="word_1945">184</word>
<word id="word_1946">nations</word>
<word id="word_1947">came</word>
<word id="word_1948">together</word>
<word id="word_1949">to</word>
<word id="word_1950">explain</word>
<word id="word_1951">to</word>
<word id="word_1952">one</word>
<word id="word_1953">another</word>
<word id="word_1954">why</word>
<word id="word_1955">their</word>
<word id="word_1956">sovereignty</word>
<word id="word_1957">didn</word>
<word id="word_1958">'t</word>
<word id="word_1959">permit</word>
<word id="word_1960">them</word>
<word id="word_1961">to</word>
<word id="word_1962">deal</word>
<word id="word_1963">with</word>
<word id="word_1964">the</word>
<word id="word_1965">grave</word>
<word id="word_1966">,</word>
<word id="word_1967">grave</word>
<word id="word_1968">crisis</word>
<word id="word_1969">of</word>
<word id="word_1970">climate</word>
<word id="word_1971">change</word>
<word id="word_1972">,</word>
<word id="word_1973">but</word>
<word id="word_1974">the</word>
<word id="word_1975">mayor</word>
<word id="word_1976">of</word>
<word id="word_1977">Copenhagen</word>
<word id="word_1978">had</word>
<word id="word_1979">invited</word>
<word id="word_1980">200</word>
<word id="word_1981">mayors</word>
<word id="word_1982">to</word>
<word id="word_1983">attend</word>
<word id="word_1984">.</word>
<word id="word_1985">They</word>
<word id="word_1986">came</word>
<word id="word_1987">,</word>
<word id="word_1988">they</word>
<word id="word_1989">stayed</word>
<word id="word_1990">,</word>
<word id="word_1991">and</word>
<word id="word_1992">they</word>
<word id="word_1993">found</word>
<word id="word_1994">ways</word>
<word id="word_1995">and</word>
<word id="word_1996">are</word>
<word id="word_1997">still</word>
<word id="word_1998">finding</word>
<word id="word_1999">ways</word>
<word id="word_2000">to</word>
<word id="word_2001">work</word>
<word id="word_2002">together</word>
<word id="word_2003">,</word>
<word id="word_2004">city-to-city</word>
<word id="word_2005">,</word>
<word id="word_2006">and</word>
<word id="word_2007">through</word>
<word id="word_2008">inter-city</word>
<word id="word_2009">organizations</word>
<word id="word_2010">.</word>
<word id="word_2011">Eighty</word>
<word id="word_2012">percent</word>
<word id="word_2013">of</word>
<word id="word_2014">carbon</word>
<word id="word_2015">emissions</word>
<word id="word_2016">come</word>
<word id="word_2017">from</word>
<word id="word_2018">cities</word>
<word id="word_2019">,</word>
<word id="word_2020">which</word>
<word id="word_2021">means</word>
<word id="word_2022">cities</word>
<word id="word_2023">are</word>
<word id="word_2024">in</word>
<word id="word_2025">a</word>
<word id="word_2026">position</word>
<word id="word_2027">to</word>
<word id="word_2028">solve</word>
<word id="word_2029">the</word>
<word id="word_2030">carbon</word>
<word id="word_2031">problem</word>
<word id="word_2032">,</word>
<word id="word_2033">or</word>
<word id="word_2034">most</word>
<word id="word_2035">of</word>
<word id="word_2036">it</word>
<word id="word_2037">,</word>
<word id="word_2038">whether</word>
<word id="word_2039">or</word>
<word id="word_2040">not</word>
<word id="word_2041">the</word>
<word id="word_2042">states</word>
<word id="word_2043">of</word>
<word id="word_2044">which</word>
<word id="word_2045">they</word>
<word id="word_2046">are</word>
<word id="word_2047">a</word>
<word id="word_2048">part</word>
<word id="word_2049">make</word>
<word id="word_2050">agreements</word>
<word id="word_2051">with</word>
<word id="word_2052">one</word>
<word id="word_2053">another</word>
<word id="word_2054">.</word>
<word id="word_2055">And</word>
<word id="word_2056">they</word>
<word id="word_2057">are</word>
<word id="word_2058">doing</word>
<word id="word_2059">it</word>
<word id="word_2060">.</word>
<word id="word_2061">Los</word>
<word id="word_2062">Angeles</word>
<word id="word_2063">cleaned</word>
<word id="word_2064">up</word>
<word id="word_2065">its</word>
<word id="word_2066">port</word>
<word id="word_2067">,</word>
<word id="word_2068">which</word>
<word id="word_2069">was</word>
<word id="word_2070">40</word>
<word id="word_2071">percent</word>
<word id="word_2072">of</word>
<word id="word_2073">carbon</word>
<word id="word_2074">emissions</word>
<word id="word_2075">,</word>
<word id="word_2076">and</word>
<word id="word_2077">as</word>
<word id="word_2078">a</word>
<word id="word_2079">result</word>
<word id="word_2080">got</word>
<word id="word_2081">rid</word>
<word id="word_2082">of</word>
<word id="word_2083">about</word>
<word id="word_2084">20</word>
<word id="word_2085">percent</word>
<word id="word_2086">of</word>
<word id="word_2087">carbon</word>
<word id="word_2088">.</word>
<word id="word_2089">New</word>
<word id="word_2090">York</word>
<word id="word_2091">has</word>
<word id="word_2092">a</word>
<word id="word_2093">program</word>
<word id="word_2094">to</word>
<word id="word_2095">upgrade</word>
<word id="word_2096">its</word>
<word id="word_2097">old</word>
<word id="word_2098">buildings</word>
<word id="word_2099">,</word>
<word id="word_2100">make</word>
<word id="word_2101">them</word>
<word id="word_2102">better</word>
<word id="word_2103">insulated</word>
<word id="word_2104">in</word>
<word id="word_2105">the</word>
<word id="word_2106">winter</word>
<word id="word_2107">,</word>
<word id="word_2108">to</word>
<word id="word_2109">not</word>
<word id="word_2110">leak</word>
<word id="word_2111">energy</word>
<word id="word_2112">in</word>
<word id="word_2113">the</word>
<word id="word_2114">summer</word>
<word id="word_2115">,</word>
<word id="word_2116">not</word>
<word id="word_2117">leak</word>
<word id="word_2118">air</word>
<word id="word_2119">conditioning</word>
<word id="word_2120">.</word>
<word id="word_2121">That</word>
<word id="word_2122">'s</word>
<word id="word_2123">having</word>
<word id="word_2124">an</word>
<word id="word_2125">impact</word>
<word id="word_2126">.</word>
<word id="word_2127">Bogota</word>
<word id="word_2128">,</word>
<word id="word_2129">where</word>
<word id="word_2130">Mayor</word>
<word id="word_2131">Mockus</word>
<word id="word_2132">,</word>
<word id="word_2133">when</word>
<word id="word_2134">he</word>
<word id="word_2135">was</word>
<word id="word_2136">mayor</word>
<word id="word_2137">,</word>
<word id="word_2138">he</word>
<word id="word_2139">introduced</word>
<word id="word_2140">a</word>
<word id="word_2141">transportation</word>
<word id="word_2142">system</word>
<word id="word_2143">that</word>
<word id="word_2144">saved</word>
<word id="word_2145">energy</word>
<word id="word_2146">,</word>
<word id="word_2147">that</word>
<word id="word_2148">allowed</word>
<word id="word_2149">surface</word>
<word id="word_2150">buses</word>
<word id="word_2151">to</word>
<word id="word_2152">run</word>
<word id="word_2153">in</word>
<word id="word_2154">effect</word>
<word id="word_2155">like</word>
<word id="word_2156">subways</word>
<word id="word_2157">,</word>
<word id="word_2158">express</word>
<word id="word_2159">buses</word>
<word id="word_2160">with</word>
<word id="word_2161">corridors</word>
<word id="word_2162">.</word>
<word id="word_2163">It</word>
<word id="word_2164">helped</word>
<word id="word_2165">unemployment</word>
<word id="word_2166">,</word>
<word id="word_2167">because</word>
<word id="word_2168">people</word>
<word id="word_2169">could</word>
<word id="word_2170">get</word>
<word id="word_2171">across</word>
<word id="word_2172">town</word>
<word id="word_2173">,</word>
<word id="word_2174">and</word>
<word id="word_2175">it</word>
<word id="word_2176">had</word>
<word id="word_2177">a</word>
<word id="word_2178">profound</word>
<word id="word_2179">impact</word>
<word id="word_2180">on</word>
<word id="word_2181">climate</word>
<word id="word_2182">as</word>
<word id="word_2183">well</word>
<word id="word_2184">as</word>
<word id="word_2185">many</word>
<word id="word_2186">other</word>
<word id="word_2187">things</word>
<word id="word_2188">there</word>
<word id="word_2189">.</word>
<word id="word_2190">Singapore</word>
<word id="word_2191">,</word>
<word id="word_2192">as</word>
<word id="word_2193">it</word>
<word id="word_2194">developed</word>
<word id="word_2195">its</word>
<word id="word_2196">high-rises</word>
<word id="word_2197">and</word>
<word id="word_2198">its</word>
<word id="word_2199">remarkable</word>
<word id="word_2200">public</word>
<word id="word_2201">housing</word>
<word id="word_2202">,</word>
<word id="word_2203">also</word>
<word id="word_2204">developed</word>
<word id="word_2205">an</word>
<word id="word_2206">island</word>
<word id="word_2207">of</word>
<word id="word_2208">parks</word>
<word id="word_2209">,</word>
<word id="word_2210">and</word>
<word id="word_2211">if</word>
<word id="word_2212">you</word>
<word id="word_2213">go</word>
<word id="word_2214">there</word>
<word id="word_2215">,</word>
<word id="word_2216">you</word>
<word id="word_2217">'ll</word>
<word id="word_2218">see</word>
<word id="word_2219">how</word>
<word id="word_2220">much</word>
<word id="word_2221">of</word>
<word id="word_2222">it</word>
<word id="word_2223">is</word>
<word id="word_2224">green</word>
<word id="word_2225">land</word>
<word id="word_2226">and</word>
<word id="word_2227">park</word>
<word id="word_2228">land</word>
<word id="word_2229">.</word>
<word id="word_2230">Cities</word>
<word id="word_2231">are</word>
<word id="word_2232">doing</word>
<word id="word_2233">this</word>
<word id="word_2234">,</word>
<word id="word_2235">but</word>
<word id="word_2236">not</word>
<word id="word_2237">just</word>
<word id="word_2238">one</word>
<word id="word_2239">by</word>
<word id="word_2240">one</word>
<word id="word_2241">.</word>
<word id="word_2242">They</word>
<word id="word_2243">are</word>
<word id="word_2244">doing</word>
<word id="word_2245">it</word>
<word id="word_2246">together</word>
<word id="word_2247">.</word>
<word id="word_2248">They</word>
<word id="word_2249">are</word>
<word id="word_2250">sharing</word>
<word id="word_2251">what</word>
<word id="word_2252">they</word>
<word id="word_2253">do</word>
<word id="word_2254">,</word>
<word id="word_2255">and</word>
<word id="word_2256">they</word>
<word id="word_2257">are</word>
<word id="word_2258">making</word>
<word id="word_2259">a</word>
<word id="word_2260">difference</word>
<word id="word_2261">by</word>
<word id="word_2262">shared</word>
<word id="word_2263">best</word>
<word id="word_2264">practices</word>
<word id="word_2265">.</word>
<word id="word_2266">Bike</word>
<word id="word_2267">shares</word>
<word id="word_2268">,</word>
<word id="word_2269">many</word>
<word id="word_2270">of</word>
<word id="word_2271">you</word>
<word id="word_2272">have</word>
<word id="word_2273">heard</word>
<word id="word_2274">of</word>
<word id="word_2275">it</word>
<word id="word_2276">,</word>
<word id="word_2277">started</word>
<word id="word_2278">20</word>
<word id="word_2279">or</word>
<word id="word_2280">30</word>
<word id="word_2281">years</word>
<word id="word_2282">ago</word>
<word id="word_2283">in</word>
<word id="word_2284">Latin</word>
<word id="word_2285">America</word>
<word id="word_2286">.</word>
<word id="word_2287">Now</word>
<word id="word_2288">it</word>
<word id="word_2289">'s</word>
<word id="word_2290">in</word>
<word id="word_2291">hundreds</word>
<word id="word_2292">of</word>
<word id="word_2293">cities</word>
<word id="word_2294">around</word>
<word id="word_2295">the</word>
<word id="word_2296">world</word>
<word id="word_2297">.</word>
<word id="word_2298">Pedestrian</word>
<word id="word_2299">zones</word>
<word id="word_2300">,</word>
<word id="word_2301">congestion</word>
<word id="word_2302">fees</word>
<word id="word_2303">,</word>
<word id="word_2304">emission</word>
<word id="word_2305">limits</word>
<word id="word_2306">in</word>
<word id="word_2307">cities</word>
<word id="word_2308">like</word>
<word id="word_2309">California</word>
<word id="word_2310">cities</word>
<word id="word_2311">have</word>
<word id="word_2312">,</word>
<word id="word_2313">there</word>
<word id="word_2314">'s</word>
<word id="word_2315">lots</word>
<word id="word_2316">and</word>
<word id="word_2317">lots</word>
<word id="word_2318">that</word>
<word id="word_2319">cities</word>
<word id="word_2320">can</word>
<word id="word_2321">do</word>
<word id="word_2322">even</word>
<word id="word_2323">when</word>
<word id="word_2324">opaque</word>
<word id="word_2325">,</word>
<word id="word_2326">stubborn</word>
<word id="word_2327">nations</word>
<word id="word_2328">refuse</word>
<word id="word_2329">to</word>
<word id="word_2330">act</word>
<word id="word_2331">.</word>
<word id="word_2332">So</word>
<word id="word_2333">what</word>
<word id="word_2334">'s</word>
<word id="word_2335">the</word>
<word id="word_2336">bottom</word>
<word id="word_2337">line</word>
<word id="word_2338">here</word>
<word id="word_2339">?</word>
<word id="word_2340">The</word>
<word id="word_2341">bottom</word>
<word id="word_2342">line</word>
<word id="word_2343">is</word>
<word id="word_2344">,</word>
<word id="word_2345">we</word>
<word id="word_2346">still</word>
<word id="word_2347">live</word>
<word id="word_2348">politically</word>
<word id="word_2349">in</word>
<word id="word_2350">a</word>
<word id="word_2351">world</word>
<word id="word_2352">of</word>
<word id="word_2353">borders</word>
<word id="word_2354">,</word>
<word id="word_2355">a</word>
<word id="word_2356">world</word>
<word id="word_2357">of</word>
<word id="word_2358">boundaries</word>
<word id="word_2359">,</word>
<word id="word_2360">a</word>
<word id="word_2361">world</word>
<word id="word_2362">of</word>
<word id="word_2363">walls</word>
<word id="word_2364">,</word>
<word id="word_2365">a</word>
<word id="word_2366">world</word>
<word id="word_2367">where</word>
<word id="word_2368">states</word>
<word id="word_2369">refuse</word>
<word id="word_2370">to</word>
<word id="word_2371">act</word>
<word id="word_2372">together</word>
<word id="word_2373">.</word>
<word id="word_2374">Yet</word>
<word id="word_2375">we</word>
<word id="word_2376">know</word>
<word id="word_2377">that</word>
<word id="word_2378">the</word>
<word id="word_2379">reality</word>
<word id="word_2380">we</word>
<word id="word_2381">experience</word>
<word id="word_2382">day</word>
<word id="word_2383">to</word>
<word id="word_2384">day</word>
<word id="word_2385">is</word>
<word id="word_2386">a</word>
<word id="word_2387">world</word>
<word id="word_2388">without</word>
<word id="word_2389">borders</word>
<word id="word_2390">,</word>
<word id="word_2391">a</word>
<word id="word_2392">world</word>
<word id="word_2393">of</word>
<word id="word_2394">diseases</word>
<word id="word_2395">without</word>
<word id="word_2396">borders</word>
<word id="word_2397">and</word>
<word id="word_2398">doctors</word>
<word id="word_2399">without</word>
<word id="word_2400">borders</word>
<word id="word_2401">,</word>
<word id="word_2402">maladies</word>
<word id="word_2403">sans</word>
<word id="word_2404">frontières</word>
<word id="word_2405">,</word>
<word id="word_2406">Médecins</word>
<word id="word_2407">Sans</word>
<word id="word_2408">Frontières</word>
<word id="word_2409">,</word>
<word id="word_2410">of</word>
<word id="word_2411">economics</word>
<word id="word_2412">and</word>
<word id="word_2413">technology</word>
<word id="word_2414">without</word>
<word id="word_2415">borders</word>
<word id="word_2416">,</word>
<word id="word_2417">of</word>
<word id="word_2418">education</word>
<word id="word_2419">without</word>
<word id="word_2420">borders</word>
<word id="word_2421">,</word>
<word id="word_2422">of</word>
<word id="word_2423">terrorism</word>
<word id="word_2424">and</word>
<word id="word_2425">war</word>
<word id="word_2426">without</word>
<word id="word_2427">borders</word>
<word id="word_2428">.</word>
<word id="word_2429">That</word>
<word id="word_2430">is</word>
<word id="word_2431">the</word>
<word id="word_2432">real</word>
<word id="word_2433">world</word>
<word id="word_2434">,</word>
<word id="word_2435">and</word>
<word id="word_2436">unless</word>
<word id="word_2437">we</word>
<word id="word_2438">find</word>
<word id="word_2439">a</word>
<word id="word_2440">way</word>
<word id="word_2441">to</word>
<word id="word_2442">globalize</word>
<word id="word_2443">democracy</word>
<word id="word_2444">or</word>
<word id="word_2445">democratize</word>
<word id="word_2446">globalization</word>
<word id="word_2447">,</word>
<word id="word_2448">we</word>
<word id="word_2449">will</word>
<word id="word_2450">increasingly</word>
<word id="word_2451">not</word>
<word id="word_2452">only</word>
<word id="word_2453">risk</word>
<word id="word_2454">the</word>
<word id="word_2455">failure</word>
<word id="word_2456">to</word>
<word id="word_2457">address</word>
<word id="word_2458">all</word>
<word id="word_2459">of</word>
<word id="word_2460">these</word>
<word id="word_2461">transnational</word>
<word id="word_2462">problems</word>
<word id="word_2463">,</word>
<word id="word_2464">but</word>
<word id="word_2465">we</word>
<word id="word_2466">will</word>
<word id="word_2467">risk</word>
<word id="word_2468">losing</word>
<word id="word_2469">democracy</word>
<word id="word_2470">itself</word>
<word id="word_2471">,</word>
<word id="word_2472">locked</word>
<word id="word_2473">up</word>
<word id="word_2474">in</word>
<word id="word_2475">the</word>
<word id="word_2476">old</word>
<word id="word_2477">nation-state</word>
<word id="word_2478">box</word>
<word id="word_2479">,</word>
<word id="word_2480">unable</word>
<word id="word_2481">to</word>
<word id="word_2482">address</word>
<word id="word_2483">global</word>
<word id="word_2484">problems</word>
<word id="word_2485">democratically</word>
<word id="word_2486">.</word>
<word id="word_2487">So</word>
<word id="word_2488">where</word>
<word id="word_2489">does</word>
<word id="word_2490">that</word>
<word id="word_2491">leave</word>
<word id="word_2492">us</word>
<word id="word_2493">?</word>
<word id="word_2494">I</word>
<word id="word_2495">'ll</word>
<word id="word_2496">tell</word>
<word id="word_2497">you</word>
<word id="word_2498">.</word>
<word id="word_2499">The</word>
<word id="word_2500">road</word>
<word id="word_2501">to</word>
<word id="word_2502">global</word>
<word id="word_2503">democracy</word>
<word id="word_2504">doesn</word>
<word id="word_2505">'t</word>
<word id="word_2506">run</word>
<word id="word_2507">through</word>
<word id="word_2508">states</word>
<word id="word_2509">.</word>
<word id="word_2510">It</word>
<word id="word_2511">runs</word>
<word id="word_2512">through</word>
<word id="word_2513">cities</word>
<word id="word_2514">.</word>
<word id="word_2515">Democracy</word>
<word id="word_2516">was</word>
<word id="word_2517">born</word>
<word id="word_2518">in</word>
<word id="word_2519">the</word>
<word id="word_2520">ancient</word>
<word id="word_2521">polis</word>
<word id="word_2522">.</word>
<word id="word_2523">I</word>
<word id="word_2524">believe</word>
<word id="word_2525">it</word>
<word id="word_2526">can</word>
<word id="word_2527">be</word>
<word id="word_2528">reborn</word>
<word id="word_2529">in</word>
<word id="word_2530">the</word>
<word id="word_2531">global</word>
<word id="word_2532">cosmopolis</word>
<word id="word_2533">.</word>
<word id="word_2534">In</word>
<word id="word_2535">that</word>
<word id="word_2536">journey</word>
<word id="word_2537">from</word>
<word id="word_2538">polis</word>
<word id="word_2539">to</word>
<word id="word_2540">cosmopolis</word>
<word id="word_2541">,</word>
<word id="word_2542">we</word>
<word id="word_2543">can</word>
<word id="word_2544">rediscover</word>
<word id="word_2545">the</word>
<word id="word_2546">power</word>
<word id="word_2547">of</word>
<word id="word_2548">democracy</word>
<word id="word_2549">on</word>
<word id="word_2550">a</word>
<word id="word_2551">global</word>
<word id="word_2552">level</word>
<word id="word_2553">.</word>
<word id="word_2554">We</word>
<word id="word_2555">can</word>
<word id="word_2556">create</word>
<word id="word_2557">not</word>
<word id="word_2558">a</word>
<word id="word_2559">League</word>
<word id="word_2560">of</word>
<word id="word_2561">Nations</word>
<word id="word_2562">,</word>
<word id="word_2563">which</word>
<word id="word_2564">failed</word>
<word id="word_2565">,</word>
<word id="word_2566">but</word>
<word id="word_2567">a</word>
<word id="word_2568">League</word>
<word id="word_2569">of</word>
<word id="word_2570">Cities</word>
<word id="word_2571">,</word>
<word id="word_2572">not</word>
<word id="word_2573">a</word>
<word id="word_2574">United</word>
<word id="word_2575">or</word>
<word id="word_2576">a</word>
<word id="word_2577">dis-United</word>
<word id="word_2578">Nations</word>
<word id="word_2579">,</word>
<word id="word_2580">but</word>
<word id="word_2581">United</word>
<word id="word_2582">Cities</word>
<word id="word_2583">of</word>
<word id="word_2584">the</word>
<word id="word_2585">World</word>
<word id="word_2586">.</word>
<word id="word_2587">We</word>
<word id="word_2588">can</word>
<word id="word_2589">create</word>
<word id="word_2590">a</word>
<word id="word_2591">global</word>
<word id="word_2592">parliament</word>
<word id="word_2593">of</word>
<word id="word_2594">mayors</word>
<word id="word_2595">.</word>
<word id="word_2596">That</word>
<word id="word_2597">'s</word>
<word id="word_2598">an</word>
<word id="word_2599">idea</word>
<word id="word_2600">.</word>
<word id="word_2601">It</word>
<word id="word_2602">'s</word>
<word id="word_2603">in</word>
<word id="word_2604">my</word>
<word id="word_2605">conception</word>
<word id="word_2606">of</word>
<word id="word_2607">the</word>
<word id="word_2608">coming</word>
<word id="word_2609">world</word>
<word id="word_2610">,</word>
<word id="word_2611">but</word>
<word id="word_2612">it</word>
<word id="word_2613">'s</word>
<word id="word_2614">also</word>
<word id="word_2615">on</word>
<word id="word_2616">the</word>
<word id="word_2617">table</word>
<word id="word_2618">in</word>
<word id="word_2619">City</word>
<word id="word_2620">Halls</word>
<word id="word_2621">in</word>
<word id="word_2622">Seoul</word>
<word id="word_2623">,</word>
<word id="word_2624">Korea</word>
<word id="word_2625">,</word>
<word id="word_2626">in</word>
<word id="word_2627">Amsterdam</word>
<word id="word_2628">,</word>
<word id="word_2629">in</word>
<word id="word_2630">Hamburg</word>
<word id="word_2631">,</word>
<word id="word_2632">and</word>
<word id="word_2633">in</word>
<word id="word_2634">New</word>
<word id="word_2635">York</word>
<word id="word_2636">.</word>
<word id="word_2637">Mayors</word>
<word id="word_2638">are</word>
<word id="word_2639">considering</word>
<word id="word_2640">that</word>
<word id="word_2641">idea</word>
<word id="word_2642">of</word>
<word id="word_2643">how</word>
<word id="word_2644">you</word>
<word id="word_2645">can</word>
<word id="word_2646">actually</word>
<word id="word_2647">constitute</word>
<word id="word_2648">a</word>
<word id="word_2649">global</word>
<word id="word_2650">parliament</word>
<word id="word_2651">of</word>
<word id="word_2652">mayors</word>
<word id="word_2653">,</word>
<word id="word_2654">and</word>
<word id="word_2655">I</word>
<word id="word_2656">love</word>
<word id="word_2657">that</word>
<word id="word_2658">idea</word>
<word id="word_2659">,</word>
<word id="word_2660">because</word>
<word id="word_2661">a</word>
<word id="word_2662">parliament</word>
<word id="word_2663">of</word>
<word id="word_2664">mayors</word>
<word id="word_2665">is</word>
<word id="word_2666">a</word>
<word id="word_2667">parliament</word>
<word id="word_2668">of</word>
<word id="word_2669">citizens</word>
<word id="word_2670">and</word>
<word id="word_2671">a</word>
<word id="word_2672">parliament</word>
<word id="word_2673">of</word>
<word id="word_2674">citizens</word>
<word id="word_2675">is</word>
<word id="word_2676">a</word>
<word id="word_2677">parliament</word>
<word id="word_2678">of</word>
<word id="word_2679">us</word>
<word id="word_2680">,</word>
<word id="word_2681">of</word>
<word id="word_2682">you</word>
<word id="word_2683">and</word>
<word id="word_2684">of</word>
<word id="word_2685">me</word>
<word id="word_2686">.</word>
<word id="word_2687">If</word>
<word id="word_2688">ever</word>
<word id="word_2689">there</word>
<word id="word_2690">were</word>
<word id="word_2691">citizens</word>
<word id="word_2692">without</word>
<word id="word_2693">borders</word>
<word id="word_2694">,</word>
<word id="word_2695">I</word>
<word id="word_2696">think</word>
<word id="word_2697">it</word>
<word id="word_2698">'s</word>
<word id="word_2699">the</word>
<word id="word_2700">citizens</word>
<word id="word_2701">of</word>
<word id="word_2702">TED</word>
<word id="word_2703">who</word>
<word id="word_2704">show</word>
<word id="word_2705">the</word>
<word id="word_2706">promise</word>
<word id="word_2707">to</word>
<word id="word_2708">be</word>
<word id="word_2709">those</word>
<word id="word_2710">citizens</word>
<word id="word_2711">without</word>
<word id="word_2712">borders</word>
<word id="word_2713">.</word>
<word id="word_2714">I</word>
<word id="word_2715">am</word>
<word id="word_2716">ready</word>
<word id="word_2717">to</word>
<word id="word_2718">reach</word>
<word id="word_2719">out</word>
<word id="word_2720">and</word>
<word id="word_2721">embrace</word>
<word id="word_2722">a</word>
<word id="word_2723">new</word>
<word id="word_2724">global</word>
<word id="word_2725">democracy</word>
<word id="word_2726">,</word>
<word id="word_2727">to</word>
<word id="word_2728">take</word>
<word id="word_2729">back</word>
<word id="word_2730">our</word>
<word id="word_2731">democracy</word>
<word id="word_2732">.</word>
<word id="word_2733">And</word>
<word id="word_2734">the</word>
<word id="word_2735">only</word>
<word id="word_2736">question</word>
<word id="word_2737">is</word>
<word id="word_2738">,</word>
<word id="word_2739">are</word>
<word id="word_2740">you</word>
<word id="word_2741">?</word>
<word id="word_2742">Thank</word>
<word id="word_2743">you</word>
<word id="word_2744">so</word>
<word id="word_2745">much</word>
<word id="word_2746">,</word>
<word id="word_2747">my</word>
<word id="word_2748">fellow</word>
<word id="word_2749">citizens</word>
<word id="word_2750">.</word>
<word id="word_2751">Thank</word>
<word id="word_2752">you</word>
<word id="word_2753">.</word>
</words>
