<?xml version="1.0" encoding="UTF-8" ?>
<!DOCTYPE words SYSTEM "words.dtd">
<words>
<word id="word_1">I</word>
<word id="word_2">'m</word>
<word id="word_3">going</word>
<word id="word_4">to</word>
<word id="word_5">talk</word>
<word id="word_6">a</word>
<word id="word_7">little</word>
<word id="word_8">bit</word>
<word id="word_9">about</word>
<word id="word_10">strategy</word>
<word id="word_11">and</word>
<word id="word_12">its</word>
<word id="word_13">relationship</word>
<word id="word_14">with</word>
<word id="word_15">technology</word>
<word id="word_16">.</word>
<word id="word_17">We</word>
<word id="word_18">tend</word>
<word id="word_19">to</word>
<word id="word_20">think</word>
<word id="word_21">of</word>
<word id="word_22">business</word>
<word id="word_23">strategy</word>
<word id="word_24">as</word>
<word id="word_25">being</word>
<word id="word_26">a</word>
<word id="word_27">rather</word>
<word id="word_28">abstract</word>
<word id="word_29">body</word>
<word id="word_30">of</word>
<word id="word_31">essentially</word>
<word id="word_32">economic</word>
<word id="word_33">thought</word>
<word id="word_34">,</word>
<word id="word_35">perhaps</word>
<word id="word_36">rather</word>
<word id="word_37">timeless</word>
<word id="word_38">.</word>
<word id="word_39">I</word>
<word id="word_40">'m</word>
<word id="word_41">going</word>
<word id="word_42">to</word>
<word id="word_43">argue</word>
<word id="word_44">that</word>
<word id="word_45">,</word>
<word id="word_46">in</word>
<word id="word_47">fact</word>
<word id="word_48">,</word>
<word id="word_49">business</word>
<word id="word_50">strategy</word>
<word id="word_51">has</word>
<word id="word_52">always</word>
<word id="word_53">been</word>
<word id="word_54">premised</word>
<word id="word_55">on</word>
<word id="word_56">assumptions</word>
<word id="word_57">about</word>
<word id="word_58">technology</word>
<word id="word_59">,</word>
<word id="word_60">that</word>
<word id="word_61">those</word>
<word id="word_62">assumptions</word>
<word id="word_63">are</word>
<word id="word_64">changing</word>
<word id="word_65">,</word>
<word id="word_66">and</word>
<word id="word_67">,</word>
<word id="word_68">in</word>
<word id="word_69">fact</word>
<word id="word_70">,</word>
<word id="word_71">changing</word>
<word id="word_72">quite</word>
<word id="word_73">dramatically</word>
<word id="word_74">,</word>
<word id="word_75">and</word>
<word id="word_76">that</word>
<word id="word_77">therefore</word>
<word id="word_78">what</word>
<word id="word_79">that</word>
<word id="word_80">will</word>
<word id="word_81">drive</word>
<word id="word_82">us</word>
<word id="word_83">to</word>
<word id="word_84">is</word>
<word id="word_85">a</word>
<word id="word_86">different</word>
<word id="word_87">concept</word>
<word id="word_88">of</word>
<word id="word_89">what</word>
<word id="word_90">we</word>
<word id="word_91">mean</word>
<word id="word_92">by</word>
<word id="word_93">business</word>
<word id="word_94">strategy</word>
<word id="word_95">.</word>
<word id="word_96">Let</word>
<word id="word_97">me</word>
<word id="word_98">start</word>
<word id="word_99">,</word>
<word id="word_100">if</word>
<word id="word_101">I</word>
<word id="word_102">may</word>
<word id="word_103">,</word>
<word id="word_104">with</word>
<word id="word_105">a</word>
<word id="word_106">little</word>
<word id="word_107">bit</word>
<word id="word_108">of</word>
<word id="word_109">history</word>
<word id="word_110">.</word>
<word id="word_111">The</word>
<word id="word_112">idea</word>
<word id="word_113">of</word>
<word id="word_114">strategy</word>
<word id="word_115">in</word>
<word id="word_116">business</word>
<word id="word_117">owes</word>
<word id="word_118">its</word>
<word id="word_119">origins</word>
<word id="word_120">to</word>
<word id="word_121">two</word>
<word id="word_122">intellectual</word>
<word id="word_123">giants</word>
<word id="word_124">:</word>
<word id="word_125">Bruce</word>
<word id="word_126">Henderson</word>
<word id="word_127">,</word>
<word id="word_128">the</word>
<word id="word_129">founder</word>
<word id="word_130">of</word>
<word id="word_131">BCG</word>
<word id="word_132">,</word>
<word id="word_133">and</word>
<word id="word_134">Michael</word>
<word id="word_135">Porter</word>
<word id="word_136">,</word>
<word id="word_137">professor</word>
<word id="word_138">at</word>
<word id="word_139">the</word>
<word id="word_140">Harvard</word>
<word id="word_141">Business</word>
<word id="word_142">School</word>
<word id="word_143">.</word>
<word id="word_144">Henderson</word>
<word id="word_145">'s</word>
<word id="word_146">central</word>
<word id="word_147">idea</word>
<word id="word_148">was</word>
<word id="word_149">what</word>
<word id="word_150">you</word>
<word id="word_151">might</word>
<word id="word_152">call</word>
<word id="word_153">the</word>
<word id="word_154">Napoleonic</word>
<word id="word_155">idea</word>
<word id="word_156">of</word>
<word id="word_157">concentrating</word>
<word id="word_158">mass</word>
<word id="word_159">against</word>
<word id="word_160">weakness</word>
<word id="word_161">,</word>
<word id="word_162">of</word>
<word id="word_163">overwhelming</word>
<word id="word_164">the</word>
<word id="word_165">enemy</word>
<word id="word_166">.</word>
<word id="word_167">What</word>
<word id="word_168">Henderson</word>
<word id="word_169">recognized</word>
<word id="word_170">was</word>
<word id="word_171">that</word>
<word id="word_172">,</word>
<word id="word_173">in</word>
<word id="word_174">the</word>
<word id="word_175">business</word>
<word id="word_176">world</word>
<word id="word_177">,</word>
<word id="word_178">there</word>
<word id="word_179">are</word>
<word id="word_180">many</word>
<word id="word_181">phenomena</word>
<word id="word_182">which</word>
<word id="word_183">are</word>
<word id="word_184">characterized</word>
<word id="word_185">by</word>
<word id="word_186">what</word>
<word id="word_187">economists</word>
<word id="word_188">would</word>
<word id="word_189">call</word>
<word id="word_190">increasing</word>
<word id="word_191">returns</word>
<word id="word_192">--</word>
<word id="word_193">scale</word>
<word id="word_194">,</word>
<word id="word_195">experience</word>
<word id="word_196">.</word>
<word id="word_197">The</word>
<word id="word_198">more</word>
<word id="word_199">you</word>
<word id="word_200">do</word>
<word id="word_201">of</word>
<word id="word_202">something</word>
<word id="word_203">,</word>
<word id="word_204">disproportionately</word>
<word id="word_205">the</word>
<word id="word_206">better</word>
<word id="word_207">you</word>
<word id="word_208">get</word>
<word id="word_209">.</word>
<word id="word_210">And</word>
<word id="word_211">therefore</word>
<word id="word_212">he</word>
<word id="word_213">found</word>
<word id="word_214">a</word>
<word id="word_215">logic</word>
<word id="word_216">for</word>
<word id="word_217">investing</word>
<word id="word_218">in</word>
<word id="word_219">such</word>
<word id="word_220">kinds</word>
<word id="word_221">of</word>
<word id="word_222">overwhelming</word>
<word id="word_223">mass</word>
<word id="word_224">in</word>
<word id="word_225">order</word>
<word id="word_226">to</word>
<word id="word_227">achieve</word>
<word id="word_228">competitive</word>
<word id="word_229">advantage</word>
<word id="word_230">.</word>
<word id="word_231">And</word>
<word id="word_232">that</word>
<word id="word_233">was</word>
<word id="word_234">the</word>
<word id="word_235">first</word>
<word id="word_236">introduction</word>
<word id="word_237">of</word>
<word id="word_238">essentially</word>
<word id="word_239">a</word>
<word id="word_240">military</word>
<word id="word_241">concept</word>
<word id="word_242">of</word>
<word id="word_243">strategy</word>
<word id="word_244">into</word>
<word id="word_245">the</word>
<word id="word_246">business</word>
<word id="word_247">world</word>
<word id="word_248">.</word>
<word id="word_249">Porter</word>
<word id="word_250">agreed</word>
<word id="word_251">with</word>
<word id="word_252">that</word>
<word id="word_253">premise</word>
<word id="word_254">,</word>
<word id="word_255">but</word>
<word id="word_256">he</word>
<word id="word_257">qualified</word>
<word id="word_258">it</word>
<word id="word_259">.</word>
<word id="word_260">He</word>
<word id="word_261">pointed</word>
<word id="word_262">out</word>
<word id="word_263">,</word>
<word id="word_264">correctly</word>
<word id="word_265">,</word>
<word id="word_266">that</word>
<word id="word_267">that</word>
<word id="word_268">'s</word>
<word id="word_269">all</word>
<word id="word_270">very</word>
<word id="word_271">well</word>
<word id="word_272">,</word>
<word id="word_273">but</word>
<word id="word_274">businesses</word>
<word id="word_275">actually</word>
<word id="word_276">have</word>
<word id="word_277">multiple</word>
<word id="word_278">steps</word>
<word id="word_279">to</word>
<word id="word_280">them</word>
<word id="word_281">.</word>
<word id="word_282">They</word>
<word id="word_283">have</word>
<word id="word_284">different</word>
<word id="word_285">components</word>
<word id="word_286">,</word>
<word id="word_287">and</word>
<word id="word_288">each</word>
<word id="word_289">of</word>
<word id="word_290">those</word>
<word id="word_291">components</word>
<word id="word_292">might</word>
<word id="word_293">be</word>
<word id="word_294">driven</word>
<word id="word_295">by</word>
<word id="word_296">a</word>
<word id="word_297">different</word>
<word id="word_298">kind</word>
<word id="word_299">of</word>
<word id="word_300">strategy</word>
<word id="word_301">.</word>
<word id="word_302">A</word>
<word id="word_303">company</word>
<word id="word_304">or</word>
<word id="word_305">a</word>
<word id="word_306">business</word>
<word id="word_307">might</word>
<word id="word_308">actually</word>
<word id="word_309">be</word>
<word id="word_310">advantaged</word>
<word id="word_311">in</word>
<word id="word_312">some</word>
<word id="word_313">activities</word>
<word id="word_314">but</word>
<word id="word_315">disadvantaged</word>
<word id="word_316">in</word>
<word id="word_317">others</word>
<word id="word_318">.</word>
<word id="word_319">He</word>
<word id="word_320">formed</word>
<word id="word_321">the</word>
<word id="word_322">concept</word>
<word id="word_323">of</word>
<word id="word_324">the</word>
<word id="word_325">value</word>
<word id="word_326">chain</word>
<word id="word_327">,</word>
<word id="word_328">essentially</word>
<word id="word_329">the</word>
<word id="word_330">sequence</word>
<word id="word_331">of</word>
<word id="word_332">steps</word>
<word id="word_333">with</word>
<word id="word_334">which</word>
<word id="word_335">a</word>
<word id="word_336">,</word>
<word id="word_337">shall</word>
<word id="word_338">we</word>
<word id="word_339">say</word>
<word id="word_340">,</word>
<word id="word_341">raw</word>
<word id="word_342">material</word>
<word id="word_343">,</word>
<word id="word_344">becomes</word>
<word id="word_345">a</word>
<word id="word_346">component</word>
<word id="word_347">,</word>
<word id="word_348">becomes</word>
<word id="word_349">assembled</word>
<word id="word_350">into</word>
<word id="word_351">a</word>
<word id="word_352">finished</word>
<word id="word_353">product</word>
<word id="word_354">,</word>
<word id="word_355">and</word>
<word id="word_356">then</word>
<word id="word_357">is</word>
<word id="word_358">distributed</word>
<word id="word_359">,</word>
<word id="word_360">for</word>
<word id="word_361">example</word>
<word id="word_362">,</word>
<word id="word_363">and</word>
<word id="word_364">he</word>
<word id="word_365">argued</word>
<word id="word_366">that</word>
<word id="word_367">advantage</word>
<word id="word_368">accrued</word>
<word id="word_369">to</word>
<word id="word_370">each</word>
<word id="word_371">of</word>
<word id="word_372">those</word>
<word id="word_373">components</word>
<word id="word_374">,</word>
<word id="word_375">and</word>
<word id="word_376">that</word>
<word id="word_377">the</word>
<word id="word_378">advantage</word>
<word id="word_379">of</word>
<word id="word_380">the</word>
<word id="word_381">whole</word>
<word id="word_382">was</word>
<word id="word_383">in</word>
<word id="word_384">some</word>
<word id="word_385">sense</word>
<word id="word_386">the</word>
<word id="word_387">sum</word>
<word id="word_388">or</word>
<word id="word_389">the</word>
<word id="word_390">average</word>
<word id="word_391">of</word>
<word id="word_392">that</word>
<word id="word_393">of</word>
<word id="word_394">its</word>
<word id="word_395">parts</word>
<word id="word_396">.</word>
<word id="word_397">And</word>
<word id="word_398">this</word>
<word id="word_399">idea</word>
<word id="word_400">of</word>
<word id="word_401">the</word>
<word id="word_402">value</word>
<word id="word_403">chain</word>
<word id="word_404">was</word>
<word id="word_405">predicated</word>
<word id="word_406">on</word>
<word id="word_407">the</word>
<word id="word_408">recognition</word>
<word id="word_409">that</word>
<word id="word_410">what</word>
<word id="word_411">holds</word>
<word id="word_412">a</word>
<word id="word_413">business</word>
<word id="word_414">together</word>
<word id="word_415">is</word>
<word id="word_416">transaction</word>
<word id="word_417">costs</word>
<word id="word_418">,</word>
<word id="word_419">that</word>
<word id="word_420">in</word>
<word id="word_421">essence</word>
<word id="word_422">you</word>
<word id="word_423">need</word>
<word id="word_424">to</word>
<word id="word_425">coordinate</word>
<word id="word_426">,</word>
<word id="word_427">organizations</word>
<word id="word_428">are</word>
<word id="word_429">more</word>
<word id="word_430">efficient</word>
<word id="word_431">at</word>
<word id="word_432">coordination</word>
<word id="word_433">than</word>
<word id="word_434">markets</word>
<word id="word_435">,</word>
<word id="word_436">very</word>
<word id="word_437">often</word>
<word id="word_438">,</word>
<word id="word_439">and</word>
<word id="word_440">therefore</word>
<word id="word_441">the</word>
<word id="word_442">nature</word>
<word id="word_443">and</word>
<word id="word_444">role</word>
<word id="word_445">and</word>
<word id="word_446">boundaries</word>
<word id="word_447">of</word>
<word id="word_448">the</word>
<word id="word_449">cooperation</word>
<word id="word_450">are</word>
<word id="word_451">defined</word>
<word id="word_452">by</word>
<word id="word_453">transaction</word>
<word id="word_454">costs</word>
<word id="word_455">.</word>
<word id="word_456">It</word>
<word id="word_457">was</word>
<word id="word_458">on</word>
<word id="word_459">those</word>
<word id="word_460">two</word>
<word id="word_461">ideas</word>
<word id="word_462">,</word>
<word id="word_463">Henderson</word>
<word id="word_464">'s</word>
<word id="word_465">idea</word>
<word id="word_466">of</word>
<word id="word_467">increasing</word>
<word id="word_468">returns</word>
<word id="word_469">to</word>
<word id="word_470">scale</word>
<word id="word_471">and</word>
<word id="word_472">experience</word>
<word id="word_473">,</word>
<word id="word_474">and</word>
<word id="word_475">Porter</word>
<word id="word_476">'s</word>
<word id="word_477">idea</word>
<word id="word_478">of</word>
<word id="word_479">the</word>
<word id="word_480">value</word>
<word id="word_481">chain</word>
<word id="word_482">,</word>
<word id="word_483">encompassing</word>
<word id="word_484">heterogenous</word>
<word id="word_485">elements</word>
<word id="word_486">,</word>
<word id="word_487">that</word>
<word id="word_488">the</word>
<word id="word_489">whole</word>
<word id="word_490">edifice</word>
<word id="word_491">of</word>
<word id="word_492">business</word>
<word id="word_493">strategy</word>
<word id="word_494">was</word>
<word id="word_495">subsequently</word>
<word id="word_496">erected</word>
<word id="word_497">.</word>
<word id="word_498">Now</word>
<word id="word_499">what</word>
<word id="word_500">I</word>
<word id="word_501">'m</word>
<word id="word_502">going</word>
<word id="word_503">to</word>
<word id="word_504">argue</word>
<word id="word_505">is</word>
<word id="word_506">that</word>
<word id="word_507">those</word>
<word id="word_508">premises</word>
<word id="word_509">are</word>
<word id="word_510">,</word>
<word id="word_511">in</word>
<word id="word_512">fact</word>
<word id="word_513">,</word>
<word id="word_514">being</word>
<word id="word_515">invalidated</word>
<word id="word_516">.</word>
<word id="word_517">First</word>
<word id="word_518">of</word>
<word id="word_519">all</word>
<word id="word_520">,</word>
<word id="word_521">let</word>
<word id="word_522">'s</word>
<word id="word_523">think</word>
<word id="word_524">about</word>
<word id="word_525">transaction</word>
<word id="word_526">costs</word>
<word id="word_527">.</word>
<word id="word_528">There</word>
<word id="word_529">are</word>
<word id="word_530">really</word>
<word id="word_531">two</word>
<word id="word_532">components</word>
<word id="word_533">to</word>
<word id="word_534">transaction</word>
<word id="word_535">costs</word>
<word id="word_536">.</word>
<word id="word_537">One</word>
<word id="word_538">is</word>
<word id="word_539">about</word>
<word id="word_540">processing</word>
<word id="word_541">information</word>
<word id="word_542">,</word>
<word id="word_543">and</word>
<word id="word_544">the</word>
<word id="word_545">other</word>
<word id="word_546">is</word>
<word id="word_547">about</word>
<word id="word_548">communication</word>
<word id="word_549">.</word>
<word id="word_550">These</word>
<word id="word_551">are</word>
<word id="word_552">the</word>
<word id="word_553">economics</word>
<word id="word_554">of</word>
<word id="word_555">processing</word>
<word id="word_556">and</word>
<word id="word_557">communicating</word>
<word id="word_558">as</word>
<word id="word_559">they</word>
<word id="word_560">have</word>
<word id="word_561">evolved</word>
<word id="word_562">over</word>
<word id="word_563">a</word>
<word id="word_564">long</word>
<word id="word_565">period</word>
<word id="word_566">of</word>
<word id="word_567">time</word>
<word id="word_568">.</word>
<word id="word_569">As</word>
<word id="word_570">we</word>
<word id="word_571">all</word>
<word id="word_572">know</word>
<word id="word_573">from</word>
<word id="word_574">so</word>
<word id="word_575">many</word>
<word id="word_576">contexts</word>
<word id="word_577">,</word>
<word id="word_578">they</word>
<word id="word_579">have</word>
<word id="word_580">been</word>
<word id="word_581">radically</word>
<word id="word_582">transformed</word>
<word id="word_583">since</word>
<word id="word_584">the</word>
<word id="word_585">days</word>
<word id="word_586">when</word>
<word id="word_587">Porter</word>
<word id="word_588">and</word>
<word id="word_589">Henderson</word>
<word id="word_590">first</word>
<word id="word_591">formulated</word>
<word id="word_592">their</word>
<word id="word_593">theories</word>
<word id="word_594">.</word>
<word id="word_595">In</word>
<word id="word_596">particular</word>
<word id="word_597">,</word>
<word id="word_598">since</word>
<word id="word_599">the</word>
<word id="word_600">mid-</word>
<word id="word_601">'</word>
<word id="word_602">90s</word>
<word id="word_603">,</word>
<word id="word_604">communications</word>
<word id="word_605">costs</word>
<word id="word_606">have</word>
<word id="word_607">actually</word>
<word id="word_608">been</word>
<word id="word_609">falling</word>
<word id="word_610">even</word>
<word id="word_611">faster</word>
<word id="word_612">than</word>
<word id="word_613">transaction</word>
<word id="word_614">costs</word>
<word id="word_615">,</word>
<word id="word_616">which</word>
<word id="word_617">is</word>
<word id="word_618">why</word>
<word id="word_619">communication</word>
<word id="word_620">,</word>
<word id="word_621">the</word>
<word id="word_622">Internet</word>
<word id="word_623">,</word>
<word id="word_624">has</word>
<word id="word_625">exploded</word>
<word id="word_626">in</word>
<word id="word_627">such</word>
<word id="word_628">a</word>
<word id="word_629">dramatic</word>
<word id="word_630">fashion</word>
<word id="word_631">.</word>
<word id="word_632">Now</word>
<word id="word_633">,</word>
<word id="word_634">those</word>
<word id="word_635">falling</word>
<word id="word_636">transaction</word>
<word id="word_637">costs</word>
<word id="word_638">have</word>
<word id="word_639">profound</word>
<word id="word_640">consequences</word>
<word id="word_641">,</word>
<word id="word_642">because</word>
<word id="word_643">if</word>
<word id="word_644">transaction</word>
<word id="word_645">costs</word>
<word id="word_646">are</word>
<word id="word_647">the</word>
<word id="word_648">glue</word>
<word id="word_649">that</word>
<word id="word_650">hold</word>
<word id="word_651">value</word>
<word id="word_652">chains</word>
<word id="word_653">together</word>
<word id="word_654">,</word>
<word id="word_655">and</word>
<word id="word_656">they</word>
<word id="word_657">are</word>
<word id="word_658">falling</word>
<word id="word_659">,</word>
<word id="word_660">there</word>
<word id="word_661">is</word>
<word id="word_662">less</word>
<word id="word_663">to</word>
<word id="word_664">economize</word>
<word id="word_665">on</word>
<word id="word_666">.</word>
<word id="word_667">There</word>
<word id="word_668">is</word>
<word id="word_669">less</word>
<word id="word_670">need</word>
<word id="word_671">for</word>
<word id="word_672">vertically</word>
<word id="word_673">integrated</word>
<word id="word_674">organization</word>
<word id="word_675">,</word>
<word id="word_676">and</word>
<word id="word_677">value</word>
<word id="word_678">chains</word>
<word id="word_679">at</word>
<word id="word_680">least</word>
<word id="word_681">can</word>
<word id="word_682">break</word>
<word id="word_683">up</word>
<word id="word_684">.</word>
<word id="word_685">They</word>
<word id="word_686">needn</word>
<word id="word_687">'t</word>
<word id="word_688">necessarily</word>
<word id="word_689">,</word>
<word id="word_690">but</word>
<word id="word_691">they</word>
<word id="word_692">can</word>
<word id="word_693">.</word>
<word id="word_694">In</word>
<word id="word_695">particular</word>
<word id="word_696">,</word>
<word id="word_697">it</word>
<word id="word_698">then</word>
<word id="word_699">becomes</word>
<word id="word_700">possible</word>
<word id="word_701">for</word>
<word id="word_702">a</word>
<word id="word_703">competitor</word>
<word id="word_704">in</word>
<word id="word_705">one</word>
<word id="word_706">business</word>
<word id="word_707">to</word>
<word id="word_708">use</word>
<word id="word_709">their</word>
<word id="word_710">position</word>
<word id="word_711">in</word>
<word id="word_712">one</word>
<word id="word_713">step</word>
<word id="word_714">of</word>
<word id="word_715">the</word>
<word id="word_716">value</word>
<word id="word_717">chain</word>
<word id="word_718">in</word>
<word id="word_719">order</word>
<word id="word_720">to</word>
<word id="word_721">penetrate</word>
<word id="word_722">or</word>
<word id="word_723">attack</word>
<word id="word_724">or</word>
<word id="word_725">disintermediate</word>
<word id="word_726">the</word>
<word id="word_727">competitor</word>
<word id="word_728">in</word>
<word id="word_729">another</word>
<word id="word_730">.</word>
<word id="word_731">That</word>
<word id="word_732">is</word>
<word id="word_733">not</word>
<word id="word_734">just</word>
<word id="word_735">an</word>
<word id="word_736">abstract</word>
<word id="word_737">proposition</word>
<word id="word_738">.</word>
<word id="word_739">There</word>
<word id="word_740">are</word>
<word id="word_741">many</word>
<word id="word_742">very</word>
<word id="word_743">specific</word>
<word id="word_744">stories</word>
<word id="word_745">of</word>
<word id="word_746">how</word>
<word id="word_747">that</word>
<word id="word_748">actually</word>
<word id="word_749">happened</word>
<word id="word_750">.</word>
<word id="word_751">A</word>
<word id="word_752">poster</word>
<word id="word_753">child</word>
<word id="word_754">example</word>
<word id="word_755">was</word>
<word id="word_756">the</word>
<word id="word_757">encyclopedia</word>
<word id="word_758">business</word>
<word id="word_759">.</word>
<word id="word_760">The</word>
<word id="word_761">encyclopedia</word>
<word id="word_762">business</word>
<word id="word_763">in</word>
<word id="word_764">the</word>
<word id="word_765">days</word>
<word id="word_766">of</word>
<word id="word_767">leatherbound</word>
<word id="word_768">books</word>
<word id="word_769">was</word>
<word id="word_770">basically</word>
<word id="word_771">a</word>
<word id="word_772">distribution</word>
<word id="word_773">business</word>
<word id="word_774">.</word>
<word id="word_775">Most</word>
<word id="word_776">of</word>
<word id="word_777">the</word>
<word id="word_778">cost</word>
<word id="word_779">was</word>
<word id="word_780">the</word>
<word id="word_781">commission</word>
<word id="word_782">to</word>
<word id="word_783">the</word>
<word id="word_784">salesmen</word>
<word id="word_785">.</word>
<word id="word_786">The</word>
<word id="word_787">CD-ROM</word>
<word id="word_788">and</word>
<word id="word_789">then</word>
<word id="word_790">the</word>
<word id="word_791">Internet</word>
<word id="word_792">came</word>
<word id="word_793">along</word>
<word id="word_794">,</word>
<word id="word_795">new</word>
<word id="word_796">technologies</word>
<word id="word_797">made</word>
<word id="word_798">the</word>
<word id="word_799">distribution</word>
<word id="word_800">of</word>
<word id="word_801">knowledge</word>
<word id="word_802">many</word>
<word id="word_803">orders</word>
<word id="word_804">of</word>
<word id="word_805">magnitude</word>
<word id="word_806">cheaper</word>
<word id="word_807">,</word>
<word id="word_808">and</word>
<word id="word_809">the</word>
<word id="word_810">encyclopedia</word>
<word id="word_811">industry</word>
<word id="word_812">collapsed</word>
<word id="word_813">.</word>
<word id="word_814">It</word>
<word id="word_815">'s</word>
<word id="word_816">now</word>
<word id="word_817">,</word>
<word id="word_818">of</word>
<word id="word_819">course</word>
<word id="word_820">,</word>
<word id="word_821">a</word>
<word id="word_822">very</word>
<word id="word_823">familiar</word>
<word id="word_824">story</word>
<word id="word_825">.</word>
<word id="word_826">This</word>
<word id="word_827">,</word>
<word id="word_828">in</word>
<word id="word_829">fact</word>
<word id="word_830">,</word>
<word id="word_831">more</word>
<word id="word_832">generally</word>
<word id="word_833">was</word>
<word id="word_834">the</word>
<word id="word_835">story</word>
<word id="word_836">of</word>
<word id="word_837">the</word>
<word id="word_838">first</word>
<word id="word_839">generation</word>
<word id="word_840">of</word>
<word id="word_841">the</word>
<word id="word_842">Internet</word>
<word id="word_843">economy</word>
<word id="word_844">.</word>
<word id="word_845">It</word>
<word id="word_846">was</word>
<word id="word_847">about</word>
<word id="word_848">falling</word>
<word id="word_849">transaction</word>
<word id="word_850">costs</word>
<word id="word_851">breaking</word>
<word id="word_852">up</word>
<word id="word_853">value</word>
<word id="word_854">chains</word>
<word id="word_855">and</word>
<word id="word_856">therefore</word>
<word id="word_857">allowing</word>
<word id="word_858">disintermediation</word>
<word id="word_859">,</word>
<word id="word_860">or</word>
<word id="word_861">what</word>
<word id="word_862">we</word>
<word id="word_863">call</word>
<word id="word_864">deconstruction</word>
<word id="word_865">.</word>
<word id="word_866">One</word>
<word id="word_867">of</word>
<word id="word_868">the</word>
<word id="word_869">questions</word>
<word id="word_870">I</word>
<word id="word_871">was</word>
<word id="word_872">occasionally</word>
<word id="word_873">asked</word>
<word id="word_874">was</word>
<word id="word_875">,</word>
<word id="word_876">well</word>
<word id="word_877">,</word>
<word id="word_878">what</word>
<word id="word_879">'s</word>
<word id="word_880">going</word>
<word id="word_881">to</word>
<word id="word_882">replace</word>
<word id="word_883">the</word>
<word id="word_884">encyclopedia</word>
<word id="word_885">when</word>
<word id="word_886">Britannica</word>
<word id="word_887">no</word>
<word id="word_888">longer</word>
<word id="word_889">has</word>
<word id="word_890">a</word>
<word id="word_891">business</word>
<word id="word_892">model</word>
<word id="word_893">?</word>
<word id="word_894">And</word>
<word id="word_895">it</word>
<word id="word_896">was</word>
<word id="word_897">a</word>
<word id="word_898">while</word>
<word id="word_899">before</word>
<word id="word_900">the</word>
<word id="word_901">answer</word>
<word id="word_902">became</word>
<word id="word_903">manifest</word>
<word id="word_904">.</word>
<word id="word_905">Now</word>
<word id="word_906">,</word>
<word id="word_907">of</word>
<word id="word_908">course</word>
<word id="word_909">,</word>
<word id="word_910">we</word>
<word id="word_911">know</word>
<word id="word_912">what</word>
<word id="word_913">it</word>
<word id="word_914">is</word>
<word id="word_915">:</word>
<word id="word_916">it</word>
<word id="word_917">'s</word>
<word id="word_918">the</word>
<word id="word_919">Wikipedia</word>
<word id="word_920">.</word>
<word id="word_921">Now</word>
<word id="word_922">what</word>
<word id="word_923">'s</word>
<word id="word_924">special</word>
<word id="word_925">about</word>
<word id="word_926">the</word>
<word id="word_927">Wikipedia</word>
<word id="word_928">is</word>
<word id="word_929">not</word>
<word id="word_930">its</word>
<word id="word_931">distribution</word>
<word id="word_932">.</word>
<word id="word_933">What</word>
<word id="word_934">'s</word>
<word id="word_935">special</word>
<word id="word_936">about</word>
<word id="word_937">the</word>
<word id="word_938">Wikipedia</word>
<word id="word_939">is</word>
<word id="word_940">the</word>
<word id="word_941">way</word>
<word id="word_942">it</word>
<word id="word_943">'s</word>
<word id="word_944">produced</word>
<word id="word_945">.</word>
<word id="word_946">The</word>
<word id="word_947">Wikipedia</word>
<word id="word_948">,</word>
<word id="word_949">of</word>
<word id="word_950">course</word>
<word id="word_951">,</word>
<word id="word_952">is</word>
<word id="word_953">an</word>
<word id="word_954">encyclopedia</word>
<word id="word_955">created</word>
<word id="word_956">by</word>
<word id="word_957">its</word>
<word id="word_958">users</word>
<word id="word_959">.</word>
<word id="word_960">And</word>
<word id="word_961">this</word>
<word id="word_962">,</word>
<word id="word_963">in</word>
<word id="word_964">fact</word>
<word id="word_965">,</word>
<word id="word_966">defines</word>
<word id="word_967">what</word>
<word id="word_968">you</word>
<word id="word_969">might</word>
<word id="word_970">call</word>
<word id="word_971">the</word>
<word id="word_972">second</word>
<word id="word_973">decade</word>
<word id="word_974">of</word>
<word id="word_975">the</word>
<word id="word_976">Internet</word>
<word id="word_977">economy</word>
<word id="word_978">,</word>
<word id="word_979">the</word>
<word id="word_980">decade</word>
<word id="word_981">in</word>
<word id="word_982">which</word>
<word id="word_983">the</word>
<word id="word_984">Internet</word>
<word id="word_985">as</word>
<word id="word_986">a</word>
<word id="word_987">noun</word>
<word id="word_988">became</word>
<word id="word_989">the</word>
<word id="word_990">Internet</word>
<word id="word_991">as</word>
<word id="word_992">a</word>
<word id="word_993">verb</word>
<word id="word_994">.</word>
<word id="word_995">It</word>
<word id="word_996">became</word>
<word id="word_997">a</word>
<word id="word_998">set</word>
<word id="word_999">of</word>
<word id="word_1000">conversations</word>
<word id="word_1001">,</word>
<word id="word_1002">the</word>
<word id="word_1003">era</word>
<word id="word_1004">in</word>
<word id="word_1005">which</word>
<word id="word_1006">user-generated</word>
<word id="word_1007">content</word>
<word id="word_1008">and</word>
<word id="word_1009">social</word>
<word id="word_1010">networks</word>
<word id="word_1011">became</word>
<word id="word_1012">the</word>
<word id="word_1013">dominant</word>
<word id="word_1014">phenomenon</word>
<word id="word_1015">.</word>
<word id="word_1016">Now</word>
<word id="word_1017">what</word>
<word id="word_1018">that</word>
<word id="word_1019">really</word>
<word id="word_1020">meant</word>
<word id="word_1021">in</word>
<word id="word_1022">terms</word>
<word id="word_1023">of</word>
<word id="word_1024">the</word>
<word id="word_1025">Porter-Henderson</word>
<word id="word_1026">framework</word>
<word id="word_1027">was</word>
<word id="word_1028">the</word>
<word id="word_1029">collapse</word>
<word id="word_1030">of</word>
<word id="word_1031">certain</word>
<word id="word_1032">kinds</word>
<word id="word_1033">of</word>
<word id="word_1034">economies</word>
<word id="word_1035">of</word>
<word id="word_1036">scale</word>
<word id="word_1037">.</word>
<word id="word_1038">It</word>
<word id="word_1039">turned</word>
<word id="word_1040">out</word>
<word id="word_1041">that</word>
<word id="word_1042">tens</word>
<word id="word_1043">of</word>
<word id="word_1044">thousands</word>
<word id="word_1045">of</word>
<word id="word_1046">autonomous</word>
<word id="word_1047">individuals</word>
<word id="word_1048">writing</word>
<word id="word_1049">an</word>
<word id="word_1050">encyclopedia</word>
<word id="word_1051">could</word>
<word id="word_1052">do</word>
<word id="word_1053">just</word>
<word id="word_1054">as</word>
<word id="word_1055">good</word>
<word id="word_1056">a</word>
<word id="word_1057">job</word>
<word id="word_1058">,</word>
<word id="word_1059">and</word>
<word id="word_1060">certainly</word>
<word id="word_1061">a</word>
<word id="word_1062">much</word>
<word id="word_1063">cheaper</word>
<word id="word_1064">job</word>
<word id="word_1065">,</word>
<word id="word_1066">than</word>
<word id="word_1067">professionals</word>
<word id="word_1068">in</word>
<word id="word_1069">a</word>
<word id="word_1070">hierarchical</word>
<word id="word_1071">organization</word>
<word id="word_1072">.</word>
<word id="word_1073">So</word>
<word id="word_1074">basically</word>
<word id="word_1075">what</word>
<word id="word_1076">was</word>
<word id="word_1077">happening</word>
<word id="word_1078">was</word>
<word id="word_1079">that</word>
<word id="word_1080">one</word>
<word id="word_1081">layer</word>
<word id="word_1082">of</word>
<word id="word_1083">this</word>
<word id="word_1084">value</word>
<word id="word_1085">chain</word>
<word id="word_1086">was</word>
<word id="word_1087">becoming</word>
<word id="word_1088">fragmented</word>
<word id="word_1089">,</word>
<word id="word_1090">as</word>
<word id="word_1091">individuals</word>
<word id="word_1092">could</word>
<word id="word_1093">take</word>
<word id="word_1094">over</word>
<word id="word_1095">where</word>
<word id="word_1096">organizations</word>
<word id="word_1097">were</word>
<word id="word_1098">no</word>
<word id="word_1099">longer</word>
<word id="word_1100">needed</word>
<word id="word_1101">.</word>
<word id="word_1102">But</word>
<word id="word_1103">there</word>
<word id="word_1104">'s</word>
<word id="word_1105">another</word>
<word id="word_1106">question</word>
<word id="word_1107">that</word>
<word id="word_1108">obviously</word>
<word id="word_1109">this</word>
<word id="word_1110">graph</word>
<word id="word_1111">poses</word>
<word id="word_1112">,</word>
<word id="word_1113">which</word>
<word id="word_1114">is</word>
<word id="word_1115">,</word>
<word id="word_1116">okay</word>
<word id="word_1117">,</word>
<word id="word_1118">we</word>
<word id="word_1119">'ve</word>
<word id="word_1120">gone</word>
<word id="word_1121">through</word>
<word id="word_1122">two</word>
<word id="word_1123">decades</word>
<word id="word_1124">--</word>
<word id="word_1125">does</word>
<word id="word_1126">anything</word>
<word id="word_1127">distinguish</word>
<word id="word_1128">the</word>
<word id="word_1129">third</word>
<word id="word_1130">?</word>
<word id="word_1131">And</word>
<word id="word_1132">what</word>
<word id="word_1133">I</word>
<word id="word_1134">'m</word>
<word id="word_1135">going</word>
<word id="word_1136">to</word>
<word id="word_1137">argue</word>
<word id="word_1138">is</word>
<word id="word_1139">that</word>
<word id="word_1140">indeed</word>
<word id="word_1141">something</word>
<word id="word_1142">does</word>
<word id="word_1143">distinguish</word>
<word id="word_1144">the</word>
<word id="word_1145">third</word>
<word id="word_1146">,</word>
<word id="word_1147">and</word>
<word id="word_1148">it</word>
<word id="word_1149">maps</word>
<word id="word_1150">exactly</word>
<word id="word_1151">on</word>
<word id="word_1152">to</word>
<word id="word_1153">the</word>
<word id="word_1154">kind</word>
<word id="word_1155">of</word>
<word id="word_1156">Porter-Henderson</word>
<word id="word_1157">logic</word>
<word id="word_1158">that</word>
<word id="word_1159">we</word>
<word id="word_1160">'ve</word>
<word id="word_1161">been</word>
<word id="word_1162">talking</word>
<word id="word_1163">about</word>
<word id="word_1164">.</word>
<word id="word_1165">And</word>
<word id="word_1166">that</word>
<word id="word_1167">is</word>
<word id="word_1168">,</word>
<word id="word_1169">about</word>
<word id="word_1170">data</word>
<word id="word_1171">.</word>
<word id="word_1172">If</word>
<word id="word_1173">we</word>
<word id="word_1174">go</word>
<word id="word_1175">back</word>
<word id="word_1176">to</word>
<word id="word_1177">around</word>
<word id="word_1178">2000</word>
<word id="word_1179">,</word>
<word id="word_1180">a</word>
<word id="word_1181">lot</word>
<word id="word_1182">of</word>
<word id="word_1183">people</word>
<word id="word_1184">were</word>
<word id="word_1185">talking</word>
<word id="word_1186">about</word>
<word id="word_1187">the</word>
<word id="word_1188">information</word>
<word id="word_1189">revolution</word>
<word id="word_1190">,</word>
<word id="word_1191">and</word>
<word id="word_1192">it</word>
<word id="word_1193">was</word>
<word id="word_1194">indeed</word>
<word id="word_1195">true</word>
<word id="word_1196">that</word>
<word id="word_1197">the</word>
<word id="word_1198">world</word>
<word id="word_1199">'s</word>
<word id="word_1200">stock</word>
<word id="word_1201">of</word>
<word id="word_1202">data</word>
<word id="word_1203">was</word>
<word id="word_1204">growing</word>
<word id="word_1205">,</word>
<word id="word_1206">indeed</word>
<word id="word_1207">growing</word>
<word id="word_1208">quite</word>
<word id="word_1209">fast</word>
<word id="word_1210">.</word>
<word id="word_1211">but</word>
<word id="word_1212">it</word>
<word id="word_1213">was</word>
<word id="word_1214">still</word>
<word id="word_1215">at</word>
<word id="word_1216">that</word>
<word id="word_1217">point</word>
<word id="word_1218">overwhelmingly</word>
<word id="word_1219">analog</word>
<word id="word_1220">.</word>
<word id="word_1221">We</word>
<word id="word_1222">go</word>
<word id="word_1223">forward</word>
<word id="word_1224">to</word>
<word id="word_1225">2007</word>
<word id="word_1226">,</word>
<word id="word_1227">not</word>
<word id="word_1228">only</word>
<word id="word_1229">had</word>
<word id="word_1230">the</word>
<word id="word_1231">world</word>
<word id="word_1232">'s</word>
<word id="word_1233">stock</word>
<word id="word_1234">of</word>
<word id="word_1235">data</word>
<word id="word_1236">exploded</word>
<word id="word_1237">,</word>
<word id="word_1238">but</word>
<word id="word_1239">there</word>
<word id="word_1240">'d</word>
<word id="word_1241">been</word>
<word id="word_1242">this</word>
<word id="word_1243">massive</word>
<word id="word_1244">substitution</word>
<word id="word_1245">of</word>
<word id="word_1246">digital</word>
<word id="word_1247">for</word>
<word id="word_1248">analog</word>
<word id="word_1249">.</word>
<word id="word_1250">And</word>
<word id="word_1251">more</word>
<word id="word_1252">important</word>
<word id="word_1253">even</word>
<word id="word_1254">than</word>
<word id="word_1255">that</word>
<word id="word_1256">,</word>
<word id="word_1257">if</word>
<word id="word_1258">you</word>
<word id="word_1259">look</word>
<word id="word_1260">more</word>
<word id="word_1261">carefully</word>
<word id="word_1262">at</word>
<word id="word_1263">this</word>
<word id="word_1264">graph</word>
<word id="word_1265">,</word>
<word id="word_1266">what</word>
<word id="word_1267">you</word>
<word id="word_1268">will</word>
<word id="word_1269">observe</word>
<word id="word_1270">is</word>
<word id="word_1271">that</word>
<word id="word_1272">about</word>
<word id="word_1273">a</word>
<word id="word_1274">half</word>
<word id="word_1275">of</word>
<word id="word_1276">that</word>
<word id="word_1277">digital</word>
<word id="word_1278">data</word>
<word id="word_1279">is</word>
<word id="word_1280">information</word>
<word id="word_1281">that</word>
<word id="word_1282">has</word>
<word id="word_1283">an</word>
<word id="word_1284">I.P.</word>
<word id="word_1285">address</word>
<word id="word_1286">.</word>
<word id="word_1287">It</word>
<word id="word_1288">'s</word>
<word id="word_1289">on</word>
<word id="word_1290">a</word>
<word id="word_1291">server</word>
<word id="word_1292">or</word>
<word id="word_1293">it</word>
<word id="word_1294">'s</word>
<word id="word_1295">on</word>
<word id="word_1296">a</word>
<word id="word_1297">P.C.</word>
<word id="word_1298">But</word>
<word id="word_1299">having</word>
<word id="word_1300">an</word>
<word id="word_1301">I.P.</word>
<word id="word_1302">address</word>
<word id="word_1303">means</word>
<word id="word_1304">that</word>
<word id="word_1305">it</word>
<word id="word_1306">can</word>
<word id="word_1307">be</word>
<word id="word_1308">connected</word>
<word id="word_1309">to</word>
<word id="word_1310">any</word>
<word id="word_1311">other</word>
<word id="word_1312">data</word>
<word id="word_1313">that</word>
<word id="word_1314">has</word>
<word id="word_1315">an</word>
<word id="word_1316">I.P.</word>
<word id="word_1317">address</word>
<word id="word_1318">.</word>
<word id="word_1319">It</word>
<word id="word_1320">means</word>
<word id="word_1321">it</word>
<word id="word_1322">becomes</word>
<word id="word_1323">possible</word>
<word id="word_1324">to</word>
<word id="word_1325">put</word>
<word id="word_1326">together</word>
<word id="word_1327">half</word>
<word id="word_1328">of</word>
<word id="word_1329">the</word>
<word id="word_1330">world</word>
<word id="word_1331">'s</word>
<word id="word_1332">knowledge</word>
<word id="word_1333">in</word>
<word id="word_1334">order</word>
<word id="word_1335">to</word>
<word id="word_1336">see</word>
<word id="word_1337">patterns</word>
<word id="word_1338">,</word>
<word id="word_1339">an</word>
<word id="word_1340">entirely</word>
<word id="word_1341">new</word>
<word id="word_1342">thing</word>
<word id="word_1343">.</word>
<word id="word_1344">If</word>
<word id="word_1345">we</word>
<word id="word_1346">run</word>
<word id="word_1347">the</word>
<word id="word_1348">numbers</word>
<word id="word_1349">forward</word>
<word id="word_1350">to</word>
<word id="word_1351">today</word>
<word id="word_1352">,</word>
<word id="word_1353">it</word>
<word id="word_1354">probably</word>
<word id="word_1355">looks</word>
<word id="word_1356">something</word>
<word id="word_1357">like</word>
<word id="word_1358">this</word>
<word id="word_1359">.</word>
<word id="word_1360">We</word>
<word id="word_1361">'re</word>
<word id="word_1362">not</word>
<word id="word_1363">really</word>
<word id="word_1364">sure</word>
<word id="word_1365">.</word>
<word id="word_1366">If</word>
<word id="word_1367">we</word>
<word id="word_1368">run</word>
<word id="word_1369">the</word>
<word id="word_1370">numbers</word>
<word id="word_1371">forward</word>
<word id="word_1372">to</word>
<word id="word_1373">2020</word>
<word id="word_1374">,</word>
<word id="word_1375">we</word>
<word id="word_1376">of</word>
<word id="word_1377">course</word>
<word id="word_1378">have</word>
<word id="word_1379">an</word>
<word id="word_1380">exact</word>
<word id="word_1381">number</word>
<word id="word_1382">,</word>
<word id="word_1383">courtesy</word>
<word id="word_1384">of</word>
<word id="word_1385">IDC</word>
<word id="word_1386">.</word>
<word id="word_1387">It</word>
<word id="word_1388">'s</word>
<word id="word_1389">curious</word>
<word id="word_1390">that</word>
<word id="word_1391">the</word>
<word id="word_1392">future</word>
<word id="word_1393">is</word>
<word id="word_1394">so</word>
<word id="word_1395">much</word>
<word id="word_1396">more</word>
<word id="word_1397">predictable</word>
<word id="word_1398">than</word>
<word id="word_1399">the</word>
<word id="word_1400">present</word>
<word id="word_1401">.</word>
<word id="word_1402">And</word>
<word id="word_1403">what</word>
<word id="word_1404">it</word>
<word id="word_1405">implies</word>
<word id="word_1406">is</word>
<word id="word_1407">a</word>
<word id="word_1408">hundredfold</word>
<word id="word_1409">multiplication</word>
<word id="word_1410">in</word>
<word id="word_1411">the</word>
<word id="word_1412">stock</word>
<word id="word_1413">of</word>
<word id="word_1414">information</word>
<word id="word_1415">that</word>
<word id="word_1416">is</word>
<word id="word_1417">connected</word>
<word id="word_1418">via</word>
<word id="word_1419">an</word>
<word id="word_1420">I.P.</word>
<word id="word_1421">address</word>
<word id="word_1422">.</word>
<word id="word_1423">Now</word>
<word id="word_1424">,</word>
<word id="word_1425">if</word>
<word id="word_1426">the</word>
<word id="word_1427">number</word>
<word id="word_1428">of</word>
<word id="word_1429">connections</word>
<word id="word_1430">that</word>
<word id="word_1431">we</word>
<word id="word_1432">can</word>
<word id="word_1433">make</word>
<word id="word_1434">is</word>
<word id="word_1435">proportional</word>
<word id="word_1436">to</word>
<word id="word_1437">the</word>
<word id="word_1438">number</word>
<word id="word_1439">of</word>
<word id="word_1440">pairs</word>
<word id="word_1441">of</word>
<word id="word_1442">data</word>
<word id="word_1443">points</word>
<word id="word_1444">,</word>
<word id="word_1445">a</word>
<word id="word_1446">hundredfold</word>
<word id="word_1447">multiplication</word>
<word id="word_1448">in</word>
<word id="word_1449">the</word>
<word id="word_1450">quantity</word>
<word id="word_1451">of</word>
<word id="word_1452">data</word>
<word id="word_1453">is</word>
<word id="word_1454">a</word>
<word id="word_1455">ten-thousandfold</word>
<word id="word_1456">multiplication</word>
<word id="word_1457">in</word>
<word id="word_1458">the</word>
<word id="word_1459">number</word>
<word id="word_1460">of</word>
<word id="word_1461">patterns</word>
<word id="word_1462">that</word>
<word id="word_1463">we</word>
<word id="word_1464">can</word>
<word id="word_1465">see</word>
<word id="word_1466">in</word>
<word id="word_1467">that</word>
<word id="word_1468">data</word>
<word id="word_1469">,</word>
<word id="word_1470">this</word>
<word id="word_1471">just</word>
<word id="word_1472">in</word>
<word id="word_1473">the</word>
<word id="word_1474">last</word>
<word id="word_1475">10</word>
<word id="word_1476">or</word>
<word id="word_1477">11</word>
<word id="word_1478">years</word>
<word id="word_1479">.</word>
<word id="word_1480">This</word>
<word id="word_1481">,</word>
<word id="word_1482">I</word>
<word id="word_1483">would</word>
<word id="word_1484">submit</word>
<word id="word_1485">,</word>
<word id="word_1486">is</word>
<word id="word_1487">a</word>
<word id="word_1488">sea</word>
<word id="word_1489">change</word>
<word id="word_1490">,</word>
<word id="word_1491">a</word>
<word id="word_1492">profound</word>
<word id="word_1493">change</word>
<word id="word_1494">in</word>
<word id="word_1495">the</word>
<word id="word_1496">economics</word>
<word id="word_1497">of</word>
<word id="word_1498">the</word>
<word id="word_1499">world</word>
<word id="word_1500">that</word>
<word id="word_1501">we</word>
<word id="word_1502">live</word>
<word id="word_1503">in</word>
<word id="word_1504">.</word>
<word id="word_1505">The</word>
<word id="word_1506">first</word>
<word id="word_1507">human</word>
<word id="word_1508">genome</word>
<word id="word_1509">,</word>
<word id="word_1510">that</word>
<word id="word_1511">of</word>
<word id="word_1512">James</word>
<word id="word_1513">Watson</word>
<word id="word_1514">,</word>
<word id="word_1515">was</word>
<word id="word_1516">mapped</word>
<word id="word_1517">as</word>
<word id="word_1518">the</word>
<word id="word_1519">culmination</word>
<word id="word_1520">of</word>
<word id="word_1521">the</word>
<word id="word_1522">Human</word>
<word id="word_1523">Genome</word>
<word id="word_1524">Project</word>
<word id="word_1525">in</word>
<word id="word_1526">the</word>
<word id="word_1527">year</word>
<word id="word_1528">2000</word>
<word id="word_1529">,</word>
<word id="word_1530">and</word>
<word id="word_1531">it</word>
<word id="word_1532">took</word>
<word id="word_1533">about</word>
<word id="word_1534">200</word>
<word id="word_1535">million</word>
<word id="word_1536">dollars</word>
<word id="word_1537">and</word>
<word id="word_1538">about</word>
<word id="word_1539">10</word>
<word id="word_1540">years</word>
<word id="word_1541">of</word>
<word id="word_1542">work</word>
<word id="word_1543">to</word>
<word id="word_1544">map</word>
<word id="word_1545">just</word>
<word id="word_1546">one</word>
<word id="word_1547">person</word>
<word id="word_1548">'s</word>
<word id="word_1549">genomic</word>
<word id="word_1550">makeup</word>
<word id="word_1551">.</word>
<word id="word_1552">Since</word>
<word id="word_1553">then</word>
<word id="word_1554">,</word>
<word id="word_1555">the</word>
<word id="word_1556">costs</word>
<word id="word_1557">of</word>
<word id="word_1558">mapping</word>
<word id="word_1559">the</word>
<word id="word_1560">genome</word>
<word id="word_1561">have</word>
<word id="word_1562">come</word>
<word id="word_1563">down</word>
<word id="word_1564">.</word>
<word id="word_1565">In</word>
<word id="word_1566">fact</word>
<word id="word_1567">,</word>
<word id="word_1568">they</word>
<word id="word_1569">'ve</word>
<word id="word_1570">come</word>
<word id="word_1571">down</word>
<word id="word_1572">in</word>
<word id="word_1573">recent</word>
<word id="word_1574">years</word>
<word id="word_1575">very</word>
<word id="word_1576">dramatically</word>
<word id="word_1577">indeed</word>
<word id="word_1578">,</word>
<word id="word_1579">to</word>
<word id="word_1580">the</word>
<word id="word_1581">point</word>
<word id="word_1582">where</word>
<word id="word_1583">the</word>
<word id="word_1584">cost</word>
<word id="word_1585">is</word>
<word id="word_1586">now</word>
<word id="word_1587">below</word>
<word id="word_1588">1,000</word>
<word id="word_1589">dollars</word>
<word id="word_1590">,</word>
<word id="word_1591">and</word>
<word id="word_1592">it</word>
<word id="word_1593">'s</word>
<word id="word_1594">confidently</word>
<word id="word_1595">predicted</word>
<word id="word_1596">that</word>
<word id="word_1597">by</word>
<word id="word_1598">the</word>
<word id="word_1599">year</word>
<word id="word_1600">2015</word>
<word id="word_1601">it</word>
<word id="word_1602">will</word>
<word id="word_1603">be</word>
<word id="word_1604">below</word>
<word id="word_1605">100</word>
<word id="word_1606">dollars</word>
<word id="word_1607">--</word>
<word id="word_1608">a</word>
<word id="word_1609">five</word>
<word id="word_1610">or</word>
<word id="word_1611">six</word>
<word id="word_1612">order</word>
<word id="word_1613">of</word>
<word id="word_1614">magnitude</word>
<word id="word_1615">drop</word>
<word id="word_1616">in</word>
<word id="word_1617">the</word>
<word id="word_1618">cost</word>
<word id="word_1619">of</word>
<word id="word_1620">genomic</word>
<word id="word_1621">mapping</word>
<word id="word_1622">in</word>
<word id="word_1623">just</word>
<word id="word_1624">a</word>
<word id="word_1625">15-year</word>
<word id="word_1626">period</word>
<word id="word_1627">,</word>
<word id="word_1628">an</word>
<word id="word_1629">extraordinary</word>
<word id="word_1630">phenomenon</word>
<word id="word_1631">.</word>
<word id="word_1632">Now</word>
<word id="word_1633">,</word>
<word id="word_1634">in</word>
<word id="word_1635">the</word>
<word id="word_1636">days</word>
<word id="word_1637">when</word>
<word id="word_1638">mapping</word>
<word id="word_1639">a</word>
<word id="word_1640">genome</word>
<word id="word_1641">cost</word>
<word id="word_1642">millions</word>
<word id="word_1643">,</word>
<word id="word_1644">or</word>
<word id="word_1645">even</word>
<word id="word_1646">tens</word>
<word id="word_1647">of</word>
<word id="word_1648">thousands</word>
<word id="word_1649">,</word>
<word id="word_1650">it</word>
<word id="word_1651">was</word>
<word id="word_1652">basically</word>
<word id="word_1653">a</word>
<word id="word_1654">research</word>
<word id="word_1655">enterprise</word>
<word id="word_1656">.</word>
<word id="word_1657">Scientists</word>
<word id="word_1658">would</word>
<word id="word_1659">gather</word>
<word id="word_1660">some</word>
<word id="word_1661">representative</word>
<word id="word_1662">people</word>
<word id="word_1663">,</word>
<word id="word_1664">and</word>
<word id="word_1665">they</word>
<word id="word_1666">would</word>
<word id="word_1667">see</word>
<word id="word_1668">patterns</word>
<word id="word_1669">,</word>
<word id="word_1670">and</word>
<word id="word_1671">they</word>
<word id="word_1672">would</word>
<word id="word_1673">try</word>
<word id="word_1674">and</word>
<word id="word_1675">make</word>
<word id="word_1676">generalizations</word>
<word id="word_1677">about</word>
<word id="word_1678">human</word>
<word id="word_1679">nature</word>
<word id="word_1680">and</word>
<word id="word_1681">disease</word>
<word id="word_1682">from</word>
<word id="word_1683">the</word>
<word id="word_1684">abstract</word>
<word id="word_1685">patterns</word>
<word id="word_1686">they</word>
<word id="word_1687">find</word>
<word id="word_1688">from</word>
<word id="word_1689">these</word>
<word id="word_1690">particular</word>
<word id="word_1691">selected</word>
<word id="word_1692">individuals</word>
<word id="word_1693">.</word>
<word id="word_1694">But</word>
<word id="word_1695">when</word>
<word id="word_1696">the</word>
<word id="word_1697">genome</word>
<word id="word_1698">can</word>
<word id="word_1699">be</word>
<word id="word_1700">mapped</word>
<word id="word_1701">for</word>
<word id="word_1702">100</word>
<word id="word_1703">bucks</word>
<word id="word_1704">,</word>
<word id="word_1705">99</word>
<word id="word_1706">dollars</word>
<word id="word_1707">while</word>
<word id="word_1708">you</word>
<word id="word_1709">wait</word>
<word id="word_1710">,</word>
<word id="word_1711">then</word>
<word id="word_1712">what</word>
<word id="word_1713">happens</word>
<word id="word_1714">is</word>
<word id="word_1715">,</word>
<word id="word_1716">it</word>
<word id="word_1717">becomes</word>
<word id="word_1718">retail</word>
<word id="word_1719">.</word>
<word id="word_1720">It</word>
<word id="word_1721">becomes</word>
<word id="word_1722">above</word>
<word id="word_1723">all</word>
<word id="word_1724">clinical</word>
<word id="word_1725">.</word>
<word id="word_1726">You</word>
<word id="word_1727">go</word>
<word id="word_1728">the</word>
<word id="word_1729">doctor</word>
<word id="word_1730">with</word>
<word id="word_1731">a</word>
<word id="word_1732">cold</word>
<word id="word_1733">,</word>
<word id="word_1734">and</word>
<word id="word_1735">if</word>
<word id="word_1736">he</word>
<word id="word_1737">or</word>
<word id="word_1738">she</word>
<word id="word_1739">hasn</word>
<word id="word_1740">'t</word>
<word id="word_1741">done</word>
<word id="word_1742">it</word>
<word id="word_1743">already</word>
<word id="word_1744">,</word>
<word id="word_1745">the</word>
<word id="word_1746">first</word>
<word id="word_1747">thing</word>
<word id="word_1748">they</word>
<word id="word_1749">do</word>
<word id="word_1750">is</word>
<word id="word_1751">map</word>
<word id="word_1752">your</word>
<word id="word_1753">genome</word>
<word id="word_1754">,</word>
<word id="word_1755">at</word>
<word id="word_1756">which</word>
<word id="word_1757">point</word>
<word id="word_1758">what</word>
<word id="word_1759">they</word>
<word id="word_1760">'re</word>
<word id="word_1761">now</word>
<word id="word_1762">doing</word>
<word id="word_1763">is</word>
<word id="word_1764">not</word>
<word id="word_1765">starting</word>
<word id="word_1766">from</word>
<word id="word_1767">some</word>
<word id="word_1768">abstract</word>
<word id="word_1769">knowledge</word>
<word id="word_1770">of</word>
<word id="word_1771">genomic</word>
<word id="word_1772">medicine</word>
<word id="word_1773">and</word>
<word id="word_1774">trying</word>
<word id="word_1775">to</word>
<word id="word_1776">work</word>
<word id="word_1777">out</word>
<word id="word_1778">how</word>
<word id="word_1779">it</word>
<word id="word_1780">applies</word>
<word id="word_1781">to</word>
<word id="word_1782">you</word>
<word id="word_1783">,</word>
<word id="word_1784">but</word>
<word id="word_1785">they</word>
<word id="word_1786">'re</word>
<word id="word_1787">starting</word>
<word id="word_1788">from</word>
<word id="word_1789">your</word>
<word id="word_1790">particular</word>
<word id="word_1791">genome</word>
<word id="word_1792">.</word>
<word id="word_1793">Now</word>
<word id="word_1794">think</word>
<word id="word_1795">of</word>
<word id="word_1796">the</word>
<word id="word_1797">power</word>
<word id="word_1798">of</word>
<word id="word_1799">that</word>
<word id="word_1800">.</word>
<word id="word_1801">Think</word>
<word id="word_1802">of</word>
<word id="word_1803">where</word>
<word id="word_1804">that</word>
<word id="word_1805">takes</word>
<word id="word_1806">us</word>
<word id="word_1807">when</word>
<word id="word_1808">we</word>
<word id="word_1809">can</word>
<word id="word_1810">combine</word>
<word id="word_1811">genomic</word>
<word id="word_1812">data</word>
<word id="word_1813">with</word>
<word id="word_1814">clinical</word>
<word id="word_1815">data</word>
<word id="word_1816">with</word>
<word id="word_1817">data</word>
<word id="word_1818">about</word>
<word id="word_1819">drug</word>
<word id="word_1820">interactions</word>
<word id="word_1821">with</word>
<word id="word_1822">the</word>
<word id="word_1823">kind</word>
<word id="word_1824">of</word>
<word id="word_1825">ambient</word>
<word id="word_1826">data</word>
<word id="word_1827">that</word>
<word id="word_1828">devices</word>
<word id="word_1829">like</word>
<word id="word_1830">our</word>
<word id="word_1831">phone</word>
<word id="word_1832">and</word>
<word id="word_1833">medical</word>
<word id="word_1834">sensors</word>
<word id="word_1835">will</word>
<word id="word_1836">increasingly</word>
<word id="word_1837">be</word>
<word id="word_1838">collecting</word>
<word id="word_1839">.</word>
<word id="word_1840">Think</word>
<word id="word_1841">what</word>
<word id="word_1842">happens</word>
<word id="word_1843">when</word>
<word id="word_1844">we</word>
<word id="word_1845">collect</word>
<word id="word_1846">all</word>
<word id="word_1847">of</word>
<word id="word_1848">that</word>
<word id="word_1849">data</word>
<word id="word_1850">and</word>
<word id="word_1851">we</word>
<word id="word_1852">can</word>
<word id="word_1853">put</word>
<word id="word_1854">it</word>
<word id="word_1855">together</word>
<word id="word_1856">in</word>
<word id="word_1857">order</word>
<word id="word_1858">to</word>
<word id="word_1859">find</word>
<word id="word_1860">patterns</word>
<word id="word_1861">we</word>
<word id="word_1862">wouldn</word>
<word id="word_1863">'t</word>
<word id="word_1864">see</word>
<word id="word_1865">before</word>
<word id="word_1866">.</word>
<word id="word_1867">This</word>
<word id="word_1868">,</word>
<word id="word_1869">I</word>
<word id="word_1870">would</word>
<word id="word_1871">suggest</word>
<word id="word_1872">,</word>
<word id="word_1873">perhaps</word>
<word id="word_1874">it</word>
<word id="word_1875">will</word>
<word id="word_1876">take</word>
<word id="word_1877">a</word>
<word id="word_1878">while</word>
<word id="word_1879">,</word>
<word id="word_1880">but</word>
<word id="word_1881">this</word>
<word id="word_1882">will</word>
<word id="word_1883">drive</word>
<word id="word_1884">a</word>
<word id="word_1885">revolution</word>
<word id="word_1886">in</word>
<word id="word_1887">medicine</word>
<word id="word_1888">.</word>
<word id="word_1889">Fabulous</word>
<word id="word_1890">,</word>
<word id="word_1891">lots</word>
<word id="word_1892">of</word>
<word id="word_1893">people</word>
<word id="word_1894">talk</word>
<word id="word_1895">about</word>
<word id="word_1896">this</word>
<word id="word_1897">.</word>
<word id="word_1898">But</word>
<word id="word_1899">there</word>
<word id="word_1900">'s</word>
<word id="word_1901">one</word>
<word id="word_1902">thing</word>
<word id="word_1903">that</word>
<word id="word_1904">doesn</word>
<word id="word_1905">'t</word>
<word id="word_1906">get</word>
<word id="word_1907">much</word>
<word id="word_1908">attention</word>
<word id="word_1909">.</word>
<word id="word_1910">How</word>
<word id="word_1911">is</word>
<word id="word_1912">that</word>
<word id="word_1913">model</word>
<word id="word_1914">of</word>
<word id="word_1915">colossal</word>
<word id="word_1916">sharing</word>
<word id="word_1917">across</word>
<word id="word_1918">all</word>
<word id="word_1919">of</word>
<word id="word_1920">those</word>
<word id="word_1921">kinds</word>
<word id="word_1922">of</word>
<word id="word_1923">databases</word>
<word id="word_1924">compatible</word>
<word id="word_1925">with</word>
<word id="word_1926">the</word>
<word id="word_1927">business</word>
<word id="word_1928">models</word>
<word id="word_1929">of</word>
<word id="word_1930">institutions</word>
<word id="word_1931">and</word>
<word id="word_1932">organizations</word>
<word id="word_1933">and</word>
<word id="word_1934">corporations</word>
<word id="word_1935">that</word>
<word id="word_1936">are</word>
<word id="word_1937">involved</word>
<word id="word_1938">in</word>
<word id="word_1939">this</word>
<word id="word_1940">business</word>
<word id="word_1941">today</word>
<word id="word_1942">?</word>
<word id="word_1943">If</word>
<word id="word_1944">your</word>
<word id="word_1945">business</word>
<word id="word_1946">is</word>
<word id="word_1947">based</word>
<word id="word_1948">on</word>
<word id="word_1949">proprietary</word>
<word id="word_1950">data</word>
<word id="word_1951">,</word>
<word id="word_1952">if</word>
<word id="word_1953">your</word>
<word id="word_1954">competitive</word>
<word id="word_1955">advantage</word>
<word id="word_1956">is</word>
<word id="word_1957">defined</word>
<word id="word_1958">by</word>
<word id="word_1959">your</word>
<word id="word_1960">data</word>
<word id="word_1961">,</word>
<word id="word_1962">how</word>
<word id="word_1963">on</word>
<word id="word_1964">Earth</word>
<word id="word_1965">is</word>
<word id="word_1966">that</word>
<word id="word_1967">company</word>
<word id="word_1968">or</word>
<word id="word_1969">is</word>
<word id="word_1970">that</word>
<word id="word_1971">society</word>
<word id="word_1972">in</word>
<word id="word_1973">fact</word>
<word id="word_1974">going</word>
<word id="word_1975">to</word>
<word id="word_1976">achieve</word>
<word id="word_1977">the</word>
<word id="word_1978">value</word>
<word id="word_1979">that</word>
<word id="word_1980">'s</word>
<word id="word_1981">implicit</word>
<word id="word_1982">in</word>
<word id="word_1983">the</word>
<word id="word_1984">technology</word>
<word id="word_1985">?</word>
<word id="word_1986">They</word>
<word id="word_1987">can</word>
<word id="word_1988">'t</word>
<word id="word_1989">.</word>
<word id="word_1990">So</word>
<word id="word_1991">essentially</word>
<word id="word_1992">what</word>
<word id="word_1993">'s</word>
<word id="word_1994">happening</word>
<word id="word_1995">here</word>
<word id="word_1996">,</word>
<word id="word_1997">and</word>
<word id="word_1998">genomics</word>
<word id="word_1999">is</word>
<word id="word_2000">merely</word>
<word id="word_2001">one</word>
<word id="word_2002">example</word>
<word id="word_2003">of</word>
<word id="word_2004">this</word>
<word id="word_2005">,</word>
<word id="word_2006">is</word>
<word id="word_2007">that</word>
<word id="word_2008">technology</word>
<word id="word_2009">is</word>
<word id="word_2010">driving</word>
<word id="word_2011">the</word>
<word id="word_2012">natural</word>
<word id="word_2013">scaling</word>
<word id="word_2014">of</word>
<word id="word_2015">the</word>
<word id="word_2016">activity</word>
<word id="word_2017">beyond</word>
<word id="word_2018">the</word>
<word id="word_2019">institutional</word>
<word id="word_2020">boundaries</word>
<word id="word_2021">within</word>
<word id="word_2022">which</word>
<word id="word_2023">we</word>
<word id="word_2024">have</word>
<word id="word_2025">been</word>
<word id="word_2026">used</word>
<word id="word_2027">to</word>
<word id="word_2028">thinking</word>
<word id="word_2029">about</word>
<word id="word_2030">it</word>
<word id="word_2031">,</word>
<word id="word_2032">and</word>
<word id="word_2033">in</word>
<word id="word_2034">particular</word>
<word id="word_2035">beyond</word>
<word id="word_2036">the</word>
<word id="word_2037">institutional</word>
<word id="word_2038">boundaries</word>
<word id="word_2039">in</word>
<word id="word_2040">terms</word>
<word id="word_2041">of</word>
<word id="word_2042">which</word>
<word id="word_2043">business</word>
<word id="word_2044">strategy</word>
<word id="word_2045">as</word>
<word id="word_2046">a</word>
<word id="word_2047">discipline</word>
<word id="word_2048">is</word>
<word id="word_2049">formulated</word>
<word id="word_2050">.</word>
<word id="word_2051">The</word>
<word id="word_2052">basic</word>
<word id="word_2053">story</word>
<word id="word_2054">here</word>
<word id="word_2055">is</word>
<word id="word_2056">that</word>
<word id="word_2057">what</word>
<word id="word_2058">used</word>
<word id="word_2059">to</word>
<word id="word_2060">be</word>
<word id="word_2061">vertically</word>
<word id="word_2062">integrated</word>
<word id="word_2063">,</word>
<word id="word_2064">oligopolistic</word>
<word id="word_2065">competition</word>
<word id="word_2066">among</word>
<word id="word_2067">essentially</word>
<word id="word_2068">similar</word>
<word id="word_2069">kinds</word>
<word id="word_2070">of</word>
<word id="word_2071">competitors</word>
<word id="word_2072">is</word>
<word id="word_2073">evolving</word>
<word id="word_2074">,</word>
<word id="word_2075">by</word>
<word id="word_2076">one</word>
<word id="word_2077">means</word>
<word id="word_2078">or</word>
<word id="word_2079">another</word>
<word id="word_2080">,</word>
<word id="word_2081">from</word>
<word id="word_2082">a</word>
<word id="word_2083">vertical</word>
<word id="word_2084">structure</word>
<word id="word_2085">to</word>
<word id="word_2086">a</word>
<word id="word_2087">horizontal</word>
<word id="word_2088">one</word>
<word id="word_2089">.</word>
<word id="word_2090">Why</word>
<word id="word_2091">is</word>
<word id="word_2092">that</word>
<word id="word_2093">happening</word>
<word id="word_2094">?</word>
<word id="word_2095">It</word>
<word id="word_2096">'s</word>
<word id="word_2097">happening</word>
<word id="word_2098">because</word>
<word id="word_2099">transaction</word>
<word id="word_2100">costs</word>
<word id="word_2101">are</word>
<word id="word_2102">plummeting</word>
<word id="word_2103">and</word>
<word id="word_2104">because</word>
<word id="word_2105">scale</word>
<word id="word_2106">is</word>
<word id="word_2107">polarizing</word>
<word id="word_2108">.</word>
<word id="word_2109">The</word>
<word id="word_2110">plummeting</word>
<word id="word_2111">of</word>
<word id="word_2112">transaction</word>
<word id="word_2113">costs</word>
<word id="word_2114">weakens</word>
<word id="word_2115">the</word>
<word id="word_2116">glue</word>
<word id="word_2117">that</word>
<word id="word_2118">holds</word>
<word id="word_2119">value</word>
<word id="word_2120">chains</word>
<word id="word_2121">together</word>
<word id="word_2122">,</word>
<word id="word_2123">and</word>
<word id="word_2124">allows</word>
<word id="word_2125">them</word>
<word id="word_2126">to</word>
<word id="word_2127">separate</word>
<word id="word_2128">.</word>
<word id="word_2129">The</word>
<word id="word_2130">polarization</word>
<word id="word_2131">of</word>
<word id="word_2132">scale</word>
<word id="word_2133">economies</word>
<word id="word_2134">towards</word>
<word id="word_2135">the</word>
<word id="word_2136">very</word>
<word id="word_2137">small</word>
<word id="word_2138">--</word>
<word id="word_2139">small</word>
<word id="word_2140">is</word>
<word id="word_2141">beautiful</word>
<word id="word_2142">--</word>
<word id="word_2143">allows</word>
<word id="word_2144">for</word>
<word id="word_2145">scalable</word>
<word id="word_2146">communities</word>
<word id="word_2147">to</word>
<word id="word_2148">substitute</word>
<word id="word_2149">for</word>
<word id="word_2150">conventional</word>
<word id="word_2151">corporate</word>
<word id="word_2152">production</word>
<word id="word_2153">.</word>
<word id="word_2154">The</word>
<word id="word_2155">scaling</word>
<word id="word_2156">in</word>
<word id="word_2157">the</word>
<word id="word_2158">opposite</word>
<word id="word_2159">direction</word>
<word id="word_2160">,</word>
<word id="word_2161">towards</word>
<word id="word_2162">things</word>
<word id="word_2163">like</word>
<word id="word_2164">big</word>
<word id="word_2165">data</word>
<word id="word_2166">,</word>
<word id="word_2167">drive</word>
<word id="word_2168">the</word>
<word id="word_2169">structure</word>
<word id="word_2170">of</word>
<word id="word_2171">business</word>
<word id="word_2172">towards</word>
<word id="word_2173">the</word>
<word id="word_2174">creation</word>
<word id="word_2175">of</word>
<word id="word_2176">new</word>
<word id="word_2177">kinds</word>
<word id="word_2178">of</word>
<word id="word_2179">institutions</word>
<word id="word_2180">that</word>
<word id="word_2181">can</word>
<word id="word_2182">achieve</word>
<word id="word_2183">that</word>
<word id="word_2184">scale</word>
<word id="word_2185">.</word>
<word id="word_2186">But</word>
<word id="word_2187">either</word>
<word id="word_2188">way</word>
<word id="word_2189">,</word>
<word id="word_2190">the</word>
<word id="word_2191">typically</word>
<word id="word_2192">vertical</word>
<word id="word_2193">structure</word>
<word id="word_2194">gets</word>
<word id="word_2195">driven</word>
<word id="word_2196">to</word>
<word id="word_2197">becoming</word>
<word id="word_2198">more</word>
<word id="word_2199">horizontal</word>
<word id="word_2200">.</word>
<word id="word_2201">The</word>
<word id="word_2202">logic</word>
<word id="word_2203">isn</word>
<word id="word_2204">'t</word>
<word id="word_2205">just</word>
<word id="word_2206">about</word>
<word id="word_2207">big</word>
<word id="word_2208">data</word>
<word id="word_2209">.</word>
<word id="word_2210">If</word>
<word id="word_2211">we</word>
<word id="word_2212">were</word>
<word id="word_2213">to</word>
<word id="word_2214">look</word>
<word id="word_2215">,</word>
<word id="word_2216">for</word>
<word id="word_2217">example</word>
<word id="word_2218">,</word>
<word id="word_2219">at</word>
<word id="word_2220">the</word>
<word id="word_2221">telecommunications</word>
<word id="word_2222">industry</word>
<word id="word_2223">,</word>
<word id="word_2224">you</word>
<word id="word_2225">can</word>
<word id="word_2226">tell</word>
<word id="word_2227">the</word>
<word id="word_2228">same</word>
<word id="word_2229">story</word>
<word id="word_2230">about</word>
<word id="word_2231">fiber</word>
<word id="word_2232">optics</word>
<word id="word_2233">.</word>
<word id="word_2234">If</word>
<word id="word_2235">we</word>
<word id="word_2236">look</word>
<word id="word_2237">at</word>
<word id="word_2238">the</word>
<word id="word_2239">pharmaceutical</word>
<word id="word_2240">industry</word>
<word id="word_2241">,</word>
<word id="word_2242">or</word>
<word id="word_2243">,</word>
<word id="word_2244">for</word>
<word id="word_2245">that</word>
<word id="word_2246">matter</word>
<word id="word_2247">,</word>
<word id="word_2248">university</word>
<word id="word_2249">research</word>
<word id="word_2250">,</word>
<word id="word_2251">you</word>
<word id="word_2252">can</word>
<word id="word_2253">say</word>
<word id="word_2254">exactly</word>
<word id="word_2255">the</word>
<word id="word_2256">same</word>
<word id="word_2257">story</word>
<word id="word_2258">about</word>
<word id="word_2259">so-called</word>
<word id="word_2260">"</word>
<word id="word_2261">big</word>
<word id="word_2262">science</word>
<word id="word_2263">.</word>
<word id="word_2264">"</word>
<word id="word_2265">And</word>
<word id="word_2266">in</word>
<word id="word_2267">the</word>
<word id="word_2268">opposite</word>
<word id="word_2269">direction</word>
<word id="word_2270">,</word>
<word id="word_2271">if</word>
<word id="word_2272">we</word>
<word id="word_2273">look</word>
<word id="word_2274">,</word>
<word id="word_2275">say</word>
<word id="word_2276">,</word>
<word id="word_2277">at</word>
<word id="word_2278">the</word>
<word id="word_2279">energy</word>
<word id="word_2280">sector</word>
<word id="word_2281">,</word>
<word id="word_2282">where</word>
<word id="word_2283">all</word>
<word id="word_2284">the</word>
<word id="word_2285">talk</word>
<word id="word_2286">is</word>
<word id="word_2287">about</word>
<word id="word_2288">how</word>
<word id="word_2289">households</word>
<word id="word_2290">will</word>
<word id="word_2291">be</word>
<word id="word_2292">efficient</word>
<word id="word_2293">producers</word>
<word id="word_2294">of</word>
<word id="word_2295">green</word>
<word id="word_2296">energy</word>
<word id="word_2297">and</word>
<word id="word_2298">efficient</word>
<word id="word_2299">conservers</word>
<word id="word_2300">of</word>
<word id="word_2301">energy</word>
<word id="word_2302">,</word>
<word id="word_2303">that</word>
<word id="word_2304">is</word>
<word id="word_2305">,</word>
<word id="word_2306">in</word>
<word id="word_2307">fact</word>
<word id="word_2308">,</word>
<word id="word_2309">the</word>
<word id="word_2310">reverse</word>
<word id="word_2311">phenomenon</word>
<word id="word_2312">.</word>
<word id="word_2313">That</word>
<word id="word_2314">is</word>
<word id="word_2315">the</word>
<word id="word_2316">fragmentation</word>
<word id="word_2317">of</word>
<word id="word_2318">scale</word>
<word id="word_2319">because</word>
<word id="word_2320">the</word>
<word id="word_2321">very</word>
<word id="word_2322">small</word>
<word id="word_2323">can</word>
<word id="word_2324">substitute</word>
<word id="word_2325">for</word>
<word id="word_2326">the</word>
<word id="word_2327">traditional</word>
<word id="word_2328">corporate</word>
<word id="word_2329">scale</word>
<word id="word_2330">.</word>
<word id="word_2331">Either</word>
<word id="word_2332">way</word>
<word id="word_2333">,</word>
<word id="word_2334">what</word>
<word id="word_2335">we</word>
<word id="word_2336">are</word>
<word id="word_2337">driven</word>
<word id="word_2338">to</word>
<word id="word_2339">is</word>
<word id="word_2340">this</word>
<word id="word_2341">horizontalization</word>
<word id="word_2342">of</word>
<word id="word_2343">the</word>
<word id="word_2344">structure</word>
<word id="word_2345">of</word>
<word id="word_2346">industries</word>
<word id="word_2347">,</word>
<word id="word_2348">and</word>
<word id="word_2349">that</word>
<word id="word_2350">implies</word>
<word id="word_2351">fundamental</word>
<word id="word_2352">changes</word>
<word id="word_2353">in</word>
<word id="word_2354">how</word>
<word id="word_2355">we</word>
<word id="word_2356">think</word>
<word id="word_2357">about</word>
<word id="word_2358">strategy</word>
<word id="word_2359">.</word>
<word id="word_2360">It</word>
<word id="word_2361">means</word>
<word id="word_2362">,</word>
<word id="word_2363">for</word>
<word id="word_2364">example</word>
<word id="word_2365">,</word>
<word id="word_2366">that</word>
<word id="word_2367">we</word>
<word id="word_2368">need</word>
<word id="word_2369">to</word>
<word id="word_2370">think</word>
<word id="word_2371">about</word>
<word id="word_2372">strategy</word>
<word id="word_2373">as</word>
<word id="word_2374">the</word>
<word id="word_2375">curation</word>
<word id="word_2376">of</word>
<word id="word_2377">these</word>
<word id="word_2378">kinds</word>
<word id="word_2379">of</word>
<word id="word_2380">horizontal</word>
<word id="word_2381">structure</word>
<word id="word_2382">,</word>
<word id="word_2383">where</word>
<word id="word_2384">things</word>
<word id="word_2385">like</word>
<word id="word_2386">business</word>
<word id="word_2387">definition</word>
<word id="word_2388">and</word>
<word id="word_2389">even</word>
<word id="word_2390">industry</word>
<word id="word_2391">definition</word>
<word id="word_2392">are</word>
<word id="word_2393">actually</word>
<word id="word_2394">the</word>
<word id="word_2395">outcomes</word>
<word id="word_2396">of</word>
<word id="word_2397">strategy</word>
<word id="word_2398">,</word>
<word id="word_2399">not</word>
<word id="word_2400">something</word>
<word id="word_2401">that</word>
<word id="word_2402">the</word>
<word id="word_2403">strategy</word>
<word id="word_2404">presupposes</word>
<word id="word_2405">.</word>
<word id="word_2406">It</word>
<word id="word_2407">means</word>
<word id="word_2408">,</word>
<word id="word_2409">for</word>
<word id="word_2410">example</word>
<word id="word_2411">,</word>
<word id="word_2412">we</word>
<word id="word_2413">need</word>
<word id="word_2414">to</word>
<word id="word_2415">work</word>
<word id="word_2416">out</word>
<word id="word_2417">how</word>
<word id="word_2418">to</word>
<word id="word_2419">accommodate</word>
<word id="word_2420">collaboration</word>
<word id="word_2421">and</word>
<word id="word_2422">competition</word>
<word id="word_2423">simultaneously</word>
<word id="word_2424">.</word>
<word id="word_2425">Think</word>
<word id="word_2426">about</word>
<word id="word_2427">the</word>
<word id="word_2428">genome</word>
<word id="word_2429">.</word>
<word id="word_2430">We</word>
<word id="word_2431">need</word>
<word id="word_2432">to</word>
<word id="word_2433">accommodate</word>
<word id="word_2434">the</word>
<word id="word_2435">very</word>
<word id="word_2436">large</word>
<word id="word_2437">and</word>
<word id="word_2438">the</word>
<word id="word_2439">very</word>
<word id="word_2440">small</word>
<word id="word_2441">simultaneously</word>
<word id="word_2442">.</word>
<word id="word_2443">And</word>
<word id="word_2444">we</word>
<word id="word_2445">need</word>
<word id="word_2446">industry</word>
<word id="word_2447">structures</word>
<word id="word_2448">that</word>
<word id="word_2449">will</word>
<word id="word_2450">accommodate</word>
<word id="word_2451">very</word>
<word id="word_2452">,</word>
<word id="word_2453">very</word>
<word id="word_2454">different</word>
<word id="word_2455">motivations</word>
<word id="word_2456">,</word>
<word id="word_2457">from</word>
<word id="word_2458">the</word>
<word id="word_2459">amateur</word>
<word id="word_2460">motivations</word>
<word id="word_2461">of</word>
<word id="word_2462">people</word>
<word id="word_2463">in</word>
<word id="word_2464">communities</word>
<word id="word_2465">to</word>
<word id="word_2466">maybe</word>
<word id="word_2467">the</word>
<word id="word_2468">social</word>
<word id="word_2469">motivations</word>
<word id="word_2470">of</word>
<word id="word_2471">infrastructure</word>
<word id="word_2472">built</word>
<word id="word_2473">by</word>
<word id="word_2474">governments</word>
<word id="word_2475">,</word>
<word id="word_2476">or</word>
<word id="word_2477">,</word>
<word id="word_2478">for</word>
<word id="word_2479">that</word>
<word id="word_2480">matter</word>
<word id="word_2481">,</word>
<word id="word_2482">cooperative</word>
<word id="word_2483">institutions</word>
<word id="word_2484">built</word>
<word id="word_2485">by</word>
<word id="word_2486">companies</word>
<word id="word_2487">that</word>
<word id="word_2488">are</word>
<word id="word_2489">otherwise</word>
<word id="word_2490">competing</word>
<word id="word_2491">,</word>
<word id="word_2492">because</word>
<word id="word_2493">that</word>
<word id="word_2494">is</word>
<word id="word_2495">the</word>
<word id="word_2496">only</word>
<word id="word_2497">way</word>
<word id="word_2498">that</word>
<word id="word_2499">they</word>
<word id="word_2500">can</word>
<word id="word_2501">get</word>
<word id="word_2502">to</word>
<word id="word_2503">scale</word>
<word id="word_2504">.</word>
<word id="word_2505">These</word>
<word id="word_2506">kinds</word>
<word id="word_2507">of</word>
<word id="word_2508">transformations</word>
<word id="word_2509">render</word>
<word id="word_2510">the</word>
<word id="word_2511">traditional</word>
<word id="word_2512">premises</word>
<word id="word_2513">of</word>
<word id="word_2514">business</word>
<word id="word_2515">strategy</word>
<word id="word_2516">obsolete</word>
<word id="word_2517">.</word>
<word id="word_2518">They</word>
<word id="word_2519">drive</word>
<word id="word_2520">us</word>
<word id="word_2521">into</word>
<word id="word_2522">a</word>
<word id="word_2523">completely</word>
<word id="word_2524">new</word>
<word id="word_2525">world</word>
<word id="word_2526">.</word>
<word id="word_2527">They</word>
<word id="word_2528">require</word>
<word id="word_2529">us</word>
<word id="word_2530">,</word>
<word id="word_2531">whether</word>
<word id="word_2532">we</word>
<word id="word_2533">are</word>
<word id="word_2534">in</word>
<word id="word_2535">the</word>
<word id="word_2536">public</word>
<word id="word_2537">sector</word>
<word id="word_2538">or</word>
<word id="word_2539">the</word>
<word id="word_2540">private</word>
<word id="word_2541">sector</word>
<word id="word_2542">,</word>
<word id="word_2543">to</word>
<word id="word_2544">think</word>
<word id="word_2545">very</word>
<word id="word_2546">fundamentally</word>
<word id="word_2547">differently</word>
<word id="word_2548">about</word>
<word id="word_2549">the</word>
<word id="word_2550">structure</word>
<word id="word_2551">of</word>
<word id="word_2552">business</word>
<word id="word_2553">,</word>
<word id="word_2554">and</word>
<word id="word_2555">,</word>
<word id="word_2556">at</word>
<word id="word_2557">last</word>
<word id="word_2558">,</word>
<word id="word_2559">it</word>
<word id="word_2560">makes</word>
<word id="word_2561">strategy</word>
<word id="word_2562">interesting</word>
<word id="word_2563">again</word>
<word id="word_2564">.</word>
<word id="word_2565">Thank</word>
<word id="word_2566">you</word>
<word id="word_2567">.</word>
</words>
