<?xml version="1.0" encoding="UTF-8" ?>
<!DOCTYPE words SYSTEM "words.dtd">
<words>
<word id="word_1">This</word>
<word id="word_2">year</word>
<word id="word_3">,</word>
<word id="word_4">Germany</word>
<word id="word_5">is</word>
<word id="word_6">celebrating</word>
<word id="word_7">the</word>
<word id="word_8">25th</word>
<word id="word_9">anniversary</word>
<word id="word_10">of</word>
<word id="word_11">the</word>
<word id="word_12">peaceful</word>
<word id="word_13">revolution</word>
<word id="word_14">in</word>
<word id="word_15">East</word>
<word id="word_16">Germany</word>
<word id="word_17">.</word>
<word id="word_18">In</word>
<word id="word_19">1989</word>
<word id="word_20">,</word>
<word id="word_21">the</word>
<word id="word_22">Communist</word>
<word id="word_23">regime</word>
<word id="word_24">was</word>
<word id="word_25">moved</word>
<word id="word_26">away</word>
<word id="word_27">,</word>
<word id="word_28">the</word>
<word id="word_29">Berlin</word>
<word id="word_30">Wall</word>
<word id="word_31">came</word>
<word id="word_32">down</word>
<word id="word_33">,</word>
<word id="word_34">and</word>
<word id="word_35">one</word>
<word id="word_36">year</word>
<word id="word_37">later</word>
<word id="word_38">,</word>
<word id="word_39">the</word>
<word id="word_40">German</word>
<word id="word_41">Democratic</word>
<word id="word_42">Republic</word>
<word id="word_43">,</word>
<word id="word_44">the</word>
<word id="word_45">GDR</word>
<word id="word_46">,</word>
<word id="word_47">in</word>
<word id="word_48">the</word>
<word id="word_49">East</word>
<word id="word_50">was</word>
<word id="word_51">unified</word>
<word id="word_52">with</word>
<word id="word_53">the</word>
<word id="word_54">Federal</word>
<word id="word_55">Republic</word>
<word id="word_56">of</word>
<word id="word_57">Germany</word>
<word id="word_58">in</word>
<word id="word_59">the</word>
<word id="word_60">West</word>
<word id="word_61">to</word>
<word id="word_62">found</word>
<word id="word_63">today</word>
<word id="word_64">'s</word>
<word id="word_65">Germany</word>
<word id="word_66">.</word>
<word id="word_67">Among</word>
<word id="word_68">many</word>
<word id="word_69">other</word>
<word id="word_70">things</word>
<word id="word_71">,</word>
<word id="word_72">Germany</word>
<word id="word_73">inherited</word>
<word id="word_74">the</word>
<word id="word_75">archives</word>
<word id="word_76">of</word>
<word id="word_77">the</word>
<word id="word_78">East</word>
<word id="word_79">German</word>
<word id="word_80">secret</word>
<word id="word_81">police</word>
<word id="word_82">,</word>
<word id="word_83">known</word>
<word id="word_84">as</word>
<word id="word_85">the</word>
<word id="word_86">Stasi</word>
<word id="word_87">.</word>
<word id="word_88">Only</word>
<word id="word_89">two</word>
<word id="word_90">years</word>
<word id="word_91">after</word>
<word id="word_92">its</word>
<word id="word_93">dissolution</word>
<word id="word_94">,</word>
<word id="word_95">its</word>
<word id="word_96">documents</word>
<word id="word_97">were</word>
<word id="word_98">opened</word>
<word id="word_99">to</word>
<word id="word_100">the</word>
<word id="word_101">public</word>
<word id="word_102">,</word>
<word id="word_103">and</word>
<word id="word_104">historians</word>
<word id="word_105">such</word>
<word id="word_106">as</word>
<word id="word_107">me</word>
<word id="word_108">started</word>
<word id="word_109">to</word>
<word id="word_110">study</word>
<word id="word_111">these</word>
<word id="word_112">documents</word>
<word id="word_113">to</word>
<word id="word_114">learn</word>
<word id="word_115">more</word>
<word id="word_116">about</word>
<word id="word_117">how</word>
<word id="word_118">the</word>
<word id="word_119">GDR</word>
<word id="word_120">surveillance</word>
<word id="word_121">state</word>
<word id="word_122">functioned</word>
<word id="word_123">.</word>
<word id="word_124">Perhaps</word>
<word id="word_125">you</word>
<word id="word_126">have</word>
<word id="word_127">watched</word>
<word id="word_128">the</word>
<word id="word_129">movie</word>
<word id="word_130">"</word>
<word id="word_131">The</word>
<word id="word_132">Lives</word>
<word id="word_133">of</word>
<word id="word_134">Others</word>
<word id="word_135">.</word>
<word id="word_136">"</word>
<word id="word_137">This</word>
<word id="word_138">movie</word>
<word id="word_139">made</word>
<word id="word_140">the</word>
<word id="word_141">Stasi</word>
<word id="word_142">known</word>
<word id="word_143">worldwide</word>
<word id="word_144">,</word>
<word id="word_145">and</word>
<word id="word_146">as</word>
<word id="word_147">we</word>
<word id="word_148">live</word>
<word id="word_149">in</word>
<word id="word_150">an</word>
<word id="word_151">age</word>
<word id="word_152">where</word>
<word id="word_153">words</word>
<word id="word_154">such</word>
<word id="word_155">as</word>
<word id="word_156">"</word>
<word id="word_157">surveillance</word>
<word id="word_158">"</word>
<word id="word_159">or</word>
<word id="word_160">"</word>
<word id="word_161">wiretapping</word>
<word id="word_162">"</word>
<word id="word_163">are</word>
<word id="word_164">on</word>
<word id="word_165">the</word>
<word id="word_166">front</word>
<word id="word_167">pages</word>
<word id="word_168">of</word>
<word id="word_169">newspapers</word>
<word id="word_170">,</word>
<word id="word_171">I</word>
<word id="word_172">would</word>
<word id="word_173">like</word>
<word id="word_174">to</word>
<word id="word_175">speak</word>
<word id="word_176">about</word>
<word id="word_177">how</word>
<word id="word_178">the</word>
<word id="word_179">Stasi</word>
<word id="word_180">really</word>
<word id="word_181">worked</word>
<word id="word_182">.</word>
<word id="word_183">At</word>
<word id="word_184">the</word>
<word id="word_185">beginning</word>
<word id="word_186">,</word>
<word id="word_187">let</word>
<word id="word_188">'s</word>
<word id="word_189">have</word>
<word id="word_190">a</word>
<word id="word_191">short</word>
<word id="word_192">look</word>
<word id="word_193">at</word>
<word id="word_194">the</word>
<word id="word_195">history</word>
<word id="word_196">of</word>
<word id="word_197">the</word>
<word id="word_198">Stasi</word>
<word id="word_199">,</word>
<word id="word_200">because</word>
<word id="word_201">it</word>
<word id="word_202">'s</word>
<word id="word_203">really</word>
<word id="word_204">important</word>
<word id="word_205">for</word>
<word id="word_206">understanding</word>
<word id="word_207">its</word>
<word id="word_208">self-conception</word>
<word id="word_209">.</word>
<word id="word_210">Its</word>
<word id="word_211">origins</word>
<word id="word_212">are</word>
<word id="word_213">located</word>
<word id="word_214">in</word>
<word id="word_215">Russia</word>
<word id="word_216">.</word>
<word id="word_217">In</word>
<word id="word_218">1917</word>
<word id="word_219">,</word>
<word id="word_220">the</word>
<word id="word_221">Russian</word>
<word id="word_222">Communists</word>
<word id="word_223">founded</word>
<word id="word_224">the</word>
<word id="word_225">Emergency</word>
<word id="word_226">Commission</word>
<word id="word_227">for</word>
<word id="word_228">Combating</word>
<word id="word_229">Counter-Revolution</word>
<word id="word_230">and</word>
<word id="word_231">Sabotage</word>
<word id="word_232">,</word>
<word id="word_233">shortly</word>
<word id="word_234">Cheka</word>
<word id="word_235">.</word>
<word id="word_236">It</word>
<word id="word_237">was</word>
<word id="word_238">led</word>
<word id="word_239">by</word>
<word id="word_240">Felix</word>
<word id="word_241">Dzerzhinsky</word>
<word id="word_242">.</word>
<word id="word_243">The</word>
<word id="word_244">Cheka</word>
<word id="word_245">was</word>
<word id="word_246">an</word>
<word id="word_247">instrument</word>
<word id="word_248">of</word>
<word id="word_249">the</word>
<word id="word_250">Communists</word>
<word id="word_251">to</word>
<word id="word_252">establish</word>
<word id="word_253">their</word>
<word id="word_254">regime</word>
<word id="word_255">by</word>
<word id="word_256">terrorizing</word>
<word id="word_257">the</word>
<word id="word_258">population</word>
<word id="word_259">and</word>
<word id="word_260">executing</word>
<word id="word_261">their</word>
<word id="word_262">enemies</word>
<word id="word_263">.</word>
<word id="word_264">It</word>
<word id="word_265">evolved</word>
<word id="word_266">later</word>
<word id="word_267">into</word>
<word id="word_268">the</word>
<word id="word_269">well-known</word>
<word id="word_270">KGB</word>
<word id="word_271">.</word>
<word id="word_272">The</word>
<word id="word_273">Cheka</word>
<word id="word_274">was</word>
<word id="word_275">the</word>
<word id="word_276">idol</word>
<word id="word_277">of</word>
<word id="word_278">the</word>
<word id="word_279">Stasi</word>
<word id="word_280">officers</word>
<word id="word_281">.</word>
<word id="word_282">They</word>
<word id="word_283">called</word>
<word id="word_284">themselves</word>
<word id="word_285">Chekists</word>
<word id="word_286">,</word>
<word id="word_287">and</word>
<word id="word_288">even</word>
<word id="word_289">the</word>
<word id="word_290">emblem</word>
<word id="word_291">was</word>
<word id="word_292">very</word>
<word id="word_293">similar</word>
<word id="word_294">,</word>
<word id="word_295">as</word>
<word id="word_296">you</word>
<word id="word_297">can</word>
<word id="word_298">see</word>
<word id="word_299">here</word>
<word id="word_300">.</word>
<word id="word_301">In</word>
<word id="word_302">fact</word>
<word id="word_303">,</word>
<word id="word_304">the</word>
<word id="word_305">secret</word>
<word id="word_306">police</word>
<word id="word_307">of</word>
<word id="word_308">Russia</word>
<word id="word_309">was</word>
<word id="word_310">the</word>
<word id="word_311">creator</word>
<word id="word_312">and</word>
<word id="word_313">instructor</word>
<word id="word_314">of</word>
<word id="word_315">the</word>
<word id="word_316">Stasi</word>
<word id="word_317">.</word>
<word id="word_318">When</word>
<word id="word_319">the</word>
<word id="word_320">Red</word>
<word id="word_321">Army</word>
<word id="word_322">occupied</word>
<word id="word_323">East</word>
<word id="word_324">Germany</word>
<word id="word_325">in</word>
<word id="word_326">1945</word>
<word id="word_327">,</word>
<word id="word_328">it</word>
<word id="word_329">immediately</word>
<word id="word_330">expanded</word>
<word id="word_331">there</word>
<word id="word_332">,</word>
<word id="word_333">and</word>
<word id="word_334">soon</word>
<word id="word_335">it</word>
<word id="word_336">started</word>
<word id="word_337">to</word>
<word id="word_338">train</word>
<word id="word_339">the</word>
<word id="word_340">German</word>
<word id="word_341">Communists</word>
<word id="word_342">to</word>
<word id="word_343">build</word>
<word id="word_344">up</word>
<word id="word_345">their</word>
<word id="word_346">own</word>
<word id="word_347">secret</word>
<word id="word_348">police</word>
<word id="word_349">.</word>
<word id="word_350">By</word>
<word id="word_351">the</word>
<word id="word_352">way</word>
<word id="word_353">,</word>
<word id="word_354">in</word>
<word id="word_355">this</word>
<word id="word_356">hall</word>
<word id="word_357">where</word>
<word id="word_358">we</word>
<word id="word_359">are</word>
<word id="word_360">now</word>
<word id="word_361">,</word>
<word id="word_362">the</word>
<word id="word_363">ruling</word>
<word id="word_364">party</word>
<word id="word_365">of</word>
<word id="word_366">the</word>
<word id="word_367">GDR</word>
<word id="word_368">was</word>
<word id="word_369">founded</word>
<word id="word_370">in</word>
<word id="word_371">1946</word>
<word id="word_372">.</word>
<word id="word_373">Five</word>
<word id="word_374">years</word>
<word id="word_375">later</word>
<word id="word_376">,</word>
<word id="word_377">the</word>
<word id="word_378">Stasi</word>
<word id="word_379">was</word>
<word id="word_380">established</word>
<word id="word_381">,</word>
<word id="word_382">and</word>
<word id="word_383">step</word>
<word id="word_384">by</word>
<word id="word_385">step</word>
<word id="word_386">,</word>
<word id="word_387">the</word>
<word id="word_388">dirty</word>
<word id="word_389">job</word>
<word id="word_390">of</word>
<word id="word_391">oppression</word>
<word id="word_392">was</word>
<word id="word_393">handed</word>
<word id="word_394">over</word>
<word id="word_395">to</word>
<word id="word_396">it</word>
<word id="word_397">.</word>
<word id="word_398">For</word>
<word id="word_399">instance</word>
<word id="word_400">,</word>
<word id="word_401">the</word>
<word id="word_402">central</word>
<word id="word_403">jail</word>
<word id="word_404">for</word>
<word id="word_405">political</word>
<word id="word_406">prisoners</word>
<word id="word_407">,</word>
<word id="word_408">which</word>
<word id="word_409">was</word>
<word id="word_410">established</word>
<word id="word_411">by</word>
<word id="word_412">the</word>
<word id="word_413">Russians</word>
<word id="word_414">,</word>
<word id="word_415">was</word>
<word id="word_416">taken</word>
<word id="word_417">over</word>
<word id="word_418">by</word>
<word id="word_419">the</word>
<word id="word_420">Stasi</word>
<word id="word_421">and</word>
<word id="word_422">used</word>
<word id="word_423">until</word>
<word id="word_424">the</word>
<word id="word_425">end</word>
<word id="word_426">of</word>
<word id="word_427">Communism</word>
<word id="word_428">.</word>
<word id="word_429">You</word>
<word id="word_430">see</word>
<word id="word_431">it</word>
<word id="word_432">here</word>
<word id="word_433">.</word>
<word id="word_434">At</word>
<word id="word_435">the</word>
<word id="word_436">beginning</word>
<word id="word_437">,</word>
<word id="word_438">every</word>
<word id="word_439">important</word>
<word id="word_440">step</word>
<word id="word_441">took</word>
<word id="word_442">place</word>
<word id="word_443">under</word>
<word id="word_444">the</word>
<word id="word_445">attendance</word>
<word id="word_446">of</word>
<word id="word_447">the</word>
<word id="word_448">Russians</word>
<word id="word_449">.</word>
<word id="word_450">But</word>
<word id="word_451">the</word>
<word id="word_452">Germans</word>
<word id="word_453">are</word>
<word id="word_454">known</word>
<word id="word_455">to</word>
<word id="word_456">be</word>
<word id="word_457">very</word>
<word id="word_458">effective</word>
<word id="word_459">,</word>
<word id="word_460">so</word>
<word id="word_461">the</word>
<word id="word_462">Stasi</word>
<word id="word_463">grew</word>
<word id="word_464">very</word>
<word id="word_465">quickly</word>
<word id="word_466">,</word>
<word id="word_467">and</word>
<word id="word_468">already</word>
<word id="word_469">in</word>
<word id="word_470">1953</word>
<word id="word_471">,</word>
<word id="word_472">it</word>
<word id="word_473">had</word>
<word id="word_474">more</word>
<word id="word_475">employees</word>
<word id="word_476">than</word>
<word id="word_477">the</word>
<word id="word_478">Gestapo</word>
<word id="word_479">had</word>
<word id="word_480">,</word>
<word id="word_481">the</word>
<word id="word_482">secret</word>
<word id="word_483">police</word>
<word id="word_484">of</word>
<word id="word_485">Nazi</word>
<word id="word_486">Germany</word>
<word id="word_487">.</word>
<word id="word_488">The</word>
<word id="word_489">number</word>
<word id="word_490">doubled</word>
<word id="word_491">in</word>
<word id="word_492">each</word>
<word id="word_493">decade</word>
<word id="word_494">.</word>
<word id="word_495">In</word>
<word id="word_496">1989</word>
<word id="word_497">,</word>
<word id="word_498">more</word>
<word id="word_499">than</word>
<word id="word_500">90,000</word>
<word id="word_501">employees</word>
<word id="word_502">worked</word>
<word id="word_503">for</word>
<word id="word_504">the</word>
<word id="word_505">Stasi</word>
<word id="word_506">.</word>
<word id="word_507">This</word>
<word id="word_508">meant</word>
<word id="word_509">that</word>
<word id="word_510">one</word>
<word id="word_511">employee</word>
<word id="word_512">was</word>
<word id="word_513">responsible</word>
<word id="word_514">for</word>
<word id="word_515">180</word>
<word id="word_516">inhabitants</word>
<word id="word_517">,</word>
<word id="word_518">which</word>
<word id="word_519">was</word>
<word id="word_520">really</word>
<word id="word_521">unique</word>
<word id="word_522">in</word>
<word id="word_523">the</word>
<word id="word_524">world</word>
<word id="word_525">.</word>
<word id="word_526">At</word>
<word id="word_527">the</word>
<word id="word_528">top</word>
<word id="word_529">of</word>
<word id="word_530">this</word>
<word id="word_531">tremendous</word>
<word id="word_532">apparatus</word>
<word id="word_533">,</word>
<word id="word_534">there</word>
<word id="word_535">was</word>
<word id="word_536">one</word>
<word id="word_537">man</word>
<word id="word_538">,</word>
<word id="word_539">Erich</word>
<word id="word_540">Mielke</word>
<word id="word_541">.</word>
<word id="word_542">He</word>
<word id="word_543">ruled</word>
<word id="word_544">the</word>
<word id="word_545">Ministry</word>
<word id="word_546">of</word>
<word id="word_547">State</word>
<word id="word_548">Security</word>
<word id="word_549">for</word>
<word id="word_550">more</word>
<word id="word_551">than</word>
<word id="word_552">30</word>
<word id="word_553">years</word>
<word id="word_554">.</word>
<word id="word_555">He</word>
<word id="word_556">was</word>
<word id="word_557">a</word>
<word id="word_558">scrupulous</word>
<word id="word_559">functionary</word>
<word id="word_560">—</word>
<word id="word_561">in</word>
<word id="word_562">his</word>
<word id="word_563">past</word>
<word id="word_564">,</word>
<word id="word_565">he</word>
<word id="word_566">killed</word>
<word id="word_567">two</word>
<word id="word_568">policemen</word>
<word id="word_569">not</word>
<word id="word_570">far</word>
<word id="word_571">away</word>
<word id="word_572">from</word>
<word id="word_573">here</word>
<word id="word_574">—</word>
<word id="word_575">who</word>
<word id="word_576">in</word>
<word id="word_577">fact</word>
<word id="word_578">personalized</word>
<word id="word_579">the</word>
<word id="word_580">Stasi</word>
<word id="word_581">.</word>
<word id="word_582">But</word>
<word id="word_583">what</word>
<word id="word_584">was</word>
<word id="word_585">so</word>
<word id="word_586">exceptional</word>
<word id="word_587">about</word>
<word id="word_588">the</word>
<word id="word_589">Stasi</word>
<word id="word_590">?</word>
<word id="word_591">Foremost</word>
<word id="word_592">,</word>
<word id="word_593">it</word>
<word id="word_594">was</word>
<word id="word_595">its</word>
<word id="word_596">enormous</word>
<word id="word_597">power</word>
<word id="word_598">,</word>
<word id="word_599">because</word>
<word id="word_600">it</word>
<word id="word_601">united</word>
<word id="word_602">different</word>
<word id="word_603">functions</word>
<word id="word_604">in</word>
<word id="word_605">one</word>
<word id="word_606">organization</word>
<word id="word_607">.</word>
<word id="word_608">First</word>
<word id="word_609">of</word>
<word id="word_610">all</word>
<word id="word_611">,</word>
<word id="word_612">the</word>
<word id="word_613">Stasi</word>
<word id="word_614">was</word>
<word id="word_615">an</word>
<word id="word_616">intelligence</word>
<word id="word_617">service</word>
<word id="word_618">.</word>
<word id="word_619">It</word>
<word id="word_620">used</word>
<word id="word_621">all</word>
<word id="word_622">the</word>
<word id="word_623">imaginable</word>
<word id="word_624">instruments</word>
<word id="word_625">for</word>
<word id="word_626">getting</word>
<word id="word_627">information</word>
<word id="word_628">secretly</word>
<word id="word_629">,</word>
<word id="word_630">such</word>
<word id="word_631">as</word>
<word id="word_632">informers</word>
<word id="word_633">,</word>
<word id="word_634">or</word>
<word id="word_635">tapping</word>
<word id="word_636">phones</word>
<word id="word_637">,</word>
<word id="word_638">as</word>
<word id="word_639">you</word>
<word id="word_640">can</word>
<word id="word_641">see</word>
<word id="word_642">it</word>
<word id="word_643">on</word>
<word id="word_644">the</word>
<word id="word_645">picture</word>
<word id="word_646">here</word>
<word id="word_647">.</word>
<word id="word_648">And</word>
<word id="word_649">it</word>
<word id="word_650">was</word>
<word id="word_651">not</word>
<word id="word_652">only</word>
<word id="word_653">active</word>
<word id="word_654">in</word>
<word id="word_655">East</word>
<word id="word_656">Germany</word>
<word id="word_657">,</word>
<word id="word_658">but</word>
<word id="word_659">all</word>
<word id="word_660">over</word>
<word id="word_661">the</word>
<word id="word_662">world</word>
<word id="word_663">.</word>
<word id="word_664">Secondly</word>
<word id="word_665">,</word>
<word id="word_666">the</word>
<word id="word_667">Stasi</word>
<word id="word_668">was</word>
<word id="word_669">a</word>
<word id="word_670">secret</word>
<word id="word_671">police</word>
<word id="word_672">.</word>
<word id="word_673">It</word>
<word id="word_674">could</word>
<word id="word_675">stop</word>
<word id="word_676">people</word>
<word id="word_677">on</word>
<word id="word_678">the</word>
<word id="word_679">street</word>
<word id="word_680">and</word>
<word id="word_681">arrest</word>
<word id="word_682">them</word>
<word id="word_683">in</word>
<word id="word_684">its</word>
<word id="word_685">own</word>
<word id="word_686">prisons</word>
<word id="word_687">.</word>
<word id="word_688">Thirdly</word>
<word id="word_689">,</word>
<word id="word_690">the</word>
<word id="word_691">Stasi</word>
<word id="word_692">worked</word>
<word id="word_693">as</word>
<word id="word_694">a</word>
<word id="word_695">kind</word>
<word id="word_696">of</word>
<word id="word_697">public</word>
<word id="word_698">prosecutor</word>
<word id="word_699">.</word>
<word id="word_700">It</word>
<word id="word_701">had</word>
<word id="word_702">the</word>
<word id="word_703">right</word>
<word id="word_704">to</word>
<word id="word_705">open</word>
<word id="word_706">preliminary</word>
<word id="word_707">investigations</word>
<word id="word_708">and</word>
<word id="word_709">to</word>
<word id="word_710">interrogate</word>
<word id="word_711">people</word>
<word id="word_712">officially</word>
<word id="word_713">.</word>
<word id="word_714">Last</word>
<word id="word_715">but</word>
<word id="word_716">not</word>
<word id="word_717">least</word>
<word id="word_718">,</word>
<word id="word_719">the</word>
<word id="word_720">Stasi</word>
<word id="word_721">had</word>
<word id="word_722">its</word>
<word id="word_723">own</word>
<word id="word_724">armed</word>
<word id="word_725">forces</word>
<word id="word_726">.</word>
<word id="word_727">More</word>
<word id="word_728">than</word>
<word id="word_729">11,000</word>
<word id="word_730">soldiers</word>
<word id="word_731">were</word>
<word id="word_732">serving</word>
<word id="word_733">in</word>
<word id="word_734">its</word>
<word id="word_735">so-called</word>
<word id="word_736">Guards</word>
<word id="word_737">Regiment</word>
<word id="word_738">.</word>
<word id="word_739">It</word>
<word id="word_740">was</word>
<word id="word_741">founded</word>
<word id="word_742">to</word>
<word id="word_743">crash</word>
<word id="word_744">down</word>
<word id="word_745">protests</word>
<word id="word_746">and</word>
<word id="word_747">uprisings</word>
<word id="word_748">.</word>
<word id="word_749">Due</word>
<word id="word_750">to</word>
<word id="word_751">this</word>
<word id="word_752">concentration</word>
<word id="word_753">of</word>
<word id="word_754">power</word>
<word id="word_755">,</word>
<word id="word_756">the</word>
<word id="word_757">Stasi</word>
<word id="word_758">was</word>
<word id="word_759">called</word>
<word id="word_760">a</word>
<word id="word_761">state</word>
<word id="word_762">in</word>
<word id="word_763">the</word>
<word id="word_764">state</word>
<word id="word_765">.</word>
<word id="word_766">But</word>
<word id="word_767">let</word>
<word id="word_768">'s</word>
<word id="word_769">look</word>
<word id="word_770">in</word>
<word id="word_771">more</word>
<word id="word_772">and</word>
<word id="word_773">more</word>
<word id="word_774">detail</word>
<word id="word_775">at</word>
<word id="word_776">the</word>
<word id="word_777">tools</word>
<word id="word_778">of</word>
<word id="word_779">the</word>
<word id="word_780">Stasi</word>
<word id="word_781">.</word>
<word id="word_782">Please</word>
<word id="word_783">keep</word>
<word id="word_784">in</word>
<word id="word_785">mind</word>
<word id="word_786">that</word>
<word id="word_787">at</word>
<word id="word_788">that</word>
<word id="word_789">time</word>
<word id="word_790">the</word>
<word id="word_791">web</word>
<word id="word_792">and</word>
<word id="word_793">smartphones</word>
<word id="word_794">were</word>
<word id="word_795">not</word>
<word id="word_796">yet</word>
<word id="word_797">invented</word>
<word id="word_798">.</word>
<word id="word_799">Of</word>
<word id="word_800">course</word>
<word id="word_801">,</word>
<word id="word_802">the</word>
<word id="word_803">Stasi</word>
<word id="word_804">used</word>
<word id="word_805">all</word>
<word id="word_806">kinds</word>
<word id="word_807">of</word>
<word id="word_808">technical</word>
<word id="word_809">instruments</word>
<word id="word_810">to</word>
<word id="word_811">survey</word>
<word id="word_812">people</word>
<word id="word_813">.</word>
<word id="word_814">Telephones</word>
<word id="word_815">were</word>
<word id="word_816">wiretapped</word>
<word id="word_817">,</word>
<word id="word_818">including</word>
<word id="word_819">the</word>
<word id="word_820">phone</word>
<word id="word_821">of</word>
<word id="word_822">the</word>
<word id="word_823">German</word>
<word id="word_824">chancellor</word>
<word id="word_825">in</word>
<word id="word_826">the</word>
<word id="word_827">West</word>
<word id="word_828">,</word>
<word id="word_829">and</word>
<word id="word_830">often</word>
<word id="word_831">also</word>
<word id="word_832">the</word>
<word id="word_833">apartments</word>
<word id="word_834">.</word>
<word id="word_835">Every</word>
<word id="word_836">day</word>
<word id="word_837">,</word>
<word id="word_838">90,000</word>
<word id="word_839">letters</word>
<word id="word_840">were</word>
<word id="word_841">being</word>
<word id="word_842">opened</word>
<word id="word_843">by</word>
<word id="word_844">these</word>
<word id="word_845">machines</word>
<word id="word_846">.</word>
<word id="word_847">The</word>
<word id="word_848">Stasi</word>
<word id="word_849">also</word>
<word id="word_850">shadowed</word>
<word id="word_851">tens</word>
<word id="word_852">of</word>
<word id="word_853">thousands</word>
<word id="word_854">of</word>
<word id="word_855">people</word>
<word id="word_856">using</word>
<word id="word_857">specially</word>
<word id="word_858">trained</word>
<word id="word_859">agents</word>
<word id="word_860">and</word>
<word id="word_861">secret</word>
<word id="word_862">cameras</word>
<word id="word_863">to</word>
<word id="word_864">document</word>
<word id="word_865">every</word>
<word id="word_866">step</word>
<word id="word_867">one</word>
<word id="word_868">took</word>
<word id="word_869">.</word>
<word id="word_870">In</word>
<word id="word_871">this</word>
<word id="word_872">picture</word>
<word id="word_873">,</word>
<word id="word_874">you</word>
<word id="word_875">can</word>
<word id="word_876">see</word>
<word id="word_877">me</word>
<word id="word_878">as</word>
<word id="word_879">a</word>
<word id="word_880">young</word>
<word id="word_881">man</word>
<word id="word_882">just</word>
<word id="word_883">in</word>
<word id="word_884">front</word>
<word id="word_885">of</word>
<word id="word_886">this</word>
<word id="word_887">building</word>
<word id="word_888">where</word>
<word id="word_889">we</word>
<word id="word_890">are</word>
<word id="word_891">now</word>
<word id="word_892">,</word>
<word id="word_893">photographed</word>
<word id="word_894">by</word>
<word id="word_895">a</word>
<word id="word_896">Stasi</word>
<word id="word_897">agent</word>
<word id="word_898">.</word>
<word id="word_899">The</word>
<word id="word_900">Stasi</word>
<word id="word_901">even</word>
<word id="word_902">collected</word>
<word id="word_903">the</word>
<word id="word_904">smell</word>
<word id="word_905">of</word>
<word id="word_906">people</word>
<word id="word_907">.</word>
<word id="word_908">It</word>
<word id="word_909">stored</word>
<word id="word_910">samples</word>
<word id="word_911">of</word>
<word id="word_912">it</word>
<word id="word_913">in</word>
<word id="word_914">closed</word>
<word id="word_915">jars</word>
<word id="word_916">which</word>
<word id="word_917">were</word>
<word id="word_918">found</word>
<word id="word_919">after</word>
<word id="word_920">the</word>
<word id="word_921">peaceful</word>
<word id="word_922">revolution</word>
<word id="word_923">.</word>
<word id="word_924">For</word>
<word id="word_925">all</word>
<word id="word_926">these</word>
<word id="word_927">tasks</word>
<word id="word_928">,</word>
<word id="word_929">highly</word>
<word id="word_930">specialized</word>
<word id="word_931">departments</word>
<word id="word_932">were</word>
<word id="word_933">responsible</word>
<word id="word_934">.</word>
<word id="word_935">The</word>
<word id="word_936">one</word>
<word id="word_937">which</word>
<word id="word_938">was</word>
<word id="word_939">tapping</word>
<word id="word_940">phone</word>
<word id="word_941">calls</word>
<word id="word_942">was</word>
<word id="word_943">completely</word>
<word id="word_944">separated</word>
<word id="word_945">from</word>
<word id="word_946">the</word>
<word id="word_947">one</word>
<word id="word_948">which</word>
<word id="word_949">controlled</word>
<word id="word_950">the</word>
<word id="word_951">letters</word>
<word id="word_952">,</word>
<word id="word_953">for</word>
<word id="word_954">good</word>
<word id="word_955">reasons</word>
<word id="word_956">,</word>
<word id="word_957">because</word>
<word id="word_958">if</word>
<word id="word_959">one</word>
<word id="word_960">agent</word>
<word id="word_961">quit</word>
<word id="word_962">the</word>
<word id="word_963">Stasi</word>
<word id="word_964">,</word>
<word id="word_965">his</word>
<word id="word_966">knowledge</word>
<word id="word_967">was</word>
<word id="word_968">very</word>
<word id="word_969">small</word>
<word id="word_970">.</word>
<word id="word_971">Contrast</word>
<word id="word_972">that</word>
<word id="word_973">with</word>
<word id="word_974">Snowden</word>
<word id="word_975">,</word>
<word id="word_976">for</word>
<word id="word_977">example</word>
<word id="word_978">.</word>
<word id="word_979">But</word>
<word id="word_980">the</word>
<word id="word_981">vertical</word>
<word id="word_982">specialization</word>
<word id="word_983">was</word>
<word id="word_984">also</word>
<word id="word_985">important</word>
<word id="word_986">to</word>
<word id="word_987">prevent</word>
<word id="word_988">all</word>
<word id="word_989">kinds</word>
<word id="word_990">of</word>
<word id="word_991">empathy</word>
<word id="word_992">with</word>
<word id="word_993">the</word>
<word id="word_994">object</word>
<word id="word_995">of</word>
<word id="word_996">observation</word>
<word id="word_997">.</word>
<word id="word_998">The</word>
<word id="word_999">agent</word>
<word id="word_1000">who</word>
<word id="word_1001">shadowed</word>
<word id="word_1002">me</word>
<word id="word_1003">didn</word>
<word id="word_1004">'t</word>
<word id="word_1005">know</word>
<word id="word_1006">who</word>
<word id="word_1007">I</word>
<word id="word_1008">was</word>
<word id="word_1009">or</word>
<word id="word_1010">why</word>
<word id="word_1011">I</word>
<word id="word_1012">was</word>
<word id="word_1013">surveyed</word>
<word id="word_1014">.</word>
<word id="word_1015">In</word>
<word id="word_1016">fact</word>
<word id="word_1017">,</word>
<word id="word_1018">I</word>
<word id="word_1019">smuggled</word>
<word id="word_1020">forbidden</word>
<word id="word_1021">books</word>
<word id="word_1022">from</word>
<word id="word_1023">West</word>
<word id="word_1024">to</word>
<word id="word_1025">East</word>
<word id="word_1026">Germany</word>
<word id="word_1027">.</word>
<word id="word_1028">But</word>
<word id="word_1029">what</word>
<word id="word_1030">was</word>
<word id="word_1031">even</word>
<word id="word_1032">more</word>
<word id="word_1033">typical</word>
<word id="word_1034">for</word>
<word id="word_1035">the</word>
<word id="word_1036">Stasi</word>
<word id="word_1037">was</word>
<word id="word_1038">the</word>
<word id="word_1039">use</word>
<word id="word_1040">of</word>
<word id="word_1041">human</word>
<word id="word_1042">intelligence</word>
<word id="word_1043">,</word>
<word id="word_1044">people</word>
<word id="word_1045">who</word>
<word id="word_1046">reported</word>
<word id="word_1047">secretly</word>
<word id="word_1048">to</word>
<word id="word_1049">the</word>
<word id="word_1050">Stasi</word>
<word id="word_1051">.</word>
<word id="word_1052">For</word>
<word id="word_1053">the</word>
<word id="word_1054">Minister</word>
<word id="word_1055">of</word>
<word id="word_1056">State</word>
<word id="word_1057">Security</word>
<word id="word_1058">,</word>
<word id="word_1059">these</word>
<word id="word_1060">so-called</word>
<word id="word_1061">unofficial</word>
<word id="word_1062">employees</word>
<word id="word_1063">were</word>
<word id="word_1064">the</word>
<word id="word_1065">most</word>
<word id="word_1066">important</word>
<word id="word_1067">tools</word>
<word id="word_1068">.</word>
<word id="word_1069">From</word>
<word id="word_1070">1975</word>
<word id="word_1071">on</word>
<word id="word_1072">,</word>
<word id="word_1073">nearly</word>
<word id="word_1074">200,000</word>
<word id="word_1075">people</word>
<word id="word_1076">collaborated</word>
<word id="word_1077">constantly</word>
<word id="word_1078">with</word>
<word id="word_1079">the</word>
<word id="word_1080">Stasi</word>
<word id="word_1081">,</word>
<word id="word_1082">more</word>
<word id="word_1083">than</word>
<word id="word_1084">one</word>
<word id="word_1085">percent</word>
<word id="word_1086">of</word>
<word id="word_1087">the</word>
<word id="word_1088">population</word>
<word id="word_1089">.</word>
<word id="word_1090">And</word>
<word id="word_1091">in</word>
<word id="word_1092">a</word>
<word id="word_1093">way</word>
<word id="word_1094">,</word>
<word id="word_1095">the</word>
<word id="word_1096">minister</word>
<word id="word_1097">was</word>
<word id="word_1098">right</word>
<word id="word_1099">,</word>
<word id="word_1100">because</word>
<word id="word_1101">technical</word>
<word id="word_1102">instruments</word>
<word id="word_1103">can</word>
<word id="word_1104">only</word>
<word id="word_1105">register</word>
<word id="word_1106">what</word>
<word id="word_1107">people</word>
<word id="word_1108">are</word>
<word id="word_1109">doing</word>
<word id="word_1110">,</word>
<word id="word_1111">but</word>
<word id="word_1112">agents</word>
<word id="word_1113">and</word>
<word id="word_1114">spies</word>
<word id="word_1115">can</word>
<word id="word_1116">also</word>
<word id="word_1117">report</word>
<word id="word_1118">what</word>
<word id="word_1119">people</word>
<word id="word_1120">are</word>
<word id="word_1121">planning</word>
<word id="word_1122">to</word>
<word id="word_1123">do</word>
<word id="word_1124">and</word>
<word id="word_1125">what</word>
<word id="word_1126">they</word>
<word id="word_1127">are</word>
<word id="word_1128">thinking</word>
<word id="word_1129">.</word>
<word id="word_1130">Therefore</word>
<word id="word_1131">,</word>
<word id="word_1132">the</word>
<word id="word_1133">Stasi</word>
<word id="word_1134">recruited</word>
<word id="word_1135">so</word>
<word id="word_1136">many</word>
<word id="word_1137">informants</word>
<word id="word_1138">.</word>
<word id="word_1139">The</word>
<word id="word_1140">system</word>
<word id="word_1141">of</word>
<word id="word_1142">how</word>
<word id="word_1143">to</word>
<word id="word_1144">get</word>
<word id="word_1145">them</word>
<word id="word_1146">and</word>
<word id="word_1147">how</word>
<word id="word_1148">to</word>
<word id="word_1149">educate</word>
<word id="word_1150">them</word>
<word id="word_1151">,</word>
<word id="word_1152">as</word>
<word id="word_1153">it</word>
<word id="word_1154">was</word>
<word id="word_1155">called</word>
<word id="word_1156">,</word>
<word id="word_1157">was</word>
<word id="word_1158">very</word>
<word id="word_1159">sophisticated</word>
<word id="word_1160">.</word>
<word id="word_1161">The</word>
<word id="word_1162">Stasi</word>
<word id="word_1163">had</word>
<word id="word_1164">its</word>
<word id="word_1165">own</word>
<word id="word_1166">university</word>
<word id="word_1167">,</word>
<word id="word_1168">not</word>
<word id="word_1169">far</word>
<word id="word_1170">away</word>
<word id="word_1171">from</word>
<word id="word_1172">here</word>
<word id="word_1173">,</word>
<word id="word_1174">where</word>
<word id="word_1175">the</word>
<word id="word_1176">methods</word>
<word id="word_1177">were</word>
<word id="word_1178">explored</word>
<word id="word_1179">and</word>
<word id="word_1180">taught</word>
<word id="word_1181">to</word>
<word id="word_1182">the</word>
<word id="word_1183">officers</word>
<word id="word_1184">.</word>
<word id="word_1185">This</word>
<word id="word_1186">guideline</word>
<word id="word_1187">gave</word>
<word id="word_1188">a</word>
<word id="word_1189">detailed</word>
<word id="word_1190">description</word>
<word id="word_1191">of</word>
<word id="word_1192">every</word>
<word id="word_1193">step</word>
<word id="word_1194">you</word>
<word id="word_1195">have</word>
<word id="word_1196">to</word>
<word id="word_1197">take</word>
<word id="word_1198">if</word>
<word id="word_1199">you</word>
<word id="word_1200">want</word>
<word id="word_1201">to</word>
<word id="word_1202">convince</word>
<word id="word_1203">human</word>
<word id="word_1204">beings</word>
<word id="word_1205">to</word>
<word id="word_1206">betray</word>
<word id="word_1207">their</word>
<word id="word_1208">fellow</word>
<word id="word_1209">citizens</word>
<word id="word_1210">.</word>
<word id="word_1211">Sometimes</word>
<word id="word_1212">it</word>
<word id="word_1213">'s</word>
<word id="word_1214">said</word>
<word id="word_1215">that</word>
<word id="word_1216">informants</word>
<word id="word_1217">were</word>
<word id="word_1218">pressured</word>
<word id="word_1219">to</word>
<word id="word_1220">becoming</word>
<word id="word_1221">one</word>
<word id="word_1222">,</word>
<word id="word_1223">but</word>
<word id="word_1224">that</word>
<word id="word_1225">'s</word>
<word id="word_1226">mostly</word>
<word id="word_1227">not</word>
<word id="word_1228">true</word>
<word id="word_1229">,</word>
<word id="word_1230">because</word>
<word id="word_1231">a</word>
<word id="word_1232">forced</word>
<word id="word_1233">informant</word>
<word id="word_1234">is</word>
<word id="word_1235">a</word>
<word id="word_1236">bad</word>
<word id="word_1237">informant</word>
<word id="word_1238">.</word>
<word id="word_1239">Only</word>
<word id="word_1240">someone</word>
<word id="word_1241">who</word>
<word id="word_1242">wants</word>
<word id="word_1243">to</word>
<word id="word_1244">give</word>
<word id="word_1245">you</word>
<word id="word_1246">the</word>
<word id="word_1247">information</word>
<word id="word_1248">you</word>
<word id="word_1249">need</word>
<word id="word_1250">is</word>
<word id="word_1251">an</word>
<word id="word_1252">effective</word>
<word id="word_1253">whistleblower</word>
<word id="word_1254">.</word>
<word id="word_1255">The</word>
<word id="word_1256">main</word>
<word id="word_1257">reasons</word>
<word id="word_1258">why</word>
<word id="word_1259">people</word>
<word id="word_1260">cooperated</word>
<word id="word_1261">with</word>
<word id="word_1262">the</word>
<word id="word_1263">Stasi</word>
<word id="word_1264">were</word>
<word id="word_1265">political</word>
<word id="word_1266">conviction</word>
<word id="word_1267">and</word>
<word id="word_1268">material</word>
<word id="word_1269">benefits</word>
<word id="word_1270">.</word>
<word id="word_1271">The</word>
<word id="word_1272">officers</word>
<word id="word_1273">also</word>
<word id="word_1274">tried</word>
<word id="word_1275">to</word>
<word id="word_1276">create</word>
<word id="word_1277">a</word>
<word id="word_1278">personal</word>
<word id="word_1279">bond</word>
<word id="word_1280">between</word>
<word id="word_1281">themselves</word>
<word id="word_1282">and</word>
<word id="word_1283">the</word>
<word id="word_1284">informant</word>
<word id="word_1285">,</word>
<word id="word_1286">and</word>
<word id="word_1287">to</word>
<word id="word_1288">be</word>
<word id="word_1289">honest</word>
<word id="word_1290">,</word>
<word id="word_1291">the</word>
<word id="word_1292">example</word>
<word id="word_1293">of</word>
<word id="word_1294">the</word>
<word id="word_1295">Stasi</word>
<word id="word_1296">shows</word>
<word id="word_1297">that</word>
<word id="word_1298">it</word>
<word id="word_1299">'s</word>
<word id="word_1300">not</word>
<word id="word_1301">so</word>
<word id="word_1302">difficult</word>
<word id="word_1303">to</word>
<word id="word_1304">win</word>
<word id="word_1305">someone</word>
<word id="word_1306">in</word>
<word id="word_1307">order</word>
<word id="word_1308">to</word>
<word id="word_1309">betray</word>
<word id="word_1310">others</word>
<word id="word_1311">.</word>
<word id="word_1312">Even</word>
<word id="word_1313">some</word>
<word id="word_1314">of</word>
<word id="word_1315">the</word>
<word id="word_1316">top</word>
<word id="word_1317">dissidents</word>
<word id="word_1318">in</word>
<word id="word_1319">East</word>
<word id="word_1320">Germany</word>
<word id="word_1321">collaborated</word>
<word id="word_1322">with</word>
<word id="word_1323">the</word>
<word id="word_1324">Stasi</word>
<word id="word_1325">,</word>
<word id="word_1326">as</word>
<word id="word_1327">for</word>
<word id="word_1328">instance</word>
<word id="word_1329">Ibrahim</word>
<word id="word_1330">Böhme</word>
<word id="word_1331">.</word>
<word id="word_1332">In</word>
<word id="word_1333">1989</word>
<word id="word_1334">,</word>
<word id="word_1335">he</word>
<word id="word_1336">was</word>
<word id="word_1337">the</word>
<word id="word_1338">leader</word>
<word id="word_1339">of</word>
<word id="word_1340">the</word>
<word id="word_1341">peaceful</word>
<word id="word_1342">revolution</word>
<word id="word_1343">and</word>
<word id="word_1344">he</word>
<word id="word_1345">nearly</word>
<word id="word_1346">became</word>
<word id="word_1347">the</word>
<word id="word_1348">first</word>
<word id="word_1349">freely</word>
<word id="word_1350">elected</word>
<word id="word_1351">Prime</word>
<word id="word_1352">Minister</word>
<word id="word_1353">of</word>
<word id="word_1354">the</word>
<word id="word_1355">GDR</word>
<word id="word_1356">until</word>
<word id="word_1357">it</word>
<word id="word_1358">came</word>
<word id="word_1359">out</word>
<word id="word_1360">that</word>
<word id="word_1361">he</word>
<word id="word_1362">was</word>
<word id="word_1363">an</word>
<word id="word_1364">informant</word>
<word id="word_1365">.</word>
<word id="word_1366">The</word>
<word id="word_1367">net</word>
<word id="word_1368">of</word>
<word id="word_1369">spies</word>
<word id="word_1370">was</word>
<word id="word_1371">really</word>
<word id="word_1372">broad</word>
<word id="word_1373">.</word>
<word id="word_1374">In</word>
<word id="word_1375">nearly</word>
<word id="word_1376">every</word>
<word id="word_1377">institution</word>
<word id="word_1378">,</word>
<word id="word_1379">even</word>
<word id="word_1380">in</word>
<word id="word_1381">the</word>
<word id="word_1382">churches</word>
<word id="word_1383">or</word>
<word id="word_1384">in</word>
<word id="word_1385">West</word>
<word id="word_1386">Germany</word>
<word id="word_1387">,</word>
<word id="word_1388">there</word>
<word id="word_1389">were</word>
<word id="word_1390">many</word>
<word id="word_1391">of</word>
<word id="word_1392">them</word>
<word id="word_1393">.</word>
<word id="word_1394">I</word>
<word id="word_1395">remember</word>
<word id="word_1396">telling</word>
<word id="word_1397">a</word>
<word id="word_1398">leading</word>
<word id="word_1399">Stasi</word>
<word id="word_1400">officer</word>
<word id="word_1401">,</word>
<word id="word_1402">"</word>
<word id="word_1403">If</word>
<word id="word_1404">you</word>
<word id="word_1405">had</word>
<word id="word_1406">sent</word>
<word id="word_1407">an</word>
<word id="word_1408">informant</word>
<word id="word_1409">to</word>
<word id="word_1410">me</word>
<word id="word_1411">,</word>
<word id="word_1412">I</word>
<word id="word_1413">would</word>
<word id="word_1414">surely</word>
<word id="word_1415">have</word>
<word id="word_1416">recognized</word>
<word id="word_1417">him</word>
<word id="word_1418">.</word>
<word id="word_1419">"</word>
<word id="word_1420">His</word>
<word id="word_1421">answer</word>
<word id="word_1422">was</word>
<word id="word_1423">,</word>
<word id="word_1424">"</word>
<word id="word_1425">We</word>
<word id="word_1426">didn</word>
<word id="word_1427">'t</word>
<word id="word_1428">send</word>
<word id="word_1429">anyone</word>
<word id="word_1430">.</word>
<word id="word_1431">We</word>
<word id="word_1432">took</word>
<word id="word_1433">those</word>
<word id="word_1434">who</word>
<word id="word_1435">were</word>
<word id="word_1436">around</word>
<word id="word_1437">you</word>
<word id="word_1438">.</word>
<word id="word_1439">"</word>
<word id="word_1440">And</word>
<word id="word_1441">in</word>
<word id="word_1442">fact</word>
<word id="word_1443">,</word>
<word id="word_1444">two</word>
<word id="word_1445">of</word>
<word id="word_1446">my</word>
<word id="word_1447">best</word>
<word id="word_1448">friends</word>
<word id="word_1449">reported</word>
<word id="word_1450">about</word>
<word id="word_1451">me</word>
<word id="word_1452">to</word>
<word id="word_1453">the</word>
<word id="word_1454">Stasi</word>
<word id="word_1455">.</word>
<word id="word_1456">Not</word>
<word id="word_1457">only</word>
<word id="word_1458">in</word>
<word id="word_1459">my</word>
<word id="word_1460">case</word>
<word id="word_1461">,</word>
<word id="word_1462">informers</word>
<word id="word_1463">were</word>
<word id="word_1464">very</word>
<word id="word_1465">close</word>
<word id="word_1466">.</word>
<word id="word_1467">For</word>
<word id="word_1468">example</word>
<word id="word_1469">,</word>
<word id="word_1470">Vera</word>
<word id="word_1471">Lengsfeld</word>
<word id="word_1472">,</word>
<word id="word_1473">another</word>
<word id="word_1474">leading</word>
<word id="word_1475">dissident</word>
<word id="word_1476">,</word>
<word id="word_1477">in</word>
<word id="word_1478">her</word>
<word id="word_1479">case</word>
<word id="word_1480">it</word>
<word id="word_1481">was</word>
<word id="word_1482">her</word>
<word id="word_1483">husband</word>
<word id="word_1484">who</word>
<word id="word_1485">spied</word>
<word id="word_1486">on</word>
<word id="word_1487">her</word>
<word id="word_1488">.</word>
<word id="word_1489">A</word>
<word id="word_1490">famous</word>
<word id="word_1491">writer</word>
<word id="word_1492">was</word>
<word id="word_1493">betrayed</word>
<word id="word_1494">by</word>
<word id="word_1495">his</word>
<word id="word_1496">brother</word>
<word id="word_1497">.</word>
<word id="word_1498">This</word>
<word id="word_1499">reminds</word>
<word id="word_1500">me</word>
<word id="word_1501">of</word>
<word id="word_1502">the</word>
<word id="word_1503">novel</word>
<word id="word_1504">"</word>
<word id="word_1505">1984</word>
<word id="word_1506">"</word>
<word id="word_1507">by</word>
<word id="word_1508">George</word>
<word id="word_1509">Orwell</word>
<word id="word_1510">,</word>
<word id="word_1511">where</word>
<word id="word_1512">the</word>
<word id="word_1513">only</word>
<word id="word_1514">apparently</word>
<word id="word_1515">trustable</word>
<word id="word_1516">person</word>
<word id="word_1517">was</word>
<word id="word_1518">an</word>
<word id="word_1519">informer</word>
<word id="word_1520">.</word>
<word id="word_1521">But</word>
<word id="word_1522">why</word>
<word id="word_1523">did</word>
<word id="word_1524">the</word>
<word id="word_1525">Stasi</word>
<word id="word_1526">collect</word>
<word id="word_1527">all</word>
<word id="word_1528">this</word>
<word id="word_1529">information</word>
<word id="word_1530">in</word>
<word id="word_1531">its</word>
<word id="word_1532">archives</word>
<word id="word_1533">?</word>
<word id="word_1534">The</word>
<word id="word_1535">main</word>
<word id="word_1536">purpose</word>
<word id="word_1537">was</word>
<word id="word_1538">to</word>
<word id="word_1539">control</word>
<word id="word_1540">the</word>
<word id="word_1541">society</word>
<word id="word_1542">.</word>
<word id="word_1543">In</word>
<word id="word_1544">nearly</word>
<word id="word_1545">every</word>
<word id="word_1546">speech</word>
<word id="word_1547">,</word>
<word id="word_1548">the</word>
<word id="word_1549">Stasi</word>
<word id="word_1550">minister</word>
<word id="word_1551">gave</word>
<word id="word_1552">the</word>
<word id="word_1553">order</word>
<word id="word_1554">to</word>
<word id="word_1555">find</word>
<word id="word_1556">out</word>
<word id="word_1557">who</word>
<word id="word_1558">is</word>
<word id="word_1559">who</word>
<word id="word_1560">,</word>
<word id="word_1561">which</word>
<word id="word_1562">meant</word>
<word id="word_1563">who</word>
<word id="word_1564">thinks</word>
<word id="word_1565">what</word>
<word id="word_1566">.</word>
<word id="word_1567">He</word>
<word id="word_1568">didn</word>
<word id="word_1569">'t</word>
<word id="word_1570">want</word>
<word id="word_1571">to</word>
<word id="word_1572">wait</word>
<word id="word_1573">until</word>
<word id="word_1574">somebody</word>
<word id="word_1575">tried</word>
<word id="word_1576">to</word>
<word id="word_1577">act</word>
<word id="word_1578">against</word>
<word id="word_1579">the</word>
<word id="word_1580">regime</word>
<word id="word_1581">.</word>
<word id="word_1582">He</word>
<word id="word_1583">wanted</word>
<word id="word_1584">to</word>
<word id="word_1585">know</word>
<word id="word_1586">in</word>
<word id="word_1587">advance</word>
<word id="word_1588">what</word>
<word id="word_1589">people</word>
<word id="word_1590">were</word>
<word id="word_1591">thinking</word>
<word id="word_1592">and</word>
<word id="word_1593">planning</word>
<word id="word_1594">.</word>
<word id="word_1595">The</word>
<word id="word_1596">East</word>
<word id="word_1597">Germans</word>
<word id="word_1598">knew</word>
<word id="word_1599">,</word>
<word id="word_1600">of</word>
<word id="word_1601">course</word>
<word id="word_1602">,</word>
<word id="word_1603">that</word>
<word id="word_1604">they</word>
<word id="word_1605">were</word>
<word id="word_1606">surrounded</word>
<word id="word_1607">by</word>
<word id="word_1608">informers</word>
<word id="word_1609">,</word>
<word id="word_1610">in</word>
<word id="word_1611">a</word>
<word id="word_1612">totalitarian</word>
<word id="word_1613">regime</word>
<word id="word_1614">that</word>
<word id="word_1615">created</word>
<word id="word_1616">mistrust</word>
<word id="word_1617">and</word>
<word id="word_1618">a</word>
<word id="word_1619">state</word>
<word id="word_1620">of</word>
<word id="word_1621">widespread</word>
<word id="word_1622">fear</word>
<word id="word_1623">,</word>
<word id="word_1624">the</word>
<word id="word_1625">most</word>
<word id="word_1626">important</word>
<word id="word_1627">tools</word>
<word id="word_1628">to</word>
<word id="word_1629">oppress</word>
<word id="word_1630">people</word>
<word id="word_1631">in</word>
<word id="word_1632">any</word>
<word id="word_1633">dictatorship</word>
<word id="word_1634">.</word>
<word id="word_1635">That</word>
<word id="word_1636">'s</word>
<word id="word_1637">why</word>
<word id="word_1638">not</word>
<word id="word_1639">many</word>
<word id="word_1640">East</word>
<word id="word_1641">Germans</word>
<word id="word_1642">tried</word>
<word id="word_1643">to</word>
<word id="word_1644">fight</word>
<word id="word_1645">against</word>
<word id="word_1646">the</word>
<word id="word_1647">Communist</word>
<word id="word_1648">regime</word>
<word id="word_1649">.</word>
<word id="word_1650">If</word>
<word id="word_1651">yes</word>
<word id="word_1652">,</word>
<word id="word_1653">the</word>
<word id="word_1654">Stasi</word>
<word id="word_1655">often</word>
<word id="word_1656">used</word>
<word id="word_1657">a</word>
<word id="word_1658">method</word>
<word id="word_1659">which</word>
<word id="word_1660">was</word>
<word id="word_1661">really</word>
<word id="word_1662">diabolic</word>
<word id="word_1663">.</word>
<word id="word_1664">It</word>
<word id="word_1665">was</word>
<word id="word_1666">called</word>
<word id="word_1667">Zersetzung</word>
<word id="word_1668">,</word>
<word id="word_1669">and</word>
<word id="word_1670">it</word>
<word id="word_1671">'s</word>
<word id="word_1672">described</word>
<word id="word_1673">in</word>
<word id="word_1674">another</word>
<word id="word_1675">guideline</word>
<word id="word_1676">.</word>
<word id="word_1677">The</word>
<word id="word_1678">word</word>
<word id="word_1679">is</word>
<word id="word_1680">difficult</word>
<word id="word_1681">to</word>
<word id="word_1682">translate</word>
<word id="word_1683">because</word>
<word id="word_1684">it</word>
<word id="word_1685">means</word>
<word id="word_1686">originally</word>
<word id="word_1687">"</word>
<word id="word_1688">biodegradation</word>
<word id="word_1689">.</word>
<word id="word_1690">"</word>
<word id="word_1691">But</word>
<word id="word_1692">actually</word>
<word id="word_1693">,</word>
<word id="word_1694">it</word>
<word id="word_1695">'s</word>
<word id="word_1696">a</word>
<word id="word_1697">quite</word>
<word id="word_1698">accurate</word>
<word id="word_1699">description</word>
<word id="word_1700">.</word>
<word id="word_1701">The</word>
<word id="word_1702">goal</word>
<word id="word_1703">was</word>
<word id="word_1704">to</word>
<word id="word_1705">destroy</word>
<word id="word_1706">secretly</word>
<word id="word_1707">the</word>
<word id="word_1708">self-confidence</word>
<word id="word_1709">of</word>
<word id="word_1710">people</word>
<word id="word_1711">,</word>
<word id="word_1712">for</word>
<word id="word_1713">example</word>
<word id="word_1714">by</word>
<word id="word_1715">damaging</word>
<word id="word_1716">their</word>
<word id="word_1717">reputation</word>
<word id="word_1718">,</word>
<word id="word_1719">by</word>
<word id="word_1720">organizing</word>
<word id="word_1721">failures</word>
<word id="word_1722">in</word>
<word id="word_1723">their</word>
<word id="word_1724">work</word>
<word id="word_1725">,</word>
<word id="word_1726">and</word>
<word id="word_1727">by</word>
<word id="word_1728">destroying</word>
<word id="word_1729">their</word>
<word id="word_1730">personal</word>
<word id="word_1731">relationships</word>
<word id="word_1732">.</word>
<word id="word_1733">Considering</word>
<word id="word_1734">this</word>
<word id="word_1735">,</word>
<word id="word_1736">East</word>
<word id="word_1737">Germany</word>
<word id="word_1738">was</word>
<word id="word_1739">a</word>
<word id="word_1740">very</word>
<word id="word_1741">modern</word>
<word id="word_1742">dictatorship</word>
<word id="word_1743">.</word>
<word id="word_1744">The</word>
<word id="word_1745">Stasi</word>
<word id="word_1746">didn</word>
<word id="word_1747">'t</word>
<word id="word_1748">try</word>
<word id="word_1749">to</word>
<word id="word_1750">arrest</word>
<word id="word_1751">every</word>
<word id="word_1752">dissident</word>
<word id="word_1753">.</word>
<word id="word_1754">It</word>
<word id="word_1755">preferred</word>
<word id="word_1756">to</word>
<word id="word_1757">paralyze</word>
<word id="word_1758">them</word>
<word id="word_1759">,</word>
<word id="word_1760">and</word>
<word id="word_1761">it</word>
<word id="word_1762">could</word>
<word id="word_1763">do</word>
<word id="word_1764">so</word>
<word id="word_1765">because</word>
<word id="word_1766">it</word>
<word id="word_1767">had</word>
<word id="word_1768">access</word>
<word id="word_1769">to</word>
<word id="word_1770">so</word>
<word id="word_1771">much</word>
<word id="word_1772">personal</word>
<word id="word_1773">information</word>
<word id="word_1774">and</word>
<word id="word_1775">to</word>
<word id="word_1776">so</word>
<word id="word_1777">many</word>
<word id="word_1778">institutions</word>
<word id="word_1779">.</word>
<word id="word_1780">Detaining</word>
<word id="word_1781">someone</word>
<word id="word_1782">was</word>
<word id="word_1783">used</word>
<word id="word_1784">only</word>
<word id="word_1785">as</word>
<word id="word_1786">a</word>
<word id="word_1787">last</word>
<word id="word_1788">resort</word>
<word id="word_1789">.</word>
<word id="word_1790">For</word>
<word id="word_1791">this</word>
<word id="word_1792">,</word>
<word id="word_1793">the</word>
<word id="word_1794">Stasi</word>
<word id="word_1795">owned</word>
<word id="word_1796">17</word>
<word id="word_1797">remand</word>
<word id="word_1798">prisons</word>
<word id="word_1799">,</word>
<word id="word_1800">one</word>
<word id="word_1801">in</word>
<word id="word_1802">every</word>
<word id="word_1803">district</word>
<word id="word_1804">.</word>
<word id="word_1805">Here</word>
<word id="word_1806">,</word>
<word id="word_1807">the</word>
<word id="word_1808">Stasi</word>
<word id="word_1809">also</word>
<word id="word_1810">developed</word>
<word id="word_1811">quite</word>
<word id="word_1812">modern</word>
<word id="word_1813">methods</word>
<word id="word_1814">of</word>
<word id="word_1815">detention</word>
<word id="word_1816">.</word>
<word id="word_1817">Normally</word>
<word id="word_1818">,</word>
<word id="word_1819">the</word>
<word id="word_1820">interrogation</word>
<word id="word_1821">officer</word>
<word id="word_1822">didn</word>
<word id="word_1823">'t</word>
<word id="word_1824">torture</word>
<word id="word_1825">the</word>
<word id="word_1826">prisoner</word>
<word id="word_1827">.</word>
<word id="word_1828">Instead</word>
<word id="word_1829">,</word>
<word id="word_1830">he</word>
<word id="word_1831">used</word>
<word id="word_1832">a</word>
<word id="word_1833">sophisticated</word>
<word id="word_1834">system</word>
<word id="word_1835">of</word>
<word id="word_1836">psychological</word>
<word id="word_1837">pressure</word>
<word id="word_1838">in</word>
<word id="word_1839">which</word>
<word id="word_1840">strict</word>
<word id="word_1841">isolation</word>
<word id="word_1842">was</word>
<word id="word_1843">central</word>
<word id="word_1844">.</word>
<word id="word_1845">Nearly</word>
<word id="word_1846">no</word>
<word id="word_1847">prisoner</word>
<word id="word_1848">resisted</word>
<word id="word_1849">without</word>
<word id="word_1850">giving</word>
<word id="word_1851">a</word>
<word id="word_1852">testimony</word>
<word id="word_1853">.</word>
<word id="word_1854">If</word>
<word id="word_1855">you</word>
<word id="word_1856">have</word>
<word id="word_1857">the</word>
<word id="word_1858">occasion</word>
<word id="word_1859">,</word>
<word id="word_1860">do</word>
<word id="word_1861">visit</word>
<word id="word_1862">the</word>
<word id="word_1863">former</word>
<word id="word_1864">Stasi</word>
<word id="word_1865">prison</word>
<word id="word_1866">in</word>
<word id="word_1867">Berlin</word>
<word id="word_1868">and</word>
<word id="word_1869">attend</word>
<word id="word_1870">a</word>
<word id="word_1871">guided</word>
<word id="word_1872">tour</word>
<word id="word_1873">with</word>
<word id="word_1874">a</word>
<word id="word_1875">former</word>
<word id="word_1876">political</word>
<word id="word_1877">prisoner</word>
<word id="word_1878">who</word>
<word id="word_1879">will</word>
<word id="word_1880">explain</word>
<word id="word_1881">to</word>
<word id="word_1882">you</word>
<word id="word_1883">how</word>
<word id="word_1884">this</word>
<word id="word_1885">worked</word>
<word id="word_1886">.</word>
<word id="word_1887">One</word>
<word id="word_1888">more</word>
<word id="word_1889">question</word>
<word id="word_1890">needs</word>
<word id="word_1891">to</word>
<word id="word_1892">be</word>
<word id="word_1893">answered</word>
<word id="word_1894">:</word>
<word id="word_1895">If</word>
<word id="word_1896">the</word>
<word id="word_1897">Stasi</word>
<word id="word_1898">were</word>
<word id="word_1899">so</word>
<word id="word_1900">well</word>
<word id="word_1901">organized</word>
<word id="word_1902">,</word>
<word id="word_1903">why</word>
<word id="word_1904">did</word>
<word id="word_1905">the</word>
<word id="word_1906">Communist</word>
<word id="word_1907">regime</word>
<word id="word_1908">collapse</word>
<word id="word_1909">?</word>
<word id="word_1910">First</word>
<word id="word_1911">,</word>
<word id="word_1912">in</word>
<word id="word_1913">1989</word>
<word id="word_1914">,</word>
<word id="word_1915">the</word>
<word id="word_1916">leadership</word>
<word id="word_1917">in</word>
<word id="word_1918">East</word>
<word id="word_1919">Germany</word>
<word id="word_1920">was</word>
<word id="word_1921">uncertain</word>
<word id="word_1922">what</word>
<word id="word_1923">to</word>
<word id="word_1924">do</word>
<word id="word_1925">against</word>
<word id="word_1926">the</word>
<word id="word_1927">growing</word>
<word id="word_1928">protest</word>
<word id="word_1929">of</word>
<word id="word_1930">people</word>
<word id="word_1931">.</word>
<word id="word_1932">It</word>
<word id="word_1933">was</word>
<word id="word_1934">especially</word>
<word id="word_1935">confused</word>
<word id="word_1936">because</word>
<word id="word_1937">in</word>
<word id="word_1938">the</word>
<word id="word_1939">mother</word>
<word id="word_1940">country</word>
<word id="word_1941">of</word>
<word id="word_1942">socialism</word>
<word id="word_1943">,</word>
<word id="word_1944">the</word>
<word id="word_1945">Soviet</word>
<word id="word_1946">Union</word>
<word id="word_1947">,</word>
<word id="word_1948">a</word>
<word id="word_1949">more</word>
<word id="word_1950">liberal</word>
<word id="word_1951">policy</word>
<word id="word_1952">took</word>
<word id="word_1953">place</word>
<word id="word_1954">.</word>
<word id="word_1955">In</word>
<word id="word_1956">addition</word>
<word id="word_1957">,</word>
<word id="word_1958">the</word>
<word id="word_1959">regime</word>
<word id="word_1960">was</word>
<word id="word_1961">dependent</word>
<word id="word_1962">on</word>
<word id="word_1963">the</word>
<word id="word_1964">loans</word>
<word id="word_1965">from</word>
<word id="word_1966">the</word>
<word id="word_1967">West</word>
<word id="word_1968">.</word>
<word id="word_1969">Therefore</word>
<word id="word_1970">,</word>
<word id="word_1971">no</word>
<word id="word_1972">order</word>
<word id="word_1973">to</word>
<word id="word_1974">crash</word>
<word id="word_1975">down</word>
<word id="word_1976">the</word>
<word id="word_1977">uprising</word>
<word id="word_1978">was</word>
<word id="word_1979">given</word>
<word id="word_1980">to</word>
<word id="word_1981">the</word>
<word id="word_1982">Stasi</word>
<word id="word_1983">.</word>
<word id="word_1984">Secondly</word>
<word id="word_1985">,</word>
<word id="word_1986">in</word>
<word id="word_1987">the</word>
<word id="word_1988">Communist</word>
<word id="word_1989">ideology</word>
<word id="word_1990">,</word>
<word id="word_1991">there</word>
<word id="word_1992">'s</word>
<word id="word_1993">no</word>
<word id="word_1994">place</word>
<word id="word_1995">for</word>
<word id="word_1996">criticism</word>
<word id="word_1997">.</word>
<word id="word_1998">Instead</word>
<word id="word_1999">,</word>
<word id="word_2000">the</word>
<word id="word_2001">leadership</word>
<word id="word_2002">stuck</word>
<word id="word_2003">to</word>
<word id="word_2004">the</word>
<word id="word_2005">belief</word>
<word id="word_2006">that</word>
<word id="word_2007">socialism</word>
<word id="word_2008">is</word>
<word id="word_2009">a</word>
<word id="word_2010">perfect</word>
<word id="word_2011">system</word>
<word id="word_2012">,</word>
<word id="word_2013">and</word>
<word id="word_2014">the</word>
<word id="word_2015">Stasi</word>
<word id="word_2016">had</word>
<word id="word_2017">to</word>
<word id="word_2018">confirm</word>
<word id="word_2019">that</word>
<word id="word_2020">,</word>
<word id="word_2021">of</word>
<word id="word_2022">course</word>
<word id="word_2023">.</word>
<word id="word_2024">The</word>
<word id="word_2025">consequence</word>
<word id="word_2026">was</word>
<word id="word_2027">that</word>
<word id="word_2028">despite</word>
<word id="word_2029">all</word>
<word id="word_2030">the</word>
<word id="word_2031">information</word>
<word id="word_2032">,</word>
<word id="word_2033">the</word>
<word id="word_2034">regime</word>
<word id="word_2035">couldn</word>
<word id="word_2036">'t</word>
<word id="word_2037">analyze</word>
<word id="word_2038">its</word>
<word id="word_2039">real</word>
<word id="word_2040">problems</word>
<word id="word_2041">,</word>
<word id="word_2042">and</word>
<word id="word_2043">therefore</word>
<word id="word_2044">it</word>
<word id="word_2045">couldn</word>
<word id="word_2046">'t</word>
<word id="word_2047">solve</word>
<word id="word_2048">them</word>
<word id="word_2049">.</word>
<word id="word_2050">In</word>
<word id="word_2051">the</word>
<word id="word_2052">end</word>
<word id="word_2053">,</word>
<word id="word_2054">the</word>
<word id="word_2055">Stasi</word>
<word id="word_2056">died</word>
<word id="word_2057">because</word>
<word id="word_2058">of</word>
<word id="word_2059">the</word>
<word id="word_2060">structures</word>
<word id="word_2061">that</word>
<word id="word_2062">it</word>
<word id="word_2063">was</word>
<word id="word_2064">charged</word>
<word id="word_2065">with</word>
<word id="word_2066">protecting</word>
<word id="word_2067">.</word>
<word id="word_2068">The</word>
<word id="word_2069">ending</word>
<word id="word_2070">of</word>
<word id="word_2071">the</word>
<word id="word_2072">Stasi</word>
<word id="word_2073">was</word>
<word id="word_2074">something</word>
<word id="word_2075">tragic</word>
<word id="word_2076">,</word>
<word id="word_2077">because</word>
<word id="word_2078">these</word>
<word id="word_2079">officers</word>
<word id="word_2080">were</word>
<word id="word_2081">kept</word>
<word id="word_2082">busy</word>
<word id="word_2083">during</word>
<word id="word_2084">the</word>
<word id="word_2085">peaceful</word>
<word id="word_2086">revolution</word>
<word id="word_2087">with</word>
<word id="word_2088">only</word>
<word id="word_2089">one</word>
<word id="word_2090">thing</word>
<word id="word_2091">:</word>
<word id="word_2092">to</word>
<word id="word_2093">destroy</word>
<word id="word_2094">the</word>
<word id="word_2095">documents</word>
<word id="word_2096">they</word>
<word id="word_2097">had</word>
<word id="word_2098">produced</word>
<word id="word_2099">during</word>
<word id="word_2100">decades</word>
<word id="word_2101">.</word>
<word id="word_2102">Fortunately</word>
<word id="word_2103">,</word>
<word id="word_2104">they</word>
<word id="word_2105">had</word>
<word id="word_2106">been</word>
<word id="word_2107">stopped</word>
<word id="word_2108">by</word>
<word id="word_2109">human</word>
<word id="word_2110">rights</word>
<word id="word_2111">activists</word>
<word id="word_2112">.</word>
<word id="word_2113">That</word>
<word id="word_2114">'s</word>
<word id="word_2115">why</word>
<word id="word_2116">today</word>
<word id="word_2117">we</word>
<word id="word_2118">can</word>
<word id="word_2119">use</word>
<word id="word_2120">the</word>
<word id="word_2121">files</word>
<word id="word_2122">to</word>
<word id="word_2123">get</word>
<word id="word_2124">a</word>
<word id="word_2125">better</word>
<word id="word_2126">understanding</word>
<word id="word_2127">of</word>
<word id="word_2128">how</word>
<word id="word_2129">a</word>
<word id="word_2130">surveillance</word>
<word id="word_2131">state</word>
<word id="word_2132">functions</word>
<word id="word_2133">.</word>
<word id="word_2134">Thank</word>
<word id="word_2135">you</word>
<word id="word_2136">.</word>
<word id="word_2137">Bruno</word>
<word id="word_2138">Giussani</word>
<word id="word_2139">:</word>
<word id="word_2140">Thank</word>
<word id="word_2141">you</word>
<word id="word_2142">.</word>
<word id="word_2143">Thank</word>
<word id="word_2144">you</word>
<word id="word_2145">very</word>
<word id="word_2146">much</word>
<word id="word_2147">.</word>
<word id="word_2148">So</word>
<word id="word_2149">Hubertus</word>
<word id="word_2150">,</word>
<word id="word_2151">I</word>
<word id="word_2152">want</word>
<word id="word_2153">to</word>
<word id="word_2154">ask</word>
<word id="word_2155">you</word>
<word id="word_2156">a</word>
<word id="word_2157">couple</word>
<word id="word_2158">of</word>
<word id="word_2159">questions</word>
<word id="word_2160">because</word>
<word id="word_2161">I</word>
<word id="word_2162">have</word>
<word id="word_2163">here</word>
<word id="word_2164">Der</word>
<word id="word_2165">Spiegel</word>
<word id="word_2166">from</word>
<word id="word_2167">last</word>
<word id="word_2168">week</word>
<word id="word_2169">.</word>
<word id="word_2170">"</word>
<word id="word_2171">Mein</word>
<word id="word_2172">Nachbar</word>
<word id="word_2173">NSA</word>
<word id="word_2174">.</word>
<word id="word_2175">"</word>
<word id="word_2176">My</word>
<word id="word_2177">neighbor</word>
<word id="word_2178">,</word>
<word id="word_2179">the</word>
<word id="word_2180">NSA</word>
<word id="word_2181">.</word>
<word id="word_2182">And</word>
<word id="word_2183">you</word>
<word id="word_2184">just</word>
<word id="word_2185">told</word>
<word id="word_2186">us</word>
<word id="word_2187">about</word>
<word id="word_2188">my</word>
<word id="word_2189">neighbor</word>
<word id="word_2190">,</word>
<word id="word_2191">the</word>
<word id="word_2192">spies</word>
<word id="word_2193">and</word>
<word id="word_2194">the</word>
<word id="word_2195">informant</word>
<word id="word_2196">from</word>
<word id="word_2197">East</word>
<word id="word_2198">Germany</word>
<word id="word_2199">.</word>
<word id="word_2200">So</word>
<word id="word_2201">there</word>
<word id="word_2202">is</word>
<word id="word_2203">a</word>
<word id="word_2204">direct</word>
<word id="word_2205">link</word>
<word id="word_2206">between</word>
<word id="word_2207">these</word>
<word id="word_2208">two</word>
<word id="word_2209">stories</word>
<word id="word_2210">or</word>
<word id="word_2211">there</word>
<word id="word_2212">isn</word>
<word id="word_2213">'t</word>
<word id="word_2214">?</word>
<word id="word_2215">What</word>
<word id="word_2216">'s</word>
<word id="word_2217">your</word>
<word id="word_2218">reaction</word>
<word id="word_2219">as</word>
<word id="word_2220">a</word>
<word id="word_2221">historian</word>
<word id="word_2222">when</word>
<word id="word_2223">you</word>
<word id="word_2224">see</word>
<word id="word_2225">this</word>
<word id="word_2226">?</word>
<word id="word_2227">Hubertus</word>
<word id="word_2228">Knabe</word>
<word id="word_2229">:</word>
<word id="word_2230">I</word>
<word id="word_2231">think</word>
<word id="word_2232">there</word>
<word id="word_2233">are</word>
<word id="word_2234">several</word>
<word id="word_2235">aspects</word>
<word id="word_2236">to</word>
<word id="word_2237">mention</word>
<word id="word_2238">.</word>
<word id="word_2239">At</word>
<word id="word_2240">first</word>
<word id="word_2241">,</word>
<word id="word_2242">I</word>
<word id="word_2243">think</word>
<word id="word_2244">there</word>
<word id="word_2245">'s</word>
<word id="word_2246">a</word>
<word id="word_2247">difference</word>
<word id="word_2248">of</word>
<word id="word_2249">why</word>
<word id="word_2250">you</word>
<word id="word_2251">are</word>
<word id="word_2252">collecting</word>
<word id="word_2253">this</word>
<word id="word_2254">data</word>
<word id="word_2255">.</word>
<word id="word_2256">Are</word>
<word id="word_2257">you</word>
<word id="word_2258">doing</word>
<word id="word_2259">that</word>
<word id="word_2260">for</word>
<word id="word_2261">protecting</word>
<word id="word_2262">your</word>
<word id="word_2263">people</word>
<word id="word_2264">against</word>
<word id="word_2265">terrorist</word>
<word id="word_2266">attacks</word>
<word id="word_2267">,</word>
<word id="word_2268">or</word>
<word id="word_2269">are</word>
<word id="word_2270">you</word>
<word id="word_2271">doing</word>
<word id="word_2272">that</word>
<word id="word_2273">for</word>
<word id="word_2274">oppressing</word>
<word id="word_2275">your</word>
<word id="word_2276">people</word>
<word id="word_2277">?</word>
<word id="word_2278">So</word>
<word id="word_2279">that</word>
<word id="word_2280">makes</word>
<word id="word_2281">a</word>
<word id="word_2282">fundamental</word>
<word id="word_2283">difference</word>
<word id="word_2284">.</word>
<word id="word_2285">But</word>
<word id="word_2286">on</word>
<word id="word_2287">the</word>
<word id="word_2288">other</word>
<word id="word_2289">hand</word>
<word id="word_2290">,</word>
<word id="word_2291">also</word>
<word id="word_2292">in</word>
<word id="word_2293">a</word>
<word id="word_2294">democracy</word>
<word id="word_2295">,</word>
<word id="word_2296">these</word>
<word id="word_2297">instruments</word>
<word id="word_2298">can</word>
<word id="word_2299">be</word>
<word id="word_2300">abused</word>
<word id="word_2301">,</word>
<word id="word_2302">and</word>
<word id="word_2303">that</word>
<word id="word_2304">is</word>
<word id="word_2305">something</word>
<word id="word_2306">where</word>
<word id="word_2307">we</word>
<word id="word_2308">really</word>
<word id="word_2309">have</word>
<word id="word_2310">to</word>
<word id="word_2311">be</word>
<word id="word_2312">aware</word>
<word id="word_2313">to</word>
<word id="word_2314">stop</word>
<word id="word_2315">that</word>
<word id="word_2316">,</word>
<word id="word_2317">and</word>
<word id="word_2318">that</word>
<word id="word_2319">also</word>
<word id="word_2320">the</word>
<word id="word_2321">intelligence</word>
<word id="word_2322">services</word>
<word id="word_2323">are</word>
<word id="word_2324">respecting</word>
<word id="word_2325">the</word>
<word id="word_2326">rules</word>
<word id="word_2327">we</word>
<word id="word_2328">have</word>
<word id="word_2329">.</word>
<word id="word_2330">The</word>
<word id="word_2331">third</word>
<word id="word_2332">point</word>
<word id="word_2333">,</word>
<word id="word_2334">probably</word>
<word id="word_2335">,</word>
<word id="word_2336">we</word>
<word id="word_2337">really</word>
<word id="word_2338">can</word>
<word id="word_2339">be</word>
<word id="word_2340">happy</word>
<word id="word_2341">that</word>
<word id="word_2342">we</word>
<word id="word_2343">live</word>
<word id="word_2344">in</word>
<word id="word_2345">a</word>
<word id="word_2346">democracy</word>
<word id="word_2347">,</word>
<word id="word_2348">because</word>
<word id="word_2349">you</word>
<word id="word_2350">can</word>
<word id="word_2351">be</word>
<word id="word_2352">sure</word>
<word id="word_2353">that</word>
<word id="word_2354">Russia</word>
<word id="word_2355">and</word>
<word id="word_2356">China</word>
<word id="word_2357">are</word>
<word id="word_2358">doing</word>
<word id="word_2359">the</word>
<word id="word_2360">same</word>
<word id="word_2361">,</word>
<word id="word_2362">but</word>
<word id="word_2363">nobody</word>
<word id="word_2364">speaks</word>
<word id="word_2365">about</word>
<word id="word_2366">that</word>
<word id="word_2367">because</word>
<word id="word_2368">nobody</word>
<word id="word_2369">could</word>
<word id="word_2370">do</word>
<word id="word_2371">that</word>
<word id="word_2372">.</word>
<word id="word_2373">BG</word>
<word id="word_2374">:</word>
<word id="word_2375">When</word>
<word id="word_2376">the</word>
<word id="word_2377">story</word>
<word id="word_2378">came</word>
<word id="word_2379">out</word>
<word id="word_2380">first</word>
<word id="word_2381">,</word>
<word id="word_2382">last</word>
<word id="word_2383">July</word>
<word id="word_2384">,</word>
<word id="word_2385">last</word>
<word id="word_2386">year</word>
<word id="word_2387">,</word>
<word id="word_2388">you</word>
<word id="word_2389">filed</word>
<word id="word_2390">a</word>
<word id="word_2391">criminal</word>
<word id="word_2392">complaint</word>
<word id="word_2393">with</word>
<word id="word_2394">a</word>
<word id="word_2395">German</word>
<word id="word_2396">tribunal</word>
<word id="word_2397">.</word>
<word id="word_2398">Why</word>
<word id="word_2399">?</word>
<word id="word_2400">HK</word>
<word id="word_2401">:</word>
<word id="word_2402">Yeah</word>
<word id="word_2403">,</word>
<word id="word_2404">I</word>
<word id="word_2405">did</word>
<word id="word_2406">so</word>
<word id="word_2407">because</word>
<word id="word_2408">of</word>
<word id="word_2409">the</word>
<word id="word_2410">second</word>
<word id="word_2411">point</word>
<word id="word_2412">I</word>
<word id="word_2413">mentioned</word>
<word id="word_2414">,</word>
<word id="word_2415">that</word>
<word id="word_2416">I</word>
<word id="word_2417">think</word>
<word id="word_2418">especially</word>
<word id="word_2419">in</word>
<word id="word_2420">a</word>
<word id="word_2421">democracy</word>
<word id="word_2422">,</word>
<word id="word_2423">the</word>
<word id="word_2424">rules</word>
<word id="word_2425">are</word>
<word id="word_2426">for</word>
<word id="word_2427">everybody</word>
<word id="word_2428">.</word>
<word id="word_2429">They</word>
<word id="word_2430">are</word>
<word id="word_2431">made</word>
<word id="word_2432">for</word>
<word id="word_2433">everybody</word>
<word id="word_2434">,</word>
<word id="word_2435">so</word>
<word id="word_2436">it</word>
<word id="word_2437">'s</word>
<word id="word_2438">not</word>
<word id="word_2439">allowed</word>
<word id="word_2440">that</word>
<word id="word_2441">any</word>
<word id="word_2442">institution</word>
<word id="word_2443">doesn</word>
<word id="word_2444">'t</word>
<word id="word_2445">respect</word>
<word id="word_2446">the</word>
<word id="word_2447">rules</word>
<word id="word_2448">.</word>
<word id="word_2449">In</word>
<word id="word_2450">the</word>
<word id="word_2451">criminal</word>
<word id="word_2452">code</word>
<word id="word_2453">of</word>
<word id="word_2454">Germany</word>
<word id="word_2455">,</word>
<word id="word_2456">it</word>
<word id="word_2457">'s</word>
<word id="word_2458">written</word>
<word id="word_2459">that</word>
<word id="word_2460">it</word>
<word id="word_2461">'s</word>
<word id="word_2462">not</word>
<word id="word_2463">allowed</word>
<word id="word_2464">to</word>
<word id="word_2465">tap</word>
<word id="word_2466">somebody</word>
<word id="word_2467">without</word>
<word id="word_2468">the</word>
<word id="word_2469">permission</word>
<word id="word_2470">of</word>
<word id="word_2471">the</word>
<word id="word_2472">judge</word>
<word id="word_2473">.</word>
<word id="word_2474">Fortunately</word>
<word id="word_2475">,</word>
<word id="word_2476">it</word>
<word id="word_2477">'s</word>
<word id="word_2478">written</word>
<word id="word_2479">in</word>
<word id="word_2480">the</word>
<word id="word_2481">criminal</word>
<word id="word_2482">code</word>
<word id="word_2483">of</word>
<word id="word_2484">Germany</word>
<word id="word_2485">,</word>
<word id="word_2486">so</word>
<word id="word_2487">if</word>
<word id="word_2488">it</word>
<word id="word_2489">'s</word>
<word id="word_2490">not</word>
<word id="word_2491">respected</word>
<word id="word_2492">,</word>
<word id="word_2493">then</word>
<word id="word_2494">I</word>
<word id="word_2495">think</word>
<word id="word_2496">an</word>
<word id="word_2497">investigation</word>
<word id="word_2498">is</word>
<word id="word_2499">necessary</word>
<word id="word_2500">,</word>
<word id="word_2501">and</word>
<word id="word_2502">it</word>
<word id="word_2503">took</word>
<word id="word_2504">a</word>
<word id="word_2505">very</word>
<word id="word_2506">long</word>
<word id="word_2507">time</word>
<word id="word_2508">that</word>
<word id="word_2509">the</word>
<word id="word_2510">public</word>
<word id="word_2511">prosecutor</word>
<word id="word_2512">of</word>
<word id="word_2513">Germany</word>
<word id="word_2514">started</word>
<word id="word_2515">this</word>
<word id="word_2516">,</word>
<word id="word_2517">and</word>
<word id="word_2518">he</word>
<word id="word_2519">started</word>
<word id="word_2520">it</word>
<word id="word_2521">only</word>
<word id="word_2522">in</word>
<word id="word_2523">the</word>
<word id="word_2524">case</word>
<word id="word_2525">of</word>
<word id="word_2526">Angela</word>
<word id="word_2527">Merkel</word>
<word id="word_2528">,</word>
<word id="word_2529">and</word>
<word id="word_2530">not</word>
<word id="word_2531">in</word>
<word id="word_2532">the</word>
<word id="word_2533">case</word>
<word id="word_2534">of</word>
<word id="word_2535">all</word>
<word id="word_2536">the</word>
<word id="word_2537">other</word>
<word id="word_2538">people</word>
<word id="word_2539">living</word>
<word id="word_2540">in</word>
<word id="word_2541">Germany</word>
<word id="word_2542">.</word>
<word id="word_2543">BG</word>
<word id="word_2544">:</word>
<word id="word_2545">That</word>
<word id="word_2546">doesn</word>
<word id="word_2547">'t</word>
<word id="word_2548">surprise</word>
<word id="word_2549">me</word>
<word id="word_2550">because</word>
<word id="word_2551">—</word>
<word id="word_2552">—</word>
<word id="word_2553">because</word>
<word id="word_2554">of</word>
<word id="word_2555">the</word>
<word id="word_2556">story</word>
<word id="word_2557">you</word>
<word id="word_2558">told</word>
<word id="word_2559">.</word>
<word id="word_2560">Seen</word>
<word id="word_2561">from</word>
<word id="word_2562">the</word>
<word id="word_2563">outside</word>
<word id="word_2564">,</word>
<word id="word_2565">I</word>
<word id="word_2566">live</word>
<word id="word_2567">outside</word>
<word id="word_2568">of</word>
<word id="word_2569">Germany</word>
<word id="word_2570">,</word>
<word id="word_2571">and</word>
<word id="word_2572">I</word>
<word id="word_2573">expected</word>
<word id="word_2574">the</word>
<word id="word_2575">Germans</word>
<word id="word_2576">to</word>
<word id="word_2577">react</word>
<word id="word_2578">much</word>
<word id="word_2579">more</word>
<word id="word_2580">strongly</word>
<word id="word_2581">,</word>
<word id="word_2582">immediately</word>
<word id="word_2583">.</word>
<word id="word_2584">And</word>
<word id="word_2585">instead</word>
<word id="word_2586">,</word>
<word id="word_2587">the</word>
<word id="word_2588">reaction</word>
<word id="word_2589">really</word>
<word id="word_2590">came</word>
<word id="word_2591">only</word>
<word id="word_2592">when</word>
<word id="word_2593">Chancellor</word>
<word id="word_2594">Merkel</word>
<word id="word_2595">was</word>
<word id="word_2596">revealed</word>
<word id="word_2597">as</word>
<word id="word_2598">being</word>
<word id="word_2599">wiretapped</word>
<word id="word_2600">.</word>
<word id="word_2601">Why</word>
<word id="word_2602">so</word>
<word id="word_2603">?</word>
<word id="word_2604">HK</word>
<word id="word_2605">:</word>
<word id="word_2606">I</word>
<word id="word_2607">take</word>
<word id="word_2608">it</word>
<word id="word_2609">as</word>
<word id="word_2610">a</word>
<word id="word_2611">good</word>
<word id="word_2612">sign</word>
<word id="word_2613">,</word>
<word id="word_2614">because</word>
<word id="word_2615">people</word>
<word id="word_2616">feel</word>
<word id="word_2617">secure</word>
<word id="word_2618">in</word>
<word id="word_2619">this</word>
<word id="word_2620">democracy</word>
<word id="word_2621">.</word>
<word id="word_2622">They</word>
<word id="word_2623">aren</word>
<word id="word_2624">'t</word>
<word id="word_2625">afraid</word>
<word id="word_2626">that</word>
<word id="word_2627">they</word>
<word id="word_2628">will</word>
<word id="word_2629">be</word>
<word id="word_2630">arrested</word>
<word id="word_2631">,</word>
<word id="word_2632">and</word>
<word id="word_2633">if</word>
<word id="word_2634">you</word>
<word id="word_2635">leave</word>
<word id="word_2636">this</word>
<word id="word_2637">hall</word>
<word id="word_2638">after</word>
<word id="word_2639">the</word>
<word id="word_2640">conference</word>
<word id="word_2641">,</word>
<word id="word_2642">nobody</word>
<word id="word_2643">has</word>
<word id="word_2644">to</word>
<word id="word_2645">be</word>
<word id="word_2646">afraid</word>
<word id="word_2647">that</word>
<word id="word_2648">the</word>
<word id="word_2649">secret</word>
<word id="word_2650">police</word>
<word id="word_2651">is</word>
<word id="word_2652">standing</word>
<word id="word_2653">out</word>
<word id="word_2654">and</word>
<word id="word_2655">is</word>
<word id="word_2656">arresting</word>
<word id="word_2657">you</word>
<word id="word_2658">.</word>
<word id="word_2659">So</word>
<word id="word_2660">that</word>
<word id="word_2661">'s</word>
<word id="word_2662">a</word>
<word id="word_2663">good</word>
<word id="word_2664">sign</word>
<word id="word_2665">,</word>
<word id="word_2666">I</word>
<word id="word_2667">think</word>
<word id="word_2668">.</word>
<word id="word_2669">People</word>
<word id="word_2670">are</word>
<word id="word_2671">not</word>
<word id="word_2672">really</word>
<word id="word_2673">scared</word>
<word id="word_2674">,</word>
<word id="word_2675">as</word>
<word id="word_2676">they</word>
<word id="word_2677">could</word>
<word id="word_2678">be</word>
<word id="word_2679">.</word>
<word id="word_2680">But</word>
<word id="word_2681">of</word>
<word id="word_2682">course</word>
<word id="word_2683">,</word>
<word id="word_2684">I</word>
<word id="word_2685">think</word>
<word id="word_2686">,</word>
<word id="word_2687">the</word>
<word id="word_2688">institutions</word>
<word id="word_2689">are</word>
<word id="word_2690">responsible</word>
<word id="word_2691">to</word>
<word id="word_2692">stop</word>
<word id="word_2693">illegal</word>
<word id="word_2694">actions</word>
<word id="word_2695">in</word>
<word id="word_2696">Germany</word>
<word id="word_2697">or</word>
<word id="word_2698">wherever</word>
<word id="word_2699">they</word>
<word id="word_2700">happen</word>
<word id="word_2701">.</word>
<word id="word_2702">BG</word>
<word id="word_2703">:</word>
<word id="word_2704">A</word>
<word id="word_2705">personal</word>
<word id="word_2706">question</word>
<word id="word_2707">,</word>
<word id="word_2708">and</word>
<word id="word_2709">this</word>
<word id="word_2710">is</word>
<word id="word_2711">the</word>
<word id="word_2712">last</word>
<word id="word_2713">one</word>
<word id="word_2714">.</word>
<word id="word_2715">There</word>
<word id="word_2716">has</word>
<word id="word_2717">been</word>
<word id="word_2718">a</word>
<word id="word_2719">debate</word>
<word id="word_2720">in</word>
<word id="word_2721">Germany</word>
<word id="word_2722">about</word>
<word id="word_2723">granting</word>
<word id="word_2724">asylum</word>
<word id="word_2725">to</word>
<word id="word_2726">Edward</word>
<word id="word_2727">Snowden</word>
<word id="word_2728">.</word>
<word id="word_2729">Would</word>
<word id="word_2730">you</word>
<word id="word_2731">be</word>
<word id="word_2732">in</word>
<word id="word_2733">favor</word>
<word id="word_2734">or</word>
<word id="word_2735">against</word>
<word id="word_2736">?</word>
<word id="word_2737">HK</word>
<word id="word_2738">:</word>
<word id="word_2739">Oh</word>
<word id="word_2740">,</word>
<word id="word_2741">that</word>
<word id="word_2742">'s</word>
<word id="word_2743">a</word>
<word id="word_2744">difficult</word>
<word id="word_2745">question</word>
<word id="word_2746">,</word>
<word id="word_2747">but</word>
<word id="word_2748">if</word>
<word id="word_2749">you</word>
<word id="word_2750">ask</word>
<word id="word_2751">me</word>
<word id="word_2752">,</word>
<word id="word_2753">and</word>
<word id="word_2754">if</word>
<word id="word_2755">I</word>
<word id="word_2756">answer</word>
<word id="word_2757">honestly</word>
<word id="word_2758">,</word>
<word id="word_2759">I</word>
<word id="word_2760">would</word>
<word id="word_2761">give</word>
<word id="word_2762">him</word>
<word id="word_2763">the</word>
<word id="word_2764">asylum</word>
<word id="word_2765">,</word>
<word id="word_2766">because</word>
<word id="word_2767">I</word>
<word id="word_2768">think</word>
<word id="word_2769">it</word>
<word id="word_2770">was</word>
<word id="word_2771">really</word>
<word id="word_2772">brave</word>
<word id="word_2773">what</word>
<word id="word_2774">he</word>
<word id="word_2775">did</word>
<word id="word_2776">,</word>
<word id="word_2777">and</word>
<word id="word_2778">he</word>
<word id="word_2779">destroyed</word>
<word id="word_2780">his</word>
<word id="word_2781">whole</word>
<word id="word_2782">life</word>
<word id="word_2783">and</word>
<word id="word_2784">his</word>
<word id="word_2785">family</word>
<word id="word_2786">and</word>
<word id="word_2787">everything</word>
<word id="word_2788">.</word>
<word id="word_2789">So</word>
<word id="word_2790">I</word>
<word id="word_2791">think</word>
<word id="word_2792">,</word>
<word id="word_2793">for</word>
<word id="word_2794">these</word>
<word id="word_2795">people</word>
<word id="word_2796">,</word>
<word id="word_2797">we</word>
<word id="word_2798">should</word>
<word id="word_2799">do</word>
<word id="word_2800">something</word>
<word id="word_2801">,</word>
<word id="word_2802">and</word>
<word id="word_2803">especially</word>
<word id="word_2804">if</word>
<word id="word_2805">you</word>
<word id="word_2806">see</word>
<word id="word_2807">the</word>
<word id="word_2808">German</word>
<word id="word_2809">history</word>
<word id="word_2810">,</word>
<word id="word_2811">where</word>
<word id="word_2812">so</word>
<word id="word_2813">many</word>
<word id="word_2814">people</word>
<word id="word_2815">had</word>
<word id="word_2816">to</word>
<word id="word_2817">escape</word>
<word id="word_2818">and</word>
<word id="word_2819">they</word>
<word id="word_2820">asked</word>
<word id="word_2821">for</word>
<word id="word_2822">asylum</word>
<word id="word_2823">in</word>
<word id="word_2824">other</word>
<word id="word_2825">countries</word>
<word id="word_2826">and</word>
<word id="word_2827">they</word>
<word id="word_2828">didn</word>
<word id="word_2829">'t</word>
<word id="word_2830">get</word>
<word id="word_2831">it</word>
<word id="word_2832">,</word>
<word id="word_2833">so</word>
<word id="word_2834">it</word>
<word id="word_2835">would</word>
<word id="word_2836">be</word>
<word id="word_2837">a</word>
<word id="word_2838">good</word>
<word id="word_2839">sign</word>
<word id="word_2840">to</word>
<word id="word_2841">give</word>
<word id="word_2842">him</word>
<word id="word_2843">asylum</word>
<word id="word_2844">.</word>
<word id="word_2845">BG</word>
<word id="word_2846">:</word>
<word id="word_2847">Hubertus</word>
<word id="word_2848">,</word>
<word id="word_2849">thank</word>
<word id="word_2850">you</word>
<word id="word_2851">very</word>
<word id="word_2852">much</word>
<word id="word_2853">.</word>
</words>
