<?xml version="1.0" encoding="UTF-8"?>
<!DOCTYPE markables SYSTEM "markables.dtd">
<markables xmlns="www.eml.org/NameSpaces/sentence">
<markable mmax_level="sentence" id="markable_1" span="word_1..word_23" imported_tag_type="eol" />
<markable mmax_level="sentence" id="markable_2" span="word_24..word_67" imported_tag_type="eol" />
<markable mmax_level="sentence" id="markable_3" span="word_68..word_74" imported_tag_type="eol" />
<markable mmax_level="sentence" id="markable_4" span="word_75..word_139" imported_tag_type="eol" />
<markable mmax_level="sentence" id="markable_5" span="word_140..word_148" imported_tag_type="eol" />
<markable mmax_level="sentence" id="markable_6" span="word_149..word_200" imported_tag_type="eol" />
<markable mmax_level="sentence" id="markable_7" span="word_201..word_209" imported_tag_type="eol" />
<markable mmax_level="sentence" id="markable_8" span="word_210..word_224" imported_tag_type="eol" />
<markable mmax_level="sentence" id="markable_9" span="word_225..word_271" imported_tag_type="eol" />
<markable mmax_level="sentence" id="markable_10" span="word_272..word_282" imported_tag_type="eol" />
<markable mmax_level="sentence" id="markable_11" span="word_283..word_314" imported_tag_type="eol" />
<markable mmax_level="sentence" id="markable_12" span="word_315..word_331" imported_tag_type="eol" />
<markable mmax_level="sentence" id="markable_13" span="word_332..word_352" imported_tag_type="eol" />
<markable mmax_level="sentence" id="markable_14" span="word_353..word_360" imported_tag_type="eol" />
<markable mmax_level="sentence" id="markable_15" span="word_361..word_367" imported_tag_type="eol" />
<markable mmax_level="sentence" id="markable_16" span="word_368..word_387" imported_tag_type="eol" />
<markable mmax_level="sentence" id="markable_17" span="word_388..word_396" imported_tag_type="eol" />
<markable mmax_level="sentence" id="markable_18" span="word_397..word_414" imported_tag_type="eol" />
<markable mmax_level="sentence" id="markable_19" span="word_415..word_433" imported_tag_type="eol" />
<markable mmax_level="sentence" id="markable_20" span="word_434..word_451" imported_tag_type="eol" />
<markable mmax_level="sentence" id="markable_21" span="word_452..word_490" imported_tag_type="eol" />
<markable mmax_level="sentence" id="markable_22" span="word_491..word_506" imported_tag_type="eol" />
<markable mmax_level="sentence" id="markable_23" span="word_507..word_526" imported_tag_type="eol" />
<markable mmax_level="sentence" id="markable_24" span="word_527..word_536" imported_tag_type="eol" />
<markable mmax_level="sentence" id="markable_25" span="word_537..word_558" imported_tag_type="eol" />
<markable mmax_level="sentence" id="markable_26" span="word_559..word_563" imported_tag_type="eol" />
<markable mmax_level="sentence" id="markable_27" span="word_564..word_583" imported_tag_type="eol" />
<markable mmax_level="sentence" id="markable_28" span="word_584..word_591" imported_tag_type="eol" />
<markable mmax_level="sentence" id="markable_29" span="word_592..word_610" imported_tag_type="eol" />
<markable mmax_level="sentence" id="markable_30" span="word_611..word_631" imported_tag_type="eol" />
<markable mmax_level="sentence" id="markable_31" span="word_632..word_659" imported_tag_type="eol" />
<markable mmax_level="sentence" id="markable_32" span="word_660..word_670" imported_tag_type="eol" />
<markable mmax_level="sentence" id="markable_33" span="word_671..word_675" imported_tag_type="eol" />
<markable mmax_level="sentence" id="markable_34" span="word_676..word_680" imported_tag_type="eol" />
<markable mmax_level="sentence" id="markable_35" span="word_681..word_685" imported_tag_type="eol" />
<markable mmax_level="sentence" id="markable_36" span="word_686..word_715" imported_tag_type="eol" />
<markable mmax_level="sentence" id="markable_37" span="word_716..word_766" imported_tag_type="eol" />
<markable mmax_level="sentence" id="markable_38" span="word_767..word_779" imported_tag_type="eol" />
<markable mmax_level="sentence" id="markable_39" span="word_780..word_819" imported_tag_type="eol" />
<markable mmax_level="sentence" id="markable_40" span="word_820..word_836" imported_tag_type="eol" />
<markable mmax_level="sentence" id="markable_41" span="word_837..word_845" imported_tag_type="eol" />
<markable mmax_level="sentence" id="markable_42" span="word_846..word_889" imported_tag_type="eol" />
<markable mmax_level="sentence" id="markable_43" span="word_890..word_908" imported_tag_type="eol" />
<markable mmax_level="sentence" id="markable_44" span="word_909..word_951" imported_tag_type="eol" />
<markable mmax_level="sentence" id="markable_45" span="word_952..word_970" imported_tag_type="eol" />
<markable mmax_level="sentence" id="markable_46" span="word_971..word_1068" imported_tag_type="eol" />
<markable mmax_level="sentence" id="markable_47" span="word_1069..word_1116" imported_tag_type="eol" />
<markable mmax_level="sentence" id="markable_48" span="word_1117..word_1185" imported_tag_type="eol" />
<markable mmax_level="sentence" id="markable_49" span="word_1186..word_1218" imported_tag_type="eol" />
<markable mmax_level="sentence" id="markable_50" span="word_1219..word_1251" imported_tag_type="eol" />
<markable mmax_level="sentence" id="markable_51" span="word_1252..word_1261" imported_tag_type="eol" />
<markable mmax_level="sentence" id="markable_52" span="word_1262..word_1288" imported_tag_type="eol" />
<markable mmax_level="sentence" id="markable_53" span="word_1289..word_1307" imported_tag_type="eol" />
<markable mmax_level="sentence" id="markable_54" span="word_1308..word_1314" imported_tag_type="eol" />
<markable mmax_level="sentence" id="markable_55" span="word_1315..word_1326" imported_tag_type="eol" />
<markable mmax_level="sentence" id="markable_56" span="word_1327..word_1350" imported_tag_type="eol" />
<markable mmax_level="sentence" id="markable_57" span="word_1351..word_1366" imported_tag_type="eol" />
<markable mmax_level="sentence" id="markable_58" span="word_1367..word_1388" imported_tag_type="eol" />
<markable mmax_level="sentence" id="markable_59" span="word_1389..word_1410" imported_tag_type="eol" />
<markable mmax_level="sentence" id="markable_60" span="word_1411..word_1441" imported_tag_type="eol" />
<markable mmax_level="sentence" id="markable_61" span="word_1442..word_1463" imported_tag_type="eol" />
<markable mmax_level="sentence" id="markable_62" span="word_1464..word_1494" imported_tag_type="eol" />
<markable mmax_level="sentence" id="markable_63" span="word_1495..word_1531" imported_tag_type="eol" />
<markable mmax_level="sentence" id="markable_64" span="word_1532..word_1588" imported_tag_type="eol" />
<markable mmax_level="sentence" id="markable_65" span="word_1589..word_1623" imported_tag_type="eol" />
<markable mmax_level="sentence" id="markable_66" span="word_1624..word_1660" imported_tag_type="eol" />
<markable mmax_level="sentence" id="markable_67" span="word_1661..word_1673" imported_tag_type="eol" />
<markable mmax_level="sentence" id="markable_68" span="word_1674..word_1691" imported_tag_type="eol" />
<markable mmax_level="sentence" id="markable_69" span="word_1692..word_1712" imported_tag_type="eol" />
<markable mmax_level="sentence" id="markable_70" span="word_1713..word_1752" imported_tag_type="eol" />
<markable mmax_level="sentence" id="markable_71" span="word_1753..word_1801" imported_tag_type="eol" />
<markable mmax_level="sentence" id="markable_72" span="word_1802..word_1829" imported_tag_type="eol" />
<markable mmax_level="sentence" id="markable_73" span="word_1830..word_1837" imported_tag_type="eol" />
<markable mmax_level="sentence" id="markable_74" span="word_1838..word_1868" imported_tag_type="eol" />
<markable mmax_level="sentence" id="markable_75" span="word_1869..word_1900" imported_tag_type="eol" />
<markable mmax_level="sentence" id="markable_76" span="word_1901..word_1905" imported_tag_type="eol" />
<markable mmax_level="sentence" id="markable_77" span="word_1906..word_1938" imported_tag_type="eol" />
<markable mmax_level="sentence" id="markable_78" span="word_1939..word_1952" imported_tag_type="eol" />
<markable mmax_level="sentence" id="markable_79" span="word_1953..word_1971" imported_tag_type="eol" />
<markable mmax_level="sentence" id="markable_80" span="word_1972..word_1992" imported_tag_type="eol" />
<markable mmax_level="sentence" id="markable_81" span="word_1993..word_2000" imported_tag_type="eol" />
<markable mmax_level="sentence" id="markable_82" span="word_2001..word_2015" imported_tag_type="eol" />
<markable mmax_level="sentence" id="markable_83" span="word_2016..word_2023" imported_tag_type="eol" />
<markable mmax_level="sentence" id="markable_84" span="word_2024..word_2038" imported_tag_type="eol" />
<markable mmax_level="sentence" id="markable_85" span="word_2039..word_2062" imported_tag_type="eol" />
<markable mmax_level="sentence" id="markable_86" span="word_2063..word_2069" imported_tag_type="eol" />
<markable mmax_level="sentence" id="markable_87" span="word_2070..word_2074" imported_tag_type="eol" />
<markable mmax_level="sentence" id="markable_88" span="word_2075..word_2079" imported_tag_type="eol" />
<markable mmax_level="sentence" id="markable_89" span="word_2080..word_2082" imported_tag_type="eol" />
<markable mmax_level="sentence" id="markable_90" span="word_2083..word_2087" imported_tag_type="eol" />
<markable mmax_level="sentence" id="markable_91" span="word_2088..word_2106" imported_tag_type="eol" />
<markable mmax_level="sentence" id="markable_92" span="word_2107..word_2112" imported_tag_type="eol" />
<markable mmax_level="sentence" id="markable_93" span="word_2113..word_2144" imported_tag_type="eol" />
<markable mmax_level="sentence" id="markable_94" span="word_2145..word_2171" imported_tag_type="eol" />
<markable mmax_level="sentence" id="markable_95" span="word_2172..word_2198" imported_tag_type="eol" />
<markable mmax_level="sentence" id="markable_96" span="word_2199..word_2259" imported_tag_type="eol" />
<markable mmax_level="sentence" id="markable_97" span="word_2260..word_2298" imported_tag_type="eol" />
<markable mmax_level="sentence" id="markable_98" span="word_2299..word_2307" imported_tag_type="eol" />
<markable mmax_level="sentence" id="markable_99" span="word_2308..word_2328" imported_tag_type="eol" />
<markable mmax_level="sentence" id="markable_100" span="word_2329..word_2339" imported_tag_type="eol" />
<markable mmax_level="sentence" id="markable_101" span="word_2340..word_2347" imported_tag_type="eol" />
<markable mmax_level="sentence" id="markable_102" span="word_2348..word_2359" imported_tag_type="eol" />
<markable mmax_level="sentence" id="markable_103" span="word_2360..word_2368" imported_tag_type="eol" />
<markable mmax_level="sentence" id="markable_104" span="word_2369..word_2384" imported_tag_type="eol" />
<markable mmax_level="sentence" id="markable_105" span="word_2385..word_2403" imported_tag_type="eol" />
<markable mmax_level="sentence" id="markable_106" span="word_2404..word_2408" imported_tag_type="eol" />
<markable mmax_level="sentence" id="markable_107" span="word_2409..word_2417" imported_tag_type="eol" />
<markable mmax_level="sentence" id="markable_108" span="word_2418..word_2453" imported_tag_type="eol" />
<markable mmax_level="sentence" id="markable_109" span="word_2454..word_2481" imported_tag_type="eol" />
<markable mmax_level="sentence" id="markable_110" span="word_2482..word_2526" imported_tag_type="eol" />
<markable mmax_level="sentence" id="markable_111" span="word_2527..word_2573" imported_tag_type="eol" />
<markable mmax_level="sentence" id="markable_112" span="word_2574..word_2652" imported_tag_type="eol" />
<markable mmax_level="sentence" id="markable_113" span="word_2653..word_2669" imported_tag_type="eol" />
<markable mmax_level="sentence" id="markable_114" span="word_2670..word_2688" imported_tag_type="eol" />
<markable mmax_level="sentence" id="markable_115" span="word_2689..word_2739" imported_tag_type="eol" />
<markable mmax_level="sentence" id="markable_116" span="word_2740..word_2749" imported_tag_type="eol" />
<markable mmax_level="sentence" id="markable_117" span="word_2750..word_2769" imported_tag_type="eol" />
<markable mmax_level="sentence" id="markable_118" span="word_2770..word_2812" imported_tag_type="eol" />
<markable mmax_level="sentence" id="markable_119" span="word_2813..word_2819" imported_tag_type="eol" />
<markable mmax_level="sentence" id="markable_120" span="word_2820..word_2833" imported_tag_type="eol" />
<markable mmax_level="sentence" id="markable_121" span="word_2834..word_2852" imported_tag_type="eol" />
<markable mmax_level="sentence" id="markable_122" span="word_2853..word_2889" imported_tag_type="eol" />
<markable mmax_level="sentence" id="markable_123" span="word_2890..word_2915" imported_tag_type="eol" />
<markable mmax_level="sentence" id="markable_124" span="word_2916..word_2964" imported_tag_type="eol" />
<markable mmax_level="sentence" id="markable_125" span="word_2965..word_2975" imported_tag_type="eol" />
<markable mmax_level="sentence" id="markable_126" span="word_2976..word_2991" imported_tag_type="eol" />
<markable mmax_level="sentence" id="markable_127" span="word_2992..word_3006" imported_tag_type="eol" />
<markable mmax_level="sentence" id="markable_128" span="word_3007..word_3016" imported_tag_type="eol" />
<markable mmax_level="sentence" id="markable_129" span="word_3017..word_3027" imported_tag_type="eol" />
<markable mmax_level="sentence" id="markable_130" span="word_3028..word_3034" imported_tag_type="eol" />
<markable mmax_level="sentence" id="markable_131" span="word_3035..word_3053" imported_tag_type="eol" />
<markable mmax_level="sentence" id="markable_132" span="word_3054..word_3060" imported_tag_type="eol" />
<markable mmax_level="sentence" id="markable_133" span="word_3061..word_3095" imported_tag_type="eol" />
<markable mmax_level="sentence" id="markable_134" span="word_3096..word_3110" imported_tag_type="eol" />
<markable mmax_level="sentence" id="markable_135" span="word_3111..word_3121" imported_tag_type="eol" />
<markable mmax_level="sentence" id="markable_136" span="word_3122..word_3143" imported_tag_type="eol" />
<markable mmax_level="sentence" id="markable_137" span="word_3144..word_3154" imported_tag_type="eol" />
<markable mmax_level="sentence" id="markable_138" span="word_3155..word_3177" imported_tag_type="eol" />
<markable mmax_level="sentence" id="markable_139" span="word_3178..word_3191" imported_tag_type="eol" />
<markable mmax_level="sentence" id="markable_140" span="word_3192..word_3201" imported_tag_type="eol" />
<markable mmax_level="sentence" id="markable_141" span="word_3202..word_3220" imported_tag_type="eol" />
<markable mmax_level="sentence" id="markable_142" span="word_3221..word_3231" imported_tag_type="eol" />
<markable mmax_level="sentence" id="markable_143" span="word_3232..word_3251" imported_tag_type="eol" />
<markable mmax_level="sentence" id="markable_144" span="word_3252..word_3257" imported_tag_type="eol" />
<markable mmax_level="sentence" id="markable_145" span="word_3258..word_3271" imported_tag_type="eol" />
<markable mmax_level="sentence" id="markable_146" span="word_3272..word_3314" imported_tag_type="eol" />
<markable mmax_level="sentence" id="markable_147" span="word_3315..word_3332" imported_tag_type="eol" />
<markable mmax_level="sentence" id="markable_148" span="word_3333..word_3362" imported_tag_type="eol" />
<markable mmax_level="sentence" id="markable_149" span="word_3363..word_3377" imported_tag_type="eol" />
<markable mmax_level="sentence" id="markable_150" span="word_3378..word_3421" imported_tag_type="eol" />
<markable mmax_level="sentence" id="markable_151" span="word_3422..word_3427" imported_tag_type="eol" />
<markable mmax_level="sentence" id="markable_152" span="word_3428..word_3430" imported_tag_type="eol" />
</markables>