<?xml version="1.0" encoding="UTF-8"?>
<!DOCTYPE markables SYSTEM "markables.dtd">
<markables xmlns="www.eml.org/NameSpaces/sentence">
<markable mmax_level="sentence" id="markable_1" span="word_1..word_10" imported_tag_type="eol" />
<markable mmax_level="sentence" id="markable_2" span="word_11..word_53" imported_tag_type="eol" />
<markable mmax_level="sentence" id="markable_3" span="word_54..word_93" imported_tag_type="eol" />
<markable mmax_level="sentence" id="markable_4" span="word_94..word_123" imported_tag_type="eol" />
<markable mmax_level="sentence" id="markable_5" span="word_124..word_136" imported_tag_type="eol" />
<markable mmax_level="sentence" id="markable_6" span="word_137..word_155" imported_tag_type="eol" />
<markable mmax_level="sentence" id="markable_7" span="word_156..word_165" imported_tag_type="eol" />
<markable mmax_level="sentence" id="markable_8" span="word_166..word_182" imported_tag_type="eol" />
<markable mmax_level="sentence" id="markable_9" span="word_183..word_197" imported_tag_type="eol" />
<markable mmax_level="sentence" id="markable_10" span="word_198..word_208" imported_tag_type="eol" />
<markable mmax_level="sentence" id="markable_11" span="word_209..word_219" imported_tag_type="eol" />
<markable mmax_level="sentence" id="markable_12" span="word_220..word_227" imported_tag_type="eol" />
<markable mmax_level="sentence" id="markable_13" span="word_228..word_243" imported_tag_type="eol" />
<markable mmax_level="sentence" id="markable_14" span="word_244..word_254" imported_tag_type="eol" />
<markable mmax_level="sentence" id="markable_15" span="word_255..word_260" imported_tag_type="eol" />
<markable mmax_level="sentence" id="markable_16" span="word_261..word_284" imported_tag_type="eol" />
<markable mmax_level="sentence" id="markable_17" span="word_285..word_299" imported_tag_type="eol" />
<markable mmax_level="sentence" id="markable_18" span="word_300..word_313" imported_tag_type="eol" />
<markable mmax_level="sentence" id="markable_19" span="word_314..word_321" imported_tag_type="eol" />
<markable mmax_level="sentence" id="markable_20" span="word_322..word_345" imported_tag_type="eol" />
<markable mmax_level="sentence" id="markable_21" span="word_346..word_366" imported_tag_type="eol" />
<markable mmax_level="sentence" id="markable_22" span="word_367..word_378" imported_tag_type="eol" />
<markable mmax_level="sentence" id="markable_23" span="word_379..word_384" imported_tag_type="eol" />
<markable mmax_level="sentence" id="markable_24" span="word_385..word_386" imported_tag_type="eol" />
<markable mmax_level="sentence" id="markable_25" span="word_387..word_430" imported_tag_type="eol" />
<markable mmax_level="sentence" id="markable_26" span="word_431..word_441" imported_tag_type="eol" />
<markable mmax_level="sentence" id="markable_27" span="word_442..word_453" imported_tag_type="eol" />
<markable mmax_level="sentence" id="markable_28" span="word_454..word_480" imported_tag_type="eol" />
<markable mmax_level="sentence" id="markable_29" span="word_481..word_501" imported_tag_type="eol" />
<markable mmax_level="sentence" id="markable_30" span="word_502..word_549" imported_tag_type="eol" />
<markable mmax_level="sentence" id="markable_31" span="word_550..word_552" imported_tag_type="eol" />
<markable mmax_level="sentence" id="markable_32" span="word_553..word_562" imported_tag_type="eol" />
<markable mmax_level="sentence" id="markable_33" span="word_563..word_569" imported_tag_type="eol" />
<markable mmax_level="sentence" id="markable_34" span="word_570..word_571" imported_tag_type="eol" />
<markable mmax_level="sentence" id="markable_35" span="word_572..word_583" imported_tag_type="eol" />
<markable mmax_level="sentence" id="markable_36" span="word_584..word_640" imported_tag_type="eol" />
<markable mmax_level="sentence" id="markable_37" span="word_641..word_650" imported_tag_type="eol" />
<markable mmax_level="sentence" id="markable_38" span="word_651..word_657" imported_tag_type="eol" />
<markable mmax_level="sentence" id="markable_39" span="word_658..word_685" imported_tag_type="eol" />
<markable mmax_level="sentence" id="markable_40" span="word_686..word_713" imported_tag_type="eol" />
<markable mmax_level="sentence" id="markable_41" span="word_714..word_719" imported_tag_type="eol" />
<markable mmax_level="sentence" id="markable_42" span="word_720..word_725" imported_tag_type="eol" />
<markable mmax_level="sentence" id="markable_43" span="word_726..word_735" imported_tag_type="eol" />
<markable mmax_level="sentence" id="markable_44" span="word_736..word_737" imported_tag_type="eol" />
<markable mmax_level="sentence" id="markable_45" span="word_738..word_748" imported_tag_type="eol" />
<markable mmax_level="sentence" id="markable_46" span="word_749..word_766" imported_tag_type="eol" />
<markable mmax_level="sentence" id="markable_47" span="word_767..word_783" imported_tag_type="eol" />
<markable mmax_level="sentence" id="markable_48" span="word_784..word_823" imported_tag_type="eol" />
<markable mmax_level="sentence" id="markable_49" span="word_824..word_860" imported_tag_type="eol" />
<markable mmax_level="sentence" id="markable_50" span="word_861..word_874" imported_tag_type="eol" />
<markable mmax_level="sentence" id="markable_51" span="word_875..word_887" imported_tag_type="eol" />
<markable mmax_level="sentence" id="markable_52" span="word_888..word_889" imported_tag_type="eol" />
<markable mmax_level="sentence" id="markable_53" span="word_890..word_895" imported_tag_type="eol" />
<markable mmax_level="sentence" id="markable_54" span="word_896..word_908" imported_tag_type="eol" />
<markable mmax_level="sentence" id="markable_55" span="word_909..word_922" imported_tag_type="eol" />
<markable mmax_level="sentence" id="markable_56" span="word_923..word_944" imported_tag_type="eol" />
<markable mmax_level="sentence" id="markable_57" span="word_945..word_951" imported_tag_type="eol" />
<markable mmax_level="sentence" id="markable_58" span="word_952..word_974" imported_tag_type="eol" />
<markable mmax_level="sentence" id="markable_59" span="word_975..word_978" imported_tag_type="eol" />
<markable mmax_level="sentence" id="markable_60" span="word_979..word_984" imported_tag_type="eol" />
<markable mmax_level="sentence" id="markable_61" span="word_985..word_993" imported_tag_type="eol" />
<markable mmax_level="sentence" id="markable_62" span="word_994..word_1000" imported_tag_type="eol" />
<markable mmax_level="sentence" id="markable_63" span="word_1001..word_1015" imported_tag_type="eol" />
<markable mmax_level="sentence" id="markable_64" span="word_1016..word_1017" imported_tag_type="eol" />
<markable mmax_level="sentence" id="markable_65" span="word_1018..word_1036" imported_tag_type="eol" />
<markable mmax_level="sentence" id="markable_66" span="word_1037..word_1045" imported_tag_type="eol" />
<markable mmax_level="sentence" id="markable_67" span="word_1046..word_1055" imported_tag_type="eol" />
<markable mmax_level="sentence" id="markable_68" span="word_1056..word_1075" imported_tag_type="eol" />
<markable mmax_level="sentence" id="markable_69" span="word_1076..word_1110" imported_tag_type="eol" />
<markable mmax_level="sentence" id="markable_70" span="word_1111..word_1119" imported_tag_type="eol" />
<markable mmax_level="sentence" id="markable_71" span="word_1120..word_1134" imported_tag_type="eol" />
<markable mmax_level="sentence" id="markable_72" span="word_1135..word_1148" imported_tag_type="eol" />
<markable mmax_level="sentence" id="markable_73" span="word_1149..word_1164" imported_tag_type="eol" />
<markable mmax_level="sentence" id="markable_74" span="word_1165..word_1185" imported_tag_type="eol" />
<markable mmax_level="sentence" id="markable_75" span="word_1186..word_1193" imported_tag_type="eol" />
<markable mmax_level="sentence" id="markable_76" span="word_1194..word_1200" imported_tag_type="eol" />
<markable mmax_level="sentence" id="markable_77" span="word_1201..word_1210" imported_tag_type="eol" />
<markable mmax_level="sentence" id="markable_78" span="word_1211..word_1217" imported_tag_type="eol" />
<markable mmax_level="sentence" id="markable_79" span="word_1218..word_1225" imported_tag_type="eol" />
<markable mmax_level="sentence" id="markable_80" span="word_1226..word_1231" imported_tag_type="eol" />
<markable mmax_level="sentence" id="markable_81" span="word_1232..word_1238" imported_tag_type="eol" />
<markable mmax_level="sentence" id="markable_82" span="word_1239..word_1262" imported_tag_type="eol" />
<markable mmax_level="sentence" id="markable_83" span="word_1263..word_1304" imported_tag_type="eol" />
<markable mmax_level="sentence" id="markable_84" span="word_1305..word_1325" imported_tag_type="eol" />
<markable mmax_level="sentence" id="markable_85" span="word_1326..word_1341" imported_tag_type="eol" />
<markable mmax_level="sentence" id="markable_86" span="word_1342..word_1357" imported_tag_type="eol" />
<markable mmax_level="sentence" id="markable_87" span="word_1358..word_1384" imported_tag_type="eol" />
<markable mmax_level="sentence" id="markable_88" span="word_1385..word_1389" imported_tag_type="eol" />
<markable mmax_level="sentence" id="markable_89" span="word_1390..word_1394" imported_tag_type="eol" />
<markable mmax_level="sentence" id="markable_90" span="word_1395..word_1412" imported_tag_type="eol" />
<markable mmax_level="sentence" id="markable_91" span="word_1413..word_1427" imported_tag_type="eol" />
<markable mmax_level="sentence" id="markable_92" span="word_1428..word_1429" imported_tag_type="eol" />
<markable mmax_level="sentence" id="markable_93" span="word_1430..word_1440" imported_tag_type="eol" />
<markable mmax_level="sentence" id="markable_94" span="word_1441..word_1448" imported_tag_type="eol" />
<markable mmax_level="sentence" id="markable_95" span="word_1449..word_1460" imported_tag_type="eol" />
<markable mmax_level="sentence" id="markable_96" span="word_1461..word_1476" imported_tag_type="eol" />
<markable mmax_level="sentence" id="markable_97" span="word_1477..word_1506" imported_tag_type="eol" />
<markable mmax_level="sentence" id="markable_98" span="word_1507..word_1515" imported_tag_type="eol" />
<markable mmax_level="sentence" id="markable_99" span="word_1516..word_1521" imported_tag_type="eol" />
<markable mmax_level="sentence" id="markable_100" span="word_1522..word_1524" imported_tag_type="eol" />
<markable mmax_level="sentence" id="markable_101" span="word_1525..word_1529" imported_tag_type="eol" />
<markable mmax_level="sentence" id="markable_102" span="word_1530..word_1538" imported_tag_type="eol" />
<markable mmax_level="sentence" id="markable_103" span="word_1539..word_1546" imported_tag_type="eol" />
<markable mmax_level="sentence" id="markable_104" span="word_1547..word_1555" imported_tag_type="eol" />
<markable mmax_level="sentence" id="markable_105" span="word_1556..word_1565" imported_tag_type="eol" />
<markable mmax_level="sentence" id="markable_106" span="word_1566..word_1571" imported_tag_type="eol" />
<markable mmax_level="sentence" id="markable_107" span="word_1572..word_1578" imported_tag_type="eol" />
<markable mmax_level="sentence" id="markable_108" span="word_1579..word_1589" imported_tag_type="eol" />
<markable mmax_level="sentence" id="markable_109" span="word_1590..word_1593" imported_tag_type="eol" />
<markable mmax_level="sentence" id="markable_110" span="word_1594..word_1607" imported_tag_type="eol" />
<markable mmax_level="sentence" id="markable_111" span="word_1608..word_1666" imported_tag_type="eol" />
<markable mmax_level="sentence" id="markable_112" span="word_1667..word_1678" imported_tag_type="eol" />
<markable mmax_level="sentence" id="markable_113" span="word_1679..word_1684" imported_tag_type="eol" />
<markable mmax_level="sentence" id="markable_114" span="word_1685..word_1692" imported_tag_type="eol" />
<markable mmax_level="sentence" id="markable_115" span="word_1693..word_1707" imported_tag_type="eol" />
<markable mmax_level="sentence" id="markable_116" span="word_1708..word_1743" imported_tag_type="eol" />
<markable mmax_level="sentence" id="markable_117" span="word_1744..word_1756" imported_tag_type="eol" />
<markable mmax_level="sentence" id="markable_118" span="word_1757..word_1765" imported_tag_type="eol" />
<markable mmax_level="sentence" id="markable_119" span="word_1766..word_1768" imported_tag_type="eol" />
</markables>