<?xml version="1.0" encoding="utf-8"?>
<!DOCTYPE markables SYSTEM "markables.dtd">
<markables xmlns="www.eml.org/NameSpaces/coref">
 <markable audience="none" coref_class="set_95" id="markable_4284" mention="pronoun" mmax_level="coref" span="word_574" type="speaker reference" type_of_pronoun="personal"/>
 <markable agreement="you (pl.)" audience="none" coref_class="empty" id="markable_3193" mention="pronoun" mmax_level="coref" personal_or_reflexive="none" position="you (subject)" span="word_1355" type="addressee reference" type_of_pronoun="personal"/>
 <markable audience="none" coref_class="set_96" id="markable_4285" mention="pronoun" mmax_level="coref" span="word_654" type="speaker reference" type_of_pronoun="personal"/>
 <markable audience="none" coref_class="set_93" id="markable_4282" mention="pronoun" mmax_level="coref" span="word_485" type="speaker reference" type_of_pronoun="personal"/>
 <markable audience="none" coref_class="set_94" id="markable_4283" mention="pronoun" mmax_level="coref" span="word_508" type="speaker reference" type_of_pronoun="personal"/>
 <markable audience="deictic (sie, ihnen, ihr/e/er/es/em/en, du, dich, dir, dein/e/er/es/em/en)" coref_class="empty" id="markable_4167" mention="pronoun" mmax_level="coref" personal_or_reflexive="none" span="word_1762" type="addressee reference"/>
 <markable audience="none" coref_class="empty" id="markable_4288" mention="pronoun" mmax_level="coref" span="word_714" type="speaker reference" type_of_pronoun="personal"/>
 <markable audience="none" coref_class="set_99" id="markable_4289" mention="pronoun" mmax_level="coref" span="word_756" type="speaker reference" type_of_pronoun="personal"/>
 <markable audience="none" coref_class="set_97" id="markable_4286" mention="pronoun" mmax_level="coref" span="word_688" type="speaker reference" type_of_pronoun="personal"/>
 <markable agreement="you (pl.)" audience="none" coref_class="empty" id="markable_4166" mention="pronoun" mmax_level="coref" personal_or_reflexive="none" position="you (subject)" span="word_1760" type="addressee reference" type_of_pronoun="personal"/>
 <markable audience="none" coref_class="set_98" id="markable_4287" mention="pronoun" mmax_level="coref" span="word_697" type="speaker reference" type_of_pronoun="personal"/>
 <markable agreement="you (pl.)" audience="none" coref_class="empty" id="markable_3190" mention="pronoun" mmax_level="coref" personal_or_reflexive="none" position="you (subject)" span="word_1342" type="addressee reference" type_of_pronoun="personal"/>
 <markable audience="none" coref_class="empty" id="markable_4280" mention="pronoun" mmax_level="coref" span="word_454" type="speaker reference" type_of_pronoun="personal"/>
 <markable audience="none" coref_class="set_92" id="markable_4281" mention="pronoun" mmax_level="coref" span="word_458" type="speaker reference" type_of_pronoun="personal"/>
 <markable agreement="you (pl.)" audience="none" coref_class="empty" id="markable_3192" mention="pronoun" mmax_level="coref" personal_or_reflexive="none" position="you (subject)" span="word_1348" type="addressee reference" type_of_pronoun="personal"/>
 <markable agreement="they (sg.)" antetype="entity" case="accusative" coref_class="set_83" id="markable_3191" mention="pronoun" mmax_level="coref" position="it (non-subject)" span="word_1344" split="simple antecedent" type="anaphoric" type_of_pronoun="personal"/>
 <markable audience="none" coref_class="empty" id="markable_4295" mention="pronoun" mmax_level="coref" span="word_1135" type="speaker reference" type_of_pronoun="personal"/>
 <markable audience="none" coref_class="empty" id="markable_4296" mention="pronoun" mmax_level="coref" span="word_1140" type="speaker reference" type_of_pronoun="personal"/>
 <markable audience="none" coref_class="set_100" id="markable_4293" mention="pronoun" mmax_level="coref" span="word_964" type="speaker reference" type_of_pronoun="personal"/>
 <markable audience="none" coref_class="empty" id="markable_4294" mention="pronoun" mmax_level="coref" span="word_1061" type="speaker reference" type_of_pronoun="personal"/>
 <markable coref_class="set_63" id="markable_4178" mention="np" mmax_level="coref" nptype="antecedent" span="word_36..word_37"/>
 <markable audience="none" coref_class="set_102" id="markable_4299" mention="pronoun" mmax_level="coref" span="word_1239" type="speaker reference" type_of_pronoun="personal"/>
 <markable coref_class="set_5" id="markable_4179" mention="np" mmax_level="coref" nptype="antecedent" span="word_168..word_169"/>
 <markable audience="none" coref_class="empty" id="markable_4297" mention="pronoun" mmax_level="coref" span="word_1149" type="speaker reference" type_of_pronoun="personal"/>
 <markable audience="none" coref_class="empty" id="markable_4177" mention="pronoun" mmax_level="coref" personal_or_reflexive="reflexive" span="word_6" type="speaker reference"/>
 <markable audience="none" coref_class="set_101" id="markable_4298" mention="pronoun" mmax_level="coref" span="word_1202" type="speaker reference" type_of_pronoun="personal"/>
 <markable audience="none" coref_class="empty" id="markable_4291" mention="pronoun" mmax_level="coref" span="word_779" type="speaker reference" type_of_pronoun="personal"/>
 <markable audience="none" coref_class="empty" id="markable_4292" mention="pronoun" mmax_level="coref" span="word_892" type="speaker reference" type_of_pronoun="personal"/>
 <markable audience="none" coref_class="empty" id="markable_4290" mention="pronoun" mmax_level="coref" span="word_767" type="speaker reference" type_of_pronoun="personal"/>
 <markable coref_class="set_18" id="markable_4185" mention="np" mmax_level="coref" nptype="antecedent" span="word_556"/>
 <markable coref_class="set_20" id="markable_4186" mention="np" mmax_level="coref" nptype="antecedent" span="word_678..word_679"/>
 <markable coref_class="set_13" id="markable_4183" mention="np" mmax_level="coref" nptype="antecedent" span="word_391..word_392"/>
 <markable coref_class="set_17" id="markable_4184" mention="np" mmax_level="coref" nptype="antecedent" span="word_540..word_541"/>
 <markable coref_class="set_24" id="markable_4189" mention="np" mmax_level="coref" nptype="antecedent" span="word_827..word_828"/>
 <markable audience="none" coref_class="set_98" id="markable_4187" mention="pronoun" mmax_level="coref" personal_or_reflexive="reflexive" span="word_698" type="speaker reference" type_of_pronoun="reflexive"/>
 <markable coref_class="set_23" id="markable_4188" mention="np" mmax_level="coref" nptype="antecedent" span="word_811..word_815"/>
 <markable coref_class="set_7" id="markable_4181" mention="np" mmax_level="coref" nptype="antecedent" span="word_236..word_237"/>
 <markable coref_class="set_9" id="markable_4182" mention="pronoun" mmax_level="coref" span="word_297" type="none"/>
 <markable coref_class="set_6" id="markable_4180" mention="np" mmax_level="coref" nptype="antecedent" span="word_228..word_229"/>
 <markable coref_class="set_32" id="markable_4196" mention="np" mmax_level="coref" nptype="antecedent" span="word_1188..word_1192"/>
 <markable audience="none" coref_class="empty" id="markable_4197" mention="pronoun" mmax_level="coref" personal_or_reflexive="personal" span="word_1559" type="speaker reference" type_of_pronoun="personal"/>
 <markable coref_class="set_30" id="markable_4194" mention="np" mmax_level="coref" nptype="antecedent" span="word_1123..word_1124"/>
 <markable agreement="none" coref_class="set_31" id="markable_4195" mention="pronoun" mmax_level="coref" position="it (non-subject)" span="word_1151" type="antecedent" type_of_pronoun="personal"/>
 <markable audience="none" coref_class="empty" id="markable_4198" mention="pronoun" mmax_level="coref" personal_or_reflexive="personal" span="word_1671" type="speaker reference" type_of_pronoun="personal"/>
 <markable coref_class="set_38" id="markable_4199" mention="np" mmax_level="coref" nptype="antecedent" span="word_1672..word_1674"/>
 <markable audience="none" coref_class="empty" id="markable_4192" mention="pronoun" mmax_level="coref" personal_or_reflexive="reflexive" span="word_976" type="speaker reference"/>
 <markable coref_class="set_28" id="markable_4193" mention="np" mmax_level="coref" nptype="antecedent" span="word_1089..word_1091"/>
 <markable agreement="they (sg.)" antetype="entity" case="accusative" coref_class="set_71" id="markable_4190" mention="pronoun" mmax_level="coref" position="it (non-subject)" span="word_846" split="simple antecedent" type="anaphoric" type_of_pronoun="demonstrative"/>
 <markable coref_class="set_26" id="markable_4191" mention="np" mmax_level="coref" nptype="antecedent" span="word_923..word_925"/>
 <markable coref_class="empty" id="markable_4240" mention="pronoun" mmax_level="coref" span="word_1579" type="extratextual reference"/>
 <markable coref_class="empty" id="markable_2060" mention="pronoun" mmax_level="coref" span="word_870" type="pleonastic"/>
 <markable agreement="they (sg.)" antetype="entity" coref_class="set_62" id="markable_4241" mention="pronoun" mmax_level="coref" position="it (non-subject)" span="word_20" split="simple antecedent" type="anaphoric" type_of_pronoun="demonstrative"/>
 <markable audience="none" case="none" coref_class="empty" id="markable_3394" mention="pronoun" mmax_level="coref" span="word_1434" type="speaker reference" type_of_pronoun="possessive"/>
 <markable agreement="you (pl.)" audience="deictic you" coref_class="empty" id="markable_3393" mention="pronoun" mmax_level="coref" personal_or_reflexive="none" position="you (subject)" span="word_1433" type="addressee reference" type_of_pronoun="personal"/>
 <markable clausetype="antecedent" coref_class="set_65" id="markable_4244" mention="clause" mmax_level="coref" span="word_276..word_283"/>
 <markable case="none" coref_class="set_36" id="markable_3395" mention="np" mmax_level="coref" nptype="antecedent" span="word_1434..word_1435"/>
 <markable agreement="you (pl.)" audience="none" coref_class="empty" id="markable_3153" mention="pronoun" mmax_level="coref" personal_or_reflexive="none" position="you (subject)" span="word_1329" type="addressee reference" type_of_pronoun="personal"/>
 <markable agreement="none" antetype="event" coref_class="set_66" id="markable_4245" mention="pronoun" mmax_level="coref" position="it (non-subject)" span="word_317" split="simple antecedent" type="anaphoric" type_of_pronoun="demonstrative"/>
 <markable agreement="they (sg.)" coref_class="set_63" id="markable_4242" mention="pronoun" mmax_level="coref" position="it (non-subject)" span="word_50" type="antecedent" type_of_pronoun="demonstrative"/>
 <markable case="none" coref_class="set_83" id="markable_3155" mention="np" mmax_level="coref" nptype="antecedent" span="word_1334..word_1337"/>
 <markable clausetype="antecedent" coref_class="set_64" id="markable_4243" mention="clause" mmax_level="coref" span="word_124..word_129"/>
 <markable clausetype="antecedent" coref_class="set_67" id="markable_4248" mention="clause" mmax_level="coref" span="word_454..word_473"/>
 <markable agreement="they (sg.)" antetype="entity" coref_class="set_68" id="markable_4249" mention="pronoun" mmax_level="coref" position="it (non-subject)" span="word_494" split="simple antecedent" type="anaphoric" type_of_pronoun="demonstrative"/>
 <markable clausetype="antecedent" coref_class="set_66" id="markable_4246" mention="clause" mmax_level="coref" span="word_300..word_312"/>
 <markable coref_class="empty" id="markable_4247" mention="pronoun" mmax_level="coref" span="word_424..word_428" type="not sure. help!"/>
 <markable agreement="you (pl.)" audience="none" coref_class="empty" id="markable_910" mention="pronoun" mmax_level="coref" personal_or_reflexive="none" position="you (subject)" span="word_380" type="addressee reference" type_of_pronoun="personal"/>
 <markable clausetype="antecedent" coref_class="set_69" id="markable_4251" mention="clause" mmax_level="coref" span="word_572..word_582"/>
 <markable coref_class="set_70" id="markable_4252" mention="vp" mmax_level="coref" span="word_688..word_691" vptype="antecedent"/>
 <markable agreement="you (pl.)" audience="none" coref_class="empty" id="markable_3283" mention="pronoun" mmax_level="coref" personal_or_reflexive="none" position="you (non-subject)" span="word_1391" type="addressee reference" type_of_pronoun="personal"/>
 <markable coref_class="empty" id="markable_4250" mention="pronoun" mmax_level="coref" span="word_533" type="not sure. help!"/>
 <markable clausetype="antecedent" coref_class="set_73" id="markable_4255" mention="clause" mmax_level="coref" span="word_875..word_886"/>
 <markable coref_class="set_74" id="markable_4256" mention="np" mmax_level="coref" nptype="antecedent" span="word_1018..word_1035"/>
 <markable agreement="they (sg.)" antetype="entity" coref_class="set_71" id="markable_4253" mention="pronoun" mmax_level="coref" position="it (non-subject)" span="word_852" split="simple antecedent" type="anaphoric" type_of_pronoun="demonstrative"/>
 <markable clausetype="antecedent" coref_class="set_72" id="markable_4254" mention="clause" mmax_level="coref" span="word_855..word_859"/>
 <markable coref_class="set_78" id="markable_4259" mention="np" mmax_level="coref" nptype="antecedent" span="word_1081..word_1083"/>
 <markable agreement="none" coref_class="set_78" id="markable_4257" mention="pronoun" mmax_level="coref" position="none" span="word_1113" split="split reference" type="anaphoric" type_of_pronoun="personal"/>
 <markable coref_class="set_78" id="markable_4258" mention="np" mmax_level="coref" nptype="antecedent" span="word_1089..word_1091"/>
 <markable case="none" coref_class="set_62" id="markable_24" mention="np" mmax_level="coref" nptype="antecedent" span="word_8..word_9"/>
 <markable audience="none" coref_class="empty" id="markable_4141" mention="pronoun" mmax_level="coref" personal_or_reflexive="none" span="word_1744" type="speaker reference" type_of_pronoun="personal"/>
 <markable clausetype="antecedent" coref_class="set_79" id="markable_4262" mention="clause" mmax_level="coref" span="word_1120..word_1133"/>
 <markable audience="co-present we" coref_class="empty" id="markable_4142" mention="pronoun" mmax_level="coref" personal_or_reflexive="reflexive" span="word_1746" type="speaker reference" type_of_pronoun="reflexive"/>
 <markable clausetype="antecedent" coref_class="set_82" id="markable_4263" mention="clause" mmax_level="coref" span="word_1239..word_1261"/>
 <markable coref_class="set_78" id="markable_4260" mention="np" mmax_level="coref" nptype="antecedent" span="word_1099..word_1100"/>
 <markable coref_class="set_78" id="markable_4261" mention="np" mmax_level="coref" nptype="antecedent" span="word_1108..word_1109"/>
 <markable audience="none" coref_class="empty" id="markable_4266" mention="pronoun" mmax_level="coref" span="word_32" type="speaker reference" type_of_pronoun="personal"/>
 <markable audience="none" coref_class="empty" id="markable_4267" mention="pronoun" mmax_level="coref" span="word_145" type="speaker reference" type_of_pronoun="personal"/>
 <markable clausetype="antecedent" coref_class="set_84" id="markable_4264" mention="clause" mmax_level="coref" span="word_1377..word_1383"/>
 <markable coref_class="empty" id="markable_4265" mention="pronoun" mmax_level="coref" span="word_1541" type="extratextual reference"/>
 <markable agreement="you (pl.)" audience="none" coref_class="empty" id="markable_4029" mention="pronoun" mmax_level="coref" personal_or_reflexive="none" position="you (non-subject)" span="word_1699" type="addressee reference" type_of_pronoun="personal"/>
 <markable audience="none" coref_class="empty" id="markable_4268" mention="pronoun" mmax_level="coref" span="word_157" type="speaker reference" type_of_pronoun="personal"/>
 <markable audience="none" case="none" coref_class="set_103" id="markable_4027" mention="pronoun" mmax_level="coref" span="word_1695" type="speaker reference" type_of_pronoun="possessive"/>
 <markable audience="none" coref_class="empty" id="markable_4269" mention="pronoun" mmax_level="coref" span="word_183" type="speaker reference" type_of_pronoun="personal"/>
 <markable audience="none" case="none" coref_class="set_89" id="markable_815" mention="pronoun" mmax_level="coref" span="word_340" type="speaker reference" type_of_pronoun="possessive"/>
 <markable audience="none" case="none" coref_class="set_89" id="markable_812" mention="pronoun" mmax_level="coref" span="word_324" type="speaker reference" type_of_pronoun="possessive"/>
 <markable case="none" coref_class="set_10" id="markable_814" mention="np" mmax_level="coref" nptype="antecedent" span="word_337..word_338"/>
 <markable audience="none" coref_class="set_86" id="markable_4273" mention="pronoun" mmax_level="coref" span="word_244" type="speaker reference" type_of_pronoun="possessive"/>
 <markable agreement="you (pl.)" audience="none" coref_class="empty" id="markable_3061" mention="pronoun" mmax_level="coref" personal_or_reflexive="none" position="you (subject)" span="word_1269" type="addressee reference" type_of_pronoun="personal"/>
 <markable audience="none" coref_class="set_87" id="markable_4274" mention="pronoun" mmax_level="coref" span="word_255" type="speaker reference" type_of_pronoun="personal"/>
 <markable audience="none" coref_class="empty" id="markable_4271" mention="pronoun" mmax_level="coref" span="word_212" type="speaker reference" type_of_pronoun="personal"/>
 <markable audience="none" coref_class="empty" id="markable_4272" mention="pronoun" mmax_level="coref" span="word_216" type="speaker reference" type_of_pronoun="personal"/>
 <markable audience="none" coref_class="set_90" id="markable_4277" mention="pronoun" mmax_level="coref" span="word_356" type="speaker reference" type_of_pronoun="personal"/>
 <markable audience="none" coref_class="empty" id="markable_4278" mention="pronoun" mmax_level="coref" span="word_395" type="speaker reference" type_of_pronoun="personal"/>
 <markable agreement="they (pl.)" antetype="entity" case="accusative" coref_class="set_34" id="markable_3068" mention="pronoun" mmax_level="coref" position="it (non-subject)" span="word_1291" split="simple antecedent" type="anaphoric" type_of_pronoun="relative"/>
 <markable audience="none" coref_class="set_88" id="markable_4275" mention="pronoun" mmax_level="coref" span="word_301" type="speaker reference" type_of_pronoun="personal"/>
 <markable case="none" coref_class="set_34" id="markable_3067" mention="np" mmax_level="coref" nptype="antecedent" span="word_1288..word_1289"/>
 <markable audience="none" coref_class="set_89" id="markable_4276" mention="pronoun" mmax_level="coref" span="word_322" type="speaker reference" type_of_pronoun="personal"/>
 <markable audience="none" coref_class="set_91" id="markable_4279" mention="pronoun" mmax_level="coref" span="word_446" type="speaker reference" type_of_pronoun="personal"/>
 <markable audience="deictic (sie, ihnen, ihr/e/er/es/em/en, du, dich, dir, dein/e/er/es/em/en)" coref_class="empty" id="markable_706" mention="pronoun" mmax_level="coref" personal_or_reflexive="none" span="word_289" type="addressee reference"/>
 <markable antetype="event" case="none" coref_class="set_65" id="markable_705" mention="np" mmax_level="coref" nptype="np" span="word_286..word_287" split="simple antecedent"/>
 <markable case="accusative" coref_class="set_9" id="markable_707" mention="pronoun" mmax_level="coref" span="word_293" type="not sure. help!"/>
 <markable audience="none" coref_class="empty" id="markable_4270" mention="pronoun" mmax_level="coref" span="word_198" type="speaker reference" type_of_pronoun="personal"/>
 <markable agreement="you (pl.)" audience="none" coref_class="empty" id="markable_3060" mention="pronoun" mmax_level="coref" personal_or_reflexive="none" position="you (non-subject)" span="word_1264" type="addressee reference" type_of_pronoun="personal"/>
 <markable agreement="none" antetype="entity" case="accusative" coref_class="set_14" id="markable_1290" mention="pronoun" mmax_level="coref" position="it (subject)" span="word_517" split="simple antecedent" type="anaphoric" type_of_pronoun="personal"/>
 <markable agreement="they (sg.)" antetype="entity" case="accusative" coref_class="set_15" id="markable_1291" mention="pronoun" mmax_level="coref" position="it (non-subject)" span="word_523" split="simple antecedent" type="cataphoric"/>
 <markable coref_class="empty" id="markable_2140" mention="pronoun" mmax_level="coref" span="word_896" type="pleonastic"/>
 <markable case="none" coref_class="set_15" id="markable_1292" mention="np" mmax_level="coref" nptype="antecedent" span="word_524..word_525"/>
 <markable audience="none" case="none" coref_class="empty" id="markable_1293" mention="pronoun" mmax_level="coref" span="word_528" type="speaker reference" type_of_pronoun="possessive"/>
 <markable agreement="none" coref_class="set_56" id="markable_4200" mention="pronoun" mmax_level="coref" position="it (subject)" span="word_1612" type="antecedent" type_of_pronoun="demonstrative"/>
 <markable agreement="you (pl.)" audience="generic you" coref_class="empty" id="markable_2021" mention="pronoun" mmax_level="coref" personal_or_reflexive="none" position="you (subject)" span="word_826" type="addressee reference" type_of_pronoun="personal"/>
 <markable case="none" coref_class="set_16" id="markable_1294" mention="np" mmax_level="coref" nptype="antecedent" span="word_528..word_529"/>
 <markable agreement="none" antetype="entity" coref_class="set_62" id="markable_4201" mention="pronoun" mmax_level="coref" position="it (non-subject)" span="word_29" split="simple antecedent" type="anaphoric" type_of_pronoun="personal"/>
 <markable agreement="none" case="none" coref_class="empty" id="markable_2141" mention="pronoun" mmax_level="coref" nptype="none" span="word_898" sub_apposition="none" type="pronoun"/>
 <markable agreement="they (sg.)" antetype="entity" case="nominative" coref_class="set_16" id="markable_1295" mention="pronoun" mmax_level="coref" position="it (subject)" span="word_536" split="simple antecedent" type="anaphoric" type_of_pronoun="personal"/>
 <markable agreement="they (sg.)" antetype="entity" case="dative" coref_class="set_24" id="markable_2023" mention="pronoun" mmax_level="coref" position="it (non-subject)" span="word_831" split="simple antecedent" type="anaphoric" type_of_pronoun="relative"/>
 <markable agreement="they (sg.)" antetype="entity" case="dative" coref_class="set_17" id="markable_1297" mention="pronoun" mmax_level="coref" position="it (non-subject)" span="word_544" split="simple antecedent" type="anaphoric" type_of_pronoun="relative"/>
 <markable coref_class="set_39" id="markable_4204" mention="np" mmax_level="coref" nptype="antecedent" span="word_481..word_482"/>
 <markable agreement="they (sg.)" antetype="entity" case="nominative" coref_class="set_16" id="markable_1298" mention="pronoun" mmax_level="coref" position="it (subject)" span="word_545" split="simple antecedent" type="anaphoric" type_of_pronoun="personal"/>
 <markable audience="none" coref_class="set_95" id="markable_4205" mention="pronoun" mmax_level="coref" personal_or_reflexive="reflexive" span="word_575" type="speaker reference" type_of_pronoun="personal"/>
 <markable agreement="you (pl.)" audience="generic you" coref_class="empty" id="markable_2024" mention="pronoun" mmax_level="coref" personal_or_reflexive="none" position="you (subject)" span="word_832" type="addressee reference" type_of_pronoun="personal"/>
 <markable agreement="none" coref_class="set_67" id="markable_4202" mention="pronoun" mmax_level="coref" position="it (subject)" span="word_476" type="antecedent" type_of_pronoun="demonstrative"/>
 <markable case="none" coref_class="set_71" id="markable_2027" mention="np" mmax_level="coref" nptype="antecedent" span="word_840..word_842"/>
 <markable agreement="you (pl.)" audience="deictic you" coref_class="empty" id="markable_3116" mention="pronoun" mmax_level="coref" personal_or_reflexive="none" position="you (subject)" span="word_1311" type="addressee reference" type_of_pronoun="personal"/>
 <markable agreement="they (pl.)" antetype="entity" case="nominative" coref_class="set_37" id="markable_3479" mention="pronoun" mmax_level="coref" position="it (subject)" span="word_1473" split="simple antecedent" type="anaphoric" type_of_pronoun="personal"/>
 <markable audience="co-present we" coref_class="empty" id="markable_3358" mention="pronoun" mmax_level="coref" personal_or_reflexive="none" span="word_1415" type="speaker reference" type_of_pronoun="personal"/>
 <markable agreement="they (sg.)" antetype="entity" case="nominative" coref_class="set_39" id="markable_4203" mention="pronoun" mmax_level="coref" position="it (subject)" span="word_491" split="simple antecedent" type="anaphoric" type_of_pronoun="demonstrative"/>
 <markable agreement="none" case="none" coref_class="set_37" id="markable_3478" mention="pronoun" mmax_level="coref" position="it (subject)" span="word_1468..word_1469,word_1473" type="antecedent" type_of_pronoun="personal"/>
 <markable agreement="none" coref_class="empty" id="markable_4208" mention="pronoun" mmax_level="coref" position="none" span="word_742" split="no explicit antecedent" type="anaphoric" type_of_pronoun="demonstrative"/>
 <markable agreement="they (sg.)" antetype="entity" case="nominative" coref_class="set_71" id="markable_2029" mention="pronoun" mmax_level="coref" position="it (subject)" span="word_856" split="simple antecedent" type="anaphoric" type_of_pronoun="personal"/>
 <markable agreement="they (sg.)" antetype="event" coref_class="set_72" id="markable_4209" mention="pronoun" mmax_level="coref" position="it (non-subject)" span="word_862" split="simple antecedent" type="anaphoric" type_of_pronoun="demonstrative"/>
 <markable agreement="you (pl.)" audience="none" coref_class="empty" id="markable_3117" mention="pronoun" mmax_level="coref" personal_or_reflexive="none" position="you (subject)" span="word_1318" type="addressee reference" type_of_pronoun="personal"/>
 <markable case="none" coref_class="set_35" id="markable_3359" mention="np" mmax_level="coref" nptype="antecedent" span="word_1418..word_1420"/>
 <markable agreement="none" antetype="event" coref_class="set_69" id="markable_4206" mention="pronoun" mmax_level="coref" position="it (subject)" span="word_592" split="simple antecedent" type="anaphoric" type_of_pronoun="demonstrative"/>
 <markable audience="none" case="none" coref_class="set_93" id="markable_1182" mention="pronoun" mmax_level="coref" span="word_486" type="speaker reference" type_of_pronoun="possessive"/>
 <markable audience="none" coref_class="empty" id="markable_3361" mention="pronoun" mmax_level="coref" personal_or_reflexive="none" span="word_1423" type="speaker reference" type_of_pronoun="personal"/>
 <markable case="none" coref_class="set_68" id="markable_1183" mention="np" mmax_level="coref" nptype="antecedent" span="word_486..word_487"/>
 <markable agreement="they (sg.)" antetype="entity" case="accusative" coref_class="set_35" id="markable_3360" mention="pronoun" mmax_level="coref" position="it (non-subject)" span="word_1422" split="simple antecedent" type="anaphoric" type_of_pronoun="relative"/>
 <markable agreement="none" antetype="event" coref_class="set_73" id="markable_4211" mention="pronoun" mmax_level="coref" position="it (subject)" span="word_903" split="simple antecedent" type="anaphoric" type_of_pronoun="demonstrative"/>
 <markable agreement="they (pl.)" antetype="entity" case="nominative" coref_class="set_45" id="markable_4212" mention="pronoun" mmax_level="coref" position="it (non-subject)" span="word_915" split="simple antecedent" type="anaphoric" type_of_pronoun="demonstrative"/>
 <markable agreement="none" antetype="event" coref_class="set_73" id="markable_4210" mention="pronoun" mmax_level="coref" position="it (subject)" span="word_890" split="simple antecedent" type="anaphoric" type_of_pronoun="demonstrative"/>
 <markable agreement="they (sg.)" antetype="entity" coref_class="set_74" id="markable_4215" mention="pronoun" mmax_level="coref" position="it (subject)" span="word_1046" split="simple antecedent" type="anaphoric" type_of_pronoun="demonstrative"/>
 <markable coref_class="empty" id="markable_4216" mention="pronoun" mmax_level="coref" span="word_1186" type="extratextual reference"/>
 <markable coref_class="set_47" id="markable_4213" mention="np" mmax_level="coref" nptype="antecedent" span="word_1024..word_1029"/>
 <markable agreement="they (sg.)" antetype="entity" case="nominative" coref_class="set_13" id="markable_1069" mention="pronoun" mmax_level="coref" position="none" span="word_442" split="simple antecedent" type="anaphoric" type_of_pronoun="personal"/>
 <markable agreement="they (sg.)" coref_class="set_74" id="markable_4214" mention="pronoun" mmax_level="coref" position="it (subject)" span="word_1037" type="antecedent" type_of_pronoun="demonstrative"/>
 <markable coref_class="empty" id="markable_4219" mention="pronoun" mmax_level="coref" span="word_1226" type="extratextual reference"/>
 <markable coref_class="empty" id="markable_4217" mention="pronoun" mmax_level="coref" span="word_1211" type="extratextual reference"/>
 <markable coref_class="set_49" id="markable_4218" mention="np" mmax_level="coref" nptype="antecedent" span="word_1215..word_1216"/>
 <markable case="none" coref_class="set_43" id="markable_1071" mention="np" mmax_level="coref" nptype="antecedent" span="word_448..word_449"/>
 <markable audience="none" case="none" coref_class="set_91" id="markable_1072" mention="pronoun" mmax_level="coref" span="word_451" type="speaker reference" type_of_pronoun="possessive"/>
 <markable audience="none" case="none" coref_class="empty" id="markable_3251" mention="pronoun" mmax_level="coref" span="word_1368" type="speaker reference" type_of_pronoun="possessive"/>
 <markable coref_class="empty" id="markable_3250" mention="pronoun" mmax_level="coref" span="word_1360" type="pleonastic"/>
 <markable agreement="none" antetype="event" case="accusative" coref_class="set_82" id="markable_4222" mention="pronoun" mmax_level="coref" position="it (non-subject)" span="word_1277" split="simple antecedent" type="anaphoric" type_of_pronoun="demonstrative"/>
 <markable case="accusative" coref_class="empty" id="markable_4223" mention="pronoun" mmax_level="coref" span="word_1474" type="extratextual reference"/>
 <markable case="nominative" coref_class="empty" id="markable_4221" mention="pronoun" mmax_level="coref" span="word_1232" type="extratextual reference"/>
 <markable audience="none" case="none" coref_class="empty" id="markable_3254" mention="pronoun" mmax_level="coref" span="word_1375" type="speaker reference" type_of_pronoun="possessive"/>
 <markable case="nominative" coref_class="empty" id="markable_4227" mention="pronoun" mmax_level="coref" span="word_1572" type="extratextual reference"/>
 <markable case="nominative" coref_class="empty" id="markable_4224" mention="pronoun" mmax_level="coref" span="word_1518" type="extratextual reference"/>
 <markable coref_class="empty" id="markable_4228" mention="pronoun" mmax_level="coref" span="word_1587" type="extratextual reference"/>
 <markable case="nominative" coref_class="empty" id="markable_4229" mention="pronoun" mmax_level="coref" span="word_1630" type="extratextual reference"/>
 <markable agreement="none" antetype="entity" case="accusative" coref_class="empty" id="markable_4230" mention="pronoun" mmax_level="coref" position="none" span="word_1615" split="simple antecedent" type="anaphoric" type_of_pronoun="personal"/>
 <markable case="none" coref_class="set_45" id="markable_2172" mention="np" mmax_level="coref" nptype="antecedent" span="word_911"/>
 <markable agreement="they (sg.)" antetype="entity" case="nominative" coref_class="set_13" id="markable_4233" mention="pronoun" mmax_level="coref" position="it (subject)" span="word_423" split="simple antecedent" type="anaphoric" type_of_pronoun="personal"/>
 <markable audience="none" coref_class="set_99" id="markable_4234" mention="pronoun" mmax_level="coref" personal_or_reflexive="personal" span="word_761" type="speaker reference" type_of_pronoun="personal"/>
 <markable agreement="they (sg.)" antetype="event" case="nominative" coref_class="set_84" id="markable_4231" mention="pronoun" mmax_level="coref" position="it (subject)" span="word_1392" split="simple antecedent" type="anaphoric" type_of_pronoun="demonstrative"/>
 <markable agreement="none" coref_class="empty" id="markable_4232" mention="pronoun" mmax_level="coref" position="none" span="word_389" type="antecedent" type_of_pronoun="personal"/>
 <markable audience="none" coref_class="empty" id="markable_4237" mention="pronoun" mmax_level="coref" personal_or_reflexive="personal" span="word_1386" type="speaker reference" type_of_pronoun="personal"/>
 <markable coref_class="empty" id="markable_4238" mention="pronoun" mmax_level="coref" span="word_1449" type="extratextual reference"/>
 <markable agreement="they (sg.)" antetype="entity" coref_class="set_22" id="markable_4235" mention="pronoun" mmax_level="coref" position="it (subject)" span="word_777" split="simple antecedent" type="anaphoric" type_of_pronoun="demonstrative"/>
 <markable agreement="they (sg.)" antetype="entity" case="nominative" coref_class="set_60" id="markable_4236" mention="pronoun" mmax_level="coref" position="it (subject)" span="word_809" split="simple antecedent" type="anaphoric" type_of_pronoun="demonstrative"/>
 <markable coref_class="empty" id="markable_4239" mention="pronoun" mmax_level="coref" span="word_1566" type="extratextual reference"/>
 <markable audience="none" coref_class="set_100" id="markable_2290" mention="pronoun" mmax_level="coref" personal_or_reflexive="reflexive" span="word_966" type="speaker reference" type_of_pronoun="reflexive"/>
 <markable case="none" coref_class="set_12" id="markable_1011" mention="np" mmax_level="coref" nptype="antecedent" span="word_397..word_398"/>
 <markable audience="none" case="none" coref_class="set_92" id="markable_1132" mention="pronoun" mmax_level="coref" span="word_459" type="speaker reference" type_of_pronoun="possessive"/>
 <markable agreement="they (sg.)" antetype="entity" case="nominative" coref_class="set_26" id="markable_2220" mention="pronoun" mmax_level="coref" position="it (subject)" span="word_927" split="simple antecedent" type="anaphoric" type_of_pronoun="relative"/>
 <markable agreement="none" antetype="entity" case="nominative" coref_class="set_12" id="markable_1012" mention="pronoun" mmax_level="coref" position="it (non-subject)" span="word_401" split="simple antecedent" type="anaphoric" type_of_pronoun="relative"/>
 <markable case="accusative" coref_class="set_12" id="markable_1013" mention="pronoun" mmax_level="coref" span="word_402" type="not sure. help!"/>
 <markable audience="none" case="none" coref_class="set_92" id="markable_1134" mention="pronoun" mmax_level="coref" span="word_469" type="speaker reference" type_of_pronoun="possessive"/>
 <markable agreement="you (pl.)" audience="none" coref_class="empty" id="markable_3798" mention="pronoun" mmax_level="coref" personal_or_reflexive="none" position="you (subject)" span="word_1600" type="addressee reference" type_of_pronoun="personal"/>
 <markable agreement="you (pl.)" audience="none" coref_class="empty" id="markable_3797" mention="pronoun" mmax_level="coref" personal_or_reflexive="none" position="you (non-subject)" span="word_1595" type="addressee reference" type_of_pronoun="personal"/>
 <markable agreement="you (pl.)" audience="none" coref_class="empty" id="markable_3799" mention="pronoun" mmax_level="coref" personal_or_reflexive="none" position="you (subject)" span="word_1604" type="addressee reference" type_of_pronoun="personal"/>
 <markable agreement="they (sg.)" antetype="entity" case="accusative" coref_class="set_13" id="markable_1009" mention="pronoun" mmax_level="coref" position="it (non-subject)" span="word_394" split="simple antecedent" type="anaphoric" type_of_pronoun="relative"/>
 <markable case="none" coref_class="set_19" id="markable_1384" mention="np" mmax_level="coref" nptype="antecedent" span="word_579..word_580"/>
 <markable agreement="they (sg.)" antetype="entity" case="possessive" coref_class="set_19" id="markable_1385" mention="pronoun" mmax_level="coref" position="it (non-subject)" span="word_581" split="simple antecedent" type="anaphoric" type_of_pronoun="possessive"/>
 <markable audience="none" case="none" coref_class="empty" id="markable_3323" mention="pronoun" mmax_level="coref" span="word_1402" type="speaker reference" type_of_pronoun="possessive"/>
 <markable case="accusative" coref_class="empty" id="markable_3570" mention="pronoun" mmax_level="coref" span="word_1512" type="extratextual reference"/>
 <markable case="accusative" coref_class="empty" id="markable_3693" mention="pronoun" mmax_level="coref" span="word_1558" type="extratextual reference"/>
 <markable agreement="you (pl.)" audience="none" coref_class="empty" id="markable_3571" mention="pronoun" mmax_level="coref" personal_or_reflexive="none" position="you (non-subject)" span="word_1513" type="addressee reference" type_of_pronoun="personal"/>
 <markable agreement="you (pl.)" audience="deictic you" coref_class="empty" id="markable_3692" mention="pronoun" mmax_level="coref" personal_or_reflexive="none" position="you (subject)" span="word_1557" type="addressee reference" type_of_pronoun="personal"/>
 <markable audience="none" coref_class="empty" id="markable_4300" mention="pronoun" mmax_level="coref" span="word_1275" type="speaker reference" type_of_pronoun="personal"/>
 <markable agreement="you (pl.)" audience="deictic you" coref_class="empty" id="markable_3695" mention="pronoun" mmax_level="coref" personal_or_reflexive="none" position="you (non-subject)" span="word_1560" type="addressee reference" type_of_pronoun="personal"/>
 <markable audience="none" coref_class="empty" id="markable_4303" mention="pronoun" mmax_level="coref" span="word_1332" type="speaker reference" type_of_pronoun="personal"/>
 <markable audience="none" coref_class="empty" id="markable_4304" mention="pronoun" mmax_level="coref" span="word_1378" type="speaker reference" type_of_pronoun="personal"/>
 <markable audience="none" coref_class="empty" id="markable_4301" mention="pronoun" mmax_level="coref" span="word_1292" type="speaker reference" type_of_pronoun="personal"/>
 <markable audience="none" coref_class="empty" id="markable_4302" mention="pronoun" mmax_level="coref" span="word_1305" type="speaker reference" type_of_pronoun="personal"/>
 <markable audience="none" coref_class="empty" id="markable_4307" mention="pronoun" mmax_level="coref" span="word_1539" type="speaker reference" type_of_pronoun="personal"/>
 <markable audience="none" coref_class="empty" id="markable_4308" mention="pronoun" mmax_level="coref" span="word_1585" type="speaker reference" type_of_pronoun="personal"/>
 <markable audience="none" coref_class="empty" id="markable_4305" mention="pronoun" mmax_level="coref" span="word_1511" type="speaker reference" type_of_pronoun="personal"/>
 <markable audience="none" coref_class="empty" id="markable_4306" mention="pronoun" mmax_level="coref" span="word_1527" type="speaker reference" type_of_pronoun="personal"/>
 <markable agreement="you (pl.)" audience="deictic you" coref_class="empty" id="markable_1040" mention="pronoun" mmax_level="coref" personal_or_reflexive="none" position="you (non-subject)" span="word_435" type="addressee reference" type_of_pronoun="personal"/>
 <markable audience="none" coref_class="empty" id="markable_4310" mention="pronoun" mmax_level="coref" span="word_1687" type="speaker reference" type_of_pronoun="personal"/>
 <markable agreement="none" antetype="entity" case="none" coref_class="set_13" id="markable_1042" mention="np" mmax_level="coref" nptype="np" span="word_439..word_440" split="simple antecedent" sub_apposition="none" type="none"/>
 <markable audience="none" coref_class="set_103" id="markable_4311" mention="pronoun" mmax_level="coref" span="word_1693" type="speaker reference" type_of_pronoun="personal"/>
 <markable audience="none" case="none" coref_class="set_94" id="markable_1286" mention="pronoun" mmax_level="coref" span="word_509" type="speaker reference" type_of_pronoun="possessive"/>
 <markable case="none" coref_class="set_14" id="markable_1287" mention="np" mmax_level="coref" nptype="antecedent" span="word_509..word_510"/>
 <markable agreement="you (pl.)" audience="none" coref_class="empty" id="markable_1288" mention="pronoun" mmax_level="coref" personal_or_reflexive="none" position="you (non-subject)" span="word_512" type="addressee reference" type_of_pronoun="personal"/>
 <markable agreement="you (pl.)" audience="none" coref_class="empty" id="markable_1289" mention="pronoun" mmax_level="coref" personal_or_reflexive="none" position="you (subject)" span="word_516" type="addressee reference" type_of_pronoun="personal"/>
 <markable audience="none" coref_class="empty" id="markable_4312" mention="pronoun" mmax_level="coref" span="word_1709" type="speaker reference" type_of_pronoun="personal"/>
 <markable audience="none" coref_class="empty" id="markable_4313" mention="pronoun" mmax_level="coref" span="word_1730" type="speaker reference" type_of_pronoun="personal"/>
 <markable audience="none" coref_class="empty" id="markable_4309" mention="pronoun" mmax_level="coref" span="word_1591" type="speaker reference" type_of_pronoun="personal"/>
 <markable agreement="none" case="nominative" coref_class="set_18" id="markable_1330" mention="pronoun" mmax_level="coref" span="word_558" split="simple antecedent" type="anaphoric"/>
 <markable agreement="none" antetype="entity" case="none" coref_class="set_22" id="markable_2784" mention="np" mmax_level="coref" nptype="np" span="word_1169..word_1170" split="simple antecedent" sub_apposition="none" type="none"/>
 <markable coref_class="empty" id="markable_2663" mention="pronoun" mmax_level="coref" span="word_1120" type="pleonastic"/>
 <markable audience="co-present we" coref_class="empty" id="markable_2783" mention="pronoun" mmax_level="coref" personal_or_reflexive="none" span="word_1165" type="speaker reference" type_of_pronoun="personal"/>
 <markable coref_class="empty" id="markable_2786" mention="pronoun" mmax_level="coref" span="word_1180" type="pleonastic"/>
 <markable agreement="they (sg.)" antetype="entity" case="nominative" coref_class="set_30" id="markable_2665" mention="pronoun" mmax_level="coref" position="it (subject)" span="word_1127" split="simple antecedent" type="anaphoric" type_of_pronoun="relative"/>
 <markable agreement="you (pl.)" audience="none" coref_class="empty" id="markable_568" mention="pronoun" mmax_level="coref" personal_or_reflexive="none" position="you (subject)" span="word_232" type="addressee reference" type_of_pronoun="personal"/>
 <markable audience="none" case="none" coref_class="empty" id="markable_3753" mention="pronoun" mmax_level="coref" span="word_1581" type="speaker reference" type_of_pronoun="possessive"/>
 <markable audience="none" coref_class="empty" id="markable_2664" mention="pronoun" mmax_level="coref" personal_or_reflexive="none" span="word_1123" type="speaker reference" type_of_pronoun="possessive"/>
 <markable agreement="they (sg.)" antetype="entity" case="accusative" coref_class="set_6" id="markable_567" mention="pronoun" mmax_level="coref" position="it (subject)" span="word_231" split="simple antecedent" type="anaphoric" type_of_pronoun="relative"/>
 <markable audience="none" coref_class="empty" id="markable_2666" mention="pronoun" mmax_level="coref" personal_or_reflexive="personal" span="word_1129" type="speaker reference" type_of_pronoun="personal"/>
 <markable agreement="you (pl.)" audience="none" coref_class="empty" id="markable_571" mention="pronoun" mmax_level="coref" personal_or_reflexive="none" position="you (subject)" span="word_240" type="addressee reference" type_of_pronoun="personal"/>
 <markable agreement="none" antetype="entity" case="accusative" coref_class="set_7" id="markable_570" mention="pronoun" mmax_level="coref" position="it (subject)" span="word_239" split="simple antecedent" type="anaphoric" type_of_pronoun="relative"/>
 <markable agreement="they (sg.)" antetype="entity" case="nominative" coref_class="set_16" id="markable_1348" mention="pronoun" mmax_level="coref" position="it (subject)" span="word_565" split="simple antecedent" type="anaphoric" type_of_pronoun="personal"/>
 <markable agreement="they (sg.)" antetype="entity" case="accusative" coref_class="set_5" id="markable_454" mention="pronoun" mmax_level="coref" position="it (non-subject)" span="word_186" split="simple antecedent" type="anaphoric" type_of_pronoun="personal"/>
 <markable agreement="none" antetype="entity" case="accusative" coref_class="empty" id="markable_1349" mention="pronoun" mmax_level="coref" position="none" span="word_567" split="simple antecedent" type="anaphoric" type_of_pronoun="personal"/>
 <markable case="none" coref_class="set_2" id="markable_207" mention="np" mmax_level="coref" nptype="antecedent" span="word_77..word_78"/>
 <markable agreement="none" case="none" coref_class="empty" id="markable_569" mention="pronoun" mmax_level="coref" nptype="none" span="word_236" sub_apposition="none" type="pronoun"/>
 <markable agreement="they (sg.)" antetype="entity" case="dative" coref_class="set_2" id="markable_208" mention="pronoun" mmax_level="coref" position="it (non-subject)" span="word_83" split="simple antecedent" type="anaphoric" type_of_pronoun="personal"/>
 <markable agreement="they (sg.)" antetype="entity" case="accusative" coref_class="set_47" id="markable_2441" mention="pronoun" mmax_level="coref" position="it (non-subject)" span="word_1031" split="simple antecedent" type="anaphoric" type_of_pronoun="relative"/>
 <markable agreement="they (pl.)" antetype="entity" case="accusative" coref_class="set_36" id="markable_3415" mention="pronoun" mmax_level="coref" position="it (non-subject)" span="word_1445" split="simple antecedent" type="anaphoric" type_of_pronoun="personal"/>
 <markable agreement="you (pl.)" audience="none" coref_class="empty" id="markable_3416" mention="pronoun" mmax_level="coref" personal_or_reflexive="none" position="you (non-subject)" span="word_1446" type="addressee reference" type_of_pronoun="personal"/>
 <markable audience="co-present we" coref_class="empty" id="markable_351" mention="pronoun" mmax_level="coref" personal_or_reflexive="none" span="word_138" type="speaker reference" type_of_pronoun="personal"/>
 <markable agreement="they (pl.)" antetype="entity" case="nominative" coref_class="set_37" id="markable_3542" mention="pronoun" mmax_level="coref" position="it (subject)" span="word_1477" split="simple antecedent" type="anaphoric" type_of_pronoun="personal"/>
 <markable agreement="none" antetype="entity" case="accusative" coref_class="empty" id="markable_114" mention="pronoun" mmax_level="coref" position="none" span="word_17" split="simple antecedent" type="cataphoric"/>
 <markable agreement="none" case="none" coref_class="set_86" id="markable_598" mention="pronoun" mmax_level="coref" nptype="none" span="word_251" sub_apposition="none" type="pronoun"/>
 <markable agreement="they (sg.)" antetype="entity" case="dative" coref_class="set_51" id="markable_3545" mention="pronoun" mmax_level="coref" position="it (subject)" span="word_1491" split="simple antecedent" type="anaphoric" type_of_pronoun="reflexive"/>
 <markable audience="deictic (sie, ihnen, ihr/e/er/es/em/en, du, dich, dir, dein/e/er/es/em/en)" coref_class="empty" id="markable_117" mention="pronoun" mmax_level="coref" personal_or_reflexive="none" span="word_27" type="addressee reference"/>
 <markable agreement="none" coref_class="set_51" id="markable_3544" mention="pronoun" mmax_level="coref" position="it (subject)" span="word_1483" type="antecedent" type_of_pronoun="demonstrative"/>
 <markable coref_class="empty" id="markable_116" mention="pronoun" mmax_level="coref" span="word_23" type="pleonastic"/>
 <markable audience="co-present wir/uns/unser" coref_class="empty" id="markable_3547" mention="pronoun" mmax_level="coref" personal_or_reflexive="none" span="word_1498" type="speaker reference"/>
 <markable audience="co-present we" coref_class="empty" id="markable_352" mention="pronoun" mmax_level="coref" personal_or_reflexive="reflexive" span="word_139" type="speaker reference" type_of_pronoun="reflexive"/>
 <markable coref_class="empty" id="markable_113" mention="pronoun" mmax_level="coref" span="word_11" type="not sure. help!"/>
 <markable case="none" coref_class="set_4" id="markable_355" mention="np" mmax_level="coref" nptype="antecedent" span="word_148..word_153"/>
 <markable agreement="you (pl.)" audience="deictic you" coref_class="empty" id="markable_354" mention="pronoun" mmax_level="coref" personal_or_reflexive="none" position="you (non-subject)" span="word_146" type="addressee reference" type_of_pronoun="personal"/>
 <markable agreement="they (sg.)" antetype="entity" case="accusative" coref_class="set_5" id="markable_483" mention="pronoun" mmax_level="coref" position="it (non-subject)" span="word_200" split="simple antecedent" type="anaphoric" type_of_pronoun="personal"/>
 <markable coref_class="empty" id="markable_1531" mention="pronoun" mmax_level="coref" span="word_644" type="pleonastic"/>
 <markable audience="none" case="none" coref_class="set_101" id="markable_2865" mention="pronoun" mmax_level="coref" span="word_1215" type="speaker reference" type_of_pronoun="possessive"/>
 <markable agreement="they (sg.)" antetype="entity" case="accusative" coref_class="set_5" id="markable_485" mention="pronoun" mmax_level="coref" position="it (non-subject)" span="word_205" split="simple antecedent" type="anaphoric" type_of_pronoun="personal"/>
 <markable audience="none" case="none" coref_class="empty" id="markable_3711" mention="pronoun" mmax_level="coref" span="word_1569" type="speaker reference" type_of_pronoun="possessive"/>
 <markable agreement="you (pl.)" audience="deictic you" coref_class="empty" id="markable_484" mention="pronoun" mmax_level="coref" personal_or_reflexive="none" position="you (non-subject)" span="word_202" type="addressee reference" type_of_pronoun="personal"/>
 <markable agreement="you (pl.)" audience="none" coref_class="empty" id="markable_3955" mention="pronoun" mmax_level="coref" personal_or_reflexive="none" position="you (subject)" span="word_1670" type="addressee reference" type_of_pronoun="personal"/>
 <markable agreement="they (sg.)" antetype="entity" case="nominative" coref_class="set_31" id="markable_2737" mention="pronoun" mmax_level="coref" position="it (non-subject)" span="word_1153" split="simple antecedent" type="anaphoric" type_of_pronoun="relative"/>
 <markable agreement="they (sg.)" antetype="entity" case="accusative" coref_class="set_31" id="markable_2738" mention="pronoun" mmax_level="coref" position="it (non-subject)" span="word_1161" split="simple antecedent" type="anaphoric" type_of_pronoun="personal"/>
 <markable agreement="they (sg.)" antetype="entity" case="nominative" coref_class="set_63" id="markable_118" mention="pronoun" mmax_level="coref" position="it (non-subject)" span="word_39" split="simple antecedent" type="anaphoric" type_of_pronoun="relative"/>
 <markable audience="deictic (sie, ihnen, ihr/e/er/es/em/en, du, dich, dir, dein/e/er/es/em/en)" coref_class="empty" id="markable_379" mention="pronoun" mmax_level="coref" personal_or_reflexive="none" span="word_159" type="addressee reference"/>
 <markable agreement="you (pl.)" audience="none" coref_class="empty" id="markable_3958" mention="pronoun" mmax_level="coref" personal_or_reflexive="none" position="you (non-subject)" span="word_1676" type="addressee reference" type_of_pronoun="personal"/>
 <markable agreement="they (sg.)" antetype="entity" case="nominative" coref_class="set_4" id="markable_380" mention="pronoun" mmax_level="coref" position="it (subject)" span="word_163" split="simple antecedent" type="anaphoric" type_of_pronoun="personal"/>
 <markable agreement="they (sg.)" antetype="entity" case="nominative" coref_class="set_49" id="markable_2884" mention="pronoun" mmax_level="coref" position="it (subject)" span="word_1218" split="simple antecedent" type="anaphoric" type_of_pronoun="personal"/>
 <markable agreement="they (sg.)" antetype="entity" case="nominative" coref_class="set_38" id="markable_3973" mention="pronoun" mmax_level="coref" position="it (subject)" span="word_1683" split="simple antecedent" type="anaphoric" type_of_pronoun="personal"/>
 <markable audience="none" case="none" coref_class="set_97" id="markable_1676" mention="pronoun" mmax_level="coref" span="word_689" type="speaker reference" type_of_pronoun="possessive"/>
 <markable audience="none" case="none" coref_class="set_96" id="markable_1549" mention="pronoun" mmax_level="coref" span="word_655" type="speaker reference" type_of_pronoun="possessive"/>
 <markable coref_class="empty" id="markable_274" mention="pronoun" mmax_level="coref" span="word_101" type="pleonastic"/>
 <markable agreement="none" antetype="entity" case="none" coref_class="set_70" id="markable_1680" mention="np" mmax_level="coref" nptype="np" span="word_703..word_704" split="simple antecedent" sub_apposition="none" type="none"/>
 <markable case="none" coref_class="set_21" id="markable_1681" mention="np" mmax_level="coref" nptype="antecedent" span="word_708..word_709"/>
 <markable case="accusative" coref_class="set_21" id="markable_1682" mention="pronoun" mmax_level="coref" span="word_710" type="not sure. help!"/>
 <markable agreement="you (pl.)" audience="none" coref_class="empty" id="markable_2531" mention="pronoun" mmax_level="coref" personal_or_reflexive="none" position="you (non-subject)" span="word_1064" type="addressee reference" type_of_pronoun="personal"/>
 <markable agreement="they (sg.)" antetype="entity" case="accusative" coref_class="set_27" id="markable_2530" mention="pronoun" mmax_level="coref" position="it (non-subject)" span="word_1063" split="simple antecedent" type="anaphoric" type_of_pronoun="personal"/>
 <markable audience="co-present wir/uns/unser" coref_class="empty" id="markable_2533" mention="pronoun" mmax_level="coref" personal_or_reflexive="none" span="word_1071" type="speaker reference"/>
 <markable case="none" coref_class="set_3" id="markable_276" mention="np" mmax_level="coref" nptype="antecedent" span="word_112..word_116"/>
 <markable agreement="none" antetype="entity" case="accusative" coref_class="set_3" id="markable_278" mention="pronoun" mmax_level="coref" position="it (subject)" span="word_118" split="simple antecedent" type="anaphoric" type_of_pronoun="relative"/>
 <markable case="none" coref_class="set_101" id="markable_2899" mention="pronoun" mmax_level="coref" span="word_1229" type="not sure. help!"/>
 <markable case="none" coref_class="set_27" id="markable_2528" mention="np" mmax_level="coref" nptype="antecedent" span="word_1056..word_1057"/>
 <markable antetype="event" case="none" coref_class="set_79" id="markable_2700" mention="np" mmax_level="coref" nptype="np" span="word_1141..word_1142" split="simple antecedent"/>
 <markable audience="none" case="none" coref_class="set_96" id="markable_1611" mention="pronoun" mmax_level="coref" span="word_669" type="speaker reference" type_of_pronoun="possessive"/>
 <markable agreement="they (sg.)" antetype="entity" case="nominative" coref_class="set_32" id="markable_2823" mention="pronoun" mmax_level="coref" position="it (subject)" span="word_1194" split="simple antecedent" type="anaphoric" type_of_pronoun="personal"/>
 <markable agreement="they (sg.)" antetype="entity" case="nominative" coref_class="set_43" id="markable_1609" mention="pronoun" mmax_level="coref" position="it (subject)" span="word_660" split="simple antecedent" type="anaphoric" type_of_pronoun="personal"/>
 <markable agreement="they (pl.)" antetype="entity" case="nominative" coref_class="set_56" id="markable_3921" mention="pronoun" mmax_level="coref" position="it (subject)" span="word_1614" split="simple antecedent" type="anaphoric" type_of_pronoun="relative"/>
 <markable case="nominative" coref_class="empty" id="markable_3923" mention="pronoun" mmax_level="coref" span="word_1639" type="extratextual reference"/>
 <markable audience="none" case="none" coref_class="empty" id="markable_1614" mention="pronoun" mmax_level="coref" span="word_678" type="speaker reference" type_of_pronoun="possessive"/>
 <markable agreement="they (sg.)" antetype="entity" case="nominative" coref_class="set_20" id="markable_1616" mention="pronoun" mmax_level="coref" position="it (non-subject)" span="word_681" split="simple antecedent" type="anaphoric" type_of_pronoun="relative"/>
 <markable agreement="you (pl.)" audience="deictic you" coref_class="empty" id="markable_1737" mention="pronoun" mmax_level="coref" personal_or_reflexive="none" position="you (subject)" span="word_729" type="addressee reference" type_of_pronoun="personal"/>
 <markable audience="deictic (sie, ihnen, ihr/e/er/es/em/en, du, dich, dir, dein/e/er/es/em/en)" coref_class="empty" id="markable_1738" mention="pronoun" mmax_level="coref" personal_or_reflexive="none" span="word_730" type="addressee reference"/>
 <markable agreement="they (sg.)" antetype="entity" case="possessive" coref_class="set_10" id="markable_862" mention="pronoun" mmax_level="coref" position="it (non-subject)" span="word_352" split="simple antecedent" type="anaphoric" type_of_pronoun="possessive"/>
 <markable agreement="they (sg.)" antetype="entity" case="accusative" coref_class="set_10" id="markable_865" mention="pronoun" mmax_level="coref" position="it (subject)" span="word_357" split="simple antecedent" type="anaphoric" type_of_pronoun="personal"/>
 <markable audience="none" case="none" coref_class="set_88" id="markable_740" mention="pronoun" mmax_level="coref" span="word_308" type="speaker reference" type_of_pronoun="possessive"/>
 <markable agreement="they (sg.)" antetype="entity" case="nominative" coref_class="set_10" id="markable_861" mention="pronoun" mmax_level="coref" position="it (subject)" span="word_346" split="simple antecedent" type="anaphoric" type_of_pronoun="personal"/>
 <markable case="none" coref_class="set_40" id="markable_1504" mention="np" mmax_level="coref" nptype="antecedent" span="word_613..word_614"/>
 <markable agreement="you (pl.)" audience="none" coref_class="empty" id="markable_3925" mention="pronoun" mmax_level="coref" personal_or_reflexive="none" position="you (subject)" span="word_1647" type="addressee reference" type_of_pronoun="personal"/>
 <markable agreement="they (sg.)" antetype="entity" case="nominative" coref_class="set_40" id="markable_1505" mention="pronoun" mmax_level="coref" position="it (subject)" span="word_620" split="simple antecedent" type="anaphoric" type_of_pronoun="personal"/>
 <markable coref_class="empty" id="markable_3924" mention="pronoun" mmax_level="coref" span="word_1644" type="extratextual reference"/>
 <markable case="none" coref_class="set_42" id="markable_1506" mention="np" mmax_level="coref" nptype="antecedent" span="word_621"/>
 <markable case="nominative" coref_class="empty" id="markable_3927" mention="pronoun" mmax_level="coref" span="word_1657" type="extratextual reference"/>
 <markable agreement="they (pl.)" antetype="entity" case="accusative" coref_class="set_42" id="markable_1507" mention="pronoun" mmax_level="coref" position="it (non-subject)" span="word_624" split="simple antecedent" type="anaphoric" type_of_pronoun="personal"/>
 <markable agreement="they (pl.)" antetype="entity" case="accusative" coref_class="set_42" id="markable_1508" mention="pronoun" mmax_level="coref" position="it (non-subject)" span="word_636" split="simple antecedent" type="anaphoric" type_of_pronoun="personal"/>
 <markable case="nominative" coref_class="empty" id="markable_3928" mention="pronoun" mmax_level="coref" span="word_1663" type="extratextual reference"/>
 <markable audience="none" case="none" coref_class="set_87" id="markable_615" mention="pronoun" mmax_level="coref" span="word_257" type="speaker reference" type_of_pronoun="possessive"/>
 <markable agreement="they (sg.)" antetype="entity" case="accusative" coref_class="set_33" id="markable_2971" mention="pronoun" mmax_level="coref" position="it (non-subject)" span="word_1250" split="simple antecedent" type="anaphoric" type_of_pronoun="personal"/>
 <markable case="none" coref_class="set_33" id="markable_2970" mention="np" mmax_level="coref" nptype="antecedent" span="word_1245..word_1246"/>
 <markable agreement="they (sg.)" antetype="entity" case="nominative" coref_class="set_29" id="markable_2610" mention="pronoun" mmax_level="coref" position="it (subject)" span="word_1102" split="simple antecedent" type="anaphoric" type_of_pronoun="relative"/>
 <markable agreement="none" case="accusative" coref_class="set_5" id="markable_512" mention="pronoun" mmax_level="coref" span="word_217" split="simple antecedent" type="anaphoric"/>
 <markable agreement="they (sg.)" antetype="entity" case="nominative" coref_class="set_81" id="markable_2972" mention="pronoun" mmax_level="coref" position="it (subject)" span="word_1255" split="simple antecedent" type="anaphoric" type_of_pronoun="personal"/>
 <markable case="none" coref_class="set_81" id="markable_2968" mention="np" mmax_level="coref" nptype="antecedent" span="word_1242..word_1243"/>
 <markable agreement="they (sg.)" antetype="entity" case="accusative" coref_class="set_32" id="markable_2847" mention="pronoun" mmax_level="coref" position="it (non-subject)" span="word_1204" split="simple antecedent" type="anaphoric" type_of_pronoun="personal"/>
 <markable audience="none" case="none" coref_class="set_102" id="markable_2969" mention="pronoun" mmax_level="coref" span="word_1245" type="speaker reference" type_of_pronoun="possessive"/>
 <markable case="none" coref_class="set_29" id="markable_2609" mention="np" mmax_level="coref" nptype="antecedent" span="word_1099..word_1100"/>
 <markable agreement="they (sg.)" antetype="entity" case="nominative" coref_class="set_28" id="markable_2608" mention="pronoun" mmax_level="coref" position="it (subject)" span="word_1093" split="simple antecedent" type="anaphoric" type_of_pronoun="relative"/>
 <markable case="none" coref_class="set_22" id="markable_1811" mention="np" mmax_level="coref" nptype="antecedent" span="word_757..word_758"/>
 <markable agreement="you (pl.)" audience="none" coref_class="empty" id="markable_531" mention="pronoun" mmax_level="coref" personal_or_reflexive="none" position="you (subject)" span="word_223" type="addressee reference" type_of_pronoun="personal"/>
 <markable audience="none" case="none" coref_class="set_90" id="markable_893" mention="pronoun" mmax_level="coref" span="word_370" type="speaker reference" type_of_pronoun="possessive"/>
 <markable agreement="they (sg.)" antetype="entity" case="nominative" coref_class="set_23" id="markable_1943" mention="pronoun" mmax_level="coref" position="it (subject)" span="word_817" split="simple antecedent" type="anaphoric" type_of_pronoun="relative"/>
 <markable agreement="they (sg.)" antetype="entity" case="nominative" coref_class="set_22" id="markable_1812" mention="pronoun" mmax_level="coref" position="it (non-subject)" span="word_760" split="simple antecedent" type="anaphoric" type_of_pronoun="relative"/>
 <markable coref_class="empty" id="markable_1934" mention="pronoun" mmax_level="coref" span="word_784" type="pleonastic"/>
 <markable agreement="none" case="none" coref_class="empty" id="markable_1935" mention="pronoun" mmax_level="coref" nptype="none" span="word_786" sub_apposition="none" type="pronoun"/>
 <markable agreement="you (pl.)" audience="generic you" coref_class="empty" id="markable_1937" mention="pronoun" mmax_level="coref" personal_or_reflexive="none" position="you (subject)" span="word_792" type="addressee reference" type_of_pronoun="personal"/>
 <markable case="none" coref_class="set_60" id="markable_1938" mention="np" mmax_level="coref" nptype="antecedent" span="word_793..word_799"/>
 <markable audience="none" case="none" coref_class="set_87" id="markable_667" mention="pronoun" mmax_level="coref" span="word_268" type="speaker reference" type_of_pronoun="possessive"/>
 <markable agreement="they (sg.)" antetype="entity" case="nominative" coref_class="set_5" id="markable_417" mention="pronoun" mmax_level="coref" position="it (subject)" span="word_171" split="simple antecedent" type="anaphoric" type_of_pronoun="relative"/>
 <markable audience="none" case="none" coref_class="set_87" id="markable_671" mention="pronoun" mmax_level="coref" span="word_279" type="speaker reference" type_of_pronoun="possessive"/>
 <markable agreement="none" antetype="event" coref_class="set_64" id="markable_310" mention="pronoun" mmax_level="coref" position="it (non-subject)" span="word_133" split="simple antecedent" type="anaphoric" type_of_pronoun="personal"/>
 <markable agreement="they (sg.)" antetype="entity" case="dative" coref_class="set_8" id="markable_669" mention="pronoun" mmax_level="coref" position="it (non-subject)" span="word_273" split="simple antecedent" type="anaphoric" type_of_pronoun="personal"/>
 <markable case="none" coref_class="set_8" id="markable_668" mention="np" mmax_level="coref" nptype="antecedent" span="word_268..word_269"/>
</markables>