<?xml version="1.0" encoding="UTF-8"?>
<!DOCTYPE markables SYSTEM "markables.dtd">
<markables xmlns="www.eml.org/NameSpaces/sentence">
<markable mmax_level="sentence" id="markable_1" span="word_1..word_5" imported_tag_type="eol" />
<markable mmax_level="sentence" id="markable_2" span="word_6..word_9" imported_tag_type="eol" />
<markable mmax_level="sentence" id="markable_3" span="word_10..word_17" imported_tag_type="eol" />
<markable mmax_level="sentence" id="markable_4" span="word_18..word_48" imported_tag_type="eol" />
<markable mmax_level="sentence" id="markable_5" span="word_49..word_54" imported_tag_type="eol" />
<markable mmax_level="sentence" id="markable_6" span="word_55..word_76" imported_tag_type="eol" />
<markable mmax_level="sentence" id="markable_7" span="word_77..word_87" imported_tag_type="eol" />
<markable mmax_level="sentence" id="markable_8" span="word_88..word_104" imported_tag_type="eol" />
<markable mmax_level="sentence" id="markable_9" span="word_105..word_126" imported_tag_type="eol" />
<markable mmax_level="sentence" id="markable_10" span="word_127..word_144" imported_tag_type="eol" />
<markable mmax_level="sentence" id="markable_11" span="word_145..word_163" imported_tag_type="eol" />
<markable mmax_level="sentence" id="markable_12" span="word_164..word_188" imported_tag_type="eol" />
<markable mmax_level="sentence" id="markable_13" span="word_189..word_205" imported_tag_type="eol" />
<markable mmax_level="sentence" id="markable_14" span="word_206..word_264" imported_tag_type="eol" />
<markable mmax_level="sentence" id="markable_15" span="word_265..word_272" imported_tag_type="eol" />
<markable mmax_level="sentence" id="markable_16" span="word_273..word_274" imported_tag_type="eol" />
<markable mmax_level="sentence" id="markable_17" span="word_275..word_299" imported_tag_type="eol" />
<markable mmax_level="sentence" id="markable_18" span="word_300..word_301" imported_tag_type="eol" />
<markable mmax_level="sentence" id="markable_19" span="word_302..word_310" imported_tag_type="eol" />
<markable mmax_level="sentence" id="markable_20" span="word_311..word_318" imported_tag_type="eol" />
<markable mmax_level="sentence" id="markable_21" span="word_319..word_328" imported_tag_type="eol" />
<markable mmax_level="sentence" id="markable_22" span="word_329..word_337" imported_tag_type="eol" />
<markable mmax_level="sentence" id="markable_23" span="word_338..word_353" imported_tag_type="eol" />
<markable mmax_level="sentence" id="markable_24" span="word_354..word_379" imported_tag_type="eol" />
<markable mmax_level="sentence" id="markable_25" span="word_380..word_404" imported_tag_type="eol" />
<markable mmax_level="sentence" id="markable_26" span="word_405..word_409" imported_tag_type="eol" />
<markable mmax_level="sentence" id="markable_27" span="word_410..word_423" imported_tag_type="eol" />
<markable mmax_level="sentence" id="markable_28" span="word_424..word_429" imported_tag_type="eol" />
<markable mmax_level="sentence" id="markable_29" span="word_430..word_431" imported_tag_type="eol" />
<markable mmax_level="sentence" id="markable_30" span="word_432..word_433" imported_tag_type="eol" />
<markable mmax_level="sentence" id="markable_31" span="word_434..word_440" imported_tag_type="eol" />
<markable mmax_level="sentence" id="markable_32" span="word_441..word_466" imported_tag_type="eol" />
<markable mmax_level="sentence" id="markable_33" span="word_467..word_473" imported_tag_type="eol" />
<markable mmax_level="sentence" id="markable_34" span="word_474..word_492" imported_tag_type="eol" />
<markable mmax_level="sentence" id="markable_35" span="word_493..word_498" imported_tag_type="eol" />
<markable mmax_level="sentence" id="markable_36" span="word_499..word_507" imported_tag_type="eol" />
<markable mmax_level="sentence" id="markable_37" span="word_508..word_537" imported_tag_type="eol" />
<markable mmax_level="sentence" id="markable_38" span="word_538..word_552" imported_tag_type="eol" />
<markable mmax_level="sentence" id="markable_39" span="word_553..word_570" imported_tag_type="eol" />
<markable mmax_level="sentence" id="markable_40" span="word_571..word_584" imported_tag_type="eol" />
<markable mmax_level="sentence" id="markable_41" span="word_585..word_594" imported_tag_type="eol" />
<markable mmax_level="sentence" id="markable_42" span="word_595..word_596" imported_tag_type="eol" />
<markable mmax_level="sentence" id="markable_43" span="word_597..word_598" imported_tag_type="eol" />
<markable mmax_level="sentence" id="markable_44" span="word_599..word_615" imported_tag_type="eol" />
<markable mmax_level="sentence" id="markable_45" span="word_616..word_645" imported_tag_type="eol" />
<markable mmax_level="sentence" id="markable_46" span="word_646..word_655" imported_tag_type="eol" />
<markable mmax_level="sentence" id="markable_47" span="word_656..word_671" imported_tag_type="eol" />
<markable mmax_level="sentence" id="markable_48" span="word_672..word_684" imported_tag_type="eol" />
<markable mmax_level="sentence" id="markable_49" span="word_685..word_690" imported_tag_type="eol" />
<markable mmax_level="sentence" id="markable_50" span="word_691..word_709" imported_tag_type="eol" />
<markable mmax_level="sentence" id="markable_51" span="word_710..word_755" imported_tag_type="eol" />
<markable mmax_level="sentence" id="markable_52" span="word_756..word_776" imported_tag_type="eol" />
<markable mmax_level="sentence" id="markable_53" span="word_777..word_781" imported_tag_type="eol" />
<markable mmax_level="sentence" id="markable_54" span="word_782..word_786" imported_tag_type="eol" />
<markable mmax_level="sentence" id="markable_55" span="word_787..word_798" imported_tag_type="eol" />
<markable mmax_level="sentence" id="markable_56" span="word_799..word_817" imported_tag_type="eol" />
<markable mmax_level="sentence" id="markable_57" span="word_818..word_829" imported_tag_type="eol" />
<markable mmax_level="sentence" id="markable_58" span="word_830..word_846" imported_tag_type="eol" />
<markable mmax_level="sentence" id="markable_59" span="word_847..word_859" imported_tag_type="eol" />
<markable mmax_level="sentence" id="markable_60" span="word_860..word_879" imported_tag_type="eol" />
<markable mmax_level="sentence" id="markable_61" span="word_880..word_895" imported_tag_type="eol" />
<markable mmax_level="sentence" id="markable_62" span="word_896..word_935" imported_tag_type="eol" />
<markable mmax_level="sentence" id="markable_63" span="word_936..word_957" imported_tag_type="eol" />
<markable mmax_level="sentence" id="markable_64" span="word_958..word_962" imported_tag_type="eol" />
<markable mmax_level="sentence" id="markable_65" span="word_963..word_974" imported_tag_type="eol" />
<markable mmax_level="sentence" id="markable_66" span="word_975..word_987" imported_tag_type="eol" />
<markable mmax_level="sentence" id="markable_67" span="word_988..word_997" imported_tag_type="eol" />
<markable mmax_level="sentence" id="markable_68" span="word_998..word_1005" imported_tag_type="eol" />
<markable mmax_level="sentence" id="markable_69" span="word_1006..word_1015" imported_tag_type="eol" />
<markable mmax_level="sentence" id="markable_70" span="word_1016..word_1021" imported_tag_type="eol" />
<markable mmax_level="sentence" id="markable_71" span="word_1022..word_1041" imported_tag_type="eol" />
<markable mmax_level="sentence" id="markable_72" span="word_1042..word_1063" imported_tag_type="eol" />
<markable mmax_level="sentence" id="markable_73" span="word_1064..word_1085" imported_tag_type="eol" />
<markable mmax_level="sentence" id="markable_74" span="word_1086..word_1093" imported_tag_type="eol" />
<markable mmax_level="sentence" id="markable_75" span="word_1094..word_1115" imported_tag_type="eol" />
<markable mmax_level="sentence" id="markable_76" span="word_1116..word_1125" imported_tag_type="eol" />
<markable mmax_level="sentence" id="markable_77" span="word_1126..word_1149" imported_tag_type="eol" />
<markable mmax_level="sentence" id="markable_78" span="word_1150..word_1158" imported_tag_type="eol" />
<markable mmax_level="sentence" id="markable_79" span="word_1159..word_1196" imported_tag_type="eol" />
<markable mmax_level="sentence" id="markable_80" span="word_1197..word_1204" imported_tag_type="eol" />
<markable mmax_level="sentence" id="markable_81" span="word_1205..word_1226" imported_tag_type="eol" />
<markable mmax_level="sentence" id="markable_82" span="word_1227..word_1233" imported_tag_type="eol" />
<markable mmax_level="sentence" id="markable_83" span="word_1234..word_1238" imported_tag_type="eol" />
<markable mmax_level="sentence" id="markable_84" span="word_1239..word_1259" imported_tag_type="eol" />
<markable mmax_level="sentence" id="markable_85" span="word_1260..word_1265" imported_tag_type="eol" />
<markable mmax_level="sentence" id="markable_86" span="word_1266..word_1308" imported_tag_type="eol" />
<markable mmax_level="sentence" id="markable_87" span="word_1309..word_1312" imported_tag_type="eol" />
<markable mmax_level="sentence" id="markable_88" span="word_1313..word_1343" imported_tag_type="eol" />
<markable mmax_level="sentence" id="markable_89" span="word_1344..word_1353" imported_tag_type="eol" />
<markable mmax_level="sentence" id="markable_90" span="word_1354..word_1358" imported_tag_type="eol" />
<markable mmax_level="sentence" id="markable_91" span="word_1359..word_1362" imported_tag_type="eol" />
<markable mmax_level="sentence" id="markable_92" span="word_1363..word_1403" imported_tag_type="eol" />
<markable mmax_level="sentence" id="markable_93" span="word_1404..word_1455" imported_tag_type="eol" />
<markable mmax_level="sentence" id="markable_94" span="word_1456..word_1491" imported_tag_type="eol" />
<markable mmax_level="sentence" id="markable_95" span="word_1492..word_1510" imported_tag_type="eol" />
<markable mmax_level="sentence" id="markable_96" span="word_1511..word_1526" imported_tag_type="eol" />
<markable mmax_level="sentence" id="markable_97" span="word_1527..word_1560" imported_tag_type="eol" />
<markable mmax_level="sentence" id="markable_98" span="word_1561..word_1579" imported_tag_type="eol" />
<markable mmax_level="sentence" id="markable_99" span="word_1580..word_1597" imported_tag_type="eol" />
<markable mmax_level="sentence" id="markable_100" span="word_1598..word_1612" imported_tag_type="eol" />
<markable mmax_level="sentence" id="markable_101" span="word_1613..word_1631" imported_tag_type="eol" />
<markable mmax_level="sentence" id="markable_102" span="word_1632..word_1651" imported_tag_type="eol" />
<markable mmax_level="sentence" id="markable_103" span="word_1652..word_1656" imported_tag_type="eol" />
<markable mmax_level="sentence" id="markable_104" span="word_1657..word_1669" imported_tag_type="eol" />
<markable mmax_level="sentence" id="markable_105" span="word_1670..word_1689" imported_tag_type="eol" />
<markable mmax_level="sentence" id="markable_106" span="word_1690..word_1732" imported_tag_type="eol" />
<markable mmax_level="sentence" id="markable_107" span="word_1733..word_1742" imported_tag_type="eol" />
<markable mmax_level="sentence" id="markable_108" span="word_1743..word_1750" imported_tag_type="eol" />
<markable mmax_level="sentence" id="markable_109" span="word_1751..word_1770" imported_tag_type="eol" />
<markable mmax_level="sentence" id="markable_110" span="word_1771..word_1779" imported_tag_type="eol" />
<markable mmax_level="sentence" id="markable_111" span="word_1780..word_1784" imported_tag_type="eol" />
<markable mmax_level="sentence" id="markable_112" span="word_1785..word_1795" imported_tag_type="eol" />
<markable mmax_level="sentence" id="markable_113" span="word_1796..word_1824" imported_tag_type="eol" />
<markable mmax_level="sentence" id="markable_114" span="word_1825..word_1851" imported_tag_type="eol" />
<markable mmax_level="sentence" id="markable_115" span="word_1852..word_1856" imported_tag_type="eol" />
<markable mmax_level="sentence" id="markable_116" span="word_1857..word_1865" imported_tag_type="eol" />
<markable mmax_level="sentence" id="markable_117" span="word_1866..word_1896" imported_tag_type="eol" />
<markable mmax_level="sentence" id="markable_118" span="word_1897..word_1915" imported_tag_type="eol" />
<markable mmax_level="sentence" id="markable_119" span="word_1916..word_1945" imported_tag_type="eol" />
<markable mmax_level="sentence" id="markable_120" span="word_1946..word_1958" imported_tag_type="eol" />
<markable mmax_level="sentence" id="markable_121" span="word_1959..word_1968" imported_tag_type="eol" />
<markable mmax_level="sentence" id="markable_122" span="word_1969..word_1971" imported_tag_type="eol" />
<markable mmax_level="sentence" id="markable_123" span="word_1972..word_1973" imported_tag_type="eol" />
<markable mmax_level="sentence" id="markable_124" span="word_1974..word_1996" imported_tag_type="eol" />
<markable mmax_level="sentence" id="markable_125" span="word_1997..word_2025" imported_tag_type="eol" />
<markable mmax_level="sentence" id="markable_126" span="word_2026..word_2044" imported_tag_type="eol" />
<markable mmax_level="sentence" id="markable_127" span="word_2045..word_2061" imported_tag_type="eol" />
<markable mmax_level="sentence" id="markable_128" span="word_2062..word_2067" imported_tag_type="eol" />
<markable mmax_level="sentence" id="markable_129" span="word_2068..word_2080" imported_tag_type="eol" />
<markable mmax_level="sentence" id="markable_130" span="word_2081..word_2092" imported_tag_type="eol" />
<markable mmax_level="sentence" id="markable_131" span="word_2093..word_2104" imported_tag_type="eol" />
<markable mmax_level="sentence" id="markable_132" span="word_2105..word_2121" imported_tag_type="eol" />
<markable mmax_level="sentence" id="markable_133" span="word_2122..word_2129" imported_tag_type="eol" />
<markable mmax_level="sentence" id="markable_134" span="word_2130..word_2152" imported_tag_type="eol" />
<markable mmax_level="sentence" id="markable_135" span="word_2153..word_2158" imported_tag_type="eol" />
<markable mmax_level="sentence" id="markable_136" span="word_2159..word_2171" imported_tag_type="eol" />
<markable mmax_level="sentence" id="markable_137" span="word_2172..word_2186" imported_tag_type="eol" />
<markable mmax_level="sentence" id="markable_138" span="word_2187..word_2193" imported_tag_type="eol" />
<markable mmax_level="sentence" id="markable_139" span="word_2194..word_2209" imported_tag_type="eol" />
<markable mmax_level="sentence" id="markable_140" span="word_2210..word_2231" imported_tag_type="eol" />
<markable mmax_level="sentence" id="markable_141" span="word_2232..word_2242" imported_tag_type="eol" />
<markable mmax_level="sentence" id="markable_142" span="word_2243..word_2248" imported_tag_type="eol" />
<markable mmax_level="sentence" id="markable_143" span="word_2249..word_2253" imported_tag_type="eol" />
<markable mmax_level="sentence" id="markable_144" span="word_2254..word_2269" imported_tag_type="eol" />
<markable mmax_level="sentence" id="markable_145" span="word_2270..word_2290" imported_tag_type="eol" />
<markable mmax_level="sentence" id="markable_146" span="word_2291..word_2296" imported_tag_type="eol" />
<markable mmax_level="sentence" id="markable_147" span="word_2297..word_2301" imported_tag_type="eol" />
<markable mmax_level="sentence" id="markable_148" span="word_2302..word_2305" imported_tag_type="eol" />
<markable mmax_level="sentence" id="markable_149" span="word_2306..word_2319" imported_tag_type="eol" />
<markable mmax_level="sentence" id="markable_150" span="word_2320..word_2340" imported_tag_type="eol" />
<markable mmax_level="sentence" id="markable_151" span="word_2341..word_2353" imported_tag_type="eol" />
<markable mmax_level="sentence" id="markable_152" span="word_2354..word_2366" imported_tag_type="eol" />
<markable mmax_level="sentence" id="markable_153" span="word_2367..word_2391" imported_tag_type="eol" />
<markable mmax_level="sentence" id="markable_154" span="word_2392..word_2401" imported_tag_type="eol" />
<markable mmax_level="sentence" id="markable_155" span="word_2402..word_2408" imported_tag_type="eol" />
<markable mmax_level="sentence" id="markable_156" span="word_2409..word_2421" imported_tag_type="eol" />
<markable mmax_level="sentence" id="markable_157" span="word_2422..word_2433" imported_tag_type="eol" />
<markable mmax_level="sentence" id="markable_158" span="word_2434..word_2442" imported_tag_type="eol" />
<markable mmax_level="sentence" id="markable_159" span="word_2443..word_2445" imported_tag_type="eol" />
<markable mmax_level="sentence" id="markable_160" span="word_2446..word_2453" imported_tag_type="eol" />
<markable mmax_level="sentence" id="markable_161" span="word_2454..word_2464" imported_tag_type="eol" />
<markable mmax_level="sentence" id="markable_162" span="word_2465..word_2484" imported_tag_type="eol" />
<markable mmax_level="sentence" id="markable_163" span="word_2485..word_2495" imported_tag_type="eol" />
<markable mmax_level="sentence" id="markable_164" span="word_2496..word_2511" imported_tag_type="eol" />
<markable mmax_level="sentence" id="markable_165" span="word_2512..word_2531" imported_tag_type="eol" />
<markable mmax_level="sentence" id="markable_166" span="word_2532..word_2535" imported_tag_type="eol" />
<markable mmax_level="sentence" id="markable_167" span="word_2536..word_2539" imported_tag_type="eol" />
<markable mmax_level="sentence" id="markable_168" span="word_2540..word_2545" imported_tag_type="eol" />
<markable mmax_level="sentence" id="markable_169" span="word_2546..word_2551" imported_tag_type="eol" />
<markable mmax_level="sentence" id="markable_170" span="word_2552..word_2566" imported_tag_type="eol" />
<markable mmax_level="sentence" id="markable_171" span="word_2567..word_2573" imported_tag_type="eol" />
<markable mmax_level="sentence" id="markable_172" span="word_2574..word_2580" imported_tag_type="eol" />
<markable mmax_level="sentence" id="markable_173" span="word_2581..word_2617" imported_tag_type="eol" />
<markable mmax_level="sentence" id="markable_174" span="word_2618..word_2627" imported_tag_type="eol" />
<markable mmax_level="sentence" id="markable_175" span="word_2628..word_2635" imported_tag_type="eol" />
<markable mmax_level="sentence" id="markable_176" span="word_2636..word_2658" imported_tag_type="eol" />
<markable mmax_level="sentence" id="markable_177" span="word_2659..word_2669" imported_tag_type="eol" />
<markable mmax_level="sentence" id="markable_178" span="word_2670..word_2683" imported_tag_type="eol" />
<markable mmax_level="sentence" id="markable_179" span="word_2684..word_2721" imported_tag_type="eol" />
<markable mmax_level="sentence" id="markable_180" span="word_2722..word_2729" imported_tag_type="eol" />
<markable mmax_level="sentence" id="markable_181" span="word_2730..word_2734" imported_tag_type="eol" />
<markable mmax_level="sentence" id="markable_182" span="word_2735..word_2745" imported_tag_type="eol" />
<markable mmax_level="sentence" id="markable_183" span="word_2746..word_2755" imported_tag_type="eol" />
<markable mmax_level="sentence" id="markable_184" span="word_2756..word_2763" imported_tag_type="eol" />
<markable mmax_level="sentence" id="markable_185" span="word_2764..word_2777" imported_tag_type="eol" />
<markable mmax_level="sentence" id="markable_186" span="word_2778..word_2791" imported_tag_type="eol" />
<markable mmax_level="sentence" id="markable_187" span="word_2792..word_2820" imported_tag_type="eol" />
<markable mmax_level="sentence" id="markable_188" span="word_2821..word_2826" imported_tag_type="eol" />
<markable mmax_level="sentence" id="markable_189" span="word_2827..word_2851" imported_tag_type="eol" />
<markable mmax_level="sentence" id="markable_190" span="word_2852..word_2866" imported_tag_type="eol" />
<markable mmax_level="sentence" id="markable_191" span="word_2867..word_2886" imported_tag_type="eol" />
<markable mmax_level="sentence" id="markable_192" span="word_2887..word_2893" imported_tag_type="eol" />
<markable mmax_level="sentence" id="markable_193" span="word_2894..word_2936" imported_tag_type="eol" />
<markable mmax_level="sentence" id="markable_194" span="word_2937..word_2943" imported_tag_type="eol" />
<markable mmax_level="sentence" id="markable_195" span="word_2944..word_2949" imported_tag_type="eol" />
<markable mmax_level="sentence" id="markable_196" span="word_2950..word_2961" imported_tag_type="eol" />
<markable mmax_level="sentence" id="markable_197" span="word_2962..word_2967" imported_tag_type="eol" />
<markable mmax_level="sentence" id="markable_198" span="word_2968..word_2981" imported_tag_type="eol" />
<markable mmax_level="sentence" id="markable_199" span="word_2982..word_2993" imported_tag_type="eol" />
<markable mmax_level="sentence" id="markable_200" span="word_2994..word_3009" imported_tag_type="eol" />
<markable mmax_level="sentence" id="markable_201" span="word_3010..word_3019" imported_tag_type="eol" />
<markable mmax_level="sentence" id="markable_202" span="word_3020..word_3047" imported_tag_type="eol" />
<markable mmax_level="sentence" id="markable_203" span="word_3048..word_3066" imported_tag_type="eol" />
<markable mmax_level="sentence" id="markable_204" span="word_3067..word_3085" imported_tag_type="eol" />
<markable mmax_level="sentence" id="markable_205" span="word_3086..word_3106" imported_tag_type="eol" />
<markable mmax_level="sentence" id="markable_206" span="word_3107..word_3117" imported_tag_type="eol" />
<markable mmax_level="sentence" id="markable_207" span="word_3118..word_3127" imported_tag_type="eol" />
<markable mmax_level="sentence" id="markable_208" span="word_3128..word_3135" imported_tag_type="eol" />
<markable mmax_level="sentence" id="markable_209" span="word_3136..word_3148" imported_tag_type="eol" />
<markable mmax_level="sentence" id="markable_210" span="word_3149..word_3164" imported_tag_type="eol" />
<markable mmax_level="sentence" id="markable_211" span="word_3165..word_3191" imported_tag_type="eol" />
<markable mmax_level="sentence" id="markable_212" span="word_3192..word_3200" imported_tag_type="eol" />
<markable mmax_level="sentence" id="markable_213" span="word_3201..word_3206" imported_tag_type="eol" />
<markable mmax_level="sentence" id="markable_214" span="word_3207..word_3219" imported_tag_type="eol" />
<markable mmax_level="sentence" id="markable_215" span="word_3220..word_3246" imported_tag_type="eol" />
<markable mmax_level="sentence" id="markable_216" span="word_3247..word_3263" imported_tag_type="eol" />
<markable mmax_level="sentence" id="markable_217" span="word_3264..word_3305" imported_tag_type="eol" />
<markable mmax_level="sentence" id="markable_218" span="word_3306..word_3322" imported_tag_type="eol" />
<markable mmax_level="sentence" id="markable_219" span="word_3323..word_3336" imported_tag_type="eol" />
<markable mmax_level="sentence" id="markable_220" span="word_3337..word_3347" imported_tag_type="eol" />
<markable mmax_level="sentence" id="markable_221" span="word_3348..word_3359" imported_tag_type="eol" />
<markable mmax_level="sentence" id="markable_222" span="word_3360..word_3371" imported_tag_type="eol" />
<markable mmax_level="sentence" id="markable_223" span="word_3372..word_3390" imported_tag_type="eol" />
<markable mmax_level="sentence" id="markable_224" span="word_3391..word_3410" imported_tag_type="eol" />
<markable mmax_level="sentence" id="markable_225" span="word_3411..word_3421" imported_tag_type="eol" />
<markable mmax_level="sentence" id="markable_226" span="word_3422..word_3430" imported_tag_type="eol" />
<markable mmax_level="sentence" id="markable_227" span="word_3431..word_3442" imported_tag_type="eol" />
<markable mmax_level="sentence" id="markable_228" span="word_3443..word_3461" imported_tag_type="eol" />
<markable mmax_level="sentence" id="markable_229" span="word_3462..word_3475" imported_tag_type="eol" />
<markable mmax_level="sentence" id="markable_230" span="word_3476..word_3495" imported_tag_type="eol" />
<markable mmax_level="sentence" id="markable_231" span="word_3496..word_3506" imported_tag_type="eol" />
<markable mmax_level="sentence" id="markable_232" span="word_3507..word_3525" imported_tag_type="eol" />
<markable mmax_level="sentence" id="markable_233" span="word_3526..word_3538" imported_tag_type="eol" />
<markable mmax_level="sentence" id="markable_234" span="word_3539..word_3557" imported_tag_type="eol" />
<markable mmax_level="sentence" id="markable_235" span="word_3558..word_3601" imported_tag_type="eol" />
<markable mmax_level="sentence" id="markable_236" span="word_3602..word_3610" imported_tag_type="eol" />
<markable mmax_level="sentence" id="markable_237" span="word_3611..word_3629" imported_tag_type="eol" />
<markable mmax_level="sentence" id="markable_238" span="word_3630..word_3640" imported_tag_type="eol" />
<markable mmax_level="sentence" id="markable_239" span="word_3641..word_3650" imported_tag_type="eol" />
<markable mmax_level="sentence" id="markable_240" span="word_3651..word_3671" imported_tag_type="eol" />
<markable mmax_level="sentence" id="markable_241" span="word_3672..word_3688" imported_tag_type="eol" />
<markable mmax_level="sentence" id="markable_242" span="word_3689..word_3694" imported_tag_type="eol" />
<markable mmax_level="sentence" id="markable_243" span="word_3695..word_3712" imported_tag_type="eol" />
<markable mmax_level="sentence" id="markable_244" span="word_3713..word_3754" imported_tag_type="eol" />
<markable mmax_level="sentence" id="markable_245" span="word_3755..word_3760" imported_tag_type="eol" />
<markable mmax_level="sentence" id="markable_246" span="word_3761..word_3766" imported_tag_type="eol" />
<markable mmax_level="sentence" id="markable_247" span="word_3767..word_3775" imported_tag_type="eol" />
<markable mmax_level="sentence" id="markable_248" span="word_3776..word_3805" imported_tag_type="eol" />
<markable mmax_level="sentence" id="markable_249" span="word_3806..word_3842" imported_tag_type="eol" />
<markable mmax_level="sentence" id="markable_250" span="word_3843..word_3868" imported_tag_type="eol" />
<markable mmax_level="sentence" id="markable_251" span="word_3869..word_3889" imported_tag_type="eol" />
<markable mmax_level="sentence" id="markable_252" span="word_3890..word_3903" imported_tag_type="eol" />
<markable mmax_level="sentence" id="markable_253" span="word_3904..word_3935" imported_tag_type="eol" />
<markable mmax_level="sentence" id="markable_254" span="word_3936..word_3945" imported_tag_type="eol" />
<markable mmax_level="sentence" id="markable_255" span="word_3946..word_3947" imported_tag_type="eol" />
</markables>