<?xml version="1.0" encoding="UTF-8"?>
<!DOCTYPE markables SYSTEM "markables.dtd">
<markables xmlns="www.eml.org/NameSpaces/sentence">
<markable mmax_level="sentence" id="markable_1" span="word_1..word_10" imported_tag_type="eol" />
<markable mmax_level="sentence" id="markable_2" span="word_11..word_16" imported_tag_type="eol" />
<markable mmax_level="sentence" id="markable_3" span="word_17..word_27" imported_tag_type="eol" />
<markable mmax_level="sentence" id="markable_4" span="word_28..word_46" imported_tag_type="eol" />
<markable mmax_level="sentence" id="markable_5" span="word_47..word_51" imported_tag_type="eol" />
<markable mmax_level="sentence" id="markable_6" span="word_52..word_67" imported_tag_type="eol" />
<markable mmax_level="sentence" id="markable_7" span="word_68..word_79" imported_tag_type="eol" />
<markable mmax_level="sentence" id="markable_8" span="word_80..word_90" imported_tag_type="eol" />
<markable mmax_level="sentence" id="markable_9" span="word_91..word_114" imported_tag_type="eol" />
<markable mmax_level="sentence" id="markable_10" span="word_115..word_121" imported_tag_type="eol" />
<markable mmax_level="sentence" id="markable_11" span="word_122..word_141" imported_tag_type="eol" />
<markable mmax_level="sentence" id="markable_12" span="word_142..word_149" imported_tag_type="eol" />
<markable mmax_level="sentence" id="markable_13" span="word_150..word_166" imported_tag_type="eol" />
<markable mmax_level="sentence" id="markable_14" span="word_167..word_175" imported_tag_type="eol" />
<markable mmax_level="sentence" id="markable_15" span="word_176..word_202" imported_tag_type="eol" />
<markable mmax_level="sentence" id="markable_16" span="word_203..word_209" imported_tag_type="eol" />
<markable mmax_level="sentence" id="markable_17" span="word_210..word_224" imported_tag_type="eol" />
<markable mmax_level="sentence" id="markable_18" span="word_225..word_228" imported_tag_type="eol" />
<markable mmax_level="sentence" id="markable_19" span="word_229..word_248" imported_tag_type="eol" />
<markable mmax_level="sentence" id="markable_20" span="word_249..word_252" imported_tag_type="eol" />
<markable mmax_level="sentence" id="markable_21" span="word_253..word_261" imported_tag_type="eol" />
<markable mmax_level="sentence" id="markable_22" span="word_262..word_277" imported_tag_type="eol" />
<markable mmax_level="sentence" id="markable_23" span="word_278..word_281" imported_tag_type="eol" />
<markable mmax_level="sentence" id="markable_24" span="word_282..word_287" imported_tag_type="eol" />
<markable mmax_level="sentence" id="markable_25" span="word_288..word_302" imported_tag_type="eol" />
<markable mmax_level="sentence" id="markable_26" span="word_303..word_307" imported_tag_type="eol" />
<markable mmax_level="sentence" id="markable_27" span="word_308..word_323" imported_tag_type="eol" />
<markable mmax_level="sentence" id="markable_28" span="word_324..word_328" imported_tag_type="eol" />
<markable mmax_level="sentence" id="markable_29" span="word_329..word_364" imported_tag_type="eol" />
<markable mmax_level="sentence" id="markable_30" span="word_365..word_372" imported_tag_type="eol" />
<markable mmax_level="sentence" id="markable_31" span="word_373..word_392" imported_tag_type="eol" />
<markable mmax_level="sentence" id="markable_32" span="word_393..word_407" imported_tag_type="eol" />
<markable mmax_level="sentence" id="markable_33" span="word_408..word_418" imported_tag_type="eol" />
<markable mmax_level="sentence" id="markable_34" span="word_419..word_426" imported_tag_type="eol" />
<markable mmax_level="sentence" id="markable_35" span="word_427..word_432" imported_tag_type="eol" />
<markable mmax_level="sentence" id="markable_36" span="word_433..word_438" imported_tag_type="eol" />
<markable mmax_level="sentence" id="markable_37" span="word_439..word_443" imported_tag_type="eol" />
<markable mmax_level="sentence" id="markable_38" span="word_444..word_451" imported_tag_type="eol" />
<markable mmax_level="sentence" id="markable_39" span="word_452..word_458" imported_tag_type="eol" />
<markable mmax_level="sentence" id="markable_40" span="word_459..word_461" imported_tag_type="eol" />
<markable mmax_level="sentence" id="markable_41" span="word_462..word_480" imported_tag_type="eol" />
<markable mmax_level="sentence" id="markable_42" span="word_481..word_495" imported_tag_type="eol" />
<markable mmax_level="sentence" id="markable_43" span="word_496..word_509" imported_tag_type="eol" />
<markable mmax_level="sentence" id="markable_44" span="word_510..word_517" imported_tag_type="eol" />
<markable mmax_level="sentence" id="markable_45" span="word_518..word_521" imported_tag_type="eol" />
<markable mmax_level="sentence" id="markable_46" span="word_522..word_533" imported_tag_type="eol" />
<markable mmax_level="sentence" id="markable_47" span="word_534..word_541" imported_tag_type="eol" />
<markable mmax_level="sentence" id="markable_48" span="word_542..word_550" imported_tag_type="eol" />
<markable mmax_level="sentence" id="markable_49" span="word_551..word_556" imported_tag_type="eol" />
<markable mmax_level="sentence" id="markable_50" span="word_557..word_572" imported_tag_type="eol" />
<markable mmax_level="sentence" id="markable_51" span="word_573..word_589" imported_tag_type="eol" />
<markable mmax_level="sentence" id="markable_52" span="word_590..word_596" imported_tag_type="eol" />
<markable mmax_level="sentence" id="markable_53" span="word_597..word_617" imported_tag_type="eol" />
<markable mmax_level="sentence" id="markable_54" span="word_618..word_639" imported_tag_type="eol" />
<markable mmax_level="sentence" id="markable_55" span="word_640..word_652" imported_tag_type="eol" />
<markable mmax_level="sentence" id="markable_56" span="word_653..word_670" imported_tag_type="eol" />
<markable mmax_level="sentence" id="markable_57" span="word_671..word_694" imported_tag_type="eol" />
<markable mmax_level="sentence" id="markable_58" span="word_695..word_701" imported_tag_type="eol" />
<markable mmax_level="sentence" id="markable_59" span="word_702..word_714" imported_tag_type="eol" />
<markable mmax_level="sentence" id="markable_60" span="word_715..word_719" imported_tag_type="eol" />
<markable mmax_level="sentence" id="markable_61" span="word_720..word_747" imported_tag_type="eol" />
<markable mmax_level="sentence" id="markable_62" span="word_748..word_759" imported_tag_type="eol" />
<markable mmax_level="sentence" id="markable_63" span="word_760..word_787" imported_tag_type="eol" />
<markable mmax_level="sentence" id="markable_64" span="word_788..word_798" imported_tag_type="eol" />
<markable mmax_level="sentence" id="markable_65" span="word_799..word_809" imported_tag_type="eol" />
<markable mmax_level="sentence" id="markable_66" span="word_810..word_815" imported_tag_type="eol" />
<markable mmax_level="sentence" id="markable_67" span="word_816..word_829" imported_tag_type="eol" />
<markable mmax_level="sentence" id="markable_68" span="word_830..word_835" imported_tag_type="eol" />
<markable mmax_level="sentence" id="markable_69" span="word_836..word_838" imported_tag_type="eol" />
<markable mmax_level="sentence" id="markable_70" span="word_839..word_845" imported_tag_type="eol" />
<markable mmax_level="sentence" id="markable_71" span="word_846..word_859" imported_tag_type="eol" />
<markable mmax_level="sentence" id="markable_72" span="word_860..word_870" imported_tag_type="eol" />
<markable mmax_level="sentence" id="markable_73" span="word_871..word_875" imported_tag_type="eol" />
<markable mmax_level="sentence" id="markable_74" span="word_876..word_880" imported_tag_type="eol" />
<markable mmax_level="sentence" id="markable_75" span="word_881..word_895" imported_tag_type="eol" />
<markable mmax_level="sentence" id="markable_76" span="word_896..word_907" imported_tag_type="eol" />
<markable mmax_level="sentence" id="markable_77" span="word_908..word_916" imported_tag_type="eol" />
<markable mmax_level="sentence" id="markable_78" span="word_917..word_926" imported_tag_type="eol" />
<markable mmax_level="sentence" id="markable_79" span="word_927..word_935" imported_tag_type="eol" />
<markable mmax_level="sentence" id="markable_80" span="word_936..word_948" imported_tag_type="eol" />
<markable mmax_level="sentence" id="markable_81" span="word_949..word_960" imported_tag_type="eol" />
<markable mmax_level="sentence" id="markable_82" span="word_961..word_970" imported_tag_type="eol" />
<markable mmax_level="sentence" id="markable_83" span="word_971..word_992" imported_tag_type="eol" />
<markable mmax_level="sentence" id="markable_84" span="word_993..word_1006" imported_tag_type="eol" />
<markable mmax_level="sentence" id="markable_85" span="word_1007..word_1013" imported_tag_type="eol" />
<markable mmax_level="sentence" id="markable_86" span="word_1014..word_1030" imported_tag_type="eol" />
<markable mmax_level="sentence" id="markable_87" span="word_1031..word_1043" imported_tag_type="eol" />
<markable mmax_level="sentence" id="markable_88" span="word_1044..word_1048" imported_tag_type="eol" />
<markable mmax_level="sentence" id="markable_89" span="word_1049..word_1056" imported_tag_type="eol" />
<markable mmax_level="sentence" id="markable_90" span="word_1057..word_1063" imported_tag_type="eol" />
<markable mmax_level="sentence" id="markable_91" span="word_1064..word_1078" imported_tag_type="eol" />
<markable mmax_level="sentence" id="markable_92" span="word_1079..word_1083" imported_tag_type="eol" />
<markable mmax_level="sentence" id="markable_93" span="word_1084..word_1111" imported_tag_type="eol" />
<markable mmax_level="sentence" id="markable_94" span="word_1112..word_1116" imported_tag_type="eol" />
<markable mmax_level="sentence" id="markable_95" span="word_1117..word_1127" imported_tag_type="eol" />
<markable mmax_level="sentence" id="markable_96" span="word_1128..word_1156" imported_tag_type="eol" />
<markable mmax_level="sentence" id="markable_97" span="word_1157..word_1167" imported_tag_type="eol" />
<markable mmax_level="sentence" id="markable_98" span="word_1168..word_1187" imported_tag_type="eol" />
<markable mmax_level="sentence" id="markable_99" span="word_1188..word_1189" imported_tag_type="eol" />
<markable mmax_level="sentence" id="markable_100" span="word_1190..word_1219" imported_tag_type="eol" />
<markable mmax_level="sentence" id="markable_101" span="word_1220..word_1227" imported_tag_type="eol" />
<markable mmax_level="sentence" id="markable_102" span="word_1228..word_1235" imported_tag_type="eol" />
<markable mmax_level="sentence" id="markable_103" span="word_1236..word_1254" imported_tag_type="eol" />
<markable mmax_level="sentence" id="markable_104" span="word_1255..word_1274" imported_tag_type="eol" />
<markable mmax_level="sentence" id="markable_105" span="word_1275..word_1287" imported_tag_type="eol" />
<markable mmax_level="sentence" id="markable_106" span="word_1288..word_1293" imported_tag_type="eol" />
<markable mmax_level="sentence" id="markable_107" span="word_1294..word_1299" imported_tag_type="eol" />
<markable mmax_level="sentence" id="markable_108" span="word_1300..word_1307" imported_tag_type="eol" />
<markable mmax_level="sentence" id="markable_109" span="word_1308..word_1326" imported_tag_type="eol" />
<markable mmax_level="sentence" id="markable_110" span="word_1327..word_1350" imported_tag_type="eol" />
<markable mmax_level="sentence" id="markable_111" span="word_1351..word_1359" imported_tag_type="eol" />
<markable mmax_level="sentence" id="markable_112" span="word_1360..word_1377" imported_tag_type="eol" />
<markable mmax_level="sentence" id="markable_113" span="word_1378..word_1383" imported_tag_type="eol" />
<markable mmax_level="sentence" id="markable_114" span="word_1384..word_1401" imported_tag_type="eol" />
<markable mmax_level="sentence" id="markable_115" span="word_1402..word_1407" imported_tag_type="eol" />
<markable mmax_level="sentence" id="markable_116" span="word_1408..word_1426" imported_tag_type="eol" />
<markable mmax_level="sentence" id="markable_117" span="word_1427..word_1432" imported_tag_type="eol" />
<markable mmax_level="sentence" id="markable_118" span="word_1433..word_1438" imported_tag_type="eol" />
<markable mmax_level="sentence" id="markable_119" span="word_1439..word_1468" imported_tag_type="eol" />
<markable mmax_level="sentence" id="markable_120" span="word_1469..word_1487" imported_tag_type="eol" />
<markable mmax_level="sentence" id="markable_121" span="word_1488..word_1498" imported_tag_type="eol" />
<markable mmax_level="sentence" id="markable_122" span="word_1499..word_1503" imported_tag_type="eol" />
<markable mmax_level="sentence" id="markable_123" span="word_1504..word_1515" imported_tag_type="eol" />
<markable mmax_level="sentence" id="markable_124" span="word_1516..word_1566" imported_tag_type="eol" />
<markable mmax_level="sentence" id="markable_125" span="word_1567..word_1581" imported_tag_type="eol" />
<markable mmax_level="sentence" id="markable_126" span="word_1582..word_1611" imported_tag_type="eol" />
<markable mmax_level="sentence" id="markable_127" span="word_1612..word_1620" imported_tag_type="eol" />
<markable mmax_level="sentence" id="markable_128" span="word_1621..word_1629" imported_tag_type="eol" />
<markable mmax_level="sentence" id="markable_129" span="word_1630..word_1633" imported_tag_type="eol" />
<markable mmax_level="sentence" id="markable_130" span="word_1634..word_1635" imported_tag_type="eol" />
<markable mmax_level="sentence" id="markable_131" span="word_1636..word_1640" imported_tag_type="eol" />
<markable mmax_level="sentence" id="markable_132" span="word_1641..word_1653" imported_tag_type="eol" />
<markable mmax_level="sentence" id="markable_133" span="word_1654..word_1660" imported_tag_type="eol" />
<markable mmax_level="sentence" id="markable_134" span="word_1661..word_1674" imported_tag_type="eol" />
<markable mmax_level="sentence" id="markable_135" span="word_1675..word_1691" imported_tag_type="eol" />
<markable mmax_level="sentence" id="markable_136" span="word_1692..word_1707" imported_tag_type="eol" />
<markable mmax_level="sentence" id="markable_137" span="word_1708..word_1731" imported_tag_type="eol" />
<markable mmax_level="sentence" id="markable_138" span="word_1732..word_1738" imported_tag_type="eol" />
<markable mmax_level="sentence" id="markable_139" span="word_1739..word_1750" imported_tag_type="eol" />
<markable mmax_level="sentence" id="markable_140" span="word_1751..word_1757" imported_tag_type="eol" />
<markable mmax_level="sentence" id="markable_141" span="word_1758..word_1763" imported_tag_type="eol" />
<markable mmax_level="sentence" id="markable_142" span="word_1764..word_1769" imported_tag_type="eol" />
<markable mmax_level="sentence" id="markable_143" span="word_1770..word_1780" imported_tag_type="eol" />
<markable mmax_level="sentence" id="markable_144" span="word_1781..word_1788" imported_tag_type="eol" />
<markable mmax_level="sentence" id="markable_145" span="word_1789..word_1810" imported_tag_type="eol" />
<markable mmax_level="sentence" id="markable_146" span="word_1811..word_1818" imported_tag_type="eol" />
<markable mmax_level="sentence" id="markable_147" span="word_1819..word_1832" imported_tag_type="eol" />
<markable mmax_level="sentence" id="markable_148" span="word_1833..word_1850" imported_tag_type="eol" />
<markable mmax_level="sentence" id="markable_149" span="word_1851..word_1859" imported_tag_type="eol" />
<markable mmax_level="sentence" id="markable_150" span="word_1860..word_1868" imported_tag_type="eol" />
<markable mmax_level="sentence" id="markable_151" span="word_1869..word_1884" imported_tag_type="eol" />
<markable mmax_level="sentence" id="markable_152" span="word_1885..word_1887" imported_tag_type="eol" />
<markable mmax_level="sentence" id="markable_153" span="word_1888..word_1903" imported_tag_type="eol" />
<markable mmax_level="sentence" id="markable_154" span="word_1904..word_1926" imported_tag_type="eol" />
<markable mmax_level="sentence" id="markable_155" span="word_1927..word_1934" imported_tag_type="eol" />
<markable mmax_level="sentence" id="markable_156" span="word_1935..word_1950" imported_tag_type="eol" />
<markable mmax_level="sentence" id="markable_157" span="word_1951..word_1956" imported_tag_type="eol" />
<markable mmax_level="sentence" id="markable_158" span="word_1957..word_1967" imported_tag_type="eol" />
<markable mmax_level="sentence" id="markable_159" span="word_1968..word_1987" imported_tag_type="eol" />
<markable mmax_level="sentence" id="markable_160" span="word_1988..word_1993" imported_tag_type="eol" />
<markable mmax_level="sentence" id="markable_161" span="word_1994..word_1999" imported_tag_type="eol" />
<markable mmax_level="sentence" id="markable_162" span="word_2000..word_2007" imported_tag_type="eol" />
<markable mmax_level="sentence" id="markable_163" span="word_2008..word_2013" imported_tag_type="eol" />
<markable mmax_level="sentence" id="markable_164" span="word_2014..word_2034" imported_tag_type="eol" />
<markable mmax_level="sentence" id="markable_165" span="word_2035..word_2050" imported_tag_type="eol" />
<markable mmax_level="sentence" id="markable_166" span="word_2051..word_2059" imported_tag_type="eol" />
<markable mmax_level="sentence" id="markable_167" span="word_2060..word_2070" imported_tag_type="eol" />
<markable mmax_level="sentence" id="markable_168" span="word_2071..word_2083" imported_tag_type="eol" />
<markable mmax_level="sentence" id="markable_169" span="word_2084..word_2097" imported_tag_type="eol" />
<markable mmax_level="sentence" id="markable_170" span="word_2098..word_2112" imported_tag_type="eol" />
<markable mmax_level="sentence" id="markable_171" span="word_2113..word_2114" imported_tag_type="eol" />
<markable mmax_level="sentence" id="markable_172" span="word_2115..word_2123" imported_tag_type="eol" />
<markable mmax_level="sentence" id="markable_173" span="word_2124..word_2135" imported_tag_type="eol" />
<markable mmax_level="sentence" id="markable_174" span="word_2136..word_2173" imported_tag_type="eol" />
<markable mmax_level="sentence" id="markable_175" span="word_2174..word_2206" imported_tag_type="eol" />
<markable mmax_level="sentence" id="markable_176" span="word_2207..word_2229" imported_tag_type="eol" />
<markable mmax_level="sentence" id="markable_177" span="word_2230..word_2240" imported_tag_type="eol" />
<markable mmax_level="sentence" id="markable_178" span="word_2241..word_2291" imported_tag_type="eol" />
<markable mmax_level="sentence" id="markable_179" span="word_2292..word_2302" imported_tag_type="eol" />
<markable mmax_level="sentence" id="markable_180" span="word_2303..word_2335" imported_tag_type="eol" />
<markable mmax_level="sentence" id="markable_181" span="word_2336..word_2358" imported_tag_type="eol" />
<markable mmax_level="sentence" id="markable_182" span="word_2359..word_2381" imported_tag_type="eol" />
<markable mmax_level="sentence" id="markable_183" span="word_2382..word_2392" imported_tag_type="eol" />
<markable mmax_level="sentence" id="markable_184" span="word_2393..word_2400" imported_tag_type="eol" />
<markable mmax_level="sentence" id="markable_185" span="word_2401..word_2404" imported_tag_type="eol" />
<markable mmax_level="sentence" id="markable_186" span="word_2405..word_2408" imported_tag_type="eol" />
<markable mmax_level="sentence" id="markable_187" span="word_2409..word_2413" imported_tag_type="eol" />
<markable mmax_level="sentence" id="markable_188" span="word_2414..word_2419" imported_tag_type="eol" />
<markable mmax_level="sentence" id="markable_189" span="word_2420..word_2423" imported_tag_type="eol" />
<markable mmax_level="sentence" id="markable_190" span="word_2424..word_2464" imported_tag_type="eol" />
<markable mmax_level="sentence" id="markable_191" span="word_2465..word_2472" imported_tag_type="eol" />
<markable mmax_level="sentence" id="markable_192" span="word_2473..word_2477" imported_tag_type="eol" />
<markable mmax_level="sentence" id="markable_193" span="word_2478..word_2483" imported_tag_type="eol" />
<markable mmax_level="sentence" id="markable_194" span="word_2484..word_2503" imported_tag_type="eol" />
<markable mmax_level="sentence" id="markable_195" span="word_2504..word_2510" imported_tag_type="eol" />
<markable mmax_level="sentence" id="markable_196" span="word_2511..word_2531" imported_tag_type="eol" />
<markable mmax_level="sentence" id="markable_197" span="word_2532..word_2553" imported_tag_type="eol" />
<markable mmax_level="sentence" id="markable_198" span="word_2554..word_2597" imported_tag_type="eol" />
<markable mmax_level="sentence" id="markable_199" span="word_2598..word_2602" imported_tag_type="eol" />
<markable mmax_level="sentence" id="markable_200" span="word_2603..word_2607" imported_tag_type="eol" />
<markable mmax_level="sentence" id="markable_201" span="word_2608..word_2615" imported_tag_type="eol" />
<markable mmax_level="sentence" id="markable_202" span="word_2616..word_2644" imported_tag_type="eol" />
<markable mmax_level="sentence" id="markable_203" span="word_2645..word_2655" imported_tag_type="eol" />
<markable mmax_level="sentence" id="markable_204" span="word_2656..word_2714" imported_tag_type="eol" />
<markable mmax_level="sentence" id="markable_205" span="word_2715..word_2720" imported_tag_type="eol" />
<markable mmax_level="sentence" id="markable_206" span="word_2721..word_2735" imported_tag_type="eol" />
<markable mmax_level="sentence" id="markable_207" span="word_2736..word_2754" imported_tag_type="eol" />
<markable mmax_level="sentence" id="markable_208" span="word_2755..word_2769" imported_tag_type="eol" />
<markable mmax_level="sentence" id="markable_209" span="word_2770..word_2779" imported_tag_type="eol" />
<markable mmax_level="sentence" id="markable_210" span="word_2780..word_2798" imported_tag_type="eol" />
<markable mmax_level="sentence" id="markable_211" span="word_2799..word_2807" imported_tag_type="eol" />
<markable mmax_level="sentence" id="markable_212" span="word_2808..word_2819" imported_tag_type="eol" />
<markable mmax_level="sentence" id="markable_213" span="word_2820..word_2879" imported_tag_type="eol" />
<markable mmax_level="sentence" id="markable_214" span="word_2880..word_2897" imported_tag_type="eol" />
<markable mmax_level="sentence" id="markable_215" span="word_2898..word_2919" imported_tag_type="eol" />
<markable mmax_level="sentence" id="markable_216" span="word_2920..word_2921" imported_tag_type="eol" />
</markables>