<?xml version="1.0" encoding="utf-8"?>
<!DOCTYPE markables SYSTEM "markables.dtd">
<markables xmlns="www.eml.org/NameSpaces/coref">
 <markable agreement="they (sg.)" antetype="entity" case="possessive" coref_class="set_45" id="markable_5131" mention="pronoun" mmax_level="coref" position="it (subject)" span="word_2119" split="simple antecedent" type="anaphoric" type_of_pronoun="possessive"/>
 <markable anacata="anaphoric" antetype="entity" case="none" coref_class="set_47" id="markable_5252" mention="np" mmax_level="coref" npmod="demonstrative" nptype="np" span="word_2164..word_2165" split="simple antecedent"/>
 <markable anacata="anaphoric" antetype="entity" case="none" coref_class="set_33" id="markable_4040" mention="np" mmax_level="coref" npmod="def-article" nptype="np" span="word_1672..word_1673" split="simple antecedent"/>
 <markable agreement="they (sg.)" antetype="entity" case="nominative" coref_class="set_45" id="markable_5130" mention="pronoun" mmax_level="coref" position="it (subject)" span="word_2118" split="simple antecedent" type="anaphoric" type_of_pronoun="relative"/>
 <markable agreement="they (sg.)" antetype="entity" case="nominative" coref_class="set_48" id="markable_5251" mention="pronoun" mmax_level="coref" position="it (subject)" span="word_2162" split="simple antecedent" type="anaphoric" type_of_pronoun="relative"/>
 <markable agreement="they (sg.)" antetype="entity" case="accusative" coref_class="set_24" id="markable_3198" mention="pronoun" mmax_level="coref" position="it (subject)" span="word_1314" split="simple antecedent" type="anaphoric" type_of_pronoun="reflexive"/>
 <markable agreement="they (sg.)" antetype="entity" case="nominative" coref_class="set_24" id="markable_3197" mention="pronoun" mmax_level="coref" position="it (subject)" span="word_1311" split="simple antecedent" type="anaphoric" type_of_pronoun="personal"/>
 <markable case="none" coref_class="set_118" id="markable_3199" mention="np" mmax_level="coref" nptype="antecedent" span="word_1316..word_1325"/>
 <markable case="none" coref_class="set_35" id="markable_4169" mention="np" mmax_level="coref" nptype="antecedent" span="word_1720..word_1721"/>
 <markable agreement="they (sg.)" antetype="entity" case="nominative" coref_class="set_52" id="markable_5384" mention="pronoun" mmax_level="coref" position="it (subject)" span="word_2226" split="simple antecedent" type="anaphoric" type_of_pronoun="personal"/>
 <markable agreement="none" antetype="entity" case="accusative" coref_class="empty" id="markable_5382" mention="pronoun" mmax_level="coref" position="none" span="word_2210" split="simple antecedent" type="anaphoric" type_of_pronoun="personal"/>
 <markable case="none" coref_class="set_89" id="markable_5383" mention="np" mmax_level="coref" nptype="antecedent" span="word_2212..word_2213"/>
 <markable agreement="they (sg.)" antetype="entity" case="accusative" coref_class="set_35" id="markable_4170" mention="pronoun" mmax_level="coref" position="it (subject)" span="word_1723" split="simple antecedent" type="anaphoric" type_of_pronoun="relative"/>
 <markable agreement="they (sg.)" antetype="entity" case="nominative" coref_class="set_48" id="markable_5381" mention="pronoun" mmax_level="coref" position="it (subject)" span="word_2209" split="simple antecedent" type="anaphoric" type_of_pronoun="personal"/>
 <markable agreement="they (sg.)" antetype="entity" case="nominative" coref_class="set_92" id="markable_6363" mention="pronoun" mmax_level="coref" position="it (subject)" span="word_2622" split="simple antecedent" type="anaphoric" type_of_pronoun="personal"/>
 <markable agreement="they (sg.)" antetype="entity" case="accusative" coref_class="set_92" id="markable_6362" mention="pronoun" mmax_level="coref" position="it (subject)" span="word_2618" split="simple antecedent" type="anaphoric" type_of_pronoun="personal"/>
 <markable audience="all-inclusive wir/uns/unser" coref_class="empty" id="markable_6361" mention="pronoun" mmax_level="coref" personal_or_reflexive="none" span="word_2616" type="speaker reference"/>
 <markable agreement="they (sg.)" antetype="entity" case="nominative" coref_class="set_44" id="markable_5031" mention="pronoun" mmax_level="coref" position="it (subject)" span="word_2071" split="simple antecedent" type="anaphoric" type_of_pronoun="personal"/>
 <markable agreement="they (sg.)" antetype="entity" case="nominative" coref_class="set_62" id="markable_6368" mention="pronoun" mmax_level="coref" position="it (subject)" span="word_2639" split="simple antecedent" type="anaphoric" type_of_pronoun="relative"/>
 <markable agreement="they (sg.)" antetype="entity" case="possessive" coref_class="set_29" id="markable_4189" mention="pronoun" mmax_level="coref" position="it (non-subject)" span="word_1734" split="simple antecedent" type="anaphoric" type_of_pronoun="possessive"/>
 <markable agreement="they (sg.)" antetype="entity" case="nominative" coref_class="set_62" id="markable_6367" mention="pronoun" mmax_level="coref" position="it (subject)" span="word_2633" split="simple antecedent" type="anaphoric" type_of_pronoun="relative"/>
 <markable case="none" coref_class="set_62" id="markable_6366" mention="np" mmax_level="coref" nptype="antecedent" span="word_2630..word_2631"/>
 <markable agreement="they (sg.)" antetype="entity" case="nominative" coref_class="set_29" id="markable_4188" mention="pronoun" mmax_level="coref" position="it (subject)" span="word_1732" split="simple antecedent" type="anaphoric" type_of_pronoun="personal"/>
 <markable case="none" coref_class="set_46" id="markable_5159" mention="np" mmax_level="coref" nptype="antecedent" span="word_2124..word_2125"/>
 <markable agreement="they (sg.)" antetype="entity" case="accusative" coref_class="set_112" id="markable_1910" mention="pronoun" mmax_level="coref" position="it (non-subject)" span="word_790" split="simple antecedent" type="anaphoric" type_of_pronoun="personal"/>
 <markable audience="exclusive wir/uns/unser" coref_class="empty" id="markable_6254" mention="pronoun" mmax_level="coref" personal_or_reflexive="none" span="word_2584" type="speaker reference"/>
 <markable agreement="they (sg.)" antetype="entity" case="possessive" coref_class="set_46" id="markable_5164" mention="pronoun" mmax_level="coref" position="it (non-subject)" span="word_2133" split="simple antecedent" type="anaphoric" type_of_pronoun="possessive"/>
 <markable clausetype="antecedent" coref_class="set_132" id="markable_7100" mention="clause" mmax_level="coref" span="word_2886..word_2896"/>
 <markable case="none" coref_class="set_86" id="markable_4078" mention="np" mmax_level="coref" nptype="antecedent" span="word_1681..word_1682"/>
 <markable agreement="they (sg.)" antetype="entity" case="nominative" coref_class="set_46" id="markable_5160" mention="pronoun" mmax_level="coref" position="it (subject)" span="word_2127" split="simple antecedent" type="anaphoric" type_of_pronoun="relative"/>
 <markable agreement="they (sg.)" antetype="entity" case="possessive" coref_class="set_46" id="markable_5161" mention="pronoun" mmax_level="coref" position="it (non-subject)" span="word_2128" split="simple antecedent" type="anaphoric" type_of_pronoun="possessive"/>
 <markable agreement="they (sg.)" antetype="entity" case="nominative" coref_class="set_12" id="markable_2061" mention="pronoun" mmax_level="coref" position="it (subject)" span="word_856" split="simple antecedent" type="anaphoric" type_of_pronoun="personal"/>
 <markable case="none" coref_class="set_38" id="markable_4362" mention="np" mmax_level="coref" nptype="antecedent" span="word_1798..word_1799"/>
 <markable case="none" coref_class="set_12" id="markable_2060" mention="np" mmax_level="coref" nptype="antecedent" span="word_848..word_849"/>
 <markable agreement="they (sg.)" antetype="entity" case="possessive" coref_class="set_37" id="markable_4360" mention="pronoun" mmax_level="coref" position="it (non-subject)" span="word_1793" split="simple antecedent" type="anaphoric" type_of_pronoun="possessive"/>
 <markable agreement="they (pl.)" antetype="entity" case="nominative" coref_class="set_119" id="markable_4484" mention="pronoun" mmax_level="coref" position="it (subject)" span="word_1854" split="simple antecedent" type="anaphoric" type_of_pronoun="personal"/>
 <markable case="none" coref_class="set_92" id="markable_6300" mention="np" mmax_level="coref" nptype="antecedent" span="word_2612..word_2614"/>
 <markable agreement="they (sg.)" antetype="entity" case="nominative" coref_class="set_38" id="markable_4363" mention="pronoun" mmax_level="coref" position="it (subject)" span="word_1801" split="simple antecedent" type="anaphoric" type_of_pronoun="relative"/>
 <markable agreement="none" antetype="entity" case="possessive" coref_class="set_38" id="markable_4364" mention="pronoun" mmax_level="coref" position="it (non-subject)" span="word_1802" split="simple antecedent" type="anaphoric" type_of_pronoun="possessive"/>
 <markable audience="deictic (sie, ihnen, ihr/e/er/es/em/en, du, dich, dir, dein/e/er/es/em/en)" coref_class="empty" id="markable_6541" mention="pronoun" mmax_level="coref" personal_or_reflexive="none" span="word_2715" type="addressee reference"/>
 <markable agreement="they (sg.)" antetype="entity" case="nominative" coref_class="set_24" id="markable_3397" mention="pronoun" mmax_level="coref" position="it (subject)" span="word_1402" split="simple antecedent" type="anaphoric" type_of_pronoun="personal"/>
 <markable case="none" coref_class="set_119" id="markable_4249" mention="np" mmax_level="coref" nptype="antecedent" span="word_1758..word_1759"/>
 <markable agreement="they (sg.)" antetype="entity" case="nominative" coref_class="set_118" id="markable_3278" mention="pronoun" mmax_level="coref" position="it (subject)" span="word_1351" split="simple antecedent" type="anaphoric" type_of_pronoun="personal"/>
 <markable agreement="none" antetype="entity" case="possessive" coref_class="set_38" id="markable_4367" mention="pronoun" mmax_level="coref" position="it (non-subject)" span="word_1807" split="simple antecedent" type="anaphoric" type_of_pronoun="possessive"/>
 <markable agreement="none" case="nominative" coref_class="set_29" id="markable_4005" mention="pronoun" mmax_level="coref" span="word_1659" split="simple antecedent" type="anaphoric"/>
 <markable audience="deictic (sie, ihnen, ihr/e/er/es/em/en, du, dich, dir, dein/e/er/es/em/en)" coref_class="empty" id="markable_2180" mention="pronoun" mmax_level="coref" personal_or_reflexive="none" span="word_902" type="addressee reference"/>
 <markable agreement="they (sg.)" antetype="entity" case="nominative" coref_class="set_43" id="markable_5100" mention="pronoun" mmax_level="coref" position="it (subject)" span="word_2101" split="simple antecedent" type="anaphoric" type_of_pronoun="personal"/>
 <markable audience="exclusive wir/uns/unser" coref_class="empty" id="markable_5101" mention="pronoun" mmax_level="coref" personal_or_reflexive="none" span="word_2106" type="speaker reference"/>
 <markable agreement="none" case="none" coref_class="empty" id="markable_22" mention="pronoun" mmax_level="coref" nptype="none" span="word_5" sub_apposition="none" type="pronoun"/>
 <markable agreement="they (sg.)" antetype="entity" case="nominative" coref_class="set_131" id="markable_6683" mention="pronoun" mmax_level="coref" position="it (subject)" span="word_2776" split="simple antecedent" type="anaphoric" type_of_pronoun="personal"/>
 <markable agreement="they (sg.)" antetype="entity" case="nominative" coref_class="set_131" id="markable_6682" mention="pronoun" mmax_level="coref" position="it (subject)" span="word_2770" split="simple antecedent" type="anaphoric" type_of_pronoun="personal"/>
 <markable anacata="anaphoric" antetype="entity" case="none" coref_class="set_13" id="markable_2087" mention="np" mmax_level="coref" npmod="demonstrative" nptype="np" span="word_866..word_867" split="simple antecedent"/>
 <markable agreement="none" coref_class="set_110" id="markable_2088" mention="pronoun" mmax_level="coref" position="it (non-subject)" span="word_869" type="antecedent" type_of_pronoun="personal"/>
 <markable audience="exclusive wir/uns/unser" coref_class="empty" id="markable_937" mention="pronoun" mmax_level="coref" personal_or_reflexive="none" span="word_374" type="speaker reference" type_of_pronoun="personal"/>
 <markable audience="exclusive wir/uns/unser" coref_class="empty" id="markable_939" mention="pronoun" mmax_level="coref" personal_or_reflexive="none" span="word_384" type="speaker reference"/>
 <markable agreement="they (sg.)" antetype="entity" case="nominative" coref_class="set_43" id="markable_5245" mention="pronoun" mmax_level="coref" position="it (subject)" span="word_2143" split="simple antecedent" type="anaphoric" type_of_pronoun="personal"/>
 <markable agreement="none" case="none" coref_class="empty" id="markable_3066" mention="pronoun" mmax_level="coref" nptype="none" span="word_1257" sub_apposition="none" type="pronoun"/>
 <markable audience="all-inclusive wir/uns/unser" coref_class="empty" id="markable_6576" mention="pronoun" mmax_level="coref" personal_or_reflexive="reflexive" span="word_2723" type="speaker reference"/>
 <markable case="none" coref_class="set_47" id="markable_5246" mention="np" mmax_level="coref" nptype="antecedent" span="word_2146..word_2147"/>
 <markable audience="exclusive wir/uns/unser" coref_class="empty" id="markable_4036" mention="pronoun" mmax_level="coref" personal_or_reflexive="none" span="word_1662" type="speaker reference"/>
 <markable coref_class="empty" id="markable_3065" mention="pronoun" mmax_level="coref" span="word_1255" type="pleonastic"/>
 <markable audience="deictic (sie, ihnen, ihr/e/er/es/em/en, du, dich, dir, dein/e/er/es/em/en)" coref_class="empty" id="markable_6575" mention="pronoun" mmax_level="coref" personal_or_reflexive="none" span="word_2722" type="addressee reference"/>
 <markable agreement="they (sg.)" antetype="entity" case="nominative" coref_class="set_43" id="markable_5001" mention="pronoun" mmax_level="coref" position="it (subject)" span="word_2060" split="simple antecedent" type="anaphoric" type_of_pronoun="personal"/>
 <markable case="none" coref_class="set_44" id="markable_5002" mention="np" mmax_level="coref" nptype="antecedent" span="word_2064..word_2065"/>
 <markable case="none" coref_class="set_24" id="markable_3067" mention="np" mmax_level="coref" nptype="antecedent" span="word_1261"/>
 <markable agreement="they (sg.)" antetype="entity" case="nominative" coref_class="set_43" id="markable_5249" mention="pronoun" mmax_level="coref" position="it (subject)" span="word_2155" split="simple antecedent" type="anaphoric" type_of_pronoun="personal"/>
 <markable case="none" coref_class="set_45" id="markable_5129" mention="np" mmax_level="coref" nptype="antecedent" span="word_2115..word_2116"/>
 <markable agreement="they (sg.)" antetype="entity" case="possessive" coref_class="set_24" id="markable_3069" mention="pronoun" mmax_level="coref" position="it (non-subject)" span="word_1265" split="simple antecedent" type="anaphoric" type_of_pronoun="possessive"/>
 <markable audience="all-inclusive wir/uns/unser" coref_class="empty" id="markable_6579" mention="pronoun" mmax_level="coref" personal_or_reflexive="reflexive" span="word_2732" type="speaker reference"/>
 <markable agreement="they (sg.)" antetype="entity" case="nominative" coref_class="set_47" id="markable_5247" mention="pronoun" mmax_level="coref" position="it (subject)" span="word_2149" split="simple antecedent" type="anaphoric" type_of_pronoun="relative"/>
 <markable audience="all-inclusive wir/uns/unser" coref_class="empty" id="markable_6578" mention="pronoun" mmax_level="coref" personal_or_reflexive="none" span="word_2731" type="speaker reference"/>
 <markable audience="exclusive wir/uns/unser" coref_class="empty" id="markable_4038" mention="pronoun" mmax_level="coref" personal_or_reflexive="none" span="word_1667" type="speaker reference"/>
 <markable case="none" coref_class="set_63" id="markable_6621" mention="np" mmax_level="coref" nptype="antecedent" span="word_2742"/>
 <markable agreement="they (pl.)" antetype="entity" case="nominative" coref_class="set_16" id="markable_2384" mention="pronoun" mmax_level="coref" position="it (subject)" span="word_971" split="simple antecedent" type="anaphoric" type_of_pronoun="personal"/>
 <markable agreement="they (sg.)" antetype="entity" case="nominative" coref_class="set_53" id="markable_5410" mention="pronoun" mmax_level="coref" position="it (subject)" span="word_2236" split="simple antecedent" type="anaphoric" type_of_pronoun="personal"/>
 <markable audience="all-inclusive wir/uns/unser" coref_class="empty" id="markable_6620" mention="pronoun" mmax_level="coref" personal_or_reflexive="none" span="word_2741" type="speaker reference"/>
 <markable audience="deictic (sie, ihnen, ihr/e/er/es/em/en, du, dich, dir, dein/e/er/es/em/en)" coref_class="empty" id="markable_5530" mention="pronoun" mmax_level="coref" personal_or_reflexive="personal" span="word_2288" type="addressee reference"/>
 <markable agreement="they (sg.)" antetype="entity" case="accusative" coref_class="set_64" id="markable_6624" mention="pronoun" mmax_level="coref" position="it (non-subject)" span="word_2750" split="simple antecedent" type="anaphoric" type_of_pronoun="reflexive"/>
 <markable agreement="they (pl.)" antetype="entity" case="nominative" coref_class="set_16" id="markable_2387" mention="pronoun" mmax_level="coref" position="it (subject)" span="word_980" split="simple antecedent" type="anaphoric" type_of_pronoun="personal"/>
 <markable case="none" coref_class="set_64" id="markable_6623" mention="np" mmax_level="coref" nptype="antecedent" span="word_2746..word_2747"/>
 <markable agreement="they (pl.)" antetype="entity" case="nominative" coref_class="set_63" id="markable_6622" mention="pronoun" mmax_level="coref" position="it (subject)" span="word_2745" split="simple antecedent" type="anaphoric" type_of_pronoun="relative"/>
 <markable agreement="they (sg.)" antetype="entity" case="nominative" coref_class="set_112" id="markable_2029" mention="pronoun" mmax_level="coref" position="it (subject)" span="word_841" split="simple antecedent" type="anaphoric" type_of_pronoun="personal"/>
 <markable audience="all-inclusive wir/uns/unser" coref_class="empty" id="markable_6749" mention="pronoun" mmax_level="coref" personal_or_reflexive="reflexive" span="word_2801" type="speaker reference"/>
 <markable agreement="they (sg.)" antetype="entity" case="nominative" coref_class="set_13" id="markable_2149" mention="pronoun" mmax_level="coref" position="it (subject)" span="word_884" split="simple antecedent" type="anaphoric" type_of_pronoun="personal"/>
 <markable audience="all-inclusive wir/uns/unser" coref_class="empty" id="markable_6748" mention="pronoun" mmax_level="coref" personal_or_reflexive="none" span="word_2800" type="speaker reference"/>
 <markable agreement="they (sg.)" antetype="entity" case="nominative" coref_class="set_24" id="markable_3119" mention="pronoun" mmax_level="coref" position="it (subject)" span="word_1288" split="simple antecedent" type="anaphoric" type_of_pronoun="personal"/>
 <markable case="none" coref_class="set_53" id="markable_5409" mention="np" mmax_level="coref" nptype="antecedent" span="word_2230..word_2231"/>
 <markable audience="all-inclusive wir/uns/unser" coref_class="empty" id="markable_5781" mention="pronoun" mmax_level="coref" personal_or_reflexive="none" span="word_2393" type="speaker reference"/>
 <markable agreement="they (sg.)" antetype="entity" case="nominative" coref_class="set_13" id="markable_2151" mention="pronoun" mmax_level="coref" position="it (subject)" span="word_891" split="simple antecedent" type="anaphoric" type_of_pronoun="personal"/>
 <markable audience="deictic (sie, ihnen, ihr/e/er/es/em/en, du, dich, dir, dein/e/er/es/em/en)" coref_class="empty" id="markable_1063" mention="pronoun" mmax_level="coref" personal_or_reflexive="none" span="word_441" type="addressee reference"/>
 <markable audience="all-inclusive wir/uns/unser" coref_class="empty" id="markable_5782" mention="pronoun" mmax_level="coref" personal_or_reflexive="none" span="word_2398" type="speaker reference"/>
 <markable case="none" coref_class="set_94" id="markable_6750" mention="np" mmax_level="coref" nptype="antecedent" span="word_2803..word_2805"/>
 <markable audience="all-inclusive wir/uns/unser" coref_class="empty" id="markable_6515" mention="pronoun" mmax_level="coref" personal_or_reflexive="none" span="word_2656" type="speaker reference"/>
 <markable anacata="anaphoric" antetype="entity" case="none" coref_class="set_107" id="markable_1188" mention="np" mmax_level="coref" npmod="demonstrative" nptype="np" span="word_490..word_491" split="simple antecedent"/>
 <markable agreement="they (pl.)" antetype="entity" case="nominative" coref_class="set_119" id="markable_4458" mention="pronoun" mmax_level="coref" position="it (subject)" span="word_1833" split="simple antecedent" type="anaphoric" type_of_pronoun="personal"/>
 <markable anacata="anaphoric" antetype="entity" case="none" coref_class="set_113" id="markable_2279" mention="np" mmax_level="coref" npmod="def-article" nptype="np" span="word_941..word_942" split="simple antecedent"/>
 <markable agreement="they (sg.)" antetype="entity" case="nominative" coref_class="set_29" id="markable_4217" mention="pronoun" mmax_level="coref" position="it (subject)" span="word_1739" split="simple antecedent" type="anaphoric" type_of_pronoun="personal"/>
 <markable audience="exclusive wir/uns/unser" coref_class="empty" id="markable_4218" mention="pronoun" mmax_level="coref" personal_or_reflexive="none" span="word_1743" type="speaker reference"/>
 <markable case="none" coref_class="set_16" id="markable_2281" mention="np" mmax_level="coref" nptype="antecedent" span="word_947"/>
 <markable audience="deictic (sie, ihnen, ihr/e/er/es/em/en, du, dich, dir, dein/e/er/es/em/en)" coref_class="empty" id="markable_3253" mention="pronoun" mmax_level="coref" personal_or_reflexive="none" span="word_1329" type="addressee reference"/>
 <markable audience="all-inclusive wir/uns/unser" coref_class="empty" id="markable_5793" mention="pronoun" mmax_level="coref" personal_or_reflexive="none" span="word_2401" type="speaker reference"/>
 <markable audience="deictic (sie, ihnen, ihr/e/er/es/em/en, du, dich, dir, dein/e/er/es/em/en)" coref_class="empty" id="markable_3255" mention="pronoun" mmax_level="coref" personal_or_reflexive="none" span="word_1340" type="addressee reference"/>
 <markable case="none" coref_class="set_57" id="markable_5555" mention="np" mmax_level="coref" nptype="antecedent" span="word_2294..word_2295"/>
 <markable agreement="they (sg.)" antetype="entity" case="nominative" coref_class="set_22" id="markable_3017" mention="pronoun" mmax_level="coref" position="it (subject)" span="word_1241" split="simple antecedent" type="anaphoric" type_of_pronoun="personal"/>
 <markable agreement="they (sg.)" antetype="entity" case="nominative" coref_class="set_57" id="markable_5556" mention="pronoun" mmax_level="coref" position="it (subject)" span="word_2299" split="simple antecedent" type="anaphoric" type_of_pronoun="personal"/>
 <markable agreement="none" audience="generic (man)" coref_class="empty" id="markable_188" mention="pronoun" mmax_level="coref" personal_or_reflexive="reflexive" position="none" span="word_70" type="addressee reference" type_of_pronoun="personal"/>
 <markable case="none" coref_class="set_23" id="markable_3018" mention="np" mmax_level="coref" nptype="antecedent" span="word_1242..word_1245"/>
 <markable agreement="they (sg.)" antetype="entity" case="accusative" coref_class="set_105" id="markable_189" mention="pronoun" mmax_level="coref" position="it (non-subject)" span="word_76" split="simple antecedent" type="anaphoric" type_of_pronoun="personal"/>
 <markable agreement="they (sg.)" antetype="entity" case="nominative" coref_class="set_59" id="markable_5681" mention="pronoun" mmax_level="coref" position="it (subject)" span="word_2341" split="simple antecedent" type="anaphoric" type_of_pronoun="personal"/>
 <markable agreement="none" audience="none" coref_class="empty" id="markable_3381" mention="pronoun" mmax_level="coref" personal_or_reflexive="none" position="none" span="word_1395" type="addressee reference" type_of_pronoun="personal"/>
 <markable coref_class="empty" id="markable_3380" mention="pronoun" mmax_level="coref" span="word_1392" type="pleonastic"/>
 <markable agreement="they (sg.)" antetype="entity" case="nominative" coref_class="set_5" id="markable_1083" mention="pronoun" mmax_level="coref" position="it (subject)" span="word_450" split="simple antecedent" type="anaphoric" type_of_pronoun="personal"/>
 <markable agreement="they (sg.)" antetype="entity" case="nominative" coref_class="set_23" id="markable_3020" mention="pronoun" mmax_level="coref" position="it (subject)" span="word_1247" split="simple antecedent" type="anaphoric" type_of_pronoun="relative"/>
 <markable agreement="none" antetype="entity" case="nominative" coref_class="empty" id="markable_5322" mention="pronoun" mmax_level="coref" position="none" span="word_2174" split="simple antecedent" type="anaphoric" type_of_pronoun="personal"/>
 <markable agreement="they (sg.)" antetype="entity" case="accusative" coref_class="set_22" id="markable_3021" mention="pronoun" mmax_level="coref" position="it (subject)" span="word_1248" split="simple antecedent" type="anaphoric" type_of_pronoun="personal"/>
 <markable agreement="they (sg.)" antetype="entity" case="nominative" coref_class="set_49" id="markable_5323" mention="pronoun" mmax_level="coref" position="it (subject)" span="word_2179" split="simple antecedent" type="anaphoric" type_of_pronoun="relative"/>
 <markable audience="all-inclusive wir/uns/unser" coref_class="empty" id="markable_5684" mention="pronoun" mmax_level="coref" personal_or_reflexive="none" span="word_2352" type="speaker reference"/>
 <markable case="none" coref_class="set_131" id="markable_6658" mention="np" mmax_level="coref" nptype="antecedent" span="word_2764..word_2768"/>
 <markable case="none" coref_class="set_37" id="markable_4358" mention="np" mmax_level="coref" nptype="antecedent" span="word_1789..word_1790"/>
 <markable agreement="they (sg.)" antetype="entity" case="accusative" coref_class="set_14" id="markable_2179" mention="pronoun" mmax_level="coref" position="it (subject)" span="word_901" split="simple antecedent" type="anaphoric" type_of_pronoun="relative"/>
 <markable agreement="they (pl.)" antetype="entity" case="dative" coref_class="set_50" id="markable_5326" mention="pronoun" mmax_level="coref" position="it (non-subject)" span="word_2188" split="simple antecedent" type="anaphoric" type_of_pronoun="demonstrative"/>
 <markable audience="deictic (sie, ihnen, ihr/e/er/es/em/en, du, dich, dir, dein/e/er/es/em/en)" coref_class="empty" id="markable_6657" mention="pronoun" mmax_level="coref" personal_or_reflexive="none" span="word_2761" type="addressee reference"/>
 <markable agreement="they (sg.)" antetype="entity" case="nominative" coref_class="set_37" id="markable_4359" mention="pronoun" mmax_level="coref" position="it (subject)" span="word_1792" split="simple antecedent" type="anaphoric" type_of_pronoun="relative"/>
 <markable agreement="none" case="nominative" coref_class="set_94" id="markable_6777" mention="pronoun" mmax_level="coref" span="word_2812" split="simple antecedent" type="anaphoric"/>
 <markable agreement="they (sg.)" antetype="entity" case="nominative" coref_class="set_86" id="markable_4114" mention="pronoun" mmax_level="coref" position="it (subject)" span="word_1692" split="simple antecedent" type="anaphoric" type_of_pronoun="personal"/>
 <markable case="none" coref_class="set_50" id="markable_5324" mention="np" mmax_level="coref" nptype="antecedent" span="word_2180..word_2182"/>
 <markable agreement="none" antetype="entity" case="dative" coref_class="empty" id="markable_5325" mention="pronoun" mmax_level="coref" position="none" span="word_2184" split="simple antecedent" type="anaphoric" type_of_pronoun="personal"/>
 <markable agreement="they (pl.)" antetype="entity" case="accusative" coref_class="set_50" id="markable_5328" mention="pronoun" mmax_level="coref" position="it (non-subject)" span="word_2194" split="simple antecedent" type="anaphoric" type_of_pronoun="personal"/>
 <markable agreement="none" antetype="entity" case="dative" coref_class="empty" id="markable_5329" mention="pronoun" mmax_level="coref" position="none" span="word_2196" split="simple antecedent" type="anaphoric" type_of_pronoun="personal"/>
 <markable agreement="they (sg.)" antetype="entity" case="nominative" coref_class="set_5" id="markable_1252" mention="pronoun" mmax_level="coref" position="it (subject)" span="word_518" split="simple antecedent" type="anaphoric" type_of_pronoun="personal"/>
 <markable agreement="they (sg.)" antetype="entity" case="accusative" coref_class="set_13" id="markable_2102" mention="pronoun" mmax_level="coref" position="it (non-subject)" span="word_873" split="simple antecedent" type="anaphoric" type_of_pronoun="personal"/>
 <markable audience="all-inclusive wir/uns/unser" coref_class="empty" id="markable_5734" mention="pronoun" mmax_level="coref" personal_or_reflexive="none" span="word_2360" type="speaker reference"/>
 <markable agreement="they (pl.)" antetype="entity" case="nominative" coref_class="set_119" id="markable_4645" mention="pronoun" mmax_level="coref" position="it (subject)" span="word_1911" split="simple antecedent" type="anaphoric" type_of_pronoun="personal"/>
 <markable audience="co-present wir/uns/unser" coref_class="empty" id="markable_2101" mention="pronoun" mmax_level="coref" personal_or_reflexive="none" span="word_872" type="speaker reference" type_of_pronoun="personal"/>
 <markable case="none" coref_class="set_116" id="markable_2225" mention="np" mmax_level="coref" nptype="antecedent" span="word_922..word_925"/>
 <markable agreement="they (pl.)" antetype="entity" case="nominative" coref_class="set_119" id="markable_4648" mention="pronoun" mmax_level="coref" position="it (subject)" span="word_1919" split="simple antecedent" type="anaphoric" type_of_pronoun="personal"/>
 <markable agreement="none" case="none" coref_class="empty" id="markable_3318" mention="pronoun" mmax_level="coref" nptype="none" span="word_1361" sub_apposition="none" type="pronoun"/>
 <markable case="none" coref_class="set_126" id="markable_5736" mention="np" mmax_level="coref" nptype="antecedent" span="word_2370"/>
 <markable agreement="none" coref_class="set_115" id="markable_2475" mention="pronoun" mmax_level="coref" position="it (subject)" span="word_1014" type="antecedent" type_of_pronoun="personal"/>
 <markable agreement="none" antetype="entity" case="nominative" coref_class="set_18" id="markable_2596" mention="pronoun" mmax_level="coref" position="it (subject)" span="word_1069" split="simple antecedent" type="anaphoric" type_of_pronoun="personal"/>
 <markable agreement="they (sg.)" antetype="entity" case="accusative" coref_class="set_25" id="markable_3322" mention="pronoun" mmax_level="coref" position="it (non-subject)" span="word_1372" split="simple antecedent" type="anaphoric" type_of_pronoun="relative"/>
 <markable anacata="anaphoric" antetype="entity" case="none" coref_class="set_116" id="markable_2478" mention="np" mmax_level="coref" npmod="demonstrative" nptype="np" span="word_1025..word_1026" split="simple antecedent"/>
 <markable agreement="they (sg.)" antetype="entity" case="nominative" coref_class="set_13" id="markable_2115" mention="pronoun" mmax_level="coref" position="it (subject)" span="word_878" split="simple antecedent" type="anaphoric" type_of_pronoun="personal"/>
 <markable agreement="they (pl.)" antetype="entity" case="nominative" coref_class="set_71" id="markable_6959" mention="pronoun" mmax_level="coref" position="it (subject)" span="word_2887" split="simple antecedent" type="anaphoric" type_of_pronoun="personal"/>
 <markable case="none" coref_class="set_58" id="markable_5626" mention="np" mmax_level="coref" nptype="antecedent" span="word_2303..word_2304"/>
 <markable anacata="anaphoric" antetype="entity" case="none" coref_class="set_61" id="markable_5990" mention="np" mmax_level="coref" npmod="demonstrative" nptype="np" span="word_2480..word_2481" split="simple antecedent"/>
 <markable agreement="they (sg.)" antetype="entity" case="accusative" coref_class="set_58" id="markable_5630" mention="pronoun" mmax_level="coref" position="it (non-subject)" span="word_2314" split="simple antecedent" type="anaphoric" type_of_pronoun="personal"/>
 <markable coref_class="empty" id="markable_6962" mention="pronoun" mmax_level="coref" span="word_2893" type="pleonastic"/>
 <markable audience="deictic (sie, ihnen, ihr/e/er/es/em/en, du, dich, dir, dein/e/er/es/em/en)" coref_class="empty" id="markable_5631" mention="pronoun" mmax_level="coref" personal_or_reflexive="none" span="word_2319" type="addressee reference"/>
 <markable agreement="they (pl.)" antetype="entity" case="nominative" coref_class="set_119" id="markable_4545" mention="pronoun" mmax_level="coref" position="it (subject)" span="word_1874" split="simple antecedent" type="anaphoric" type_of_pronoun="personal"/>
 <markable case="none" coref_class="set_13" id="markable_2003" mention="np" mmax_level="coref" nptype="antecedent" span="word_830..word_831"/>
 <markable case="none" coref_class="set_59" id="markable_5632" mention="np" mmax_level="coref" nptype="antecedent" span="word_2324..word_2330"/>
 <markable agreement="they (sg.)" antetype="entity" case="nominative" coref_class="set_113" id="markable_2247" mention="pronoun" mmax_level="coref" position="it (subject)" span="word_927" split="simple antecedent" type="anaphoric" type_of_pronoun="personal"/>
 <markable agreement="they (pl.)" antetype="entity" case="nominative" coref_class="set_119" id="markable_4544" mention="pronoun" mmax_level="coref" position="it (subject)" span="word_1869" split="simple antecedent" type="anaphoric" type_of_pronoun="personal"/>
 <markable agreement="they (sg.)" antetype="entity" case="accusative" coref_class="set_112" id="markable_2004" mention="pronoun" mmax_level="coref" position="it (non-subject)" span="word_833" split="simple antecedent" type="anaphoric" type_of_pronoun="personal"/>
 <markable agreement="they (sg.)" antetype="entity" case="nominative" coref_class="set_54" id="markable_5517" mention="pronoun" mmax_level="coref" position="it (subject)" span="word_2247" split="simple antecedent" type="anaphoric" type_of_pronoun="relative"/>
 <markable agreement="they (sg.)" antetype="entity" case="possessive" coref_class="set_54" id="markable_5518" mention="pronoun" mmax_level="coref" position="it (non-subject)" span="word_2248" split="simple antecedent" type="anaphoric" type_of_pronoun="possessive"/>
 <markable audience="deictic (sie, ihnen, ihr/e/er/es/em/en, du, dich, dir, dein/e/er/es/em/en)" coref_class="empty" id="markable_3458" mention="pronoun" mmax_level="coref" personal_or_reflexive="none" span="word_1430" type="addressee reference"/>
 <markable agreement="they (sg.)" antetype="entity" case="nominative" coref_class="set_131" id="markable_6726" mention="pronoun" mmax_level="coref" position="it (subject)" span="word_2789" split="simple antecedent" type="anaphoric" type_of_pronoun="personal"/>
 <markable case="none" coref_class="set_54" id="markable_5516" mention="np" mmax_level="coref" nptype="antecedent" span="word_2244..word_2245"/>
 <markable agreement="they (pl.)" antetype="entity" case="nominative" coref_class="set_119" id="markable_4669" mention="pronoun" mmax_level="coref" position="it (subject)" span="word_1928" split="simple antecedent" type="anaphoric" type_of_pronoun="personal"/>
 <markable anacata="anaphoric" antetype="entity" case="none" coref_class="set_119" id="markable_4419" mention="np" mmax_level="coref" npmod="demonstrative" nptype="np" span="word_1824..word_1825" split="simple antecedent"/>
 <markable anacata="anaphoric" antetype="entity" case="none" coref_class="set_4" id="markable_1281" mention="np" mmax_level="coref" npmod="def-article" nptype="np" span="word_531..word_532" split="simple antecedent"/>
 <markable case="none" coref_class="set_55" id="markable_5520" mention="np" mmax_level="coref" nptype="antecedent" span="word_2255..word_2256"/>
 <markable case="none" coref_class="set_41" id="markable_4794" mention="np" mmax_level="coref" nptype="antecedent" span="word_1971..word_1975"/>
 <markable audience="deictic (sie, ihnen, ihr/e/er/es/em/en, du, dich, dir, dein/e/er/es/em/en)" coref_class="empty" id="markable_4310" mention="pronoun" mmax_level="coref" personal_or_reflexive="none" span="word_1784" type="addressee reference"/>
 <markable agreement="they (sg.)" antetype="entity" case="nominative" coref_class="set_55" id="markable_5521" mention="pronoun" mmax_level="coref" position="it (subject)" span="word_2258" split="simple antecedent" type="anaphoric" type_of_pronoun="relative"/>
 <markable agreement="none" case="none" coref_class="empty" id="markable_4795" mention="pronoun" mmax_level="coref" nptype="none" span="word_1973" sub_apposition="none" type="pronoun"/>
 <markable audience="co-present wir/uns/unser" coref_class="empty" id="markable_4311" mention="pronoun" mmax_level="coref" personal_or_reflexive="reflexive" span="word_1785" type="speaker reference"/>
 <markable agreement="they (sg.)" antetype="entity" case="accusative" coref_class="set_24" id="markable_3340" mention="pronoun" mmax_level="coref" position="it (subject)" span="word_1381" split="simple antecedent" type="anaphoric" type_of_pronoun="personal"/>
 <markable coref_class="empty" id="markable_3585" mention="pronoun" mmax_level="coref" span="word_1481" type="pleonastic"/>
 <markable anacata="anaphoric" antetype="entity" case="none" coref_class="set_104" id="markable_3584" mention="np" mmax_level="coref" npmod="def-article" nptype="np" span="word_1469..word_1477" split="simple antecedent"/>
 <markable agreement="they (sg.)" antetype="entity" case="nominative" coref_class="set_24" id="markable_3103" mention="pronoun" mmax_level="coref" position="it (subject)" span="word_1280" split="simple antecedent" type="anaphoric" type_of_pronoun="personal"/>
 <markable agreement="they (sg.)" antetype="entity" case="possessive" coref_class="set_55" id="markable_5525" mention="pronoun" mmax_level="coref" position="it (non-subject)" span="word_2264" split="simple antecedent" type="anaphoric" type_of_pronoun="possessive"/>
 <markable case="none" coref_class="set_123" id="markable_4799" mention="np" mmax_level="coref" nptype="antecedent" span="word_1986"/>
 <markable agreement="they (sg.)" antetype="entity" case="accusative" coref_class="set_24" id="markable_3102" mention="pronoun" mmax_level="coref" position="it (non-subject)" span="word_1277" split="simple antecedent" type="anaphoric" type_of_pronoun="personal"/>
 <markable agreement="they (sg.)" antetype="entity" case="possessive" coref_class="set_55" id="markable_5522" mention="pronoun" mmax_level="coref" position="it (non-subject)" span="word_2259" split="simple antecedent" type="anaphoric" type_of_pronoun="possessive"/>
 <markable agreement="they (sg.)" antetype="entity" case="nominative" coref_class="set_41" id="markable_4797" mention="pronoun" mmax_level="coref" position="it (subject)" span="word_1978" split="simple antecedent" type="anaphoric" type_of_pronoun="relative"/>
 <markable agreement="they (sg.)" antetype="entity" case="nominative" coref_class="set_56" id="markable_5527" mention="pronoun" mmax_level="coref" position="it (subject)" span="word_2272" split="simple antecedent" type="anaphoric" type_of_pronoun="relative"/>
 <markable audience="deictic (sie, ihnen, ihr/e/er/es/em/en, du, dich, dir, dein/e/er/es/em/en)" coref_class="empty" id="markable_2780" mention="pronoun" mmax_level="coref" personal_or_reflexive="none" span="word_1128" type="addressee reference"/>
 <markable agreement="they (sg.)" antetype="entity" case="nominative" coref_class="set_20" id="markable_2782" mention="pronoun" mmax_level="coref" position="it (subject)" span="word_1135" split="simple antecedent" type="anaphoric" type_of_pronoun="relative"/>
 <markable agreement="they (pl.)" antetype="entity" case="nominative" coref_class="set_16" id="markable_2421" mention="pronoun" mmax_level="coref" position="it (subject)" span="word_995" split="simple antecedent" type="anaphoric" type_of_pronoun="personal"/>
 <markable agreement="sie (pl.)" antetype="entity" case="nominative" coref_class="set_18" id="markable_2542" mention="pronoun" mmax_level="coref" position="it (subject)" span="word_1049" split="simple antecedent" type="anaphoric" type_of_pronoun="personal"/>
 <markable audience="exclusive wir/uns/unser" coref_class="empty" id="markable_3872" mention="pronoun" mmax_level="coref" personal_or_reflexive="none" span="word_1583" type="speaker reference"/>
 <markable agreement="none" case="accusative" coref_class="set_32" id="markable_3875" mention="pronoun" mmax_level="coref" span="word_1591" split="simple antecedent" type="cataphoric"/>
 <markable audience="deictic (sie, ihnen, ihr/e/er/es/em/en, du, dich, dir, dein/e/er/es/em/en)" coref_class="empty" id="markable_2785" mention="pronoun" mmax_level="coref" personal_or_reflexive="none" span="word_1145" type="addressee reference"/>
 <markable audience="exclusive wir/uns/unser" coref_class="empty" id="markable_3874" mention="pronoun" mmax_level="coref" personal_or_reflexive="personal" span="word_1589" type="speaker reference"/>
 <markable agreement="die (pl.)" case="nominative" coref_class="set_60" id="markable_5935" mention="pronoun" mmax_level="coref" span="word_2435" split="simple antecedent" type="anaphoric"/>
 <markable audience="deictic (sie, ihnen, ihr/e/er/es/em/en, du, dich, dir, dein/e/er/es/em/en)" coref_class="empty" id="markable_6903" mention="pronoun" mmax_level="coref" personal_or_reflexive="reflexive" span="word_2822" type="addressee reference"/>
 <markable agreement="none" case="none" coref_class="set_32" id="markable_3876" mention="np" mmax_level="coref" nptype="np" span="word_1592..word_1594" sub_apposition="none" type="none"/>
 <markable audience="deictic (sie, ihnen, ihr/e/er/es/em/en, du, dich, dir, dein/e/er/es/em/en)" coref_class="empty" id="markable_6902" mention="pronoun" mmax_level="coref" personal_or_reflexive="none" span="word_2821" type="addressee reference"/>
 <markable audience="deictic (sie, ihnen, ihr/e/er/es/em/en, du, dich, dir, dein/e/er/es/em/en)" coref_class="empty" id="markable_5933" mention="pronoun" mmax_level="coref" personal_or_reflexive="none" span="word_2426" type="addressee reference"/>
 <markable audience="co-present wir/uns/unser" coref_class="empty" id="markable_1338" mention="pronoun" mmax_level="coref" personal_or_reflexive="none" span="word_552" type="speaker reference"/>
 <markable agreement="they (sg.)" antetype="entity" case="nominative" coref_class="set_40" id="markable_4724" mention="pronoun" mmax_level="coref" position="it (subject)" span="word_1951" split="simple antecedent" type="anaphoric" type_of_pronoun="personal"/>
 <markable coref_class="set_33" id="markable_3878" mention="np" mmax_level="coref" nptype="antecedent" span="word_1596..word_1600,word_1599"/>
 <markable agreement="none" case="none" coref_class="set_60" id="markable_5934" mention="np" mmax_level="coref" nptype="np" span="word_2431..word_2432" sub_apposition="none" type="none"/>
 <markable audience="all-inclusive wir/uns/unser" coref_class="empty" id="markable_5805" mention="pronoun" mmax_level="coref" personal_or_reflexive="none" span="word_2405" type="speaker reference"/>
 <markable agreement="none" case="none" coref_class="set_103" id="markable_5806" mention="np" mmax_level="coref" nptype="np" span="word_2407" sub_apposition="none" type="none"/>
 <markable coref_class="empty" id="markable_4850" mention="pronoun" mmax_level="coref" span="word_2000" type="pleonastic"/>
 <markable agreement="none" antetype="entity" case="nominative" coref_class="set_18" id="markable_2671" mention="pronoun" mmax_level="coref" position="it (subject)" span="word_1084" split="simple antecedent" type="anaphoric" type_of_pronoun="personal"/>
 <markable case="none" coref_class="set_69" id="markable_6911" mention="np" mmax_level="coref" nptype="antecedent" span="word_2846"/>
 <markable agreement="they (sg.)" antetype="entity" case="nominative" coref_class="set_1" id="markable_335" mention="pronoun" mmax_level="coref" position="it (subject)" span="word_127" split="simple antecedent" type="anaphoric" type_of_pronoun="relative"/>
 <markable agreement="they (pl.)" antetype="entity" case="nominative" coref_class="set_67" id="markable_6910" mention="pronoun" mmax_level="coref" position="it (subject)" span="word_2841" split="simple antecedent" type="anaphoric" type_of_pronoun="relative"/>
 <markable case="nominative" coref_class="empty" id="markable_2310" mention="pronoun" mmax_level="coref" span="word_955" type="pronoun"/>
 <markable case="none" coref_class="set_1" id="markable_334" mention="np" mmax_level="coref" nptype="antecedent" span="word_124..word_125"/>
 <markable case="none" coref_class="set_43" id="markable_4975" mention="np" mmax_level="coref" nptype="antecedent" span="word_2055"/>
 <markable audience="deictic (sie, ihnen, ihr/e/er/es/em/en, du, dich, dir, dein/e/er/es/em/en)" coref_class="empty" id="markable_5940" mention="pronoun" mmax_level="coref" personal_or_reflexive="none" span="word_2460" type="addressee reference"/>
 <markable audience="all-inclusive wir/uns/unser" coref_class="empty" id="markable_337" mention="pronoun" mmax_level="coref" personal_or_reflexive="none" span="word_137" type="speaker reference"/>
 <markable case="none" coref_class="set_29" id="markable_3764" mention="np" mmax_level="coref" nptype="antecedent" span="word_1525"/>
 <markable anacata="anaphoric" antetype="entity" case="none" coref_class="set_105" id="markable_215" mention="np" mmax_level="coref" npmod="demonstrative" nptype="np" span="word_83..word_84" split="simple antecedent"/>
 <markable agreement="none" case="none" coref_class="set_103" id="markable_5820" mention="np" mmax_level="coref" nptype="np" span="word_2411..word_2412" sub_apposition="none" type="none"/>
 <markable case="none" coref_class="set_19" id="markable_2678" mention="np" mmax_level="coref" nptype="antecedent" span="word_1102"/>
 <markable agreement="they (pl.)" antetype="entity" case="nominative" coref_class="set_70" id="markable_6914" mention="pronoun" mmax_level="coref" position="it (subject)" span="word_2857" split="simple antecedent" type="anaphoric" type_of_pronoun="relative"/>
 <markable agreement="they (sg.)" antetype="entity" case="accusative" coref_class="set_29" id="markable_3766" mention="pronoun" mmax_level="coref" position="it (non-subject)" span="word_1530" split="simple antecedent" type="anaphoric" type_of_pronoun="personal"/>
 <markable case="none" coref_class="set_70" id="markable_6913" mention="np" mmax_level="coref" nptype="antecedent" span="word_2855"/>
 <markable agreement="they (sg.)" antetype="entity" case="nominative" coref_class="set_30" id="markable_3769" mention="pronoun" mmax_level="coref" position="it (subject)" span="word_1540" split="simple antecedent" type="anaphoric" type_of_pronoun="relative"/>
 <markable agreement="they (sg.)" antetype="entity" case="nominative" coref_class="set_43" id="markable_4976" mention="pronoun" mmax_level="coref" position="it (subject)" span="word_2057" split="simple antecedent" type="anaphoric" type_of_pronoun="personal"/>
 <markable agreement="they (pl.)" antetype="entity" case="nominative" coref_class="set_69" id="markable_6912" mention="pronoun" mmax_level="coref" position="it (subject)" span="word_2848" split="simple antecedent" type="anaphoric" type_of_pronoun="relative"/>
 <markable case="none" coref_class="set_30" id="markable_3768" mention="np" mmax_level="coref" nptype="antecedent" span="word_1537..word_1538"/>
 <markable agreement="they (sg.)" antetype="entity" case="possessive" coref_class="set_19" id="markable_2679" mention="pronoun" mmax_level="coref" position="it (subject)" span="word_1104" split="simple antecedent" type="anaphoric" type_of_pronoun="possessive"/>
 <markable agreement="they (sg.)" antetype="entity" case="accusative" coref_class="set_68" id="markable_6908" mention="pronoun" mmax_level="coref" position="it (non-subject)" span="word_2836" split="simple antecedent" type="anaphoric" type_of_pronoun="personal"/>
 <markable agreement="they (pl.)" antetype="entity" case="nominative" coref_class="set_16" id="markable_2308" mention="pronoun" mmax_level="coref" position="it (subject)" span="word_949" split="simple antecedent" type="anaphoric" type_of_pronoun="personal"/>
 <markable agreement="they (sg.)" antetype="entity" case="accusative" coref_class="set_7" id="markable_1339" mention="pronoun" mmax_level="coref" position="it (subject)" span="word_553" split="simple antecedent" type="anaphoric" type_of_pronoun="personal"/>
 <markable audience="all-inclusive wir/uns/unser" coref_class="empty" id="markable_5819" mention="pronoun" mmax_level="coref" personal_or_reflexive="none" span="word_2409" type="speaker reference"/>
 <markable agreement="they (pl.)" antetype="entity" case="nominative" coref_class="set_68" id="markable_6906" mention="pronoun" mmax_level="coref" position="it (subject)" span="word_2832" split="simple antecedent" type="anaphoric" type_of_pronoun="relative"/>
 <markable case="none" coref_class="set_68" id="markable_6905" mention="np" mmax_level="coref" nptype="antecedent" span="word_2830"/>
 <markable case="none" coref_class="set_67" id="markable_6909" mention="np" mmax_level="coref" nptype="antecedent" span="word_2839"/>
 <markable agreement="they (sg.)" antetype="entity" case="dative" coref_class="set_31" id="markable_3770" mention="pronoun" mmax_level="coref" position="it (subject)" span="word_1554" split="simple antecedent" type="anaphoric" type_of_pronoun="relative"/>
 <markable agreement="none" audience="deictic (sie, ihnen, ihr/e/er/es/em/en, du, dich, dir, dein/e/er/es/em/en)" coref_class="empty" id="markable_3772" mention="pronoun" mmax_level="coref" personal_or_reflexive="none" position="none" span="word_1563" type="addressee reference" type_of_pronoun="personal"/>
 <markable agreement="sie (pl.)" antetype="entity" case="nominative" coref_class="set_18" id="markable_2561" mention="pronoun" mmax_level="coref" position="it (subject)" span="word_1057" split="simple antecedent" type="anaphoric" type_of_pronoun="personal"/>
 <markable case="none" coref_class="set_28" id="markable_3653" mention="np" mmax_level="coref" nptype="antecedent" span="word_1506..word_1507"/>
 <markable agreement="they (sg.)" antetype="entity" case="nominative" coref_class="set_13" id="markable_2201" mention="pronoun" mmax_level="coref" position="it (subject)" span="word_908" split="simple antecedent" type="anaphoric" type_of_pronoun="personal"/>
 <markable agreement="none" antetype="entity" case="possessive" coref_class="set_28" id="markable_3655" mention="pronoun" mmax_level="coref" position="it (subject)" span="word_1511" split="simple antecedent" type="anaphoric" type_of_pronoun="possessive"/>
 <markable agreement="they (sg.)" antetype="entity" case="nominative" coref_class="set_28" id="markable_3654" mention="pronoun" mmax_level="coref" position="it (subject)" span="word_1510" split="simple antecedent" type="anaphoric" type_of_pronoun="relative"/>
 <markable case="none" coref_class="set_79" id="markable_2202" mention="np" mmax_level="coref" nptype="antecedent" span="word_913..word_915"/>
 <markable case="nominative" coref_class="empty" id="markable_105" mention="pronoun" mmax_level="coref" span="word_28" type="pleonastic"/>
 <markable agreement="none" case="none" coref_class="set_103" id="markable_5836" mention="np" mmax_level="coref" nptype="np" span="word_2417..word_2418" sub_apposition="none" type="none"/>
 <markable agreement="they (sg.)" antetype="entity" case="nominative" coref_class="set_7" id="markable_1479" mention="pronoun" mmax_level="coref" position="it (subject)" span="word_597" split="simple antecedent" type="anaphoric" type_of_pronoun="personal"/>
 <markable agreement="they (sg.)" antetype="entity" case="nominative" coref_class="set_24" id="markable_3537" mention="pronoun" mmax_level="coref" position="it (subject)" span="word_1441" split="simple antecedent" type="anaphoric" type_of_pronoun="personal"/>
 <markable audience="all-inclusive wir/uns/unser" coref_class="empty" id="markable_5835" mention="pronoun" mmax_level="coref" personal_or_reflexive="none" span="word_2414" type="speaker reference"/>
 <markable agreement="they (pl.)" antetype="entity" case="nominative" coref_class="set_71" id="markable_6917" mention="pronoun" mmax_level="coref" position="it (subject)" span="word_2873" split="simple antecedent" type="anaphoric" type_of_pronoun="relative"/>
 <markable agreement="they (pl.)" antetype="entity" case="nominative" coref_class="set_70" id="markable_6916" mention="pronoun" mmax_level="coref" position="it (subject)" span="word_2869" split="simple antecedent" type="anaphoric" type_of_pronoun="personal"/>
 <markable audience="deictic (sie, ihnen, ihr/e/er/es/em/en, du, dich, dir, dein/e/er/es/em/en)" coref_class="empty" id="markable_5960" mention="pronoun" mmax_level="coref" personal_or_reflexive="none" span="word_2467" type="addressee reference"/>
 <markable agreement="they (sg.)" antetype="entity" case="nominative" coref_class="set_5" id="markable_1240" mention="pronoun" mmax_level="coref" position="it (subject)" span="word_510" split="simple antecedent" type="anaphoric" type_of_pronoun="personal"/>
 <markable agreement="none" antetype="entity" case="accusative" coref_class="set_104" id="markable_3541" mention="pronoun" mmax_level="coref" position="none" span="word_1461" split="simple antecedent" type="cataphoric"/>
 <markable agreement="they (sg.)" antetype="entity" case="nominative" coref_class="set_5" id="markable_1241" mention="pronoun" mmax_level="coref" position="it (subject)" span="word_513" split="simple antecedent" type="anaphoric" type_of_pronoun="personal"/>
 <markable case="none" coref_class="set_26" id="markable_3540" mention="np" mmax_level="coref" nptype="antecedent" span="word_1457..word_1458"/>
 <markable anacata="anaphoric" antetype="entity" case="none" coref_class="set_117" id="markable_2693" mention="np" mmax_level="coref" npmod="demonstrative" nptype="np" span="word_1112..word_1113" split="simple antecedent"/>
 <markable agreement="they (pl.)" antetype="entity" case="nominative" coref_class="set_3" id="markable_599" mention="pronoun" mmax_level="coref" position="it (subject)" span="word_241" split="simple antecedent" type="anaphoric" type_of_pronoun="personal"/>
 <markable audience="all-inclusive wir/uns/unser" coref_class="empty" id="markable_357" mention="pronoun" mmax_level="coref" personal_or_reflexive="none" span="word_144" type="speaker reference"/>
 <markable agreement="they (pl.)" antetype="entity" case="nominative" coref_class="set_26" id="markable_3542" mention="pronoun" mmax_level="coref" position="it (subject)" span="word_1462" split="simple antecedent" type="anaphoric" type_of_pronoun="personal"/>
 <markable agreement="they (sg.)" antetype="entity" case="nominative" coref_class="set_5" id="markable_1002" mention="pronoun" mmax_level="coref" position="it (subject)" span="word_417" split="simple antecedent" type="anaphoric" type_of_pronoun="personal"/>
 <markable agreement="they (pl.)" antetype="entity" case="dative" coref_class="set_3" id="markable_598" mention="pronoun" mmax_level="coref" position="it (non-subject)" span="word_237" split="simple antecedent" type="anaphoric" type_of_pronoun="personal"/>
 <markable agreement="they (sg.)" antetype="entity" case="nominative" coref_class="set_16" id="markable_2335" mention="pronoun" mmax_level="coref" position="it (subject)" span="word_961" split="simple antecedent" type="anaphoric" type_of_pronoun="personal"/>
 <markable audience="all-inclusive wir/uns/unser" coref_class="empty" id="markable_359" mention="pronoun" mmax_level="coref" personal_or_reflexive="none" span="word_147" type="speaker reference"/>
 <markable audience="all-inclusive wir/uns/unser" coref_class="empty" id="markable_5847" mention="pronoun" mmax_level="coref" personal_or_reflexive="none" span="word_2420" type="speaker reference"/>
 <markable agreement="they (pl.)" antetype="entity" case="nominative" coref_class="set_16" id="markable_2336" mention="pronoun" mmax_level="coref" position="it (subject)" span="word_966" split="simple antecedent" type="anaphoric" type_of_pronoun="personal"/>
 <markable agreement="none" case="none" coref_class="set_103" id="markable_5848" mention="np" mmax_level="coref" nptype="np" span="word_2422" sub_apposition="none" type="none"/>
 <markable case="none" coref_class="set_3" id="markable_596" mention="np" mmax_level="coref" nptype="antecedent" span="word_229"/>
 <markable coref_class="empty" id="markable_3539" mention="pronoun" mmax_level="coref" span="word_1449" type="pleonastic"/>
 <markable agreement="they (pl.)" antetype="entity" case="nominative" coref_class="set_119" id="markable_4749" mention="pronoun" mmax_level="coref" position="it (subject)" span="word_1957" split="simple antecedent" type="anaphoric" type_of_pronoun="personal"/>
 <markable agreement="they (pl.)" antetype="entity" case="nominative" coref_class="set_119" id="markable_4508" mention="pronoun" mmax_level="coref" position="it (subject)" span="word_1864" split="simple antecedent" type="anaphoric" type_of_pronoun="personal"/>
 <markable agreement="none" coref_class="set_122" id="markable_7079" mention="pronoun" mmax_level="coref" position="it (subject)" span="word_1959" type="antecedent" type_of_pronoun="demonstrative"/>
 <markable agreement="none" coref_class="set_122" id="markable_7078" mention="pronoun" mmax_level="coref" position="it (subject)" span="word_1929" type="antecedent" type_of_pronoun="demonstrative"/>
 <markable audience="none" coref_class="empty" id="markable_7077" mention="pronoun" mmax_level="coref" personal_or_reflexive="reflexive" span="word_1890" type="speaker reference"/>
 <markable audience="all-inclusive wir/uns/unser" coref_class="empty" id="markable_483" mention="pronoun" mmax_level="coref" personal_or_reflexive="none" span="word_185" type="speaker reference"/>
 <markable agreement="none" antetype="entity" coref_class="set_120" id="markable_7076" mention="pronoun" mmax_level="coref" position="it (subject)" span="word_1871" split="simple antecedent" type="anaphoric" type_of_pronoun="demonstrative"/>
 <markable agreement="they (pl.)" antetype="entity" case="accusative" coref_class="set_2" id="markable_482" mention="pronoun" mmax_level="coref" position="it (non-subject)" span="word_184" split="simple antecedent" type="anaphoric" type_of_pronoun="relative"/>
 <markable agreement="they (pl.)" antetype="entity" case="nominative" coref_class="set_74" id="markable_488" mention="pronoun" mmax_level="coref" position="it (subject)" span="word_199" split="simple antecedent" type="anaphoric" type_of_pronoun="personal"/>
 <markable case="none" coref_class="set_77" id="markable_1532" mention="np" mmax_level="coref" nptype="antecedent" span="word_622..word_626"/>
 <markable agreement="they (sg.)" antetype="entity" case="nominative" coref_class="set_7" id="markable_1412" mention="pronoun" mmax_level="coref" position="it (subject)" span="word_575" split="simple antecedent" type="anaphoric" type_of_pronoun="personal"/>
 <markable agreement="they (sg.)" antetype="entity" case="nominative" coref_class="set_7" id="markable_1415" mention="pronoun" mmax_level="coref" position="it (subject)" span="word_586" split="simple antecedent" type="anaphoric" type_of_pronoun="personal"/>
 <markable agreement="none" anacata="anaphoric" antetype="entity" case="none" coref_class="set_105" id="markable_123" mention="np" mmax_level="coref" npmod="possessive" nptype="np" span="word_49..word_50" split="simple antecedent" sub_apposition="none" type="none"/>
 <markable agreement="they (sg.)" antetype="entity" case="nominative" coref_class="set_123" id="markable_4915" mention="pronoun" mmax_level="coref" position="it (subject)" span="word_2028" split="simple antecedent" type="anaphoric" type_of_pronoun="personal"/>
 <markable coref_class="empty" id="markable_7071" mention="pronoun" mmax_level="coref" span="word_366" type="event"/>
 <markable coref_class="empty" id="markable_7070" mention="pronoun" mmax_level="coref" span="word_20" type="event"/>
 <markable agreement="they (sg.)" antetype="entity" case="nominative" coref_class="set_96" id="markable_7075" mention="pronoun" mmax_level="coref" position="it (subject)" span="word_715" split="simple antecedent" type="anaphoric" type_of_pronoun="demonstrative"/>
 <markable coref_class="set_96" id="markable_7074" mention="np" mmax_level="coref" nptype="antecedent" span="word_708..word_712"/>
 <markable audience="none" coref_class="empty" id="markable_7073" mention="pronoun" mmax_level="coref" personal_or_reflexive="personal" span="word_536" type="speaker reference"/>
 <markable agreement="none" coref_class="set_106" id="markable_7072" mention="pronoun" mmax_level="coref" position="it (non-subject)" span="word_515" type="antecedent" type_of_pronoun="demonstrative"/>
 <markable clausetype="antecedent" coref_class="set_120" id="markable_7089" mention="clause" mmax_level="coref" span="word_1851..word_1867"/>
 <markable coref_class="set_117" id="markable_7088" mention="np" mmax_level="coref" nptype="antecedent" span="word_1086..word_1089"/>
 <markable coref_class="set_115" id="markable_7087" mention="vp" mmax_level="coref" span="word_981..word_991" vptype="antecedent"/>
 <markable agreement="they (sg.)" antetype="entity" case="nominative" coref_class="set_7" id="markable_1661" mention="pronoun" mmax_level="coref" position="it (subject)" span="word_680" split="simple antecedent" type="anaphoric" type_of_pronoun="personal"/>
 <markable coref_class="empty" id="markable_1662" mention="pronoun" mmax_level="coref" span="word_684" type="pleonastic"/>
 <markable audience="none" coref_class="empty" id="markable_1785" mention="pronoun" mmax_level="coref" personal_or_reflexive="reflexive" span="word_724" type="speaker reference"/>
 <markable anacata="anaphoric" antetype="entity" case="none" coref_class="set_105" id="markable_1786" mention="np" mmax_level="coref" npmod="demonstrative" nptype="np" span="word_727..word_728" split="simple antecedent"/>
 <markable coref_class="empty" id="markable_1789" mention="none" mmax_level="coref" span="word_738"/>
 <markable coref_class="empty" id="markable_1658" mention="pronoun" mmax_level="coref" span="word_671" type="pleonastic"/>
 <markable case="none" coref_class="set_18" id="markable_2508" mention="np" mmax_level="coref" nptype="antecedent" span="word_1035..word_1039"/>
 <markable agreement="none" case="nominative" coref_class="set_103" id="markable_7082" mention="pronoun" mmax_level="coref" span="word_2430" split="split reference" type="anaphoric"/>
 <markable agreement="they (sg.)" coref_class="set_127" id="markable_7081" mention="pronoun" mmax_level="coref" position="it (subject)" span="word_2387" type="antecedent" type_of_pronoun="demonstrative"/>
 <markable agreement="none" coref_class="set_124" id="markable_7080" mention="pronoun" mmax_level="coref" position="it (subject)" span="word_2053" type="antecedent" type_of_pronoun="demonstrative"/>
 <markable coref_class="set_114" id="markable_7086" mention="vp" mmax_level="coref" span="word_950..word_959" vptype="antecedent"/>
 <markable anacata="anaphoric" antetype="entity" coref_class="set_112" id="markable_7085" mention="np" mmax_level="coref" npmod="demonstrative" nptype="np" span="word_886..word_887" split="simple antecedent"/>
 <markable coref_class="set_110" id="markable_7084" mention="vp" mmax_level="coref" span="word_848..word_857" vptype="antecedent"/>
 <markable clausetype="antecedent" coref_class="set_106" id="markable_7083" mention="clause" mmax_level="coref" span="word_502..word_507"/>
 <markable agreement="they (sg.)" antetype="entity" coref_class="set_131" id="markable_7099" mention="pronoun" mmax_level="coref" position="it (non-subject)" span="word_2786" split="simple antecedent" type="anaphoric" type_of_pronoun="demonstrative"/>
 <markable coref_class="set_130" id="markable_7098" mention="vp" mmax_level="coref" span="word_2742..word_2753" vptype="antecedent"/>
 <markable case="none" coref_class="set_27" id="markable_3611" mention="np" mmax_level="coref" nptype="antecedent" span="word_1488..word_1489"/>
 <markable agreement="they (sg.)" antetype="entity" case="nominative" coref_class="set_27" id="markable_3612" mention="pronoun" mmax_level="coref" position="it (subject)" span="word_1494" split="simple antecedent" type="anaphoric" type_of_pronoun="personal"/>
 <markable agreement="none" antetype="entity" case="nominative" coref_class="set_18" id="markable_2523" mention="pronoun" mmax_level="coref" position="it (subject)" span="word_1046" split="simple antecedent" type="anaphoric" type_of_pronoun="personal"/>
 <markable agreement="they (sg.)" antetype="entity" case="accusative" coref_class="set_123" id="markable_4815" mention="pronoun" mmax_level="coref" position="it (non-subject)" span="word_1990" split="simple antecedent" type="anaphoric" type_of_pronoun="personal"/>
 <markable clausetype="antecedent" coref_class="set_125" id="markable_7093" mention="clause" mmax_level="coref" span="word_2312..word_2314"/>
 <markable clausetype="antecedent" coref_class="set_124" id="markable_7092" mention="clause" mmax_level="coref" span="word_2035..word_2049"/>
 <markable agreement="none" antetype="entity" coref_class="set_123" id="markable_7091" mention="pronoun" mmax_level="coref" position="it (non-subject)" span="word_2012" split="simple antecedent" type="anaphoric" type_of_pronoun="demonstrative"/>
 <markable clausetype="antecedent" coref_class="set_122" id="markable_7090" mention="clause" mmax_level="coref" span="word_1910..word_1925"/>
 <markable coref_class="set_129" id="markable_7097" mention="vp" mmax_level="coref" span="word_2585..word_2588" vptype="antecedent"/>
 <markable clausetype="antecedent" coref_class="set_61" id="markable_7096" mention="clause" mmax_level="coref" span="word_2465..word_2470"/>
 <markable coref_class="set_127" id="markable_7095" mention="np" mmax_level="coref" nptype="antecedent" span="word_2365..word_2370"/>
 <markable agreement="they (sg.)" antetype="entity" coref_class="set_126" id="markable_7094" mention="pronoun" mmax_level="coref" position="it (subject)" span="word_2376" split="simple antecedent" type="anaphoric" type_of_pronoun="relative"/>
 <markable case="none" coref_class="set_107" id="markable_272" mention="np" mmax_level="coref" nptype="antecedent" span="word_105..word_106"/>
 <markable audience="none" coref_class="empty" id="markable_1682" mention="pronoun" mmax_level="coref" personal_or_reflexive="reflexive" span="word_697" type="speaker reference"/>
 <markable anacata="anaphoric" antetype="entity" case="none" coref_class="set_105" id="markable_1683" mention="np" mmax_level="coref" npmod="demonstrative" nptype="np" span="word_699..word_700" split="simple antecedent"/>
 <markable agreement="they (sg.)" antetype="entity" case="accusative" coref_class="set_123" id="markable_4831" mention="pronoun" mmax_level="coref" position="it (non-subject)" span="word_1996" split="simple antecedent" type="anaphoric" type_of_pronoun="personal"/>
 <markable agreement="they (sg.)" antetype="entity" case="nominative" coref_class="set_105" id="markable_158" mention="pronoun" mmax_level="coref" position="it (subject)" span="word_55" split="simple antecedent" type="anaphoric" type_of_pronoun="personal"/>
 <markable case="none" coref_class="set_7" id="markable_1323" mention="np" mmax_level="coref" nptype="antecedent" span="word_546..word_548"/>
 <markable agreement="they (sg.)" antetype="entity" case="nominative" coref_class="set_123" id="markable_4951" mention="pronoun" mmax_level="coref" position="it (subject)" span="word_2035" split="simple antecedent" type="anaphoric" type_of_pronoun="personal"/>
 <markable agreement="they (sg.)" antetype="entity" case="nominative" coref_class="set_7" id="markable_1566" mention="pronoun" mmax_level="coref" position="it (subject)" span="word_651" split="simple antecedent" type="anaphoric" type_of_pronoun="personal"/>
 <markable audience="deictic (sie, ihnen, ihr/e/er/es/em/en, du, dich, dir, dein/e/er/es/em/en)" coref_class="empty" id="markable_3987" mention="pronoun" mmax_level="coref" personal_or_reflexive="none" span="word_1650" type="addressee reference"/>
 <markable agreement="they (pl.)" antetype="entity" case="nominative" coref_class="set_33" id="markable_3986" mention="pronoun" mmax_level="coref" position="it (subject)" span="word_1648" split="simple antecedent" type="anaphoric" type_of_pronoun="personal"/>
 <markable coref_class="empty" id="markable_3625" mention="pronoun" mmax_level="coref" span="word_1499" type="pleonastic"/>
 <markable audience="all-inclusive wir/uns/unser" coref_class="empty" id="markable_398" mention="pronoun" mmax_level="coref" personal_or_reflexive="none" span="word_156" type="speaker reference"/>
 <markable agreement="they (sg.)" antetype="entity" case="nominative" coref_class="set_40" id="markable_4705" mention="pronoun" mmax_level="coref" position="it (subject)" span="word_1935" split="simple antecedent" type="anaphoric" type_of_pronoun="personal"/>
 <markable coref_class="set_71" id="markable_7035" mention="np" mmax_level="coref" nptype="antecedent" span="word_2871"/>
 <markable coref_class="set_94" id="markable_7034" mention="np" mmax_level="coref" nptype="not sure. help!" span="word_2810"/>
 <markable agreement="none" antetype="event" coref_class="set_130" id="markable_7033" mention="pronoun" mmax_level="coref" position="it (subject)" span="word_2756" split="simple antecedent" type="anaphoric" type_of_pronoun="demonstrative"/>
 <markable coref_class="set_56" id="markable_7032" mention="np" mmax_level="coref" nptype="antecedent" span="word_2269..word_2270"/>
 <markable clausetype="antecedent" coref_class="set_76" id="markable_7039" mention="clause" mmax_level="coref" span="word_253..word_260"/>
 <markable agreement="none" antetype="event" case="nominative" coref_class="set_76" id="markable_7038" mention="pronoun" mmax_level="coref" position="it (subject)" span="word_262" split="simple antecedent" type="anaphoric" type_of_pronoun="demonstrative"/>
 <markable coref_class="set_75" id="markable_7037" mention="np" mmax_level="coref" nptype="antecedent" span="word_247"/>
 <markable coref_class="set_74" id="markable_7036" mention="np" mmax_level="coref" nptype="antecedent" span="word_188..word_197"/>
 <markable audience="co-present wir/uns/unser" coref_class="empty" id="markable_600" mention="pronoun" mmax_level="coref" personal_or_reflexive="none" span="word_246" type="speaker reference"/>
 <markable case="none" coref_class="set_21" id="markable_2813" mention="np" mmax_level="coref" nptype="antecedent" span="word_1166"/>
 <markable coref_class="set_52" id="markable_7031" mention="np" mmax_level="coref" nptype="antecedent" span="word_2220..word_2221"/>
 <markable coref_class="set_49" id="markable_7030" mention="np" mmax_level="coref" nptype="antecedent" span="word_2176..word_2177"/>
 <markable agreement="none" case="accusative" coref_class="set_82" id="markable_7046" mention="pronoun" mmax_level="coref" span="word_1144" split="simple antecedent" type="anaphoric"/>
 <markable coref_class="set_82" id="markable_7045" mention="np" mmax_level="coref" nptype="not sure. help!" span="word_1143"/>
 <markable agreement="none" coref_class="set_115" id="markable_7044" mention="pronoun" mmax_level="coref" position="it (subject)" span="word_1010" type="antecedent" type_of_pronoun="personal"/>
 <markable agreement="none" coref_class="set_114" id="markable_7043" mention="pronoun" mmax_level="coref" position="it (non-subject)" span="word_963" type="antecedent" type_of_pronoun="demonstrative"/>
 <markable agreement="none" case="nominative" coref_class="set_84" id="markable_7049" mention="pronoun" mmax_level="coref" position="it (subject)" span="word_1423" split="split reference" type="anaphoric" type_of_pronoun="demonstrative"/>
 <markable agreement="they (sg.)" antetype="entity" case="nominative" coref_class="set_118" id="markable_7048" mention="pronoun" mmax_level="coref" position="it (subject)" span="word_1334" split="simple antecedent" type="anaphoric" type_of_pronoun="demonstrative"/>
 <markable audience="none" coref_class="empty" id="markable_7047" mention="pronoun" mmax_level="coref" personal_or_reflexive="personal" span="word_1330" type="speaker reference"/>
 <markable agreement="they (sg.)" antetype="entity" case="nominative" coref_class="set_5" id="markable_973" mention="pronoun" mmax_level="coref" position="it (subject)" span="word_396" split="simple antecedent" type="anaphoric" type_of_pronoun="personal"/>
 <markable audience="exclusive wir/uns/unser" coref_class="empty" id="markable_974" mention="pronoun" mmax_level="coref" personal_or_reflexive="none" span="word_400" type="speaker reference"/>
 <markable agreement="they (sg.)" antetype="entity" case="nominative" coref_class="set_112" id="markable_1986" mention="pronoun" mmax_level="coref" position="it (subject)" span="word_816" split="simple antecedent" type="anaphoric" type_of_pronoun="personal"/>
 <markable audience="deictic (sie, ihnen, ihr/e/er/es/em/en, du, dich, dir, dein/e/er/es/em/en)" coref_class="empty" id="markable_3923" mention="pronoun" mmax_level="coref" personal_or_reflexive="reflexive" span="word_1623" type="addressee reference"/>
 <markable agreement="they (sg.)" antetype="entity" case="nominative" coref_class="set_22" id="markable_2954" mention="pronoun" mmax_level="coref" position="it (subject)" span="word_1222" split="simple antecedent" type="anaphoric" type_of_pronoun="personal"/>
 <markable agreement="none" coref_class="empty" id="markable_727" mention="pronoun" mmax_level="coref" position="none" span="word_298" type="antecedent" type_of_pronoun="personal"/>
 <markable agreement="they (sg.)" antetype="entity" case="nominative" coref_class="set_4" id="markable_726" mention="pronoun" mmax_level="coref" position="it (subject)" span="word_295" split="simple antecedent" type="anaphoric" type_of_pronoun="relative"/>
 <markable case="none" coref_class="set_4" id="markable_725" mention="np" mmax_level="coref" nptype="antecedent" span="word_292..word_293"/>
 <markable agreement="they (sg.)" antetype="entity" case="nominative" coref_class="set_79" id="markable_7042" mention="pronoun" mmax_level="coref" position="it (subject)" span="word_917" split="simple antecedent" type="anaphoric" type_of_pronoun="demonstrative"/>
 <markable coref_class="empty" id="markable_7041" mention="pronoun" mmax_level="coref" span="word_752" type="not sure. help!"/>
 <markable agreement="they (sg.)" antetype="entity" case="nominative" coref_class="set_77" id="markable_7040" mention="pronoun" mmax_level="coref" position="it (subject)" span="word_643" split="simple antecedent" type="anaphoric" type_of_pronoun="demonstrative"/>
 <markable audience="none" coref_class="empty" id="markable_7057" mention="pronoun" mmax_level="coref" personal_or_reflexive="personal" span="word_1937" type="speaker reference"/>
 <markable agreement="none" antetype="entity" coref_class="empty" id="markable_7056" mention="pronoun" mmax_level="coref" position="none" span="word_1786" split="simple antecedent" type="cataphoric"/>
 <markable coref_class="empty" id="markable_7055" mention="pronoun" mmax_level="coref" span="word_1751" type="extratextual reference"/>
 <markable case="nominative" coref_class="empty" id="markable_7054" mention="pronoun" mmax_level="coref" span="word_1613" type="not sure. help!"/>
 <markable agreement="they (sg.)" antetype="entity" case="accusative" coref_class="set_89" id="markable_7059" mention="pronoun" mmax_level="coref" position="it (non-subject)" span="word_2217" split="simple antecedent" type="anaphoric" type_of_pronoun="demonstrative"/>
 <markable audience="none" coref_class="empty" id="markable_7058" mention="pronoun" mmax_level="coref" personal_or_reflexive="personal" span="word_2139" type="speaker reference"/>
 <markable agreement="they (sg.)" antetype="entity" case="accusative" coref_class="set_4" id="markable_741" mention="pronoun" mmax_level="coref" position="it (non-subject)" span="word_305" split="simple antecedent" type="anaphoric" type_of_pronoun="personal"/>
 <markable agreement="none" antetype="entity" case="possessive" coref_class="set_33" id="markable_3924" mention="pronoun" mmax_level="coref" position="none" span="word_1624" split="simple antecedent" type="anaphoric" type_of_pronoun="personal"/>
 <markable audience="deictic (sie, ihnen, ihr/e/er/es/em/en, du, dich, dir, dein/e/er/es/em/en)" coref_class="empty" id="markable_2719" mention="pronoun" mmax_level="coref" personal_or_reflexive="none" span="word_1120" type="addressee reference"/>
 <markable coref_class="empty" id="markable_3807" mention="pronoun" mmax_level="coref" span="word_1571" type="pleonastic"/>
 <markable agreement="they (sg.)" antetype="entity" case="nominative" coref_class="set_104" id="markable_7053" mention="pronoun" mmax_level="coref" position="it (subject)" span="word_1483" split="simple antecedent" type="anaphoric" type_of_pronoun="relative"/>
 <markable agreement="they (sg.)" antetype="entity" case="nominative" coref_class="set_104" id="markable_7052" mention="pronoun" mmax_level="coref" position="it (subject)" span="word_1479" split="simple antecedent" type="anaphoric" type_of_pronoun="demonstrative"/>
 <markable audience="none" coref_class="empty" id="markable_7051" mention="pronoun" mmax_level="coref" personal_or_reflexive="personal" span="word_1444" type="speaker reference"/>
 <markable coref_class="set_84" id="markable_7050" mention="np" mmax_level="coref" nptype="antecedent" span="word_1414..word_1421"/>
 <markable agreement="none" antetype="entity" coref_class="set_132" id="markable_7068" mention="pronoun" mmax_level="coref" position="it (subject)" span="word_2908" split="simple antecedent" type="anaphoric" type_of_pronoun="demonstrative"/>
 <markable agreement="none" antetype="event" coref_class="set_132" id="markable_7067" mention="pronoun" mmax_level="coref" position="it (subject)" span="word_2901" split="simple antecedent" type="anaphoric" type_of_pronoun="demonstrative"/>
 <markable agreement="they (sg.)" antetype="entity" case="nominative" coref_class="set_94" id="markable_7066" mention="pronoun" mmax_level="coref" position="it (subject)" span="word_2808" split="simple antecedent" type="anaphoric" type_of_pronoun="demonstrative"/>
 <markable case="none" coref_class="set_90" id="markable_6098" mention="np" mmax_level="coref" nptype="antecedent" span="word_2511..word_2512"/>
 <markable agreement="they (sg.)" coref_class="set_62" id="markable_7065" mention="pronoun" mmax_level="coref" position="it (subject)" span="word_2645" type="antecedent" type_of_pronoun="demonstrative"/>
 <markable audience="none" coref_class="empty" id="markable_7069" mention="pronoun" mmax_level="coref" personal_or_reflexive="personal" span="word_2903" type="speaker reference"/>
 <markable agreement="they (sg.)" antetype="entity" case="nominative" coref_class="set_75" id="markable_632" mention="pronoun" mmax_level="coref" position="it (subject)" span="word_253" split="simple antecedent" type="anaphoric" type_of_pronoun="personal"/>
 <markable agreement="they (sg.)" antetype="entity" case="dative" coref_class="set_8" id="markable_1881" mention="pronoun" mmax_level="coref" position="it (non-subject)" span="word_770" split="simple antecedent" type="anaphoric" type_of_pronoun="relative"/>
 <markable agreement="none" audience="deictic (sie, ihnen, ihr/e/er/es/em/en, du, dich, dir, dein/e/er/es/em/en)" coref_class="empty" id="markable_874" mention="pronoun" mmax_level="coref" personal_or_reflexive="none" position="none" span="word_358" type="addressee reference" type_of_pronoun="personal"/>
 <markable agreement="none" audience="none" coref_class="empty" id="markable_1882" mention="pronoun" mmax_level="coref" personal_or_reflexive="none" position="none" span="word_776" type="addressee reference" type_of_pronoun="personal"/>
 <markable case="none" coref_class="set_112" id="markable_1883" mention="np" mmax_level="coref" nptype="antecedent" span="word_776..word_777"/>
 <markable anacata="anaphoric" antetype="entity" case="none" coref_class="set_112" id="markable_1884" mention="np" mmax_level="coref" npmod="def-article" nptype="np" span="word_782..word_783" split="simple antecedent"/>
 <markable agreement="they (sg.)" antetype="entity" case="accusative" coref_class="set_123" id="markable_4912" mention="pronoun" mmax_level="coref" position="it (subject)" span="word_2019" split="simple antecedent" type="anaphoric" type_of_pronoun="personal"/>
 <markable agreement="they (sg.)" antetype="entity" case="nominative" coref_class="set_22" id="markable_2974" mention="pronoun" mmax_level="coref" position="it (subject)" span="word_1230" split="simple antecedent" type="anaphoric" type_of_pronoun="personal"/>
 <markable agreement="none" antetype="entity" case="nominative" coref_class="set_18" id="markable_2611" mention="pronoun" mmax_level="coref" position="it (subject)" span="word_1079" split="simple antecedent" type="anaphoric" type_of_pronoun="personal"/>
 <markable agreement="none" audience="deictic (sie, ihnen, ihr/e/er/es/em/en, du, dich, dir, dein/e/er/es/em/en)" coref_class="empty" id="markable_872" mention="pronoun" mmax_level="coref" personal_or_reflexive="none" position="none" span="word_345" type="addressee reference" type_of_pronoun="personal"/>
 <markable agreement="they (sg.)" antetype="entity" case="nominative" coref_class="set_21" id="markable_2856" mention="pronoun" mmax_level="coref" position="it (subject)" span="word_1168" split="simple antecedent" type="anaphoric" type_of_pronoun="personal"/>
 <markable agreement="they (pl.)" antetype="entity" case="nominative" coref_class="set_33" id="markable_3936" mention="pronoun" mmax_level="coref" position="it (non-subject)" span="word_1630" split="simple antecedent" type="anaphoric" type_of_pronoun="possessive"/>
 <markable coref_class="empty" id="markable_1879" mention="pronoun" mmax_level="coref" span="word_760" type="pleonastic"/>
 <markable coref_class="empty" id="markable_505" mention="pronoun" mmax_level="coref" span="word_203" type="pleonastic"/>
 <markable audience="none" coref_class="empty" id="markable_7060" mention="pronoun" mmax_level="coref" personal_or_reflexive="personal" span="word_2290" type="speaker reference"/>
 <markable agreement="none" coref_class="set_129" id="markable_7064" mention="pronoun" mmax_level="coref" position="it (subject)" span="word_2598" type="antecedent" type_of_pronoun="demonstrative"/>
 <markable agreement="none" antetype="entity" coref_class="set_129" id="markable_7063" mention="pronoun" mmax_level="coref" position="it (subject)" span="word_2593" split="simple antecedent" type="anaphoric" type_of_pronoun="demonstrative"/>
 <markable agreement="none" antetype="entity" case="nominative" coref_class="set_90" id="markable_7062" mention="pronoun" mmax_level="coref" position="it (subject)" span="word_2514" split="simple antecedent" type="anaphoric" type_of_pronoun="demonstrative"/>
 <markable agreement="none" coref_class="set_125" id="markable_7061" mention="pronoun" mmax_level="coref" position="it (subject)" span="word_2317" type="antecedent" type_of_pronoun="demonstrative"/>
 <markable audience="all-inclusive wir/uns/unser" coref_class="empty" id="markable_400" mention="pronoun" mmax_level="coref" personal_or_reflexive="none" span="word_161" type="speaker reference"/>
 <markable anacata="anaphoric" antetype="entity" case="none" coref_class="set_61" id="markable_6149" mention="np" mmax_level="coref" npmod="demonstrative" nptype="np" span="word_2536..word_2537" split="simple antecedent"/>
 <markable audience="all-inclusive wir/uns/unser" coref_class="empty" id="markable_6033" mention="pronoun" mmax_level="coref" personal_or_reflexive="none" span="word_2489" type="speaker reference"/>
 <markable agreement="they (sg.)" antetype="entity" case="nominative" coref_class="set_44" id="markable_5063" mention="pronoun" mmax_level="coref" position="it (subject)" span="word_2084" split="simple antecedent" type="anaphoric" type_of_pronoun="personal"/>
 <markable agreement="they (sg.)" antetype="entity" case="accusative" coref_class="set_44" id="markable_5064" mention="pronoun" mmax_level="coref" position="it (non-subject)" span="word_2086" split="simple antecedent" type="anaphoric" type_of_pronoun="reflexive"/>
 <markable agreement="they (sg.)" coref_class="set_62" id="markable_6394" mention="pronoun" mmax_level="coref" position="it (subject)" span="word_2651" type="antecedent" type_of_pronoun="personal"/>
 <markable audience="all-inclusive wir/uns/unser" coref_class="empty" id="markable_6152" mention="pronoun" mmax_level="coref" personal_or_reflexive="none" span="word_2544" type="speaker reference"/>
 <markable audience="deictic (sie, ihnen, ihr/e/er/es/em/en, du, dich, dir, dein/e/er/es/em/en)" coref_class="empty" id="markable_7009" mention="pronoun" mmax_level="coref" personal_or_reflexive="none" span="word_2899" type="addressee reference"/>
 <markable anacata="anaphoric" antetype="entity" case="none" coref_class="set_107" id="markable_777" mention="np" mmax_level="coref" npmod="demonstrative" nptype="np" span="word_311..word_312" split="simple antecedent"/>
 <markable agreement="they (sg.)" antetype="entity" case="nominative" coref_class="set_5" id="markable_894" mention="pronoun" mmax_level="coref" position="it (subject)" span="word_371" split="simple antecedent" type="anaphoric" type_of_pronoun="personal"/>
 <markable case="none" coref_class="set_10" id="markable_1937" mention="np" mmax_level="coref" nptype="antecedent" span="word_799..word_801"/>
 <markable anacata="anaphoric" antetype="entity" case="none" coref_class="set_112" id="markable_1939" mention="np" mmax_level="coref" npmod="demonstrative" nptype="np" span="word_806..word_807" split="simple antecedent"/>
 <markable agreement="they (sg.)" antetype="entity" case="nominative" coref_class="set_61" id="markable_6150" mention="pronoun" mmax_level="coref" position="it (subject)" span="word_2541" split="simple antecedent" type="anaphoric" type_of_pronoun="personal"/>
 <markable agreement="they (sg.)" antetype="entity" case="nominative" coref_class="set_72" id="markable_7013" mention="pronoun" mmax_level="coref" position="none" span="word_2916" split="simple antecedent" type="anaphoric" type_of_pronoun="personal"/>
 <markable case="none" coref_class="set_72" id="markable_7011" mention="np" mmax_level="coref" nptype="antecedent" span="word_2909..word_2912"/>
 <markable agreement="none" antetype="entity" coref_class="set_110" id="markable_7017" mention="pronoun" mmax_level="coref" position="it (non-subject)" span="word_862" split="simple antecedent" type="anaphoric" type_of_pronoun="personal"/>
 <markable coref_class="set_8" id="markable_7016" mention="np" mmax_level="coref" nptype="antecedent" span="word_766..word_767"/>
 <markable agreement="they (pl.)" antetype="entity" case="possessive" coref_class="set_2" id="markable_7015" mention="pronoun" mmax_level="coref" position="it (non-subject)" span="word_182" split="simple antecedent" type="anaphoric" type_of_pronoun="personal"/>
 <markable coref_class="set_2" id="markable_7014" mention="np" mmax_level="coref" nptype="antecedent" span="word_176..word_180"/>
 <markable coref_class="empty" id="markable_422" mention="pronoun" mmax_level="coref" span="word_167" type="pleonastic"/>
 <markable coref_class="set_113" id="markable_7019" mention="np" mmax_level="coref" nptype="antecedent" span="word_919..word_925"/>
 <markable coref_class="set_14" id="markable_7018" mention="np" mmax_level="coref" nptype="antecedent" span="word_898..word_899"/>
 <markable anacata="anaphoric" antetype="entity" case="none" coref_class="set_4" id="markable_781" mention="np" mmax_level="coref" npmod="def-article" nptype="np" span="word_320..word_321" split="simple antecedent"/>
 <markable agreement="they (sg.)" antetype="entity" case="nominative" coref_class="set_10" id="markable_1954" mention="pronoun" mmax_level="coref" position="it (subject)" span="word_810" split="simple antecedent" type="anaphoric" type_of_pronoun="personal"/>
 <markable audience="all-inclusive wir/uns/unser" coref_class="empty" id="markable_541" mention="pronoun" mmax_level="coref" personal_or_reflexive="none" span="word_221" type="speaker reference"/>
 <markable case="none" coref_class="set_5" id="markable_779" mention="np" mmax_level="coref" nptype="antecedent" span="word_315..word_321"/>
 <markable agreement="none" coref_class="set_129" id="markable_6280" mention="pronoun" mmax_level="coref" position="it (subject)" span="word_2603" type="antecedent" type_of_pronoun="personal"/>
 <markable coref_class="set_31" id="markable_7024" mention="np" mmax_level="coref" nptype="antecedent" span="word_1550..word_1551"/>
 <markable coref_class="set_25" id="markable_7023" mention="np" mmax_level="coref" nptype="antecedent" span="word_1366..word_1370"/>
 <markable coref_class="set_20" id="markable_7022" mention="np" mmax_level="coref" nptype="antecedent" span="word_1132..word_1133"/>
 <markable agreement="none" antetype="entity" coref_class="set_115" id="markable_7021" mention="pronoun" mmax_level="coref" position="it (subject)" span="word_1001" split="simple antecedent" type="anaphoric" type_of_pronoun="demonstrative"/>
 <markable coref_class="set_40" id="markable_7028" mention="np" mmax_level="coref" nptype="antecedent" span="word_1908"/>
 <markable agreement="none" coref_class="set_129" id="markable_6299" mention="pronoun" mmax_level="coref" position="it (subject)" span="word_2608" type="antecedent" type_of_pronoun="personal"/>
 <markable coref_class="set_48" id="markable_7029" mention="np" mmax_level="coref" nptype="antecedent" span="word_2159..word_2160"/>
 <markable agreement="none" case="none" coref_class="empty" id="markable_2931" mention="pronoun" mmax_level="coref" nptype="none" span="word_1209" sub_apposition="none" type="pronoun"/>
 <markable agreement="they (sg.)" antetype="entity" case="accusative" coref_class="set_5" id="markable_795" mention="pronoun" mmax_level="coref" position="it (non-subject)" span="word_326" split="simple antecedent" type="anaphoric" type_of_pronoun="personal"/>
 <markable agreement="they (sg.)" antetype="entity" case="nominative" coref_class="set_29" id="markable_3901" mention="pronoun" mmax_level="coref" position="it (subject)" span="word_1619" split="simple antecedent" type="anaphoric" type_of_pronoun="personal"/>
 <markable case="none" coref_class="set_22" id="markable_2933" mention="np" mmax_level="coref" nptype="antecedent" span="word_1213"/>
 <markable audience="co-present wir/uns/unser" coref_class="empty" id="markable_794" mention="pronoun" mmax_level="coref" personal_or_reflexive="none" span="word_325" type="speaker reference"/>
 <markable audience="exclusive wir/uns/unser" coref_class="empty" id="markable_1955" mention="pronoun" mmax_level="coref" personal_or_reflexive="personal" span="word_812" type="speaker reference"/>
 <markable audience="exclusive wir/uns/unser" coref_class="empty" id="markable_2928" mention="pronoun" mmax_level="coref" personal_or_reflexive="reflexive" span="word_1195" type="speaker reference"/>
 <markable audience="exclusive wir/uns/unser" coref_class="empty" id="markable_2927" mention="pronoun" mmax_level="coref" personal_or_reflexive="none" span="word_1192" type="speaker reference"/>
 <markable coref_class="empty" id="markable_7020" mention="pronoun" mmax_level="coref" span="word_953" type="pronoun"/>
</markables>