<?xml version="1.0" encoding="UTF-8"?>
<!DOCTYPE markables SYSTEM "markables.dtd">
<markables xmlns="www.eml.org/NameSpaces/sentence">
<markable mmax_level="sentence" id="markable_1" span="word_1..word_10" imported_tag_type="eol" />
<markable mmax_level="sentence" id="markable_2" span="word_11..word_28" imported_tag_type="eol" />
<markable mmax_level="sentence" id="markable_3" span="word_29..word_61" imported_tag_type="eol" />
<markable mmax_level="sentence" id="markable_4" span="word_62..word_110" imported_tag_type="eol" />
<markable mmax_level="sentence" id="markable_5" span="word_111..word_118" imported_tag_type="eol" />
<markable mmax_level="sentence" id="markable_6" span="word_119..word_137" imported_tag_type="eol" />
<markable mmax_level="sentence" id="markable_7" span="word_138..word_167" imported_tag_type="eol" />
<markable mmax_level="sentence" id="markable_8" span="word_168..word_199" imported_tag_type="eol" />
<markable mmax_level="sentence" id="markable_9" span="word_200..word_210" imported_tag_type="eol" />
<markable mmax_level="sentence" id="markable_10" span="word_211..word_215" imported_tag_type="eol" />
<markable mmax_level="sentence" id="markable_11" span="word_216..word_219" imported_tag_type="eol" />
<markable mmax_level="sentence" id="markable_12" span="word_220..word_223" imported_tag_type="eol" />
<markable mmax_level="sentence" id="markable_13" span="word_224..word_252" imported_tag_type="eol" />
<markable mmax_level="sentence" id="markable_14" span="word_253..word_258" imported_tag_type="eol" />
<markable mmax_level="sentence" id="markable_15" span="word_259..word_282" imported_tag_type="eol" />
<markable mmax_level="sentence" id="markable_16" span="word_283..word_304" imported_tag_type="eol" />
<markable mmax_level="sentence" id="markable_17" span="word_305..word_322" imported_tag_type="eol" />
<markable mmax_level="sentence" id="markable_18" span="word_323..word_329" imported_tag_type="eol" />
<markable mmax_level="sentence" id="markable_19" span="word_330..word_335" imported_tag_type="eol" />
<markable mmax_level="sentence" id="markable_20" span="word_336..word_359" imported_tag_type="eol" />
<markable mmax_level="sentence" id="markable_21" span="word_360..word_372" imported_tag_type="eol" />
<markable mmax_level="sentence" id="markable_22" span="word_373..word_378" imported_tag_type="eol" />
<markable mmax_level="sentence" id="markable_23" span="word_379..word_420" imported_tag_type="eol" />
<markable mmax_level="sentence" id="markable_24" span="word_421..word_433" imported_tag_type="eol" />
<markable mmax_level="sentence" id="markable_25" span="word_434..word_457" imported_tag_type="eol" />
<markable mmax_level="sentence" id="markable_26" span="word_458..word_465" imported_tag_type="eol" />
<markable mmax_level="sentence" id="markable_27" span="word_466..word_497" imported_tag_type="eol" />
<markable mmax_level="sentence" id="markable_28" span="word_498..word_515" imported_tag_type="eol" />
<markable mmax_level="sentence" id="markable_29" span="word_516..word_538" imported_tag_type="eol" />
<markable mmax_level="sentence" id="markable_30" span="word_539..word_560" imported_tag_type="eol" />
<markable mmax_level="sentence" id="markable_31" span="word_561..word_566" imported_tag_type="eol" />
<markable mmax_level="sentence" id="markable_32" span="word_567..word_599" imported_tag_type="eol" />
<markable mmax_level="sentence" id="markable_33" span="word_600..word_618" imported_tag_type="eol" />
<markable mmax_level="sentence" id="markable_34" span="word_619..word_636" imported_tag_type="eol" />
<markable mmax_level="sentence" id="markable_35" span="word_637..word_652" imported_tag_type="eol" />
<markable mmax_level="sentence" id="markable_36" span="word_653..word_667" imported_tag_type="eol" />
<markable mmax_level="sentence" id="markable_37" span="word_668..word_692" imported_tag_type="eol" />
<markable mmax_level="sentence" id="markable_38" span="word_693..word_701" imported_tag_type="eol" />
<markable mmax_level="sentence" id="markable_39" span="word_702..word_712" imported_tag_type="eol" />
<markable mmax_level="sentence" id="markable_40" span="word_713..word_716" imported_tag_type="eol" />
<markable mmax_level="sentence" id="markable_41" span="word_717..word_743" imported_tag_type="eol" />
<markable mmax_level="sentence" id="markable_42" span="word_744..word_762" imported_tag_type="eol" />
<markable mmax_level="sentence" id="markable_43" span="word_763..word_770" imported_tag_type="eol" />
<markable mmax_level="sentence" id="markable_44" span="word_771..word_810" imported_tag_type="eol" />
<markable mmax_level="sentence" id="markable_45" span="word_811..word_829" imported_tag_type="eol" />
<markable mmax_level="sentence" id="markable_46" span="word_830..word_869" imported_tag_type="eol" />
<markable mmax_level="sentence" id="markable_47" span="word_870..word_887" imported_tag_type="eol" />
<markable mmax_level="sentence" id="markable_48" span="word_888..word_893" imported_tag_type="eol" />
<markable mmax_level="sentence" id="markable_49" span="word_894..word_900" imported_tag_type="eol" />
<markable mmax_level="sentence" id="markable_50" span="word_901..word_918" imported_tag_type="eol" />
<markable mmax_level="sentence" id="markable_51" span="word_919..word_935" imported_tag_type="eol" />
<markable mmax_level="sentence" id="markable_52" span="word_936..word_947" imported_tag_type="eol" />
<markable mmax_level="sentence" id="markable_53" span="word_948..word_960" imported_tag_type="eol" />
<markable mmax_level="sentence" id="markable_54" span="word_961..word_964" imported_tag_type="eol" />
<markable mmax_level="sentence" id="markable_55" span="word_965..word_971" imported_tag_type="eol" />
<markable mmax_level="sentence" id="markable_56" span="word_972..word_979" imported_tag_type="eol" />
<markable mmax_level="sentence" id="markable_57" span="word_980..word_992" imported_tag_type="eol" />
<markable mmax_level="sentence" id="markable_58" span="word_993..word_1014" imported_tag_type="eol" />
<markable mmax_level="sentence" id="markable_59" span="word_1015..word_1039" imported_tag_type="eol" />
<markable mmax_level="sentence" id="markable_60" span="word_1040..word_1046" imported_tag_type="eol" />
<markable mmax_level="sentence" id="markable_61" span="word_1047..word_1071" imported_tag_type="eol" />
<markable mmax_level="sentence" id="markable_62" span="word_1072..word_1085" imported_tag_type="eol" />
<markable mmax_level="sentence" id="markable_63" span="word_1086..word_1114" imported_tag_type="eol" />
<markable mmax_level="sentence" id="markable_64" span="word_1115..word_1154" imported_tag_type="eol" />
<markable mmax_level="sentence" id="markable_65" span="word_1155..word_1162" imported_tag_type="eol" />
<markable mmax_level="sentence" id="markable_66" span="word_1163..word_1169" imported_tag_type="eol" />
<markable mmax_level="sentence" id="markable_67" span="word_1170..word_1177" imported_tag_type="eol" />
<markable mmax_level="sentence" id="markable_68" span="word_1178..word_1200" imported_tag_type="eol" />
<markable mmax_level="sentence" id="markable_69" span="word_1201..word_1217" imported_tag_type="eol" />
<markable mmax_level="sentence" id="markable_70" span="word_1218..word_1233" imported_tag_type="eol" />
<markable mmax_level="sentence" id="markable_71" span="word_1234..word_1244" imported_tag_type="eol" />
<markable mmax_level="sentence" id="markable_72" span="word_1245..word_1256" imported_tag_type="eol" />
<markable mmax_level="sentence" id="markable_73" span="word_1257..word_1263" imported_tag_type="eol" />
<markable mmax_level="sentence" id="markable_74" span="word_1264..word_1268" imported_tag_type="eol" />
<markable mmax_level="sentence" id="markable_75" span="word_1269..word_1275" imported_tag_type="eol" />
<markable mmax_level="sentence" id="markable_76" span="word_1276..word_1292" imported_tag_type="eol" />
<markable mmax_level="sentence" id="markable_77" span="word_1293..word_1298" imported_tag_type="eol" />
<markable mmax_level="sentence" id="markable_78" span="word_1299..word_1308" imported_tag_type="eol" />
<markable mmax_level="sentence" id="markable_79" span="word_1309..word_1313" imported_tag_type="eol" />
<markable mmax_level="sentence" id="markable_80" span="word_1314..word_1322" imported_tag_type="eol" />
<markable mmax_level="sentence" id="markable_81" span="word_1323..word_1332" imported_tag_type="eol" />
<markable mmax_level="sentence" id="markable_82" span="word_1333..word_1335" imported_tag_type="eol" />
<markable mmax_level="sentence" id="markable_83" span="word_1336..word_1351" imported_tag_type="eol" />
<markable mmax_level="sentence" id="markable_84" span="word_1352..word_1389" imported_tag_type="eol" />
<markable mmax_level="sentence" id="markable_85" span="word_1390..word_1401" imported_tag_type="eol" />
<markable mmax_level="sentence" id="markable_86" span="word_1402..word_1409" imported_tag_type="eol" />
<markable mmax_level="sentence" id="markable_87" span="word_1410..word_1416" imported_tag_type="eol" />
<markable mmax_level="sentence" id="markable_88" span="word_1417..word_1426" imported_tag_type="eol" />
<markable mmax_level="sentence" id="markable_89" span="word_1427..word_1440" imported_tag_type="eol" />
<markable mmax_level="sentence" id="markable_90" span="word_1441..word_1452" imported_tag_type="eol" />
<markable mmax_level="sentence" id="markable_91" span="word_1453..word_1484" imported_tag_type="eol" />
<markable mmax_level="sentence" id="markable_92" span="word_1485..word_1503" imported_tag_type="eol" />
<markable mmax_level="sentence" id="markable_93" span="word_1504..word_1509" imported_tag_type="eol" />
<markable mmax_level="sentence" id="markable_94" span="word_1510..word_1518" imported_tag_type="eol" />
<markable mmax_level="sentence" id="markable_95" span="word_1519..word_1532" imported_tag_type="eol" />
<markable mmax_level="sentence" id="markable_96" span="word_1533..word_1536" imported_tag_type="eol" />
<markable mmax_level="sentence" id="markable_97" span="word_1537..word_1544" imported_tag_type="eol" />
<markable mmax_level="sentence" id="markable_98" span="word_1545..word_1548" imported_tag_type="eol" />
<markable mmax_level="sentence" id="markable_99" span="word_1549..word_1561" imported_tag_type="eol" />
<markable mmax_level="sentence" id="markable_100" span="word_1562..word_1583" imported_tag_type="eol" />
<markable mmax_level="sentence" id="markable_101" span="word_1584..word_1599" imported_tag_type="eol" />
<markable mmax_level="sentence" id="markable_102" span="word_1600..word_1654" imported_tag_type="eol" />
<markable mmax_level="sentence" id="markable_103" span="word_1655..word_1666" imported_tag_type="eol" />
<markable mmax_level="sentence" id="markable_104" span="word_1667..word_1676" imported_tag_type="eol" />
<markable mmax_level="sentence" id="markable_105" span="word_1677..word_1709" imported_tag_type="eol" />
<markable mmax_level="sentence" id="markable_106" span="word_1710..word_1719" imported_tag_type="eol" />
<markable mmax_level="sentence" id="markable_107" span="word_1720..word_1732" imported_tag_type="eol" />
<markable mmax_level="sentence" id="markable_108" span="word_1733..word_1740" imported_tag_type="eol" />
<markable mmax_level="sentence" id="markable_109" span="word_1741..word_1755" imported_tag_type="eol" />
<markable mmax_level="sentence" id="markable_110" span="word_1756..word_1775" imported_tag_type="eol" />
<markable mmax_level="sentence" id="markable_111" span="word_1776..word_1784" imported_tag_type="eol" />
<markable mmax_level="sentence" id="markable_112" span="word_1785..word_1791" imported_tag_type="eol" />
<markable mmax_level="sentence" id="markable_113" span="word_1792..word_1798" imported_tag_type="eol" />
<markable mmax_level="sentence" id="markable_114" span="word_1799..word_1839" imported_tag_type="eol" />
<markable mmax_level="sentence" id="markable_115" span="word_1840..word_1852" imported_tag_type="eol" />
<markable mmax_level="sentence" id="markable_116" span="word_1853..word_1867" imported_tag_type="eol" />
<markable mmax_level="sentence" id="markable_117" span="word_1868..word_1883" imported_tag_type="eol" />
<markable mmax_level="sentence" id="markable_118" span="word_1884..word_1897" imported_tag_type="eol" />
<markable mmax_level="sentence" id="markable_119" span="word_1898..word_1934" imported_tag_type="eol" />
<markable mmax_level="sentence" id="markable_120" span="word_1935..word_1946" imported_tag_type="eol" />
<markable mmax_level="sentence" id="markable_121" span="word_1947..word_1954" imported_tag_type="eol" />
<markable mmax_level="sentence" id="markable_122" span="word_1955..word_1985" imported_tag_type="eol" />
<markable mmax_level="sentence" id="markable_123" span="word_1986..word_2036" imported_tag_type="eol" />
<markable mmax_level="sentence" id="markable_124" span="word_2037..word_2068" imported_tag_type="eol" />
<markable mmax_level="sentence" id="markable_125" span="word_2069..word_2078" imported_tag_type="eol" />
<markable mmax_level="sentence" id="markable_126" span="word_2079..word_2085" imported_tag_type="eol" />
<markable mmax_level="sentence" id="markable_127" span="word_2086..word_2100" imported_tag_type="eol" />
<markable mmax_level="sentence" id="markable_128" span="word_2101..word_2117" imported_tag_type="eol" />
<markable mmax_level="sentence" id="markable_129" span="word_2118..word_2130" imported_tag_type="eol" />
<markable mmax_level="sentence" id="markable_130" span="word_2131..word_2150" imported_tag_type="eol" />
<markable mmax_level="sentence" id="markable_131" span="word_2151..word_2181" imported_tag_type="eol" />
<markable mmax_level="sentence" id="markable_132" span="word_2182..word_2210" imported_tag_type="eol" />
<markable mmax_level="sentence" id="markable_133" span="word_2211..word_2214" imported_tag_type="eol" />
<markable mmax_level="sentence" id="markable_134" span="word_2215..word_2232" imported_tag_type="eol" />
<markable mmax_level="sentence" id="markable_135" span="word_2233..word_2260" imported_tag_type="eol" />
<markable mmax_level="sentence" id="markable_136" span="word_2261..word_2283" imported_tag_type="eol" />
<markable mmax_level="sentence" id="markable_137" span="word_2284..word_2298" imported_tag_type="eol" />
<markable mmax_level="sentence" id="markable_138" span="word_2299..word_2320" imported_tag_type="eol" />
<markable mmax_level="sentence" id="markable_139" span="word_2321..word_2330" imported_tag_type="eol" />
<markable mmax_level="sentence" id="markable_140" span="word_2331..word_2338" imported_tag_type="eol" />
<markable mmax_level="sentence" id="markable_141" span="word_2339..word_2347" imported_tag_type="eol" />
<markable mmax_level="sentence" id="markable_142" span="word_2348..word_2368" imported_tag_type="eol" />
<markable mmax_level="sentence" id="markable_143" span="word_2369..word_2382" imported_tag_type="eol" />
<markable mmax_level="sentence" id="markable_144" span="word_2383..word_2399" imported_tag_type="eol" />
<markable mmax_level="sentence" id="markable_145" span="word_2400..word_2404" imported_tag_type="eol" />
<markable mmax_level="sentence" id="markable_146" span="word_2405..word_2410" imported_tag_type="eol" />
<markable mmax_level="sentence" id="markable_147" span="word_2411..word_2419" imported_tag_type="eol" />
<markable mmax_level="sentence" id="markable_148" span="word_2420..word_2427" imported_tag_type="eol" />
<markable mmax_level="sentence" id="markable_149" span="word_2428..word_2432" imported_tag_type="eol" />
<markable mmax_level="sentence" id="markable_150" span="word_2433..word_2459" imported_tag_type="eol" />
<markable mmax_level="sentence" id="markable_151" span="word_2460..word_2475" imported_tag_type="eol" />
<markable mmax_level="sentence" id="markable_152" span="word_2476..word_2484" imported_tag_type="eol" />
<markable mmax_level="sentence" id="markable_153" span="word_2485..word_2489" imported_tag_type="eol" />
<markable mmax_level="sentence" id="markable_154" span="word_2490..word_2514" imported_tag_type="eol" />
<markable mmax_level="sentence" id="markable_155" span="word_2515..word_2540" imported_tag_type="eol" />
<markable mmax_level="sentence" id="markable_156" span="word_2541..word_2559" imported_tag_type="eol" />
<markable mmax_level="sentence" id="markable_157" span="word_2560..word_2570" imported_tag_type="eol" />
<markable mmax_level="sentence" id="markable_158" span="word_2571..word_2605" imported_tag_type="eol" />
<markable mmax_level="sentence" id="markable_159" span="word_2606..word_2659" imported_tag_type="eol" />
<markable mmax_level="sentence" id="markable_160" span="word_2660..word_2684" imported_tag_type="eol" />
<markable mmax_level="sentence" id="markable_161" span="word_2685..word_2693" imported_tag_type="eol" />
<markable mmax_level="sentence" id="markable_162" span="word_2694..word_2728" imported_tag_type="eol" />
<markable mmax_level="sentence" id="markable_163" span="word_2729..word_2735" imported_tag_type="eol" />
<markable mmax_level="sentence" id="markable_164" span="word_2736..word_2748" imported_tag_type="eol" />
<markable mmax_level="sentence" id="markable_165" span="word_2749..word_2765" imported_tag_type="eol" />
<markable mmax_level="sentence" id="markable_166" span="word_2766..word_2768" imported_tag_type="eol" />
<markable mmax_level="sentence" id="markable_167" span="word_2769..word_2772" imported_tag_type="eol" />
<markable mmax_level="sentence" id="markable_168" span="word_2773..word_2786" imported_tag_type="eol" />
<markable mmax_level="sentence" id="markable_169" span="word_2787..word_2798" imported_tag_type="eol" />
<markable mmax_level="sentence" id="markable_170" span="word_2799..word_2820" imported_tag_type="eol" />
<markable mmax_level="sentence" id="markable_171" span="word_2821..word_2845" imported_tag_type="eol" />
<markable mmax_level="sentence" id="markable_172" span="word_2846..word_2854" imported_tag_type="eol" />
<markable mmax_level="sentence" id="markable_173" span="word_2855..word_2860" imported_tag_type="eol" />
<markable mmax_level="sentence" id="markable_174" span="word_2861..word_2870" imported_tag_type="eol" />
<markable mmax_level="sentence" id="markable_175" span="word_2871..word_2877" imported_tag_type="eol" />
<markable mmax_level="sentence" id="markable_176" span="word_2878..word_2890" imported_tag_type="eol" />
<markable mmax_level="sentence" id="markable_177" span="word_2891..word_2903" imported_tag_type="eol" />
<markable mmax_level="sentence" id="markable_178" span="word_2904..word_2927" imported_tag_type="eol" />
<markable mmax_level="sentence" id="markable_179" span="word_2928..word_2938" imported_tag_type="eol" />
<markable mmax_level="sentence" id="markable_180" span="word_2939..word_2945" imported_tag_type="eol" />
<markable mmax_level="sentence" id="markable_181" span="word_2946..word_2958" imported_tag_type="eol" />
<markable mmax_level="sentence" id="markable_182" span="word_2959..word_2965" imported_tag_type="eol" />
<markable mmax_level="sentence" id="markable_183" span="word_2966..word_2979" imported_tag_type="eol" />
<markable mmax_level="sentence" id="markable_184" span="word_2980..word_2999" imported_tag_type="eol" />
<markable mmax_level="sentence" id="markable_185" span="word_3000..word_3013" imported_tag_type="eol" />
<markable mmax_level="sentence" id="markable_186" span="word_3014..word_3025" imported_tag_type="eol" />
<markable mmax_level="sentence" id="markable_187" span="word_3026..word_3041" imported_tag_type="eol" />
<markable mmax_level="sentence" id="markable_188" span="word_3042..word_3052" imported_tag_type="eol" />
<markable mmax_level="sentence" id="markable_189" span="word_3053..word_3054" imported_tag_type="eol" />
</markables>