<?xml version="1.0" encoding="utf-8"?>
<!DOCTYPE markables SYSTEM "markables.dtd">
<markables xmlns="www.eml.org/NameSpaces/coref">
 <markable agreement="none" case="none" coref_class="empty" id="markable_1692" mention="pronoun" mmax_level="coref" nptype="none" span="word_719" sub_apposition="none" type="pronoun"/>
 <markable case="none" coref_class="set_33" id="markable_1455" mention="np" mmax_level="coref" nptype="antecedent" span="word_597"/>
 <markable audience="all-inclusive wir/uns/unser" coref_class="empty" id="markable_2667" mention="pronoun" mmax_level="coref" personal_or_reflexive="reflexive" span="word_1127" type="speaker reference"/>
 <markable audience="all-inclusive wir/uns/unser" coref_class="empty" id="markable_2669" mention="pronoun" mmax_level="coref" personal_or_reflexive="none" span="word_1136" type="speaker reference"/>
 <markable agreement="they (pl.)" antetype="entity" case="nominative" coref_class="set_15" id="markable_1458" mention="pronoun" mmax_level="coref" position="it (subject)" span="word_608" split="simple antecedent" type="anaphoric" type_of_pronoun="relative"/>
 <markable agreement="none" antetype="entity" case="nominative" coref_class="set_7" id="markable_684" mention="pronoun" mmax_level="coref" position="it (subject)" span="word_289" split="simple antecedent" type="anaphoric" type_of_pronoun="personal"/>
 <markable audience="all-inclusive wir/uns/unser" coref_class="empty" id="markable_2430" mention="pronoun" mmax_level="coref" personal_or_reflexive="none" span="word_1030" type="speaker reference"/>
 <markable agreement="none" antetype="entity" case="accusative" coref_class="set_2" id="markable_214" mention="pronoun" mmax_level="coref" position="none" span="word_84" split="simple antecedent" type="anaphoric" type_of_pronoun="relative"/>
 <markable audience="exclusive wir/uns/unser" coref_class="empty" id="markable_1223" mention="pronoun" mmax_level="coref" personal_or_reflexive="none" span="word_505" type="speaker reference"/>
 <markable audience="exclusive wir/uns/unser" coref_class="empty" id="markable_1224" mention="pronoun" mmax_level="coref" personal_or_reflexive="none" span="word_511" type="speaker reference"/>
 <markable case="none" coref_class="set_29" id="markable_573" mention="np" mmax_level="coref" nptype="antecedent" span="word_231..word_239"/>
 <markable case="none" coref_class="set_12" id="markable_1225" mention="np" mmax_level="coref" nptype="antecedent" span="word_513..word_515"/>
 <markable agreement="none" audience="deictic (sie, ihnen, ihr/e/er/es/em/en, du, dich, dir, dein/e/er/es/em/en)" coref_class="empty" id="markable_572" mention="pronoun" mmax_level="coref" personal_or_reflexive="none" position="none" span="word_226" type="addressee reference" type_of_pronoun="personal"/>
 <markable agreement="they (sg.)" antetype="entity" case="accusative" coref_class="set_12" id="markable_1226" mention="pronoun" mmax_level="coref" position="it (subject)" span="word_518" split="simple antecedent" type="anaphoric" type_of_pronoun="personal"/>
 <markable case="none" coref_class="set_32" id="markable_1227" mention="np" mmax_level="coref" nptype="antecedent" span="word_520..word_522"/>
 <markable audience="deictic (sie, ihnen, ihr/e/er/es/em/en, du, dich, dir, dein/e/er/es/em/en)" coref_class="empty" id="markable_1901" mention="pronoun" mmax_level="coref" personal_or_reflexive="none" span="word_801" type="addressee reference"/>
 <markable case="none" coref_class="set_38" id="markable_1903" mention="np" mmax_level="coref" nptype="antecedent" span="word_805..word_809"/>
 <markable agreement="they (pl.)" antetype="entity" case="nominative" coref_class="set_4" id="markable_350" mention="pronoun" mmax_level="coref" position="it (subject)" span="word_144" split="simple antecedent" type="anaphoric" type_of_pronoun="personal"/>
 <markable audience="all-inclusive wir/uns/unser" coref_class="empty" id="markable_1360" mention="pronoun" mmax_level="coref" personal_or_reflexive="none" span="word_568" type="speaker reference"/>
 <markable case="none" coref_class="set_14" id="markable_1362" mention="np" mmax_level="coref" nptype="antecedent" span="word_572..word_573"/>
 <markable agreement="they (pl.)" antetype="entity" case="nominative" coref_class="set_14" id="markable_1363" mention="pronoun" mmax_level="coref" position="it (subject)" span="word_575" split="simple antecedent" type="anaphoric" type_of_pronoun="relative"/>
 <markable audience="all-inclusive wir/uns/unser" coref_class="empty" id="markable_2451" mention="pronoun" mmax_level="coref" personal_or_reflexive="none" span="word_1038" type="speaker reference"/>
 <markable agreement="they (sg.)" antetype="entity" case="accusative" coref_class="set_19" id="markable_2335" mention="pronoun" mmax_level="coref" position="it (subject)" span="word_993" split="simple antecedent" type="anaphoric" type_of_pronoun="personal"/>
 <markable case="none" coref_class="set_19" id="markable_2334" mention="np" mmax_level="coref" nptype="antecedent" span="word_989..word_990"/>
 <markable audience="all-inclusive wir/uns/unser" coref_class="empty" id="markable_2579" mention="pronoun" mmax_level="coref" personal_or_reflexive="none" span="word_1058" type="speaker reference"/>
 <markable case="none" coref_class="set_4" id="markable_349" mention="np" mmax_level="coref" nptype="antecedent" span="word_138..word_139"/>
 <markable agreement="they (sg.)" antetype="entity" case="nominative" coref_class="set_11" id="markable_1095" mention="pronoun" mmax_level="coref" position="it (subject)" span="word_461" split="simple antecedent" type="anaphoric" type_of_pronoun="relative"/>
 <markable agreement="none" antetype="entity" coref_class="set_34" id="markable_2740" mention="pronoun" mmax_level="coref" position="it (subject)" span="word_623" split="simple antecedent" type="anaphoric" type_of_pronoun="demonstrative"/>
 <markable audience="co-present wir/uns/unser" coref_class="empty" id="markable_488" mention="pronoun" mmax_level="coref" personal_or_reflexive="none" span="word_196" type="speaker reference"/>
 <markable agreement="they (sg.)" antetype="entity" coref_class="set_34" id="markable_2742" mention="pronoun" mmax_level="coref" position="it (subject)" span="word_642" split="simple antecedent" type="anaphoric" type_of_pronoun="demonstrative"/>
 <markable agreement="none" antetype="entity" coref_class="set_34" id="markable_2741" mention="pronoun" mmax_level="coref" position="it (subject)" span="word_629" split="simple antecedent" type="anaphoric" type_of_pronoun="demonstrative"/>
 <markable agreement="they (sg.)" antetype="entity" case="nominative" coref_class="set_25" id="markable_2744" mention="pronoun" mmax_level="coref" position="it (subject)" span="word_792" split="simple antecedent" type="anaphoric" type_of_pronoun="relative"/>
 <markable coref_class="set_25" id="markable_2743" mention="np" mmax_level="coref" nptype="antecedent" span="word_789..word_790"/>
 <markable audience="co-present wir/uns/unser" coref_class="empty" id="markable_484" mention="pronoun" mmax_level="coref" personal_or_reflexive="none" span="word_181" type="speaker reference"/>
 <markable agreement="none" antetype="event" coref_class="set_44" id="markable_2746" mention="pronoun" mmax_level="coref" position="it (subject)" span="word_1107" split="simple antecedent" type="anaphoric" type_of_pronoun="demonstrative"/>
 <markable agreement="none" antetype="event" coref_class="set_41" id="markable_2745" mention="pronoun" mmax_level="coref" position="it (subject)" span="word_864" split="simple antecedent" type="anaphoric" type_of_pronoun="demonstrative"/>
 <markable audience="co-present wir/uns/unser" coref_class="empty" id="markable_486" mention="pronoun" mmax_level="coref" personal_or_reflexive="none" span="word_190" type="speaker reference"/>
 <markable audience="none" coref_class="empty" id="markable_2737" mention="pronoun" mmax_level="coref" personal_or_reflexive="reflexive" span="word_396" type="speaker reference"/>
 <markable agreement="none" coref_class="set_29" id="markable_2736" mention="pronoun" mmax_level="coref" position="it (non-subject)" span="word_252" type="antecedent" type_of_pronoun="demonstrative"/>
 <markable agreement="they (sg.)" antetype="entity" case="nominative" coref_class="set_22" id="markable_2739" mention="pronoun" mmax_level="coref" position="it (subject)" span="word_498" split="simple antecedent" type="anaphoric" type_of_pronoun="personal"/>
 <markable agreement="none" coref_class="set_22" id="markable_2738" mention="pronoun" mmax_level="coref" position="it (non-subject)" span="word_497" type="antecedent" type_of_pronoun="personal"/>
 <markable agreement="none" case="dative" coref_class="set_6" id="markable_492" mention="pronoun" mmax_level="coref" span="word_206" split="simple antecedent" type="cataphoric"/>
 <markable agreement="they (pl.)" antetype="entity" case="accusative" coref_class="set_5" id="markable_491" mention="pronoun" mmax_level="coref" position="it (subject)" span="word_205" split="simple antecedent" type="anaphoric" type_of_pronoun="relative"/>
 <markable agreement="none" case="none" coref_class="set_6" id="markable_493" mention="np" mmax_level="coref" nptype="np" span="word_207..word_208" sub_apposition="none" type="none"/>
 <markable agreement="they (sg.)" antetype="entity" case="accusative" coref_class="set_18" id="markable_2196" mention="pronoun" mmax_level="coref" position="it (subject)" span="word_928" split="simple antecedent" type="anaphoric" type_of_pronoun="relative"/>
 <markable case="none" coref_class="set_5" id="markable_490" mention="np" mmax_level="coref" nptype="antecedent" span="word_201..word_202"/>
 <markable clausetype="antecedent" coref_class="set_34" id="markable_2751" mention="clause" mmax_level="coref" span="word_605..word_621"/>
 <markable coref_class="empty" id="markable_136" mention="pronoun" mmax_level="coref" span="word_10" type="pleonastic"/>
 <markable agreement="they (sg.)" antetype="entity" coref_class="set_33" id="markable_2750" mention="pronoun" mmax_level="coref" position="it (non-subject)" span="word_612" split="simple antecedent" type="anaphoric" type_of_pronoun="demonstrative"/>
 <markable agreement="they (pl.)" antetype="entity" case="accusative" coref_class="set_0" id="markable_139" mention="pronoun" mmax_level="coref" position="it (subject)" span="word_18" split="simple antecedent" type="anaphoric" type_of_pronoun="relative"/>
 <markable agreement="none" antetype="entity" coref_class="set_36" id="markable_2753" mention="pronoun" mmax_level="coref" position="it (non-subject)" span="word_697" split="simple antecedent" type="anaphoric" type_of_pronoun="demonstrative"/>
 <markable case="none" coref_class="set_0" id="markable_138" mention="np" mmax_level="coref" nptype="antecedent" span="word_15..word_16"/>
 <markable coref_class="set_36" id="markable_2752" mention="np" mmax_level="coref" nptype="antecedent" span="word_672..word_674"/>
 <markable agreement="they (sg.)" antetype="entity" coref_class="set_38" id="markable_2755" mention="pronoun" mmax_level="coref" position="it (non-subject)" span="word_847" split="simple antecedent" type="anaphoric" type_of_pronoun="demonstrative"/>
 <markable agreement="they (sg.)" antetype="entity" coref_class="set_37" id="markable_2754" mention="pronoun" mmax_level="coref" position="it (non-subject)" span="word_834" split="simple antecedent" type="anaphoric" type_of_pronoun="demonstrative"/>
 <markable clausetype="antecedent" coref_class="set_42" id="markable_2757" mention="clause" mmax_level="coref" span="word_1022..word_1052"/>
 <markable audience="deictic (sie, ihnen, ihr/e/er/es/em/en, du, dich, dir, dein/e/er/es/em/en)" coref_class="empty" id="markable_134" mention="pronoun" mmax_level="coref" personal_or_reflexive="none" span="word_3" type="addressee reference"/>
 <markable clausetype="antecedent" coref_class="set_40" id="markable_2756" mention="clause" mmax_level="coref" span="word_849..word_862"/>
 <markable audience="all-inclusive wir/uns/unser" coref_class="empty" id="markable_2627" mention="pronoun" mmax_level="coref" personal_or_reflexive="none" span="word_1106" type="speaker reference"/>
 <markable clausetype="antecedent" coref_class="set_30" id="markable_2748" mention="clause" mmax_level="coref" span="word_397..word_414"/>
 <markable clausetype="antecedent" coref_class="set_28" id="markable_2747" mention="clause" mmax_level="coref" span="word_199..word_211"/>
 <markable anacata="anaphoric" antetype="entity" case="none" coref_class="set_46" id="markable_2628" mention="np" mmax_level="coref" npmod="demonstrative" nptype="np" span="word_1113..word_1115" split="simple antecedent"/>
 <markable clausetype="antecedent" coref_class="set_31" id="markable_2749" mention="clause" mmax_level="coref" span="word_431..word_485"/>
 <markable audience="all-inclusive wir/uns/unser" coref_class="empty" id="markable_140" mention="pronoun" mmax_level="coref" personal_or_reflexive="none" span="word_19" type="speaker reference"/>
 <markable agreement="they (pl.)" antetype="entity" case="possessive" coref_class="set_0" id="markable_141" mention="pronoun" mmax_level="coref" position="it (non-subject)" span="word_27" split="simple antecedent" type="anaphoric" type_of_pronoun="possessive"/>
 <markable agreement="they (sg.)" antetype="entity" coref_class="set_46" id="markable_2760" mention="pronoun" mmax_level="coref" position="it (non-subject)" span="word_1138" split="simple antecedent" type="anaphoric" type_of_pronoun="demonstrative"/>
 <markable agreement="none" case="accusative" coref_class="set_21" id="markable_148" mention="pronoun" mmax_level="coref" span="word_51" split="simple antecedent" type="cataphoric"/>
 <markable clausetype="antecedent" coref_class="set_47" id="markable_2762" mention="clause" mmax_level="coref" span="word_1141..word_1154"/>
 <markable agreement="they (sg.)" antetype="entity" case="nominative" coref_class="set_2" id="markable_268" mention="pronoun" mmax_level="coref" position="it (subject)" span="word_94" split="simple antecedent" type="anaphoric" type_of_pronoun="personal"/>
 <markable agreement="they (sg.)" antetype="entity" coref_class="set_46" id="markable_2761" mention="pronoun" mmax_level="coref" position="it (non-subject)" span="word_1153" split="simple antecedent" type="anaphoric" type_of_pronoun="demonstrative"/>
 <markable agreement="none" case="none" coref_class="set_21" id="markable_149" mention="np" mmax_level="coref" nptype="np" span="word_52" sub_apposition="none" type="none"/>
 <markable agreement="none" coref_class="set_47" id="markable_2763" mention="pronoun" mmax_level="coref" position="it (non-subject)" span="word_1156" type="antecedent" type_of_pronoun="demonstrative"/>
 <markable audience="all-inclusive wir/uns/unser" coref_class="empty" id="markable_146" mention="pronoun" mmax_level="coref" personal_or_reflexive="none" span="word_44" type="speaker reference"/>
 <markable audience="deictic (sie, ihnen, ihr/e/er/es/em/en, du, dich, dir, dein/e/er/es/em/en)" coref_class="empty" id="markable_145" mention="pronoun" mmax_level="coref" personal_or_reflexive="none" span="word_40" type="addressee reference"/>
 <markable clausetype="antecedent" coref_class="set_44" id="markable_2759" mention="clause" mmax_level="coref" span="word_1059..word_1103"/>
 <markable agreement="they (pl.)" antetype="entity" coref_class="set_43" id="markable_2758" mention="pronoun" mmax_level="coref" position="it (subject)" span="word_1099" split="simple antecedent" type="anaphoric" type_of_pronoun="relative"/>
 <markable agreement="they (pl.)" antetype="entity" case="nominative" coref_class="set_1" id="markable_151" mention="pronoun" mmax_level="coref" position="it (subject)" span="word_60" split="simple antecedent" type="anaphoric" type_of_pronoun="relative"/>
 <markable audience="all-inclusive wir/uns/unser" coref_class="empty" id="markable_150" mention="pronoun" mmax_level="coref" personal_or_reflexive="none" span="word_55" type="speaker reference"/>
 <markable audience="co-present wir/uns/unser" coref_class="empty" id="markable_274" mention="pronoun" mmax_level="coref" personal_or_reflexive="none" span="word_116" type="speaker reference"/>
 <markable coref_class="empty" id="markable_950" mention="none" mmax_level="coref" span="word_393"/>
 <markable audience="deictic (sie, ihnen, ihr/e/er/es/em/en, du, dich, dir, dein/e/er/es/em/en)" coref_class="empty" id="markable_711" mention="pronoun" mmax_level="coref" personal_or_reflexive="none" span="word_294" type="addressee reference"/>
 <markable audience="all-inclusive wir/uns/unser" coref_class="empty" id="markable_1324" mention="pronoun" mmax_level="coref" personal_or_reflexive="none" span="word_560" type="speaker reference"/>
 <markable agreement="they (pl.)" antetype="entity" case="nominative" coref_class="set_8" id="markable_827" mention="pronoun" mmax_level="coref" position="it (subject)" span="word_343" split="simple antecedent" type="anaphoric" type_of_pronoun="relative"/>
 <markable anacata="anaphoric" antetype="entity" case="none" coref_class="set_40" id="markable_2092" mention="np" mmax_level="coref" npmod="demonstrative" nptype="np" span="word_878..word_879" split="simple antecedent"/>
 <markable coref_class="empty" id="markable_2388" mention="pronoun" mmax_level="coref" span="word_997" type="pleonastic"/>
 <markable anacata="anaphoric" antetype="entity" case="none" coref_class="set_31" id="markable_1177" mention="np" mmax_level="coref" npmod="demonstrative" nptype="np" span="word_489..word_490" split="simple antecedent"/>
 <markable agreement="they (sg.)" antetype="entity" case="nominative" coref_class="set_20" id="markable_2389" mention="pronoun" mmax_level="coref" position="it (subject)" span="word_1002" split="simple antecedent" type="anaphoric" type_of_pronoun="relative"/>
 <markable agreement="none" case="none" coref_class="empty" id="markable_713" mention="pronoun" mmax_level="coref" nptype="none" span="word_299" sub_apposition="none" type="pronoun"/>
 <markable agreement="none" antetype="entity" case="accusative" coref_class="set_7" id="markable_712" mention="pronoun" mmax_level="coref" position="it (non-subject)" span="word_296" split="simple antecedent" type="anaphoric" type_of_pronoun="personal"/>
 <markable audience="deictic (sie, ihnen, ihr/e/er/es/em/en, du, dich, dir, dein/e/er/es/em/en)" coref_class="empty" id="markable_715" mention="pronoun" mmax_level="coref" personal_or_reflexive="none" span="word_302" type="addressee reference"/>
 <markable agreement="none" coref_class="empty" id="markable_2391" mention="pronoun" mmax_level="coref" position="none" span="word_1012" type="antecedent" type_of_pronoun="personal"/>
 <markable audience="all-inclusive wir/uns/unser" coref_class="empty" id="markable_610" mention="pronoun" mmax_level="coref" personal_or_reflexive="none" span="word_251" type="speaker reference"/>
 <markable agreement="they (sg.)" antetype="entity" case="accusative" coref_class="set_17" id="markable_2159" mention="pronoun" mmax_level="coref" position="it (subject)" span="word_915" split="simple antecedent" type="anaphoric" type_of_pronoun="relative"/>
 <markable case="none" coref_class="set_37" id="markable_1982" mention="np" mmax_level="coref" nptype="antecedent" span="word_813..word_814"/>
 <markable anacata="anaphoric" antetype="entity" case="none" coref_class="set_30" id="markable_1069" mention="np" mmax_level="coref" npmod="demonstrative" nptype="np" span="word_434..word_435" split="simple antecedent"/>
 <markable case="none" coref_class="set_17" id="markable_2158" mention="np" mmax_level="coref" nptype="antecedent" span="word_911..word_913"/>
 <markable agreement="they (sg.)" antetype="entity" case="accusative" coref_class="set_37" id="markable_1984" mention="pronoun" mmax_level="coref" position="it (non-subject)" span="word_818" split="simple antecedent" type="anaphoric" type_of_pronoun="personal"/>
 <markable agreement="they (sg.)" antetype="entity" case="nominative" coref_class="set_37" id="markable_1986" mention="pronoun" mmax_level="coref" position="it (subject)" span="word_824" split="simple antecedent" type="anaphoric" type_of_pronoun="personal"/>
 <markable agreement="they (sg.)" antetype="entity" case="nominative" coref_class="set_16" id="markable_1503" mention="pronoun" mmax_level="coref" position="it (subject)" span="word_634" split="simple antecedent" type="anaphoric" type_of_pronoun="relative"/>
 <markable audience="all-inclusive wir/uns/unser" coref_class="empty" id="markable_2703" mention="pronoun" mmax_level="coref" personal_or_reflexive="none" span="word_1143" type="speaker reference"/>
 <markable audience="all-inclusive wir/uns/unser" coref_class="empty" id="markable_2705" mention="pronoun" mmax_level="coref" personal_or_reflexive="none" span="word_1149" type="speaker reference"/>
 <markable audience="co-present wir/uns/unser" coref_class="empty" id="markable_182" mention="pronoun" mmax_level="coref" personal_or_reflexive="none" span="word_70" type="speaker reference"/>
 <markable audience="deictic (sie, ihnen, ihr/e/er/es/em/en, du, dich, dir, dein/e/er/es/em/en)" coref_class="empty" id="markable_1872" mention="pronoun" mmax_level="coref" personal_or_reflexive="none" span="word_788" type="addressee reference"/>
 <markable case="none" coref_class="set_41" id="markable_1873" mention="np" mmax_level="coref" nptype="antecedent" span="word_793..word_795"/>
 <markable audience="exclusive wir/uns/unser" coref_class="empty" id="markable_1988" mention="pronoun" mmax_level="coref" personal_or_reflexive="none" span="word_838" type="speaker reference"/>
 <markable audience="deictic (sie, ihnen, ihr/e/er/es/em/en, du, dich, dir, dein/e/er/es/em/en)" coref_class="empty" id="markable_738" mention="pronoun" mmax_level="coref" personal_or_reflexive="none" span="word_309" type="addressee reference"/>
 <markable agreement="none" coref_class="set_11" id="markable_2731" mention="pronoun" mmax_level="coref" position="it (non-subject)" span="word_459" type="antecedent" type_of_pronoun="personal"/>
 <markable coref_class="set_8" id="markable_2730" mention="np" mmax_level="coref" nptype="antecedent" span="word_340..word_341"/>
 <markable coref_class="set_16" id="markable_2733" mention="np" mmax_level="coref" nptype="antecedent" span="word_630..word_631"/>
 <markable coref_class="set_15" id="markable_2732" mention="np" mmax_level="coref" nptype="antecedent" span="word_605..word_606"/>
 <markable coref_class="set_20" id="markable_2735" mention="np" mmax_level="coref" nptype="antecedent" span="word_999..word_1000"/>
 <markable audience="co-present wir/uns/unser" coref_class="empty" id="markable_1766" mention="pronoun" mmax_level="coref" personal_or_reflexive="none" span="word_741" type="speaker reference"/>
 <markable agreement="none" coref_class="set_18" id="markable_2734" mention="pronoun" mmax_level="coref" position="none" span="word_926" type="antecedent" type_of_pronoun="personal"/>
 <markable coref_class="set_2" id="markable_2728" mention="np" mmax_level="coref" nptype="antecedent" span="word_81..word_82"/>
 <markable anacata="anaphoric" antetype="entity" case="none" coref_class="set_36" id="markable_1638" mention="np" mmax_level="coref" npmod="demonstrative" nptype="np" span="word_687..word_689" split="simple antecedent"/>
 <markable coref_class="set_1" id="markable_2727" mention="np" mmax_level="coref" nptype="antecedent" span="word_57"/>
 <markable agreement="none" antetype="event" coref_class="set_28" id="markable_2729" mention="pronoun" mmax_level="coref" position="it (non-subject)" span="word_220" split="simple antecedent" type="anaphoric" type_of_pronoun="demonstrative"/>
 <markable anacata="anaphoric" antetype="entity" case="none" coref_class="set_42" id="markable_2580" mention="np" mmax_level="coref" npmod="demonstrative" nptype="np" span="word_1059..word_1060" split="simple antecedent"/>
 <markable audience="all-inclusive wir/uns/unser" coref_class="empty" id="markable_2583" mention="pronoun" mmax_level="coref" personal_or_reflexive="none" span="word_1073" type="speaker reference"/>
 <markable case="none" coref_class="set_43" id="markable_2586" mention="np" mmax_level="coref" nptype="antecedent" span="word_1096"/>
 <markable agreement="they (pl.)" antetype="entity" case="dative" coref_class="set_10" id="markable_884" mention="pronoun" mmax_level="coref" position="it (non-subject)" span="word_370" split="simple antecedent" type="anaphoric" type_of_pronoun="relative"/>
 <markable agreement="they (sg.)" antetype="entity" case="nominative" coref_class="set_11" id="markable_1136" mention="pronoun" mmax_level="coref" position="it (subject)" span="word_468" split="simple antecedent" type="anaphoric" type_of_pronoun="personal"/>
 <markable audience="exclusive wir/uns/unser" coref_class="empty" id="markable_1137" mention="pronoun" mmax_level="coref" personal_or_reflexive="none" span="word_473" type="speaker reference"/>
 <markable agreement="none" antetype="entity" case="accusative" coref_class="empty" id="markable_881" mention="pronoun" mmax_level="coref" position="none" span="word_364" split="simple antecedent" type="cataphoric"/>
 <markable agreement="they (sg.)" antetype="entity" case="nominative" coref_class="set_11" id="markable_1138" mention="pronoun" mmax_level="coref" position="it (subject)" span="word_475" split="simple antecedent" type="anaphoric" type_of_pronoun="personal"/>
 <markable case="none" coref_class="set_10" id="markable_883" mention="np" mmax_level="coref" nptype="antecedent" span="word_366..word_367"/>
 <markable audience="none" coref_class="empty" id="markable_882" mention="pronoun" mmax_level="coref" personal_or_reflexive="personal" span="word_365" type="speaker reference"/>
 <markable audience="deictic (sie, ihnen, ihr/e/er/es/em/en, du, dich, dir, dein/e/er/es/em/en)" coref_class="empty" id="markable_758" mention="pronoun" mmax_level="coref" personal_or_reflexive="none" span="word_315" type="addressee reference"/>
 <markable audience="all-inclusive wir/uns/unser" coref_class="empty" id="markable_2474" mention="pronoun" mmax_level="coref" personal_or_reflexive="none" span="word_1046" type="speaker reference"/>
 <markable anacata="anaphoric" antetype="entity" case="none" coref_class="set_32" id="markable_1264" mention="np" mmax_level="coref" npmod="demonstrative" nptype="np" span="word_525..word_526" split="simple antecedent"/>
 <markable case="none" coref_class="set_13" id="markable_1266" mention="np" mmax_level="coref" nptype="antecedent" span="word_535..word_536"/>
 <markable audience="co-present wir/uns/unser" coref_class="empty" id="markable_411" mention="pronoun" mmax_level="coref" personal_or_reflexive="none" span="word_151" type="speaker reference" type_of_pronoun="personal"/>
 <markable case="none" coref_class="set_46" id="markable_2475" mention="np" mmax_level="coref" nptype="antecedent" span="word_1050..word_1052"/>
 <markable agreement="they (sg.)" antetype="entity" case="dative" coref_class="set_13" id="markable_1267" mention="pronoun" mmax_level="coref" position="it (non-subject)" span="word_538" split="simple antecedent" type="anaphoric" type_of_pronoun="relative"/>
 <markable case="none" coref_class="set_7" id="markable_656" mention="np" mmax_level="coref" nptype="antecedent" span="word_270..word_276"/>
 <markable agreement="none" antetype="entity" case="nominative" coref_class="set_12" id="markable_1268" mention="pronoun" mmax_level="coref" position="it (subject)" span="word_539" split="simple antecedent" type="anaphoric" type_of_pronoun="personal"/>
 <markable audience="co-present wir/uns/unser" coref_class="empty" id="markable_655" mention="pronoun" mmax_level="coref" personal_or_reflexive="none" span="word_265" type="speaker reference"/>
 <markable audience="deictic (sie, ihnen, ihr/e/er/es/em/en, du, dich, dir, dein/e/er/es/em/en)" coref_class="empty" id="markable_780" mention="pronoun" mmax_level="coref" personal_or_reflexive="none" span="word_323" type="addressee reference"/>
 <markable agreement="none" case="none" coref_class="empty" id="markable_2122" mention="pronoun" mmax_level="coref" nptype="none" span="word_899" sub_apposition="none" type="pronoun"/>
 <markable agreement="they (sg.)" antetype="entity" case="nominative" coref_class="set_3" id="markable_304" mention="pronoun" mmax_level="coref" position="it (subject)" span="word_127" split="simple antecedent" type="anaphoric" type_of_pronoun="relative"/>
 <markable case="none" coref_class="set_3" id="markable_303" mention="np" mmax_level="coref" nptype="antecedent" span="word_123..word_125"/>
 <markable audience="co-present wir/uns/unser" coref_class="empty" id="markable_1832" mention="pronoun" mmax_level="coref" personal_or_reflexive="none" span="word_757" type="speaker reference"/>
 <markable case="none" coref_class="set_24" id="markable_1833" mention="np" mmax_level="coref" nptype="antecedent" span="word_760"/>
 <markable agreement="they (pl.)" antetype="entity" case="nominative" coref_class="set_7" id="markable_658" mention="pronoun" mmax_level="coref" position="it (subject)" span="word_279" split="simple antecedent" type="anaphoric" type_of_pronoun="relative"/>
 <markable agreement="none" case="none" coref_class="empty" id="markable_2251" mention="pronoun" mmax_level="coref" nptype="none" span="word_953" sub_apposition="none" type="pronoun"/>
 <markable agreement="none" case="none" coref_class="empty" id="markable_2253" mention="pronoun" mmax_level="coref" nptype="none" span="word_959" sub_apposition="none" type="pronoun"/>
 <markable agreement="none" antetype="entity" case="nominative" coref_class="set_7" id="markable_671" mention="pronoun" mmax_level="coref" position="it (subject)" span="word_284" split="simple antecedent" type="anaphoric" type_of_pronoun="personal"/>
 <markable agreement="they (sg.)" antetype="entity" case="nominative" coref_class="set_24" id="markable_1835" mention="pronoun" mmax_level="coref" position="it (subject)" span="word_766" split="simple antecedent" type="anaphoric" type_of_pronoun="personal"/>
</markables>