<?xml version="1.0" encoding="UTF-8"?>
<!DOCTYPE markables SYSTEM "markables.dtd">
<markables xmlns="www.eml.org/NameSpaces/sentence">
<markable mmax_level="sentence" id="markable_1" span="word_1..word_28" imported_tag_type="eol" />
<markable mmax_level="sentence" id="markable_2" span="word_29..word_56" imported_tag_type="eol" />
<markable mmax_level="sentence" id="markable_3" span="word_57..word_114" imported_tag_type="eol" />
<markable mmax_level="sentence" id="markable_4" span="word_115..word_141" imported_tag_type="eol" />
<markable mmax_level="sentence" id="markable_5" span="word_142..word_208" imported_tag_type="eol" />
<markable mmax_level="sentence" id="markable_6" span="word_209..word_227" imported_tag_type="eol" />
<markable mmax_level="sentence" id="markable_7" span="word_228..word_250" imported_tag_type="eol" />
<markable mmax_level="sentence" id="markable_8" span="word_251..word_281" imported_tag_type="eol" />
<markable mmax_level="sentence" id="markable_9" span="word_282..word_299" imported_tag_type="eol" />
<markable mmax_level="sentence" id="markable_10" span="word_300..word_307" imported_tag_type="eol" />
<markable mmax_level="sentence" id="markable_11" span="word_308..word_330" imported_tag_type="eol" />
<markable mmax_level="sentence" id="markable_12" span="word_331..word_367" imported_tag_type="eol" />
<markable mmax_level="sentence" id="markable_13" span="word_368..word_380" imported_tag_type="eol" />
<markable mmax_level="sentence" id="markable_14" span="word_381..word_416" imported_tag_type="eol" />
<markable mmax_level="sentence" id="markable_15" span="word_417..word_440" imported_tag_type="eol" />
<markable mmax_level="sentence" id="markable_16" span="word_441..word_453" imported_tag_type="eol" />
<markable mmax_level="sentence" id="markable_17" span="word_454..word_471" imported_tag_type="eol" />
<markable mmax_level="sentence" id="markable_18" span="word_472..word_526" imported_tag_type="eol" />
<markable mmax_level="sentence" id="markable_19" span="word_527..word_534" imported_tag_type="eol" />
<markable mmax_level="sentence" id="markable_20" span="word_535..word_543" imported_tag_type="eol" />
<markable mmax_level="sentence" id="markable_21" span="word_544..word_563" imported_tag_type="eol" />
<markable mmax_level="sentence" id="markable_22" span="word_564..word_587" imported_tag_type="eol" />
<markable mmax_level="sentence" id="markable_23" span="word_588..word_602" imported_tag_type="eol" />
<markable mmax_level="sentence" id="markable_24" span="word_603..word_639" imported_tag_type="eol" />
<markable mmax_level="sentence" id="markable_25" span="word_640..word_672" imported_tag_type="eol" />
<markable mmax_level="sentence" id="markable_26" span="word_673..word_699" imported_tag_type="eol" />
<markable mmax_level="sentence" id="markable_27" span="word_700..word_725" imported_tag_type="eol" />
<markable mmax_level="sentence" id="markable_28" span="word_726..word_767" imported_tag_type="eol" />
<markable mmax_level="sentence" id="markable_29" span="word_768..word_771" imported_tag_type="eol" />
<markable mmax_level="sentence" id="markable_30" span="word_772..word_775" imported_tag_type="eol" />
<markable mmax_level="sentence" id="markable_31" span="word_776..word_782" imported_tag_type="eol" />
<markable mmax_level="sentence" id="markable_32" span="word_783..word_804" imported_tag_type="eol" />
<markable mmax_level="sentence" id="markable_33" span="word_805..word_812" imported_tag_type="eol" />
<markable mmax_level="sentence" id="markable_34" span="word_813..word_824" imported_tag_type="eol" />
<markable mmax_level="sentence" id="markable_35" span="word_825..word_865" imported_tag_type="eol" />
<markable mmax_level="sentence" id="markable_36" span="word_866..word_882" imported_tag_type="eol" />
<markable mmax_level="sentence" id="markable_37" span="word_883..word_898" imported_tag_type="eol" />
<markable mmax_level="sentence" id="markable_38" span="word_899..word_924" imported_tag_type="eol" />
<markable mmax_level="sentence" id="markable_39" span="word_925..word_958" imported_tag_type="eol" />
<markable mmax_level="sentence" id="markable_40" span="word_959..word_961" imported_tag_type="eol" />
<markable mmax_level="sentence" id="markable_41" span="word_962..word_964" imported_tag_type="eol" />
<markable mmax_level="sentence" id="markable_42" span="word_965..word_966" imported_tag_type="eol" />
<markable mmax_level="sentence" id="markable_43" span="word_967..word_969" imported_tag_type="eol" />
<markable mmax_level="sentence" id="markable_44" span="word_970..word_982" imported_tag_type="eol" />
<markable mmax_level="sentence" id="markable_45" span="word_983..word_989" imported_tag_type="eol" />
</markables>