<?xml version="1.0" encoding="UTF-8"?>
<!DOCTYPE markables SYSTEM "markables.dtd">
<markables xmlns="www.eml.org/NameSpaces/sentence">
<markable mmax_level="sentence" id="markable_1" span="word_1..word_20" imported_tag_type="eol" />
<markable mmax_level="sentence" id="markable_2" span="word_21..word_26" imported_tag_type="eol" />
<markable mmax_level="sentence" id="markable_3" span="word_27..word_48" imported_tag_type="eol" />
<markable mmax_level="sentence" id="markable_4" span="word_49..word_55" imported_tag_type="eol" />
<markable mmax_level="sentence" id="markable_5" span="word_56..word_77" imported_tag_type="eol" />
<markable mmax_level="sentence" id="markable_6" span="word_78..word_97" imported_tag_type="eol" />
<markable mmax_level="sentence" id="markable_7" span="word_98..word_103" imported_tag_type="eol" />
<markable mmax_level="sentence" id="markable_8" span="word_104..word_150" imported_tag_type="eol" />
<markable mmax_level="sentence" id="markable_9" span="word_151..word_163" imported_tag_type="eol" />
<markable mmax_level="sentence" id="markable_10" span="word_164..word_191" imported_tag_type="eol" />
<markable mmax_level="sentence" id="markable_11" span="word_192..word_198" imported_tag_type="eol" />
<markable mmax_level="sentence" id="markable_12" span="word_199..word_248" imported_tag_type="eol" />
<markable mmax_level="sentence" id="markable_13" span="word_249..word_286" imported_tag_type="eol" />
<markable mmax_level="sentence" id="markable_14" span="word_287..word_312" imported_tag_type="eol" />
<markable mmax_level="sentence" id="markable_15" span="word_313..word_327" imported_tag_type="eol" />
<markable mmax_level="sentence" id="markable_16" span="word_328..word_351" imported_tag_type="eol" />
<markable mmax_level="sentence" id="markable_17" span="word_352..word_357" imported_tag_type="eol" />
<markable mmax_level="sentence" id="markable_18" span="word_358..word_377" imported_tag_type="eol" />
<markable mmax_level="sentence" id="markable_19" span="word_378..word_388" imported_tag_type="eol" />
<markable mmax_level="sentence" id="markable_20" span="word_389..word_390" imported_tag_type="eol" />
<markable mmax_level="sentence" id="markable_21" span="word_391..word_395" imported_tag_type="eol" />
<markable mmax_level="sentence" id="markable_22" span="word_396..word_414" imported_tag_type="eol" />
<markable mmax_level="sentence" id="markable_23" span="word_415..word_421" imported_tag_type="eol" />
<markable mmax_level="sentence" id="markable_24" span="word_422..word_429" imported_tag_type="eol" />
<markable mmax_level="sentence" id="markable_25" span="word_430..word_446" imported_tag_type="eol" />
<markable mmax_level="sentence" id="markable_26" span="word_447..word_452" imported_tag_type="eol" />
<markable mmax_level="sentence" id="markable_27" span="word_453..word_474" imported_tag_type="eol" />
<markable mmax_level="sentence" id="markable_28" span="word_475..word_479" imported_tag_type="eol" />
<markable mmax_level="sentence" id="markable_29" span="word_480..word_484" imported_tag_type="eol" />
<markable mmax_level="sentence" id="markable_30" span="word_485..word_523" imported_tag_type="eol" />
<markable mmax_level="sentence" id="markable_31" span="word_524..word_535" imported_tag_type="eol" />
<markable mmax_level="sentence" id="markable_32" span="word_536..word_550" imported_tag_type="eol" />
<markable mmax_level="sentence" id="markable_33" span="word_551..word_572" imported_tag_type="eol" />
<markable mmax_level="sentence" id="markable_34" span="word_573..word_603" imported_tag_type="eol" />
<markable mmax_level="sentence" id="markable_35" span="word_604..word_608" imported_tag_type="eol" />
<markable mmax_level="sentence" id="markable_36" span="word_609..word_615" imported_tag_type="eol" />
<markable mmax_level="sentence" id="markable_37" span="word_616..word_625" imported_tag_type="eol" />
<markable mmax_level="sentence" id="markable_38" span="word_626..word_628" imported_tag_type="eol" />
<markable mmax_level="sentence" id="markable_39" span="word_629..word_645" imported_tag_type="eol" />
<markable mmax_level="sentence" id="markable_40" span="word_646..word_651" imported_tag_type="eol" />
<markable mmax_level="sentence" id="markable_41" span="word_652..word_657" imported_tag_type="eol" />
<markable mmax_level="sentence" id="markable_42" span="word_658..word_671" imported_tag_type="eol" />
<markable mmax_level="sentence" id="markable_43" span="word_672..word_675" imported_tag_type="eol" />
<markable mmax_level="sentence" id="markable_44" span="word_676..word_688" imported_tag_type="eol" />
<markable mmax_level="sentence" id="markable_45" span="word_689..word_693" imported_tag_type="eol" />
<markable mmax_level="sentence" id="markable_46" span="word_694..word_697" imported_tag_type="eol" />
<markable mmax_level="sentence" id="markable_47" span="word_698..word_705" imported_tag_type="eol" />
<markable mmax_level="sentence" id="markable_48" span="word_706..word_714" imported_tag_type="eol" />
<markable mmax_level="sentence" id="markable_49" span="word_715..word_733" imported_tag_type="eol" />
<markable mmax_level="sentence" id="markable_50" span="word_734..word_744" imported_tag_type="eol" />
<markable mmax_level="sentence" id="markable_51" span="word_745..word_764" imported_tag_type="eol" />
<markable mmax_level="sentence" id="markable_52" span="word_765..word_770" imported_tag_type="eol" />
<markable mmax_level="sentence" id="markable_53" span="word_771..word_779" imported_tag_type="eol" />
<markable mmax_level="sentence" id="markable_54" span="word_780..word_792" imported_tag_type="eol" />
<markable mmax_level="sentence" id="markable_55" span="word_793..word_800" imported_tag_type="eol" />
<markable mmax_level="sentence" id="markable_56" span="word_801..word_805" imported_tag_type="eol" />
<markable mmax_level="sentence" id="markable_57" span="word_806..word_809" imported_tag_type="eol" />
<markable mmax_level="sentence" id="markable_58" span="word_810..word_817" imported_tag_type="eol" />
<markable mmax_level="sentence" id="markable_59" span="word_818..word_834" imported_tag_type="eol" />
<markable mmax_level="sentence" id="markable_60" span="word_835..word_848" imported_tag_type="eol" />
<markable mmax_level="sentence" id="markable_61" span="word_849..word_856" imported_tag_type="eol" />
<markable mmax_level="sentence" id="markable_62" span="word_857..word_862" imported_tag_type="eol" />
<markable mmax_level="sentence" id="markable_63" span="word_863..word_872" imported_tag_type="eol" />
<markable mmax_level="sentence" id="markable_64" span="word_873..word_884" imported_tag_type="eol" />
<markable mmax_level="sentence" id="markable_65" span="word_885..word_894" imported_tag_type="eol" />
<markable mmax_level="sentence" id="markable_66" span="word_895..word_910" imported_tag_type="eol" />
<markable mmax_level="sentence" id="markable_67" span="word_911..word_925" imported_tag_type="eol" />
<markable mmax_level="sentence" id="markable_68" span="word_926..word_953" imported_tag_type="eol" />
<markable mmax_level="sentence" id="markable_69" span="word_954..word_968" imported_tag_type="eol" />
<markable mmax_level="sentence" id="markable_70" span="word_969..word_979" imported_tag_type="eol" />
<markable mmax_level="sentence" id="markable_71" span="word_980..word_998" imported_tag_type="eol" />
<markable mmax_level="sentence" id="markable_72" span="word_999..word_1011" imported_tag_type="eol" />
<markable mmax_level="sentence" id="markable_73" span="word_1012..word_1024" imported_tag_type="eol" />
<markable mmax_level="sentence" id="markable_74" span="word_1025..word_1039" imported_tag_type="eol" />
<markable mmax_level="sentence" id="markable_75" span="word_1040..word_1045" imported_tag_type="eol" />
<markable mmax_level="sentence" id="markable_76" span="word_1046..word_1061" imported_tag_type="eol" />
<markable mmax_level="sentence" id="markable_77" span="word_1062..word_1066" imported_tag_type="eol" />
<markable mmax_level="sentence" id="markable_78" span="word_1067..word_1083" imported_tag_type="eol" />
<markable mmax_level="sentence" id="markable_79" span="word_1084..word_1120" imported_tag_type="eol" />
<markable mmax_level="sentence" id="markable_80" span="word_1121..word_1150" imported_tag_type="eol" />
<markable mmax_level="sentence" id="markable_81" span="word_1151..word_1158" imported_tag_type="eol" />
<markable mmax_level="sentence" id="markable_82" span="word_1159..word_1161" imported_tag_type="eol" />
</markables>